cst_id,cst_key,cst_firstname,cst_lastname,cst_marital_status,cst_gndr,cst_create_date
11000.0,11000, Jon,Yang ,M,M,2025-10-06
11001.0,11001,Eugene,Huang  ,S,M,2025-10-06
11002.0,11002,Ruben, Torres,M,M,2025-10-06
11003.0,11003,Christy,  Zhu,S,F,2025-10-06
11004.0,11004, Elizabeth,Johnson,S,F,2025-10-06
11005.0,11005,Julio,Ruiz,S,M,2025-10-06
11006.0,11006,Janet,Alvarez,S,F,2025-10-06
11007.0,11007,Marco,Mehta,M,M,2025-10-06
11008.0,11008,Rob,Verhoff,S,F,2025-10-06
11009.0,11009,Shannon,Carlson,S,M,2025-10-06
11010.0,11010,Jacquelyn,Suarez,S,F,2025-10-06
11011.0,11011,Curtis,Lu,M,M,2025-10-06
11012.0,11012,  Lauren, Walker,M,F,2025-10-06
11013.0,11013, Ian , Jenkins ,M,M,2025-10-06
11014.0,11014,Sydney,Bennett,S,F,2025-10-06
11015.0,11015,  Chloe,Young,S,F,2025-10-06
11016.0,11016,Wyatt,Hill,M,M,2025-10-07
11017.0,11017,Shannon,Wang,S,F,2025-10-07
11018.0,11018,Clarence,Rai,S,M,2025-10-07
11019.0,11019,Luke,Lal,S,M,2025-10-07
11020.0,11020,Jordan,King,S,M,2025-10-07
11021.0,11021, Destiny,Wilson ,S,F,2025-10-07
11022.0,11022,Ethan,Zhang,M,M,2025-10-07
11023.0,11023,Seth,Edwards,M,M,2025-10-07
11024.0,11024,Russell,Xie,M,M,2025-10-07
11025.0,11025,Alejandro,Beck,M,M,2025-10-07
11026.0,11026,Harold,Sai,S,M,2025-10-07
11027.0,11027,Jessie,Zhao,M,M,2025-10-07
11028.0,11028,Jill,Jimenez,M,F,2025-10-07
11029.0,11029,Jimmy,Moreno,M,M,2025-10-07
11030.0,11030,Bethany,Yuan,M,F,2025-10-07
11031.0,11031,Theresa,Ramos,M,F,2025-10-07
11032.0,11032,Denise,Stone,M,F,2025-10-07
11033.0,11033,Jaime,Nath,M,M,2025-10-07
11034.0,11034,Ebony,Gonzalez,M,F,2025-10-07
11035.0,11035,Wendy,Dominguez,M,F,2025-10-07
11036.0,11036,Jennifer,Russell,M,F,2025-10-07
11037.0,11037,Chloe,Garcia,S,F,2025-10-07
11038.0,11038,Diana,Hernandez,M,F,2025-10-07
11039.0,11039,Marc,Martin,M,M,2025-10-07
11040.0,11040,Jesse,Murphy,M,M,2025-10-07
11041.0,11041,Amanda,Carter,M,F,2025-10-07
11042.0,11042,Megan,Sanchez,M,F,2025-10-07
11043.0,11043,Nathan,Simmons,M,M,2025-10-07
11044.0,11044,Adam,Flores,M,M,2025-10-07
11045.0,11045,Leonard,Nara,S,M,2025-10-07
11046.0,11046,Christine,Yuan,M,F,2025-10-07
11047.0,11047,Jaclyn,Lu,M,F,2025-10-07
11048.0,11048,Jeremy,Powell,M,M,2025-10-07
11049.0,11049,Carol,Rai,S,F,2025-10-07
11050.0,11050,Alan,Zheng,M,M,2025-10-07
11051.0,11051,Daniel,Johnson,S,M,2025-10-07
11052.0,11052,Heidi,Lopez,S,F,2025-10-07
11053.0,11053,Ana,Price,M,F,2025-10-07
11054.0,11054,Deanna,Munoz,M,F,2025-10-07
11055.0,11055,Gilbert,Raje,M,M,2025-10-07
11056.0,11056,Michele,Nath,M,F,2025-10-07
11057.0,11057,Carl,Andersen,M,M,2025-10-07
11058.0,11058,Marc,Diaz,M,M,2025-10-07
11059.0,11059,Ashlee,Andersen,S,F,2025-10-07
11060.0,11060,Jon,Zhou,M,M,2025-10-07
11061.0,11061,Todd,Gao,M,M,2025-10-07
11062.0,11062,Noah,Powell,M,M,2025-10-07
11063.0,11063, Angela  , Murphy  ,S,F,2025-10-07
11064.0,11064,Chase, Reed  ,M,M,2025-10-07
11065.0,11065,Jessica  ,Henderson ,M,F,2025-10-07
11066.0,11066,Grace,  Butler,M,F,2025-10-07
11067.0,11067, Caleb, Carter,S,M,2025-10-07
11068.0,11068,Tiffany,Liang,S,F,2025-10-07
11069.0,11069,Carolyn,Navarro,S,F,2025-10-07
11070.0,11070, Willie , Raji,M,M,2025-10-07
11071.0,11071,Linda, Serrano,S,F,2025-10-07
11072.0,11072,Casey,Luo,S,F,2025-10-07
11073.0,11073,Amy,Ye,S,F,2025-10-07
11074.0,11074,Levi,Arun,S,M,2025-10-07
11075.0,11075,Felicia,Jimenez,S,F,2025-10-07
11076.0,11076,Blake,Anderson,S,M,2025-10-07
11077.0,11077,Leah,Ye,S,F,2025-10-07
11078.0,11078,Gina,Martin,S,F,2025-10-07
11079.0,11079,Donald,Gonzalez,S,M,2025-10-07
11080.0,11080,Damien,Chander,M,M,2025-10-07
11081.0,11081,Savannah,Baker,M,F,2025-10-07
11082.0,11082,Angela,Butler,S,F,2025-10-07
11083.0,11083,Alyssa,Cox,M,F,2025-10-07
11084.0,11084,Lucas,Phillips,S,M,2025-10-07
11085.0,11085,Emily,Johnson,S,F,2025-10-07
11086.0,11086,Ryan,  Brown,M,M,2025-10-07
11087.0,11087,Tamara, Liang,M,F,2025-10-07
11088.0,11088,Hunter,Davis,M,M,2025-10-07
11089.0,11089,Abigail,Price,S,F,2025-10-07
11090.0,11090,Trevor,Bryant,S,M,2025-10-07
11091.0,11091,Dalton,Perez,M,M,2025-10-07
11092.0,11092,Cheryl,Diaz,M,F,2025-10-07
11093.0,11093,Aimee,He,M,F,2025-10-07
11094.0,11094,Cedric,Ma,S,M,2025-10-07
11095.0,11095,Chad,Kumar,S,M,2025-10-07
11096.0,11096,Andrés,Anand,M,M,2025-10-07
11097.0,11097,Edwin,Nara,M,M,2025-10-07
11098.0,11098,Mallory,Rubio,S,F,2025-10-07
11099.0,11099,Adam,Ross,M,M,2025-10-07
11100.0,11100,Latasha,Navarro,S,F,2025-10-07
11101.0,11101,Abby,Sai,S,F,2025-10-07
11102.0,11102,Julia,Nelson,S,F,2025-10-07
11103.0,11103,Cassie,Chande,S,F,2025-10-07
11104.0,11104,Edgar,Sara,M,M,2025-10-07
11105.0,11105,Candace,Fernandez,S,F,2025-10-07
11106.0,11106,Jessie,Liu,S,M,2025-10-07
11107.0,11107,Bianca,Lin,M,F,2025-10-07
11108.0,11108,Kari,Alvarez,S,F,2025-10-07
11109.0,11109, Ruben ,Kapoor ,S,M,2025-10-07
11110.0,11110,Curtis,Yang,M,M,2025-10-07
11111.0,11111,Meredith,Gutierrez,M,F,2025-10-07
11112.0,11112,Crystal,Wang,M,F,2025-10-07
11113.0,11113,Micheal,Blanco,M,M,2025-10-07
11114.0,11114,Leslie,Moreno,S,F,2025-10-07
11115.0,11115,Alvin,Cai,M,M,2025-10-07
11116.0,11116,Clinton,Carlson,M,M,2025-10-07
11117.0,11117,April,Deng,M,F,2025-10-07
11118.0,11118,Alvin,Zeng,S,M,2025-10-07
11119.0,11119,Evan,James,S,M,2025-10-07
11120.0,11120,Beth,Jiménez,S,F,2025-10-07
11121.0,11121,Orlando,Suarez,M,M,2025-10-07
11122.0,11122,Byron,Vazquez,M,M,2025-10-07
11123.0,11123,Philip,Alvarez,M,M,2025-10-07
11124.0,11124,Ross,Jordan,S,M,2025-10-07
11125.0,11125,Dana,Navarro,S,F,2025-10-07
11126.0,11126,Shaun,Carson,M,M,2025-10-07
11127.0,11127,Jan,Edwards,M,F,2025-10-07
11128.0,11128,Samantha,Long,M,F,2025-10-07
11129.0,11129,Julia,Wright,S,F,2025-10-07
11130.0,11130,Caroline,Russell,M,F,2025-10-07
11131.0,11131,Amanda,Rivera,M,F,2025-10-07
11132.0,11132,Melissa,Richardson,S,F,2025-10-07
11133.0,11133,Angela,Griffin,S,F,2025-10-07
11134.0,11134,Larry,Townsend,S,M,2025-10-07
11135.0,11135,Marcus,Harris,S,M,2025-10-07
11136.0,11136,Brianna,Morgan,S,F,2025-10-07
11137.0,11137,Jasmine,Taylor,M,F,2025-10-07
11138.0,11138,Lauren,Davis,M,F,2025-10-07
11139.0,11139,Tanya,Moreno,S,F,2025-10-07
11140.0,11140, Javier ,Alvarez,S,M,2025-10-07
11141.0,11141, Nicole,Ramirez,M,F,2025-10-07
11142.0,11142,Eduardo,Patterson,S,M,2025-10-07
11143.0,11143,Jonathan,Henderson,M,M,2025-10-07
11144.0,11144,Edward,Hernandez,S,M,2025-10-07
11145.0,11145,Jasmine,Coleman,S,F,2025-10-07
11146.0,11146,Karla,Goel,S,F,2025-10-07
11147.0,11147,Ernest,Wu,M,M,2025-10-07
11148.0,11148,Ross,Vazquez,M,M,2025-10-07
11149.0,11149,Theodore,Gill,M,M,2025-10-07
11150.0,11150,Russell,Shen,S,M,2025-10-07
11151.0,11151,Melinda,Gill,S,F,2025-10-07
11152.0,11152,James,Williams,S,M,2025-10-07
11153.0,11153,Angela,James,M,F,2025-10-07
11154.0,11154,Megan,Walker,S,F,2025-10-07
11155.0,11155,Hunter,Robinson,S,M,2025-10-07
11156.0,11156,Maria,Roberts,S,F,2025-10-07
11157.0,11157,Hannah,Long,M,F,2025-10-07
11158.0,11158,Jason,Wright,S,M,2025-10-07
11159.0,11159,Brianna,Hughes,S,F,2025-10-07
11160.0,11160,Maurice,Tang,S,,2025-10-07
11161.0,11161,Emily,Wood,S,,2025-10-07
11162.0,11162,Chase,Cox,S,,2025-10-07
11163.0,11163,Gabriel,Wang,M,,2025-10-07
11164.0,11164,Devin,Brooks,S,,2025-10-07
11165.0,11165,Jocelyn,Alexander,M,,2025-10-07
11166.0,11166,Ashley,Martinez,S,,2025-10-07
11167.0,11167,Jasmine, Barnes,S,,2025-10-07
11168.0,11168,David, Rodriguez,S,,2025-10-07
11169.0,11169,Bryce,Richardson,M,,2025-10-07
11170.0,11170,Carol, Howard,M,,2025-10-07
11171.0,11171,Jonathan,Hill,S,,2025-10-07
11172.0,11172,Gabrielle,Adams,M,,2025-10-07
11173.0,11173,Sarah,Thomas,S,,2025-10-07
11174.0,11174,Nicholas,Robinson,M,,2025-10-07
11175.0,11175,Luis,Wang,S,,2025-10-07
11176.0,11176,Mason,Roberts,M,,2025-10-07
11177.0,11177,Jose,Flores,M,,2025-10-07
11178.0,11178,Nathan,Johnson,M,,2025-10-07
11179.0,11179,Molly,Rodriguez,M,,2025-10-07
11180.0,11180,April,Anand,M,,2025-10-07
11181.0,11181,Devin,Martin,M,,2025-10-07
11182.0,11182,Stephanie,Torres,S,,2025-10-07
11183.0,11183,Jasmine,Lee,S,,2025-10-07
11184.0,11184,Meghan,Hernandez,S,,2025-10-07
11185.0,11185,Ashley,Henderson,S,,2025-10-07
11186.0,11186,Sarah,Price,S,,2025-10-07
11187.0,11187,Jennifer,Cooper,M,,2025-10-07
11188.0,11188,Catherine,Morris,M,,2025-10-07
11189.0,11189,Lawrence,Blanco,S,,2025-10-07
11190.0,11190,Carson,Bryant,M,,2025-10-07
11191.0,11191,Kristi,Perez,S,,2025-10-07
11192.0,11192,James,Brown,M,,2025-10-07
11193.0,11193,Ian,Gray,M,,2025-10-07
11194.0,11194,Jacqueline,Price,M,,2025-10-07
11195.0,11195,Megan,Henderson,M,,2025-10-07
11196.0,11196,Alfredo,Romero,M,,2025-10-07
11197.0,11197,Andrea,Morris,M,,2025-10-08
11198.0,11198,Brooke,Sanders,S,,2025-10-08
11199.0,11199,Jacqueline,Bennett,M,,2025-10-08
11200.0,11200,Jason,Griffin,M,,2025-10-08
11201.0,11201,Amanda,Foster,M,,2025-10-08
11202.0,11202,Alexia,Price,M,,2025-10-08
11203.0,11203,Luis,Diaz,M,,2025-10-08
11204.0,11204,Destiny,Rivera,M,,2025-10-08
11205.0,11205,Abby,Fernandez,M,,2025-10-08
11206.0,11206,Blake, Flores ,M,,2025-10-08
11207.0,11207,Danielle,Cox,S,,2025-10-08
11208.0,11208, Maria , Reed,M,,2025-10-08
11209.0,11209, Allison ,Evans,M,,2025-10-08
11210.0,11210,Edward,Wood,M,,2025-10-08
11211.0,11211,Samantha,Russell,M,,2025-10-08
11212.0,11212,Chloe,Campbell,M,,2025-10-08
11213.0,11213,Stephanie,Murphy,S,,2025-10-08
11214.0,11214,Charles,Miller,S,,2025-10-08
11215.0,11215,Ana,Perry,M,,2025-10-08
11216.0,11216,Jasmine,Torres,S,,2025-10-08
11217.0,11217,Natalie,Adams,S,,2025-10-08
11218.0,11218,Olivia,Brown,S,,2025-10-08
11219.0,11219,Charles,Cook,M,,2025-10-08
11220.0,11220,Erica,Huang,M,,2025-10-08
11221.0,11221,Nathan,Perry,M,,2025-10-08
11222.0,11222,Alexandra,Rivera,M,,2025-10-08
11223.0,11223,Hailey,Patterson,S,,2025-10-08
11224.0,11224,Tiffany,Li,S,,2025-10-08
11225.0,11225,Madison,Lee,M,,2025-10-08
11226.0,11226,Sydney,Ross,M,,2025-10-08
11227.0,11227,Marshall,Chavez,S,,2025-10-08
11228.0,11228,Ashley,Jones,M,,2025-10-08
11229.0,11229, Adrian ,Stewart,S,,2025-10-08
11230.0,11230,Amber,Turner,M,,2025-10-08
11231.0,11231,Dennis,Zhang,M,,2025-10-08
11232.0,11232,Hailey,Bryant,M,,2025-10-08
11233.0,11233,Todd,Li,M,,2025-10-08
11234.0,11234,Anna,Griffin,S,,2025-10-08
11235.0,11235,Angel,Stewart,M,,2025-10-08
11236.0,11236,Jeremy,Butler,S,,2025-10-08
11237.0,11237,Clarence,Anand,S,,2025-10-08
11238.0,11238,Mayra,Prasad,S,,2025-10-08
11239.0,11239,Latoya,Goel,M,,2025-10-08
11240.0,11240,Anne,Hernandez,M,,2025-10-08
11241.0,11241,Lisa,Cai,S,,2025-10-08
11242.0,11242,Larry,Munoz,M,,2025-10-08
11243.0,11243,Robin,Alvarez,M,,2025-10-08
11244.0,11244,Alexis,Coleman,S,,2025-10-08
11245.0,11245,Ricky,Vazquez,M,,2025-10-08
11246.0,11246,Latasha,Rubio,M,,2025-10-08
11247.0,11247,Claudia,Zhou,S,,2025-10-08
11248.0,11248,Tristan,Alexander,M,,2025-10-08
11249.0,11249,Cindy,Patel,M,,2025-10-08
11250.0,11250,Shannon,Liu,M,,2025-10-08
11251.0,11251,Xavier,Long,S,,2025-10-08
11252.0,11252,Nicholas,Thompson,S,,2025-10-08
11253.0,11253,José,Hernandez,M,,2025-10-08
11254.0,11254,Johnathan,Vance,M,,2025-10-08
11255.0,11255,Colin,Lin,M,,2025-10-08
11256.0,11256,Katelyn,Hernandez,M,,2025-10-08
11257.0,11257,Jacqueline,Powell,S,,2025-10-08
11258.0,11258,Xavier,Hill,M,,2025-10-08
11259.0,11259,Victoria  ,Stewart,M,,2025-10-08
11260.0,11260,Katelyn,Kelly,M,,2025-10-08
11261.0,11261,Stephanie,Collins,M,,2025-10-08
11262.0,11262,Jennifer,Simmons,M,,2025-10-08
11263.0,11263,Trinity,Richardson,M,,2025-10-08
11264.0,11264,Eduardo,Martin,S,,2025-10-08
11265.0,11265,Elizabeth,Jones,M,,2025-10-08
11266.0,11266,Taylor,Howard,S,,2025-10-08
11267.0,11267,David,Diaz,S,,2025-10-08
11268.0,11268,Katelyn,Carter,M,,2025-10-08
11269.0,11269,Ryan,Foster,M,,2025-10-08
11270.0,11270,Robert,Lee,M,,2025-10-08
11271.0,11271,Danielle,Reed,S,,2025-10-08
11272.0,11272,Lauren,Martinez,S,,2025-10-08
11273.0,11273,Nathan,Lal,M,,2025-10-08
11274.0,11274,Kyle,Foster,M,,2025-10-08
11275.0,11275,Jenny,Rai,M,,2025-10-08
11276.0,11276,Nancy,Chapman,M,,2025-10-08
11277.0,11277,Charles,Jackson,M,,2025-10-08
11278.0,11278,Jonathan,Phillips,S,,2025-10-08
11279.0,11279,Amanda,Cook,M,,2025-10-08
11280.0,11280,Robert,Collins,M,,2025-10-08
11281.0,11281,Megan,Barnes,S,,2025-10-08
11282.0,11282,Christian,Thomas,M,,2025-10-08
11283.0,11283,Arturo,Lal,M,,2025-10-08
11284.0,11284,Theresa,Serrano,M,,2025-10-08
11285.0,11285,Jeremy,Anderson,M,,2025-10-08
11286.0,11286,Hunter,Griffin,M,,2025-10-08
11287.0,11287,Henry,Garcia,M,,2025-10-08
11288.0,11288,Cindy,Sanchez,M,,2025-10-08
11289.0,11289,Maria,Carter,M,,2025-10-08
11290.0,11290,Katelyn,Sanchez,M,,2025-10-08
11291.0,11291,Jenna,Wright,M,,2025-10-08
11292.0,11292,Seth,Phillips,S,,2025-10-08
11293.0,11293,Luke,Long,S,,2025-10-08
11294.0,11294,Dalton,Clark,M,,2025-10-08
11295.0,11295,Taylor,Lewis,S,,2025-10-08
11296.0,11296,Haley,Richardson,S,,2025-10-08
11297.0,11297,Noah,Coleman,S,,2025-10-08
11298.0,11298,Jon,Luo,M,,2025-10-08
11299.0,11299,Orlando,Vazquez,M,,2025-10-08
11300.0,11300,Fernando,Barnes,M,,2025-10-08
11301.0,11301,Cameron,Rodriguez,M,,2025-10-08
11302.0,11302,Spencer,Russell,S,,2025-10-08
11303.0,11303,Julia,Coleman,S,,2025-10-08
11304.0,11304,Julia,Garcia,M,,2025-10-08
11305.0,11305,Sean,Evans,M,,2025-10-08
11306.0,11306,Micah,Zhou,M,,2025-10-08
11307.0,11307,Hunter,Rodriguez,M,,2025-10-08
11308.0,11308,Ian,Gonzales,M,,2025-10-08
11309.0,11309,Victoria,Lewis,S,,2025-10-08
11310.0,11310,Erin,Sanders,S,,2025-10-08
11311.0,11311,Gabrielle,Lopez,S,,2025-10-08
11312.0,11312,Sara,Richardson,S,,2025-10-08
11313.0,11313,Trevor,Jenkins,S,,2025-10-08
11314.0,11314,Mya,Flores,S,,2025-10-08
11315.0,11315,Hailey,Ward,S,,2025-10-08
11316.0,11316,Luke,Allen,M,,2025-10-08
11317.0,11317,Victoria,Russell,S,,2025-10-08
11318.0,11318,Jessica,Wilson,S,,2025-10-08
11319.0,11319,Jade,Bailey,M,,2025-10-08
11320.0,11320,Morgan,Hill,M,,2025-10-08
11321.0,11321,Terrance,Raman,M,,2025-10-08
11322.0,11322,Sydney,Garcia,M,,2025-10-08
11323.0,11323,Jose,Patterson,S,,2025-10-08
11324.0,11324,Zachary,Anderson,M,,2025-10-08
11325.0,11325,Elijah,Ross,S,,2025-10-08
11326.0,11326,Rafael,Xie,M,,2025-10-08
11327.0,11327,Jaime,Moreno,M,,2025-10-08
11328.0,11328,Julian,Griffin,M,,2025-10-08
11329.0,11329,Andy,Alvarez,S,,2025-10-08
11330.0,11330,Ryan,Thompson,M,,2025-10-08
11331.0,11331,Samantha,Jenkins,M,,2025-10-08
11332.0,11332,Deanna,Ramos,S,,2025-10-08
11333.0,11333,Emily,Miller,M,,2025-10-08
11334.0,11334,Nicole,Brown,M,,2025-10-08
11335.0,11335,Carla,Raman,M,,2025-10-08
11336.0,11336,Shaun,Raji,M,,2025-10-08
11337.0,11337,Jerome,Romero,M,,2025-10-08
11338.0,11338,Frank,Navarro,M,,2025-10-08
11339.0,11339,Dennis,She,S,,2025-10-08
11340.0,11340,Melody,Munoz,M,,2025-10-08
11341.0,11341,Randy,Zeng,M,,2025-10-08
11342.0,11342,Marshall,Wang,M,,2025-10-08
11343.0,11343,Arthur,Carlson,M,,2025-10-08
11344.0,11344,Jessie,Jimenez,M,,2025-10-08
11345.0,11345,Robin,Ramos,S,,2025-10-08
11346.0,11346,Deanna,Gutierrez,S,,2025-10-08
11347.0,11347,Roy,Navarro,M,,2025-10-08
11348.0,11348,Shawn,Rai,M,,2025-10-08
11349.0,11349,Mindy,Luo,M,,2025-10-08
11350.0,11350,Cara,Zhou,M,,2025-10-08
11351.0,11351,Anne,Ramos,S,,2025-10-08
11352.0,11352,Raymond,Rodriguez,M,,2025-10-08
11353.0,11353,Carrie,Ortega,S,,2025-10-08
11354.0,11354,Deanna,Suarez,M,,2025-10-08
11355.0,11355,Roberto,Gutierrez,M,,2025-10-08
11356.0,11356,Terrence,Carson,S,,2025-10-08
11357.0,11357,Ramon,Ye,S,,2025-10-08
11358.0,11358,Cynthia,Malhotra,S,,2025-10-08
11359.0,11359,Jarrod,Prasad,S,,2025-10-08
11360.0,11360,Tyrone,Serrano,S,,2025-10-08
11361.0,11361,Cindy,Ramos,M,,2025-10-08
11362.0,11362,Damien,Shan,M,,2025-10-08
11363.0,11363,Julian,Ross,S,,2025-10-08
11364.0,11364,Jennifer,Collins,S,,2025-10-08
11365.0,11365,Brittney,Sun,S,,2025-10-08
11366.0,11366,Virginia,Patel,M,,2025-10-08
11367.0,11367,Calvin,Nara,M,,2025-10-08
11368.0,11368,Edward,Miller,S,,2025-10-08
11369.0,11369,Ashlee,Tang,M,,2025-10-08
11370.0,11370,Alicia,Xu,M,,2025-10-08
11371.0,11371,Lacey,Jai,M,,2025-10-08
11372.0,11372,Wendy,Romero,S,,2025-10-08
11373.0,11373,Carly,Luo,M,,2025-10-08
11374.0,11374,Jimmy,Ortega,S,,2025-10-08
11375.0,11375,Francisco,Martinez,M,,2025-10-08
11376.0,11376,Lance,Vazquez,S,,2025-10-08
11377.0,11377,David,Robinett,M,,2025-10-08
11378.0,11378,Shannon,Liang,S,,2025-10-08
11379.0,11379,Gary,Vazquez,M,,2025-10-08
11380.0,11380,Mitchell,Kumar,S,,2025-10-08
11381.0,11381,Meredith,Raman,M,,2025-10-08
11382.0,11382,Edward,Patterson,M,,2025-10-08
11383.0,11383,Marie,Gill,M,,2025-10-08
11384.0,11384,Tiffany,Wang,M,,2025-10-08
11385.0,11385,Miguel,Allen,S,,2025-10-08
11386.0,11386,Jaclyn,Cai,M,,2025-10-08
11387.0,11387,Megan,Ramirez,S,,2025-10-08
11388.0,11388,Joseph,Martin,M,,2025-10-08
11389.0,11389,Karl,Shan,S,,2025-10-08
11390.0,11390,Christine,Raji,S,,2025-10-08
11391.0,11391,Lindsay,Xie,S,,2025-10-08
11392.0,11392,Willie,Zhao,S,,2025-10-08
11393.0,11393,Kurt,Pal,S,,2025-10-08
11394.0,11394,George,McDonald,S,,2025-10-08
11395.0,11395,Beth,Gutierrez,S,,2025-10-08
11396.0,11396,Ian,Lopez,M,,2025-10-08
11397.0,11397,Latoya,Shan,S,,2025-10-08
11398.0,11398,Colin,Nath,S,,2025-10-08
11399.0,11399,Brenda,Mehta,S,,2025-10-08
11400.0,11400,Franklin,Raji,S,,2025-10-08
11401.0,11401,Linda,Navarro,M,,2025-10-08
11402.0,11402,Kelli,Cai,M,,2025-10-08
11403.0,11403,Nancy,Schmidt,S,,2025-10-08
11404.0,11404,Megan,Taylor,S,,2025-10-08
11405.0,11405,Bonnie,Goel,S,,2025-10-08
11406.0,11406,Latoya,Xu,M,,2025-10-08
11407.0,11407,Mario,She,M,,2025-10-08
11408.0,11408,Darren,Gill,M,,2025-10-08
11409.0,11409,Jacqueline,Hayes,S,,2025-10-08
11410.0,11410,Maurice,Goel,M,,2025-10-08
11411.0,11411,Devin,Ross,M,,2025-10-08
11412.0,11412,Sydney,Bryant,S,,2025-10-08
11413.0,11413,Megan,Stewart,M,,2025-10-08
11414.0,11414,Ian,Richardson,S,,2025-10-08
11415.0,11415,Randy,She,S,,2025-10-08
11416.0,11416,Katrina,Becker,M,,2025-10-08
11417.0,11417,Lacey,Zheng,M,,2025-10-08
11418.0,11418,Rafael,Hu,S,,2025-10-08
11419.0,11419,Kyle,Scott,M,,2025-10-08
11420.0,11420,Jordan,Turner,M,,2025-10-08
11421.0,11421,Amy,Sun,M,,2025-10-08
11422.0,11422,Dustin,Deng,M,,2025-10-08
11423.0,11423,Jasmine,Stewart,M,,2025-10-08
11424.0,11424,Pamela,Garcia,M,,2025-10-08
11425.0,11425,Ariana,Gray,M,,2025-10-08
11426.0,11426,Kristopher,Mehta,M,,2025-10-08
11427.0,11427,Desiree,Dominguez,M,,2025-10-08
11428.0,11428,Deanna,Perez,S,,2025-10-08
11429.0,11429,Marco,Lopez,M,,2025-10-08
11430.0,11430,Casey,Yuan,M,,2025-10-08
11431.0,11431,Bryant,Garcia,M,,2025-10-08
11432.0,11432,Dominique,Prasad,M,,2025-10-08
11433.0,11433,Maurice,Shan,M,,2025-10-08
11434.0,11434,Andre,Lopez,M,,2025-10-08
11435.0,11435,Robin,Romero,S,,2025-10-08
11436.0,11436,Taylor,Cox,M,,2025-10-08
11437.0,11437,Alfredo,Moreno,M,,2025-10-08
11438.0,11438,Jenny,Nara,M,,2025-10-08
11439.0,11439,Janet,Munoz,M,,2025-10-08
11440.0,11440,Sergio,Weber,M,,2025-10-08
11441.0,11441,Erika,Gomez,M,,2025-10-08
11442.0,11442,Joseph,Harris,M,,2025-10-08
11443.0,11443,Grace,Griffin,S,,2025-10-08
11444.0,11444,Tina,Mehta,M,,2025-10-08
11445.0,11445,Kari,Kim,S,,2025-10-08
11446.0,11446,Bethany,Chander,S,,2025-10-08
11447.0,11447,Jennifer,Roberts,M,,2025-10-08
11448.0,11448,Kyle,Patterson,S,,2025-10-08
11449.0,11449,Alvin,Hu,M,,2025-10-08
11450.0,11450,Brett,Mehta,S,,2025-10-08
11451.0,11451,Ruben,Muñoz,S,,2025-10-08
11452.0,11452,Erika,Rubio,S,,2025-10-08
11453.0,11453,Stanley,Malhotra,S,,2025-10-08
11454.0,11454,Melinda,Navarro,S,,2025-10-08
11455.0,11455,Ross,Sanz,M,,2025-10-08
11456.0,11456,Jon,Gao,M,,2025-10-08
11457.0,11457,Jaime,Gutierrez,M,,2025-10-08
11458.0,11458,Bianca,Liu,M,,2025-10-08
11459.0,11459,Tasha,Deng,S,,2025-10-08
11460.0,11460,Melvin,Chande,S,,2025-10-08
11461.0,11461,Victor,Jimenez,S,,2025-10-08
11462.0,11462,Laura,Lin,M,,2025-10-08
11463.0,11463,Alisha,Beck,M,,2025-10-08
11464.0,11464,Alejandro,Huang,M,,2025-10-08
11465.0,11465,Louis,Luo,M,,2025-10-08
11466.0,11466,Grant,Tang,M,,2025-10-08
11467.0,11467,Arturo,Zheng,M,,2025-10-08
11468.0,11468,Jaclyn,Andersen,M,,2025-10-08
11469.0,11469,Edwin,Raji,S,,2025-10-08
11470.0,11470,Jay,Suarez,S,,2025-10-08
11471.0,11471,Latasha,Suarez,S,,2025-10-08
11472.0,11472,Kenneth,Kumar,S,,2025-10-08
11473.0,11473,Grace,Henderson,S,,2025-10-08
11474.0,11474,Melvin,Xu,S,,2025-10-08
11475.0,11475,Cesar,Subram,S,,2025-10-08
11476.0,11476,Erika,Navarro,M,,2025-10-08
11477.0,11477,Tristan,Hughes,S,,2025-10-08
11478.0,11478,Billy,Hernandez,S,,2025-10-08
11479.0,11479,Darryl,Wu,M,,2025-10-08
11480.0,11480,Colleen,Ma,M,,2025-10-08
11481.0,11481,Erica,Hu,M,,2025-10-08
11482.0,11482,Adrienne,Torres,S,,2025-10-08
11483.0,11483,Calvin,Chande,M,,2025-10-08
11484.0,11484,Erick,Sai,S,,2025-10-08
11485.0,11485,Donald,Chandra,M,,2025-10-08
11486.0,11486,Ariana,Rogers,S,,2025-10-08
11487.0,11487,Morgan,Jones,S,,2025-10-08
11488.0,11488,Jermaine,Lopez,S,,2025-10-08
11489.0,11489,Deborah,Goel,S,,2025-10-08
11490.0,11490,Danny,Rubio,S,,2025-10-08
11491.0,11491,Andre,Perez,M,,2025-10-08
11492.0,11492,Terrence,Chander,S,,2025-10-08
11493.0,11493,Dawn,Wu,S,,2025-10-08
11494.0,11494,Jimmy,Gutierrez,S,,2025-10-08
11495.0,11495,Francis,Jimenez,S,,2025-10-08
11496.0,11496,Gary,Ortega,S,,2025-10-08
11497.0,11497,Katrina,Nath,S,,2025-10-08
11498.0,11498,Arturo,Sun,S,,2025-10-08
11499.0,11499,Pedro,Vance,S,,2025-10-08
11500.0,11500,Sarah,Simmons,S,,2025-10-08
11501.0,11501,Brandy,Chandra,S,,2025-10-08
11502.0,11502,Jared,Peterson,S,,2025-10-08
11503.0,11503,Dennis,Wu,M,,2025-10-08
11504.0,11504,Jordan,Baker,M,,2025-10-08
11505.0,11505,Jasmine,Powell,S,,2025-10-08
11506.0,11506,Nicholas,Brown,S,,2025-10-08
11507.0,11507,Isabella,Russell,S,,2025-10-08
11508.0,11508,Elizabeth,Wilson,S,,2025-10-08
11509.0,11509,Roger,Harui,M,,2025-10-08
11510.0,11510,Seth,Roberts,M,,2025-10-08
11511.0,11511,Caleb,Perry,M,,2025-10-08
11512.0,11512,Natalie,Campbell,S,,2025-10-08
11513.0,11513,Alyssa,Howard,S,,2025-10-08
11514.0,11514,Dalton,Diaz,M,,2025-10-08
11515.0,11515,Shannon,Huang,M,,2025-10-08
11516.0,11516,Mya,Gonzales,M,,2025-10-08
11517.0,11517,Katherine,Bryant,M,,2025-10-08
11518.0,11518,Edward,Washington,M,,2025-10-08
11519.0,11519,Jerome,Navarro,M,,2025-10-08
11520.0,11520,Jada,Morgan,M,,2025-10-08
11521.0,11521,Ariana,Peterson,M,,2025-10-08
11522.0,11522,Christian,Hughes,M,,2025-10-08
11523.0,11523,Lucas,Taylor,M,,2025-10-08
11524.0,11524,Alyssa,Jackson,M,,2025-10-08
11525.0,11525,Ariana,Cook,M,,2025-10-08
11526.0,11526,Katherine,Diaz,M,,2025-10-08
11527.0,11527,Jenna,Green,M,,2025-10-08
11528.0,11528,Joan,Washington,M,,2025-10-08
11529.0,11529,Austin,Bryant,M,,2025-10-08
11530.0,11530,Andrew,Martinez,M,,2025-10-08
11531.0,11531,Nina,Yuan,M,,2025-10-08
11532.0,11532,Lauren,Miller,M,,2025-10-08
11533.0,11533,Ebony,Gill,M,,2025-10-08
11534.0,11534,Cameron,Lewis,S,,2025-10-08
11535.0,11535,Devin,Nelson,M,,2025-10-08
11536.0,11536,Logan,Chow,M,,2025-10-08
11537.0,11537,Dakota,Ross,M,,2025-10-08
11538.0,11538,Nicole,Taylor,S,,2025-10-08
11539.0,11539,Justin,Washington,M,,2025-10-08
11540.0,11540,Alberto,Navarro,S,,2025-10-08
11541.0,11541,Aidan,Ross,S,,2025-10-08
11542.0,11542,Alejandro,Tang,S,,2025-10-08
11543.0,11543,Sheena,Chande,M,,2025-10-08
11544.0,11544,Joel,Garcia,M,,2025-10-08
11545.0,11545,Reginald,Dominguez,M,,2025-10-08
11546.0,11546,Christine,Chande,M,,2025-10-08
11547.0,11547,Cindy,Sai,M,,2025-10-08
11548.0,11548,Raymond,Sanchez,S,,2025-10-08
11549.0,11549,Crystal,Liang,M,,2025-10-08
11550.0,11550,Deb,Torres,S,,2025-10-08
11551.0,11551,Shannon,Alvarez,S,,2025-10-08
11552.0,11552,Eddie,Rubio,S,,2025-10-08
11553.0,11553,Sharon,Luo,M,,2025-10-08
11554.0,11554,Sydney,Simmons,S,,2025-10-08
11555.0,11555,Alexandria,Henderson,M,,2025-10-08
11556.0,11556,Lucas,Evans,M,,2025-10-08
11557.0,11557,Felicia,Ramos,S,,2025-10-08
11558.0,11558,Ivan,Malhotra,S,,2025-10-08
11559.0,11559,Frederick,Subram,S,,2025-10-08
11560.0,11560,Whitney,Srini,S,,2025-10-08
11561.0,11561,Briana,Dominguez,S,,2025-10-08
11562.0,11562,Jarrod,Gonzalez,M,,2025-10-08
11563.0,11563,Cesar,Srini,S,,2025-10-08
11564.0,11564,Jorge,Liang,S,,2025-10-08
11565.0,11565,Erik,Diaz,S,,2025-10-08
11566.0,11566,April,Shan,M,,2025-10-08
11567.0,11567,Carla,Perez,M,,2025-10-08
11568.0,11568,Alexia,Foster,S,,2025-10-08
11569.0,11569,Troy,Malhotra,M,,2025-10-08
11570.0,11570,Kristin,Andersen,M,,2025-10-08
11571.0,11571,Joel,Sai,M,,2025-10-08
11572.0,11572,Billy,Moreno,M,,2025-10-08
11573.0,11573,Meagan,Subram,S,,2025-10-08
11574.0,11574,Karla,Luo,S,,2025-10-08
11575.0,11575,Jackson,Campbell,S,,2025-10-08
11576.0,11576,Micah,Zhu,M,,2025-10-08
11577.0,11577,Janet,Serrano,M,,2025-10-08
11578.0,11578,Trisha,Huang,S,,2025-10-08
11579.0,11579,Clayton,Beck,S,,2025-10-08
11580.0,11580,Melvin,Raje,M,,2025-10-08
11581.0,11581,Cindy,Jordan,M,,2025-10-08
11582.0,11582,Claudia,Ma,S,,2025-10-08
11583.0,11583,Karla,Xu,S,,2025-10-08
11584.0,11584,Devin,Carter,M,,2025-10-08
11585.0,11585,Kari,Perez,M,,2025-10-08
11586.0,11586,Alberto,Romero,M,,2025-10-08
11587.0,11587,Kevin,Bryant,S,,2025-10-08
11588.0,11588,Candace,Mehta,M,,2025-10-08
11589.0,11589,Ebony,Malhotra,M,,2025-10-08
11590.0,11590,Erika,Diaz,S,,2025-10-08
11591.0,11591,Stacey,Lu,S,,2025-10-08
11592.0,11592,Darrell,Raji,S,,2025-10-08
11593.0,11593,Armando,Moreno,S,,2025-10-08
11594.0,11594,Corey,Goel,S,,2025-10-08
11595.0,11595,Sebastian,Howard,S,,2025-10-08
11596.0,11596,Roger,Raje,M,,2025-10-08
11597.0,11597,Janelle,Chandra,S,,2025-10-08
11598.0,11598,Meredith,Ruiz,S,,2025-10-08
11599.0,11599,Melody,Diaz,S,,2025-10-08
11600.0,11600,Linda,Rubio,S,,2025-10-08
11601.0,11601,Ivan,Raman,S,,2025-10-08
11602.0,11602,Larry,Gill,S,,2025-10-08
11603.0,11603,Geoffrey,Gonzalez,S,,2025-10-08
11604.0,11604,Edgar,Sanchez,S,,2025-10-08
11605.0,11605,Heidi,Subram,S,,2025-10-08
11606.0,11606,Melody,Ramos,S,,2025-10-08
11607.0,11607,Clinton,Moreno,S,,2025-10-08
11608.0,11608,Cesar,Madan,S,,2025-10-08
11609.0,11609,Eugene,Ye,S,,2025-10-08
11610.0,11610,Blake,Collins,S,,2025-10-08
11611.0,11611,Ernest,Lin,M,,2025-10-08
11612.0,11612,Keith,Andersen,S,,2025-10-08
11613.0,11613,Meredith,Prasad,S,,2025-10-08
11614.0,11614,Katrina,Sharma,S,,2025-10-08
11615.0,11615,Dwayne,Navarro,M,,2025-10-08
11616.0,11616,Casey,Nath,M,,2025-10-08
11617.0,11617,Sean,Brooks,S,,2025-10-08
11618.0,11618,Brian,Ramirez,M,,2025-10-08
11619.0,11619,Sierra,Young,S,,2025-10-08
11620.0,11620,Megan,Rodriguez,S,,2025-10-08
11621.0,11621,Leah,She,S,,2025-10-08
11622.0,11622,Gabriel,Allen,M,,2025-10-08
11623.0,11623,Angela,Perry,S,,2025-10-08
11624.0,11624,Ryan,Smith,S,,2025-10-08
11625.0,11625,Zachary,Moore,M,,2025-10-08
11626.0,11626,Destiny,Rogers,M,,2025-10-08
11627.0,11627,Dalton,Gray,M,,2025-10-08
11628.0,11628,Mariah,Wood,S,,2025-10-08
11629.0,11629,Isaiah,Wright,S,,2025-10-08
11630.0,11630,Haley,Powell,M,,2025-10-08
11631.0,11631,Antonio,Bennett,M,,2025-10-08
11632.0,11632,Alexandra,Jenkins,M,,2025-10-08
11633.0,11633,Thomas,Anderson,M,,2025-10-08
11634.0,11634,Samuel,Collins,M,,2025-10-08
11635.0,11635,Darrell,Chande,M,,2025-10-08
11636.0,11636,Kimberly,Cox,S,,2025-10-08
11637.0,11637,Morgan,Hernandez,M,,2025-10-08
11638.0,11638,Antonio,Powell,M,,2025-10-08
11639.0,11639,Angelica,Perry,M,,2025-10-08
11640.0,11640,Chloe,Wilson,M,,2025-10-08
11641.0,11641,James,Chen,M,,2025-10-08
11642.0,11642,Morgan,Hughes,M,,2025-10-08
11643.0,11643,Naomi,Munoz,M,,2025-10-08
11644.0,11644,Charles,Torres,S,,2025-10-08
11645.0,11645,Gabriella,Turner,S,,2025-10-08
11646.0,11646,Anna,Foster,S,,2025-10-08
11647.0,11647,Randy,Wu,S,,2025-10-08
11648.0,11648,Kevin,Scott,S,,2025-10-08
11649.0,11649,Ian,White,M,,2025-10-08
11650.0,11650,Caleb,Hayes,M,,2025-10-08
11651.0,11651,Patricia,Garcia,M,,2025-10-08
11652.0,11652,Samuel,Russell,M,,2025-10-08
11653.0,11653,Sydney,Peterson,S,,2025-10-08
11654.0,11654,Ariana,Sanchez,M,,2025-10-08
11655.0,11655,Tamara,Sharma,S,,2025-10-08
11656.0,11656,Katelyn,Perez,M,,2025-10-08
11657.0,11657,Megan,Cox,M,,2025-10-08
11658.0,11658,Robert,Mitchell,M,,2025-10-08
11659.0,11659,Miguel,Adams,S,,2025-10-08
11660.0,11660,Miranda,Gonzales,M,,2025-10-08
11661.0,11661,Jeremiah,James,S,,2025-10-08
11662.0,11662,Ethan,Kumar,S,,2025-10-08
11663.0,11663,Seth,Williams,M,,2025-10-08
11664.0,11664,Alyssa,Morgan,S,,2025-10-08
11665.0,11665,Janet,Dominguez,M,,2025-10-08
11666.0,11666,Angel,Baker,M,,2025-10-08
11667.0,11667,Blake,Moore,M,,2025-10-08
11668.0,11668,Jada,Collins,S,,2025-10-08
11669.0,11669,Isabella,Simmons,S,,2025-10-08
11670.0,11670,Jacqueline,Perry,S,,2025-10-08
11671.0,11671,Jessica,Brown,S,,2025-10-08
11672.0,11672,Chad,Jai,M,,2025-10-08
11673.0,11673,Susan,Ye,S,,2025-10-08
11674.0,11674,Morgan,Rogers,M,,2025-10-08
11675.0,11675,Devin,Martinez,S,,2025-10-08
11676.0,11676,Alan,Hu,M,,2025-10-08
11677.0,11677,Charles,Walker,S,,2025-10-08
11678.0,11678,Johnny,Chavez,M,,2025-10-08
11679.0,11679,Dalton,Richardson,M,,2025-10-08
11680.0,11680,Kaylee,Nelson,M,,2025-10-08
11681.0,11681,Abigail,Jones,M,,2025-10-08
11682.0,11682,Kaitlyn,Hall,M,,2025-10-08
11683.0,11683,Greg,Taylor,M,,2025-10-08
11684.0,11684,Devin,Parker,S,,2025-10-08
11685.0,11685,Jose,Griffin,M,,2025-10-08
11686.0,11686,Luke,Edwards,S,,2025-10-08
11687.0,11687,Cody,Torres,S,,2025-10-08
11688.0,11688,Victoria,Morris,S,,2025-10-08
11689.0,11689,Ian,Diaz,M,,2025-10-08
11690.0,11690,Caroline,Butler,M,,2025-10-08
11691.0,11691,Kaitlyn,Wilson,S,,2025-10-08
11692.0,11692,Caleb,Gonzales,M,,2025-10-08
11693.0,11693,Hailey,Diaz,S,,2025-10-08
11694.0,11694,Jonathon,Ortega,M,,2025-10-08
11695.0,11695,Logan,Campbell,M,,2025-10-08
11696.0,11696,Mackenzie,Campbell,S,,2025-10-08
11697.0,11697,Eduardo,Lee,M,,2025-10-08
11698.0,11698,Jackson,Wright,M,,2025-10-08
11699.0,11699,Chase,Peterson,S,,2025-10-08
11700.0,11700,Xavier,Richardson,S,,2025-10-08
11701.0,11701,David,Hayes,M,,2025-10-08
11702.0,11702,Jenny,Zhou,S,,2025-10-08
11703.0,11703,Kaylee,Baker,S,,2025-10-08
11704.0,11704,Evan,Hernandez,S,,2025-10-08
11705.0,11705,Brooke,Richardson,S,,2025-10-08
11706.0,11706,Blake,Perez,M,,2025-10-08
11707.0,11707,Natalie,Cook,S,,2025-10-08
11708.0,11708,Elizabeth,Weisman,S,,2025-10-08
11709.0,11709,Hailey,Collins,S,,2025-10-08
11710.0,11710,Zoe,Ramirez,M,,2025-10-08
11711.0,11711,Daniel,Davis,S,,2025-10-08
11712.0,11712,Shelby,Rogers,M,,2025-10-08
11713.0,11713,Kyle,Zhang,M,,2025-10-08
11714.0,11714,Alexandria,Long,M,,2025-10-08
11715.0,11715,Chloe,Robinson,M,,2025-10-08
11716.0,11716,Evan,Kelly,S,,2025-10-08
11717.0,11717,Marcus,Jones,M,,2025-10-08
11718.0,11718,Sarah,Jones,M,,2025-10-08
11719.0,11719,Blake,Green,M,,2025-10-08
11720.0,11720,Morgan,Morris,M,,2025-10-08
11721.0,11721,Jennifer,Alexander,M,,2025-10-08
11722.0,11722,Julian,Hughes,M,,2025-10-08
11723.0,11723,Luke,Coleman,S,,2025-10-08
11724.0,11724,Jason,Carter,S,,2025-10-08
11725.0,11725,Jose,Li,S,,2025-10-08
11726.0,11726,Micah,Liang,S,,2025-10-08
11727.0,11727,Benjamin,Taylor,S,,2025-10-08
11728.0,11728,Logan,White,M,,2025-10-08
11729.0,11729,Caleb,Campbell,M,,2025-10-08
11730.0,11730,Emma,Torres,M,,2025-10-08
11731.0,11731,Tanya,Gill,M,,2025-10-08
11732.0,11732,Erick,Sanchez,M,,2025-10-08
11733.0,11733,Kristi,Schmidt,M,,2025-10-08
11734.0,11734,Omar,Chen,M,,2025-10-08
11735.0,11735,Sydney,Gray,M,,2025-10-08
11736.0,11736,Sebastian,Sanchez,M,,2025-10-08
11737.0,11737,Megan,Martin,M,,2025-10-08
11738.0,11738,Elijah,Alexander,M,,2025-10-08
11739.0,11739,Aaron,King,M,,2025-10-08
11740.0,11740,Jan,Hall,M,,2025-10-08
11741.0,11741,Tamara,Chander,M,,2025-10-08
11742.0,11742,Edward,Lewis,S,,2025-10-08
11743.0,11743,Chase,Kelly,M,,2025-10-08
11744.0,11744,Stephanie,Campbell,M,,2025-10-08
11745.0,11745,Allison,Gonzalez,M,,2025-10-08
11746.0,11746,Seth,Brooks,S,,2025-10-08
11747.0,11747,Destiny,Davis,M,,2025-10-08
11748.0,11748,Blake,Hill,M,,2025-10-08
11749.0,11749,Eduardo,Jackson,M,,2025-10-08
11750.0,11750,Latoya,She,M,,2025-10-08
11751.0,11751,Victoria,Gonzales,M,,2025-10-08
11752.0,11752,Lauren,Bryant,M,,2025-10-08
11753.0,11753,Felicia,Ortega,M,,2025-10-08
11754.0,11754,Janet,Ortega,M,,2025-10-08
11755.0,11755,Willie,Pal,M,,2025-10-08
11756.0,11756,Linda,Ortega,S,,2025-10-08
11757.0,11757,Vincent,Cai,M,,2025-10-08
11758.0,11758,Colin,Yuan,M,,2025-10-08
11759.0,11759,Dawn,Nath,M,,2025-10-08
11760.0,11760,Melody,Moreno,M,,2025-10-08
11761.0,11761,Edgar,Mehta,S,,2025-10-08
11762.0,11762,Randall,Gomez,M,,2025-10-08
11763.0,11763,Ross,Fernandez,M,,2025-10-08
11764.0,11764,Jessie,Ramos,S,,2025-10-08
11765.0,11765,Marc,Torres,M,,2025-10-08
11766.0,11766,Candace,Raman,S,,2025-10-08
11767.0,11767,Meagan,Madan,S,,2025-10-08
11768.0,11768,Clayton,Nara,M,,2025-10-08
11769.0,11769,Haley,Hernandez,S,,2025-10-08
11770.0,11770,Peter,Nara,S,,2025-10-08
11771.0,11771,Isaac,Rivera,S,,2025-10-08
11772.0,11772,Cameron,Moore,M,,2025-10-08
11773.0,11773,Gavin,Diaz,S,,2025-10-08
11774.0,11774,Emma,Sanchez,M,,2025-10-08
11775.0,11775,Sierra,Roberts,S,,2025-10-08
11776.0,11776,Seth,Mitchell,M,,2025-10-08
11777.0,11777,Miranda,Long,S,,2025-10-08
11778.0,11778,Haley,Henderson,S,,2025-10-08
11779.0,11779,Sarah,Jackson,S,,2025-10-08
11780.0,11780,Jessica,Alexander,S,,2025-10-08
11781.0,11781,Carlos,Gray,M,,2025-10-08
11782.0,11782,Barbara,Jai,M,,2025-10-08
11783.0,11783,Sara,Mitchell,M,,2025-10-08
11784.0,11784,Jose,Turner,M,,2025-10-08
11785.0,11785,Theodore,Diaz,M,,2025-10-08
11786.0,11786,Ian,Murphy,S,,2025-10-08
11787.0,11787,Jerry,Nath,M,,2025-10-08
11788.0,11788,Destiny,James,S,,2025-10-08
11789.0,11789,Bailey,Phillips,M,,2025-10-08
11790.0,11790,Timothy,Gonzalez,M,,2025-10-08
11791.0,11791,Chase,Morgan,M,,2025-10-08
11792.0,11792,Alexia,Perry,M,,2025-10-08
11793.0,11793,Xavier,Rogers,M,,2025-10-08
11794.0,11794,Lauren,Ross,S,,2025-10-08
11795.0,11795,Nicole,Thomas,S,,2025-10-08
11796.0,11796,Isabel,Jenkins,S,,2025-10-08
11797.0,11797,Devin,Coleman,S,,2025-10-08
11798.0,11798,Brendan,Chande,M,,2025-10-08
11799.0,11799,Jessie,Wang,M,,2025-10-08
11800.0,11800,Jennifer,Baker,M,,2025-10-08
11801.0,11801,Aaron,Sharma,M,,2025-10-08
11802.0,11802,Madison,Taylor,M,,2025-10-08
11803.0,11803,Jan,Hernandez,S,,2025-10-08
11804.0,11804,Haley,Turner,M,,2025-10-08
11805.0,11805,Richard,Green,M,,2025-10-08
11806.0,11806,Jennifer,Stewart,M,,2025-10-08
11807.0,11807,Lucas,Baker,M,,2025-10-08
11808.0,11808,James,Parker,M,,2025-10-08
11809.0,11809,Juan,Gray,M,,2025-10-08
11810.0,11810,Antonio,Washington,S,,2025-10-08
11811.0,11811,Abigail,Brooks,S,,2025-10-08
11812.0,11812,Andrew,Rodriguez,M,,2025-10-08
11813.0,11813,Mary,Patterson,M,,2025-10-08
11814.0,11814,Dalton,Morgan,M,,2025-10-08
11815.0,11815,Hannah,Patterson,M,,2025-10-08
11816.0,11816,Joe,Torres,M,,2025-10-08
11817.0,11817,Morgan,Miller,S,,2025-10-08
11818.0,11818,Daniel,Garcia,M,,2025-10-08
11819.0,11819,Jose,Lal,M,,2025-10-08
11820.0,11820,Katelyn,Lopez,M,,2025-10-08
11821.0,11821,Austin,Johnson,M,,2025-10-08
11822.0,11822,Rohinton,Wadia,M,,2025-10-08
11823.0,11823,Morgan,Turner,M,,2025-10-08
11824.0,11824,Jill,Martin,M,,2025-10-08
11825.0,11825,Aimee,She,S,,2025-10-08
11826.0,11826,Jessie,Alonso,M,,2025-10-08
11827.0,11827,Sara,Baker,M,,2025-10-08
11828.0,11828,Katherine,Martinez,M,,2025-10-08
11829.0,11829,Sophia,Campbell,M,,2025-10-08
11830.0,11830,Taylor,Garcia,M,,2025-10-08
11831.0,11831,Christian,Ross,M,,2025-10-08
11832.0,11832,Zoe,Murphy,S,,2025-10-08
11833.0,11833,Oscar,Price,M,,2025-10-08
11834.0,11834,Fernando,Flores,S,,2025-10-08
11835.0,11835,Elijah,Russell,S,,2025-10-08
11836.0,11836,Garrett,Travers,M,,2025-10-08
11837.0,11837,Haley,Alexander,S,,2025-10-08
11838.0,11838,Justin,Rodriguez,S,,2025-10-08
11839.0,11839,Tyler,Brown,S,,2025-10-08
11840.0,11840,Julian,Patterson,M,,2025-10-08
11841.0,11841,Sean,Nelson,M,,2025-10-08
11842.0,11842,Justin,Wilson,S,,2025-10-08
11843.0,11843,Christy,Nara,S,,2025-10-08
11844.0,11844,Michele,Alvarez,S,,2025-10-08
11845.0,11845,Natalie,Jones,S,,2025-10-08
11846.0,11846,Savannah,Reed,S,,2025-10-08
11847.0,11847,Cassidy,Diaz,S,,2025-10-08
11848.0,11848,Joshua,Lewis,M,,2025-10-08
11849.0,11849,Faith,Reed,S,,2025-10-08
11850.0,11850,Brooke,Ramirez,S,,2025-10-08
11851.0,11851,Jada,Mitchell,S,,2025-10-08
11852.0,11852,Kyle,Russell,S,,2025-10-08
11853.0,11853,Grace,Jones,S,,2025-10-08
11854.0,11854,Jason,Mitchell,S,,2025-10-08
11855.0,11855,Christian,Walker,M,,2025-10-08
11856.0,11856,Seth,Hernandez,M,,2025-10-08
11857.0,11857,Isabella,Young,S,,2025-10-08
11858.0,11858,Jordan,Coleman,M,,2025-10-08
11859.0,11859,Blake,Garcia,M,,2025-10-08
11860.0,11860,Nicole,Walker,M,,2025-10-08
11861.0,11861,Katherine,Carter,M,,2025-10-08
11862.0,11862,Olivia,Peterson,S,,2025-10-08
11863.0,11863,Jessica,Wood,M,,2025-10-08
11864.0,11864,Elizabeth,Thompson,M,,2025-10-08
11865.0,11865,Chloe,Rivera,M,,2025-10-08
11866.0,11866,Lucas,Scott,M,,2025-10-08
11867.0,11867,Nathaniel,James,M,,2025-10-08
11868.0,11868,Jessica,Peterson,S,,2025-10-08
11869.0,11869,Kaitlyn,Adams,S,,2025-10-08
11870.0,11870,Jillian,Garcia,S,,2025-10-08
11871.0,11871,Dalton,Bennett,S,,2025-10-08
11872.0,11872,Faith,Patterson,S,,2025-10-08
11873.0,11873,Ryan,Zhang,M,,2025-10-08
11874.0,11874,Adrian,Bell,S,,2025-10-08
11875.0,11875,Jonathan,Brown,M,,2025-10-08
11876.0,11876,Madison,White,M,,2025-10-08
11877.0,11877,Alexis,Diaz,M,,2025-10-08
11878.0,11878,Christine,Nara,M,,2025-10-08
11879.0,11879,Edgar,Sai,M,,2025-10-08
11880.0,11880,Melissa,Sanchez,M,,2025-10-08
11881.0,11881,Richard,Mitchell,M,,2025-10-08
11882.0,11882,Patrick,Stewart,M,,2025-10-08
11883.0,11883,Hannah,Anderson,M,,2025-10-08
11884.0,11884,Latoya,Shen,M,,2025-10-08
11885.0,11885,Kurt,Sharma,M,,2025-10-08
11886.0,11886,Katelyn,Parker,M,,2025-10-08
11887.0,11887,Joseph,White,M,,2025-10-08
11888.0,11888,Aaron,Ross,M,,2025-10-08
11889.0,11889,Blake,Patterson,S,,2025-10-08
11890.0,11890,Whitney,Lopez,M,,2025-10-08
11891.0,11891,Jamie,Liang,M,,2025-10-08
11892.0,11892,Julio,Ortega,M,,2025-10-08
11893.0,11893,Orlando,Carlson,M,,2025-10-08
11894.0,11894,Ann,Gonzalez,M,,2025-10-08
11895.0,11895,Dustin,Chander,M,,2025-10-08
11896.0,11896,Frank,Carlson,M,,2025-10-08
11897.0,11897,Orlando,Ashe,S,,2025-10-08
11898.0,11898,Angela,Henderson,M,,2025-10-08
11899.0,11899,Brenda,Perez,S,,2025-10-08
11900.0,11900,Byron,Carlson,S,,2025-10-08
11901.0,11901,Stacy,Alvarez,S,,2025-10-08
11902.0,11902,Drew,Pal,M,,2025-10-08
11903.0,11903,Kate,Raji,S,,2025-10-08
11904.0,11904,Kaylee,Cook,S,,2025-10-08
11905.0,11905,Isaiah,Ramirez,S,,2025-10-08
11906.0,11906,Gabriella,Sanders,M,,2025-10-08
11907.0,11907,Sarah,Garcia,S,,2025-10-08
11908.0,11908,Rafael,Tang,S,,2025-10-08
11909.0,11909,Nichole,She,M,,2025-10-08
11910.0,11910,Jaclyn,Zheng,M,,2025-10-08
11911.0,11911,Rachael,Kapoor,M,,2025-10-08
11912.0,11912,Rachael,Sai,S,,2025-10-08
11913.0,11913,Rebecca,Robinson,M,,2025-10-08
11914.0,11914,Meagan,Rana,S,,2025-10-08
11915.0,11915,Philip,Carlson,S,,2025-10-08
11916.0,11916,Joe,Rana,S,,2025-10-08
11917.0,11917,Roy,Sanz,S,,2025-10-08
11918.0,11918,Kaylee,Hill,M,,2025-10-08
11919.0,11919,Warren,Andersen,M,,2025-10-08
11920.0,11920,Adrienne,Gomez,S,,2025-10-08
11921.0,11921,Gilbert,Zhu,M,,2025-10-08
11922.0,11922,James,Davis,S,,2025-10-08
11923.0,11923,Sarah,Bryant,M,,2025-10-08
11924.0,11924,Ian,Long,S,,2025-10-08
11925.0,11925,Ashlee,Jai,S,,2025-10-08
11926.0,11926,Eduardo,Foster,S,,2025-10-08
11927.0,11927,Nicole,Murphy,S,,2025-10-08
11928.0,11928,Isabella,Morris,M,,2025-10-08
11929.0,11929,Virginia,Gonzalez,S,,2025-10-08
11930.0,11930,Jaclyn,Nara,M,,2025-10-08
11931.0,11931,Marcus,Adams,S,,2025-10-08
11932.0,11932,Elizabeth,Coleman,M,,2025-10-08
11933.0,11933,Mathew,Rubio,S,,2025-10-08
11934.0,11934,Justin,Shan,S,,2025-10-08
11935.0,11935,Jessica,Taylor,S,,2025-10-08
11936.0,11936,Hunter,Clark,M,,2025-10-08
11937.0,11937,Devin,Perez,M,,2025-10-08
11938.0,11938,Seth,Alexander,M,,2025-10-08
11939.0,11939,Kevin,Washington,S,,2025-10-08
11940.0,11940,Tyler,Miller,M,,2025-10-08
11941.0,11941,Adam,Roberts,S,,2025-10-08
11942.0,11942,George,Gonzalez,M,,2025-10-08
11943.0,11943,Dawn,Huang,M,,2025-10-08
11944.0,11944,Rachael,Rodriguez,S,,2025-10-08
11945.0,11945,Dennis,Huang,M,,2025-10-08
11946.0,11946,Brandy,Saunders,S,,2025-10-08
11947.0,11947,Jenny,Zheng,S,,2025-10-08
11948.0,11948,Tasha,Xu,M,,2025-10-08
11949.0,11949,Julia,Brooks,S,,2025-10-08
11950.0,11950,Jordan,Carter,M,,2025-10-08
11951.0,11951,Lacey,Huang,M,,2025-10-08
11952.0,11952,Dorothy,Robinson,S,,2025-10-08
11953.0,11953,Courtney,Wright,S,,2025-10-08
11954.0,11954,Joseph,Garcia,M,,2025-10-08
11955.0,11955,Gabriel,Green,S,,2025-10-08
11956.0,11956,Alexandria,Sandberg,S,,2025-10-08
11957.0,11957,Courtney,Hernandez,S,,2025-10-08
11958.0,11958,Dylan,Lal,S,,2025-10-08
11959.0,11959,Elizabeth,Davis,S,,2025-10-08
11960.0,11960,Ana,Griffin,S,,2025-10-08
11961.0,11961,Anne,Alvarez,S,,2025-10-08
11962.0,11962,Alexandra,Roberts,S,,2025-10-08
11963.0,11963,Antonio,Patterson,M,,2025-10-08
11964.0,11964,Sharon,Salavaria,S,,2025-10-08
11965.0,11965,Katie,She,S,,2025-10-08
11966.0,11966,Rafael,Black,S,,2025-10-08
11967.0,11967,Latasha,Munoz,S,,2025-10-08
11968.0,11968,Kelsey,Becker,S,,2025-10-08
11969.0,11969,Randy,Xu,S,,2025-10-08
11970.0,11970,Bailey,Collins,S,,2025-10-08
11971.0,11971,Amanda,Adams,S,,2025-10-08
11972.0,11972,Katherine,Williams,M,,2025-10-08
11973.0,11973,Caroline,Barnes,S,,2025-10-08
11974.0,11974,Randy,Sun,S,,2025-10-08
11975.0,11975,Destiny,Garcia,S,,2025-10-08
11976.0,11976,Audrey,Ramos,S,,2025-10-08
11977.0,11977,Bonnie,Jai,M,,2025-10-08
11978.0,11978,Jackson,Washington,M,,2025-10-08
11979.0,11979,Christopher,Johnson,M,,2025-10-08
11980.0,11980,Kimberly,Richardson,S,,2025-10-08
11981.0,11981,Alexandria,Howard,S,,2025-10-08
11982.0,11982,Alexandra,Foster,S,,2025-10-08
11983.0,11983,Cheryl,Ortega,M,,2025-10-08
11984.0,11984,Alex,Campbell,M,,2025-10-08
11985.0,11985,Melanie,Hughes,M,,2025-10-08
11986.0,11986,Max,Alvarez,S,,2025-10-08
11987.0,11987,Diane,Vazquez,M,,2025-10-08
11988.0,11988,Kathryn,Chapman,S,,2025-10-08
11989.0,11989,Kara,Anand,S,,2025-10-08
11990.0,11990,Joanna,Vazquez,S,,2025-10-08
11991.0,11991,Frederick,Martinez,M,,2025-10-08
11992.0,11992,Tonya,Chande,S,,2025-10-08
11993.0,11993,Rosa,Wang,S,,2025-10-08
11994.0,11994,Leah,Hu,S,,2025-10-08
11995.0,11995,Kelvin,Carson,M,,2025-10-08
11996.0,11996,Veronica,Srini,S,,2025-10-08
11997.0,11997,Kristina,Kapoor,M,,2025-10-08
11998.0,11998,Donna,Sharma,M,,2025-10-08
11999.0,11999,Johnny,Shan,M,,2025-10-08
12000.0,12000,Ashley,Russell,S,,2025-10-08
12001.0,12001,Shannon,Yang,S,,2025-10-08
12002.0,12002,Adriana,Lopez,S,,2025-10-08
12003.0,12003,Audrey,Munoz,S,,2025-10-08
12004.0,12004,Jarrod,Suri,S,,2025-10-08
12005.0,12005,Gilbert,Shen,M,,2025-10-08
12006.0,12006,Richard,Blue,M,,2025-10-08
12007.0,12007,Shannon,Sun,M,,2025-10-08
12008.0,12008,Sharon,Yuan,M,,2025-10-08
12009.0,12009,Ann,Martinez,S,,2025-10-08
12010.0,12010,Max,Serrano,M,,2025-10-08
12011.0,12011,Morgan,Johnson,S,,2025-10-08
12012.0,12012,Monica,Schmidt,M,,2025-10-08
12013.0,12013,Kayla,Lewis,S,,2025-10-08
12014.0,12014,Devin,Sanders,M,,2025-10-08
12015.0,12015,Jacob,White,S,,2025-10-08
12016.0,12016,Meredith,Serrano,S,,2025-10-08
12017.0,12017,David,Simmons,M,,2025-10-08
12018.0,12018,Devin,Henderson,M,,2025-10-08
12019.0,12019,Gabrielle,Cox,S,,2025-10-08
12020.0,12020,Olivia,Rogers,M,,2025-10-08
12021.0,12021,Deborah,Yuan,S,,2025-10-08
12022.0,12022,Jose,Wright,S,,2025-10-08
12023.0,12023,Fernando,Johnson,S,,2025-10-08
12024.0,12024,Samuel,Edwards,S,,2025-10-08
12025.0,12025,Logan,Diaz,M,,2025-10-08
12026.0,12026,Lucas,Flores,M,,2025-10-08
12027.0,12027,Haley,Wood,M,,2025-10-08
12028.0,12028,Sarah,Lewis,S,,2025-10-08
12029.0,12029,Damien,Hu,M,,2025-10-08
12030.0,12030,Ana,Washington,S,,2025-10-08
12031.0,12031,Logan,Jai,S,,2025-10-08
12032.0,12032,Tyler,Taylor,S,,2025-10-08
12033.0,12033,Kristen,Guo,S,,2025-10-08
12034.0,12034,Julian,Long,M,,2025-10-08
12035.0,12035,Gerald,Prasad,M,,2025-10-08
12036.0,12036,Summer,Lopez,M,,2025-10-08
12037.0,12037,Patricia,Chapman,S,,2025-10-08
12038.0,12038,George,Vance,S,,2025-10-08
12039.0,12039,Ricardo,Nath,M,,2025-10-08
12040.0,12040,Richard,Torres,M,,2025-10-08
12041.0,12041,Seth,Martin,M,,2025-10-08
12042.0,12042,Alex,Carter,M,,2025-10-08
12043.0,12043,Carson,Patterson,M,,2025-10-08
12044.0,12044,Madeline,Lopez,S,,2025-10-08
12045.0,12045,Luis,Russell,S,,2025-10-08
12046.0,12046,Alexa,Cook,S,,2025-10-08
12047.0,12047,Alexandra,Davis,S,,2025-10-08
12048.0,12048,Kayla,Coleman,S,,2025-10-08
12049.0,12049,Angela,Russell,S,,2025-10-08
12050.0,12050,Aaron,Young,S,,2025-10-08
12051.0,12051,Isaiah,Scott,S,,2025-10-08
12052.0,12052,Makayla,Ward,S,,2025-10-08
12053.0,12053,Cedric,Gao,S,,2025-10-08
12054.0,12054,Luke,Diaz,M,,2025-10-08
12055.0,12055,Arianna,Richardson,M,,2025-10-08
12056.0,12056,Ian,Ward,M,,2025-10-08
12057.0,12057,Madeline,Collins,M,,2025-10-08
12058.0,12058,Chloe,Nelson,M,,2025-10-08
12059.0,12059,Jason,Jenkins,M,,2025-10-08
12060.0,12060,Andrew,Wedge,S,,2025-10-08
12061.0,12061,Bryce,Brooks,M,,2025-10-08
12062.0,12062,Edward,Long,M,,2025-10-08
12063.0,12063,Xavier,Martinez,M,,2025-10-08
12064.0,12064,John,White,S,,2025-10-08
12065.0,12065,Isaiah,Collins,M,,2025-10-08
12066.0,12066,Wyatt,Powell,M,,2025-10-08
12067.0,12067,Aaron,Bryant,S,,2025-10-08
12068.0,12068,Maria,Jenkins,S,,2025-10-08
12069.0,12069,Garrett,Kelly,M,,2025-10-08
12070.0,12070,Luke,Ross,M,,2025-10-08
12071.0,12071,Robert,Robinson,M,,2025-10-08
12072.0,12072,Tristan,Ross,M,,2025-10-08
12073.0,12073,Thomas,Rodriguez,M,,2025-10-08
12074.0,12074,Megan,Jenkins,S,,2025-10-08
12075.0,12075,Cameron,Griffin,S,,2025-10-08
12076.0,12076,Chloe,Washington,M,,2025-10-08
12077.0,12077,Nicole,Sandberg,S,,2025-10-08
12078.0,12078,Jose,Edwards,M,,2025-10-08
12079.0,12079,Nathaniel,Cooper,M,,2025-10-08
12080.0,12080,Grace,Sanchez,S,,2025-10-08
12081.0,12081,Kaitlyn,Perez,S,,2025-10-08
12082.0,12082,Lauren,Sanchez,M,,2025-10-08
12083.0,12083,Kayla,Alexander,M,,2025-10-08
12084.0,12084,Aidan,Perry,M,,2025-10-08
12085.0,12085,Tyler,Rodriguez,M,,2025-10-08
12086.0,12086,Emily,Clark,S,,2025-10-08
12087.0,12087,Sean,Cook,S,,2025-10-08
12088.0,12088,Lauren,Thompson,S,,2025-10-08
12089.0,12089,Nathaniel,Richardson,M,,2025-10-08
12090.0,12090,Savannah,Carter,M,,2025-10-08
12091.0,12091,Eddie,Munoz,M,,2025-10-08
12092.0,12092,Austin,White,M,,2025-10-08
12093.0,12093,Levi,Chandra,M,,2025-10-08
12094.0,12094,Bailey,Bailey,M,,2025-10-08
12095.0,12095,Austin,Griffin,M,,2025-10-08
12096.0,12096,Caitlin,Brooks,M,,2025-10-08
12097.0,12097,Sean,Allen,S,,2025-10-08
12098.0,12098,Grace,Clark,S,,2025-10-08
12099.0,12099,Sydney,Hall,S,,2025-10-08
12100.0,12100,Jon,Sun,S,,2025-10-08
12101.0,12101,Logan,Patterson,S,,2025-10-08
12102.0,12102,Devin,Simmons,M,,2025-10-08
12103.0,12103,Chloe,White,M,,2025-10-08
12104.0,12104,Mariah,Ross,M,,2025-10-08
12105.0,12105,Abigail,Foster,S,,2025-10-08
12106.0,12106,Isaiah,Baker,M,,2025-10-08
12107.0,12107,Nathan,Gonzales,M,,2025-10-08
12108.0,12108,James,Walker,M,,2025-10-08
12109.0,12109,Morgan,Foster,S,,2025-10-08
12110.0,12110,Bianca,Guo,M,,2025-10-08
12111.0,12111,Jacqueline,Gonzales,M,,2025-10-08
12112.0,12112,Arianna,Henderson,M,,2025-10-08
12113.0,12113,Nathan,Hughes,M,,2025-10-08
12114.0,12114,Charles,Richardson,M,,2025-10-08
12115.0,12115,Chloe,Richardson,S,,2025-10-08
12116.0,12116,Amanda,Gray,S,,2025-10-08
12117.0,12117,Cameron,Yang,M,,2025-10-08
12118.0,12118,Miguel,Sanchez,M,,2025-10-08
12119.0,12119,Keith,Raje,M,,2025-10-08
12120.0,12120,Xavier,Simmons,M,,2025-10-08
12121.0,12121,Logan,Wilson,S,,2025-10-08
12122.0,12122,Destiny,Coleman,M,,2025-10-08
12123.0,12123,Wesley,Liang,M,,2025-10-08
12124.0,12124,Brandi,Gill,S,,2025-10-08
12125.0,12125,Diana,Ortega,M,,2025-10-08
12126.0,12126,Tammy,Raman,M,,2025-10-08
12127.0,12127,Grace,Davis,M,,2025-10-08
12128.0,12128,Kristy,Munoz,M,,2025-10-08
12129.0,12129,Wendy,Alvarez,M,,2025-10-08
12130.0,12130,Suzanne,Zhou,S,,2025-10-08
12131.0,12131,Randall,Dominguez,M,,2025-10-08
12132.0,12132,Kaitlyn,Henderson,M,,2025-10-08
12133.0,12133,Colleen,Xie,M,,2025-10-08
12134.0,12134,Hector,Alonso,M,,2025-10-08
12135.0,12135,Fernando,Taylor,M,,2025-10-08
12136.0,12136,Blake,Turner,M,,2025-10-08
12137.0,12137,Jack,Green,M,,2025-10-08
12138.0,12138,Colin,Jai,M,,2025-10-08
12139.0,12139,Franklin,Yang,M,,2025-10-08
12140.0,12140,Oscar,Russell,S,,2025-10-08
12141.0,12141,Kaitlyn,Lee,S,,2025-10-08
12142.0,12142,Gabriella,Torres,S,,2025-10-08
12143.0,12143,Logan,Turner,M,,2025-10-08
12144.0,12144,Kelly,Jenkins,M,,2025-10-08
12145.0,12145,Brandon,Butler,M,,2025-10-08
12146.0,12146,Xavier,Thomas,S,,2025-10-08
12147.0,12147,Taylor,Patterson,M,,2025-10-08
12148.0,12148,Gabrielle,Morris,S,,2025-10-08
12149.0,12149,Bailey,Scott,M,,2025-10-08
12150.0,12150,Logan,Wang,M,,2025-10-08
12151.0,12151,Steven,Kelly,M,,2025-10-08
12152.0,12152,Adrian,Ramirez,M,,2025-10-08
12153.0,12153,Kaitlyn,Bailey,S,,2025-10-08
12154.0,12154,Hailey,Adams,S,,2025-10-08
12155.0,12155,Gabriella,Lopez,S,,2025-10-08
12156.0,12156,Bonnie,Raji,M,,2025-10-08
12157.0,12157,William,White,M,,2025-10-08
12158.0,12158,Kyle,Phillips,M,,2025-10-08
12159.0,12159,Kaitlyn,Scott,M,,2025-10-08
12160.0,12160,Jaclyn,Zhang,S,,2025-10-08
12161.0,12161,Alexandria,Rogers,M,,2025-10-08
12162.0,12162,Luke,Mitchell,S,,2025-10-08
12163.0,12163,Aaron,Wang,S,,2025-10-08
12164.0,12164,Noah,Butler,M,,2025-10-08
12165.0,12165,Caleb,Flores,M,,2025-10-08
12166.0,12166,Jared,Rogers,M,,2025-10-08
12167.0,12167,Sebastian,Stewart,S,,2025-10-08
12168.0,12168,Hunter,Jackson,M,,2025-10-08
12169.0,12169,Abigail,Howard,S,,2025-10-08
12170.0,12170,Sara,Reed,M,,2025-10-08
12171.0,12171,Alyssa,Cooper,S,,2025-10-08
12172.0,12172,Eduardo,Alexander,S,,2025-10-08
12173.0,12173,Dalton,Edwards,M,,2025-10-08
12174.0,12174,Charles,Phillips,M,,2025-10-08
12175.0,12175,Luke,Powell,S,,2025-10-08
12176.0,12176,Cody,James,S,,2025-10-08
12177.0,12177,Kevin,Campbell,S,,2025-10-08
12178.0,12178,Ethan,Shan,M,,2025-10-08
12179.0,12179,Alexis,Jones,S,,2025-10-08
12180.0,12180,Holly,Mehta,S,,2025-10-08
12181.0,12181,Katelyn,Sanders,M,,2025-10-08
12182.0,12182,Erin,Torres,M,,2025-10-08
12183.0,12183,Emily,Robinson,M,,2025-10-08
12184.0,12184,Isaiah,Perez,M,,2025-10-08
12185.0,12185,Kaitlyn,Patterson,S,,2025-10-08
12186.0,12186,Bryant,Srini,S,,2025-10-08
12187.0,12187,Ruben,Subram,M,,2025-10-08
12188.0,12188,Ashley,Thomas,S,,2025-10-08
12189.0,12189,Sophia,Wright,M,,2025-10-08
12190.0,12190,Justin,Gonzales,S,,2025-10-08
12191.0,12191,Melissa,Washington,M,,2025-10-08
12192.0,12192,Jocelyn,Hayes,S,,2025-10-08
12193.0,12193,Caleb,Simmons,S,,2025-10-08
12194.0,12194,Destiny,Foster,S,,2025-10-08
12195.0,12195,Erin,Morris,S,,2025-10-08
12196.0,12196,Alexis,Miller,S,,2025-10-08
12197.0,12197,Adam,Hernandez,M,,2025-10-08
12198.0,12198,Noah,Scott,M,,2025-10-08
12199.0,12199,Christina,Richardson,S,,2025-10-08
12200.0,12200,Rafael,Sharma,M,,2025-10-08
12201.0,12201,Mindy,Yuan,M,,2025-10-08
12202.0,12202,Xavier,Ross,M,,2025-10-08
12203.0,12203,Zachary,Hughes,M,,2025-10-08
12204.0,12204,Bradley,Jai,M,,2025-10-08
12205.0,12205,Madison,Long,S,,2025-10-08
12206.0,12206,Sierra,Parker,M,,2025-10-08
12207.0,12207,Samuel,Hill,S,,2025-10-08
12208.0,12208,Dominique,Sanchez,M,,2025-10-08
12209.0,12209,Mindy,Jai,M,,2025-10-08
12210.0,12210,Alan,He,M,,2025-10-08
12211.0,12211,Victor,Romero,M,,2025-10-08
12212.0,12212,Shawna,Xie,M,,2025-10-08
12213.0,12213,Alejandro,Lal,M,,2025-10-08
12214.0,12214,Julie,Raje,M,,2025-10-08
12215.0,12215,Karla,She,M,,2025-10-08
12216.0,12216,Gerald,Rodriguez,M,,2025-10-08
12217.0,12217,Kyle,Roberts,M,,2025-10-08
12218.0,12218,Mitchell,Xu,M,,2025-10-08
12219.0,12219,Kurt,Nara,M,,2025-10-08
12220.0,12220,Virginia,Sara,M,,2025-10-08
12221.0,12221,Brandi,Ruiz,M,,2025-10-08
12222.0,12222,Jenny,Xu,M,,2025-10-08
12223.0,12223,Felicia,Vazquez,M,,2025-10-08
12224.0,12224,Tristan,Henderson,M,,2025-10-08
12225.0,12225,Kathleen,Ortega,M,,2025-10-08
12226.0,12226,Faith,Ward,M,,2025-10-08
12227.0,12227,Kelsey,Raje,M,,2025-10-08
12228.0,12228,Mayra,Martinez,M,,2025-10-08
12229.0,12229,Kari,Gomez,M,,2025-10-08
12230.0,12230,Wesley,Zheng,M,,2025-10-08
12231.0,12231,Isabelle,Patterson,S,,2025-10-08
12232.0,12232,Sean,Hernandez,S,,2025-10-08
12233.0,12233,Jerry,Yuan,M,,2025-10-08
12234.0,12234,Clarence,Zeng,M,,2025-10-08
12235.0,12235,Donna,Rai,M,,2025-10-08
12236.0,12236,Kendra,Gill,M,,2025-10-08
12237.0,12237,Ruth,Madan,M,,2025-10-08
12238.0,12238,Monica,Raman,M,,2025-10-08
12239.0,12239,Alberto,Ramos,M,,2025-10-08
12240.0,12240,Clayton,Sharma,S,,2025-10-08
12241.0,12241,Kristine,Sandberg,S,,2025-10-08
12242.0,12242,Gilbert,Liang,S,,2025-10-08
12243.0,12243,Kristy,Rubio,S,,2025-10-08
12244.0,12244,Amy,Huang,M,,2025-10-08
12245.0,12245,Francisco,Gonzalez,S,,2025-10-08
12246.0,12246,Shawn,Luo,M,,2025-10-08
12247.0,12247,Brandy,Raman,S,,2025-10-08
12248.0,12248,Devin,Taylor,S,,2025-10-08
12249.0,12249,Jessie,Cai,M,,2025-10-08
12250.0,12250,Andrea,Collins,S,,2025-10-08
12251.0,12251,Troy,Suri,M,,2025-10-08
12252.0,12252,Omar,Liu,M,,2025-10-08
12253.0,12253,Jenny,Sun,S,,2025-10-08
12254.0,12254,Calvin,Deng,S,,2025-10-08
12255.0,12255,Robyn,Alvarez,S,,2025-10-08
12256.0,12256,Wendy,Ramos,M,,2025-10-08
12257.0,12257,Ross,Ruiz,M,,2025-10-08
12258.0,12258,Jamie,Li,M,,2025-10-08
12259.0,12259,Cindy,Madan,M,,2025-10-08
12260.0,12260,Melinda,Romero,M,,2025-10-08
12261.0,12261,Kaitlin,Sanchez,M,,2025-10-08
12262.0,12262,Morgan,Sanchez,M,,2025-10-08
12263.0,12263,Emmanuel,Garcia,S,,2025-10-08
12264.0,12264,Bruce,Ashe,S,,2025-10-08
12265.0,12265,Alan,Guo,S,,2025-10-08
12266.0,12266,Tiffany,Lin,M,,2025-10-08
12267.0,12267,Clifford,Garcia,S,,2025-10-08
12268.0,12268,Edwin,Shan,M,,2025-10-08
12269.0,12269,Warren,Zheng,M,,2025-10-08
12270.0,12270,Ebony,Ramos,S,,2025-10-08
12271.0,12271,Tyrone,Hernandez,M,,2025-10-08
12272.0,12272,Justin,Alexander,M,,2025-10-08
12273.0,12273,Nelson,Carlson,M,,2025-10-08
12274.0,12274,Javier,Torres,S,,2025-10-08
12275.0,12275,Adriana,Madan,S,,2025-10-08
12276.0,12276,Alisha,Shan,M,,2025-10-08
12277.0,12277,Beth,Ortega,S,,2025-10-08
12278.0,12278,Meredith,Johnsen,S,,2025-10-08
12279.0,12279,Mathew,Suarez,M,,2025-10-08
12280.0,12280,Theresa,Alvarez,M,,2025-10-08
12281.0,12281,Janelle,Sanchez,M,,2025-10-08
12282.0,12282,Nicolas,Tang,S,,2025-10-08
12283.0,12283,Todd,Zeng,S,,2025-10-08
12284.0,12284,Cristina,Beck,M,,2025-10-08
12285.0,12285,Bethany,Chande,S,,2025-10-08
12286.0,12286,Nathan,Jenkins,S,,2025-10-08
12287.0,12287,Andre,Arun,S,,2025-10-08
12288.0,12288,Sara,Brooks,M,,2025-10-08
12289.0,12289,Joseph,Taylor,S,,2025-10-08
12290.0,12290,Kaylee,Morris,S,,2025-10-08
12291.0,12291,Johnathan,Suri,S,,2025-10-08
12292.0,12292,Nicolas,Kumar,M,,2025-10-08
12293.0,12293,Tammy,Garcia,M,,2025-10-08
12294.0,12294,Shane,Kovar,M,,2025-10-08
12295.0,12295,Dwayne,Gomez,S,,2025-10-08
12296.0,12296,Francisco,Sara,M,,2025-10-08
12297.0,12297,Felicia,Blanco,S,,2025-10-08
12298.0,12298,Crystal,Zeng,S,,2025-10-08
12299.0,12299,Walter,Serrano,M,,2025-10-08
12300.0,12300,Adriana,Gonzalez,S,,2025-10-08
12301.0,12301,Nichole,Nara,S,,2025-10-08
12302.0,12302,Kevin,Coleman,M,,2025-10-08
12303.0,12303,Kristi,Alvarez,M,,2025-10-08
12304.0,12304,Alejandro,Zhou,S,,2025-10-08
12305.0,12305,Xavier,Bailey,M,,2025-10-08
12306.0,12306,Logan,Parker,M,,2025-10-08
12307.0,12307,Brad,She,M,,2025-10-08
12308.0,12308,Margaret,He,M,,2025-10-08
12309.0,12309,Omar,Raje,S,,2025-10-08
12310.0,12310,Stacy,Munoz,S,,2025-10-08
12311.0,12311,Stanley,Weber,S,,2025-10-08
12312.0,12312,Jake,Zhao,M,,2025-10-08
12313.0,12313,Jaime,Chande,S,,2025-10-08
12314.0,12314,Jill,Suarez,M,,2025-10-08
12315.0,12315,Ann,Rodriguez,M,,2025-10-08
12316.0,12316,Alejandro,Luo,M,,2025-10-08
12317.0,12317,Carl,She,M,,2025-10-08
12318.0,12318,Kristina,Schmidt,M,,2025-10-08
12319.0,12319,Shannon,Ye,M,,2025-10-08
12320.0,12320,Cheryl,Alvarez,S,,2025-10-08
12321.0,12321,Rosa,Hu,M,,2025-10-08
12322.0,12322,Kari,Mehta,M,,2025-10-08
12323.0,12323,Lawrence,Alonso,M,,2025-10-08
12324.0,12324,Dale,Lal,S,,2025-10-08
12325.0,12325,Gloria,Martin,M,,2025-10-08
12326.0,12326,Glenn,Zhou,S,,2025-10-08
12327.0,12327,Edwin,Liang,S,,2025-10-08
12328.0,12328,Eugene,Zhao,S,,2025-10-08
12329.0,12329,Bonnie,Shan,S,,2025-10-08
12330.0,12330,Preston,Raman,M,,2025-10-08
12331.0,12331,Meagan,Chandra,S,,2025-10-08
12332.0,12332,Andres,Nara,M,,2025-10-08
12333.0,12333,Terrance,Rodriguez,M,,2025-10-08
12334.0,12334,Roy,Jimenez,M,,2025-10-08
12335.0,12335,Francisco,Ashe,S,,2025-10-08
12336.0,12336,Wyatt,Price,S,,2025-10-08
12337.0,12337,Dustin,Goldstein,S,,2025-10-08
12338.0,12338,Monica,Vance,S,,2025-10-08
12339.0,12339,Clayton,Jai,S,,2025-10-08
12340.0,12340,Stacy,Diaz,S,,2025-10-08
12341.0,12341,Katie,Kumar,M,,2025-10-08
12342.0,12342,Morgan,Young,M,,2025-10-08
12343.0,12343,Gloria,Ruiz,M,,2025-10-08
12344.0,12344,Dominique,Perez,S,,2025-10-08
12345.0,12345,Alison,Raje,S,,2025-10-08
12346.0,12346,Wesley,Gao,S,,2025-10-08
12347.0,12347,Summer,Madan,M,,2025-10-08
12348.0,12348,Jimmy,Vazquez,M,,2025-10-08
12349.0,12349,Lacey,Yuan,S,,2025-10-08
12350.0,12350,Logan,Hernandez,M,,2025-10-08
12351.0,12351,Cara,Zhang,M,,2025-10-08
12352.0,12352,Ramon,Zhang,M,,2025-10-08
12353.0,12353,Joe,Ramos,M,,2025-10-08
12354.0,12354,Lance,Ortega,M,,2025-10-08
12355.0,12355,Monique,Ortega,S,,2025-10-08
12356.0,12356,Julia,Wood,S,,2025-10-08
12357.0,12357,Susan,Lu,S,,2025-10-08
12358.0,12358,Lacey,Raje,M,,2025-10-08
12359.0,12359,Veronica,Raman,M,,2025-10-08
12360.0,12360,Mario,Goel,S,,2025-10-08
12361.0,12361,Dana,Diaz,M,,2025-10-08
12362.0,12362,Thomas,Harrison,S,,2025-10-08
12363.0,12363,Kayla,Thompson,M,,2025-10-08
12364.0,12364,Erin,Rogers,M,,2025-10-08
12365.0,12365,Alex,Evans,M,,2025-10-08
12366.0,12366,Stephanie,Cox,M,,2025-10-08
12367.0,12367,Trinity,Townsend,S,,2025-10-08
12368.0,12368,Rodney,Rubio,S,,2025-10-08
12369.0,12369,Terrence,Lal,S,,2025-10-08
12370.0,12370,Preston,Perez,M,,2025-10-08
12371.0,12371,Stefanie,Subram,S,,2025-10-08
12372.0,12372,Darren,Prasad,S,,2025-10-08
12373.0,12373,Isaac,Gray,S,,2025-10-08
12374.0,12374,Marie,Kapoor,S,,2025-10-08
12375.0,12375,Jarrod,Raman,S,,2025-10-08
12376.0,12376,Holly,Perez,S,,2025-10-08
12377.0,12377,Christopher,Miller,S,,2025-10-08
12378.0,12378,Brianna,Sanchez,S,,2025-10-08
12379.0,12379,Bridget,Chande,S,,2025-10-08
12380.0,12380,Omar,Yuan,S,,2025-10-08
12381.0,12381,Johnny,Lal,M,,2025-10-08
12382.0,12382,Tamara,Chen,S,,2025-10-08
12383.0,12383,Albert,Gomez,S,,2025-10-08
12384.0,12384,Jacquelyn,Gutierrez,M,,2025-10-08
12385.0,12385,Tara,Raji,M,,2025-10-08
12386.0,12386,Katherine,Perry,S,,2025-10-08
12387.0,12387,Meredith,Vazquez,S,,2025-10-08
12388.0,12388,Casey,Kumar,S,,2025-10-08
12389.0,12389,Albert,Jiménez,S,,2025-10-08
12390.0,12390,Denise,Martinez,S,,2025-10-08
12391.0,12391,Olivia,Kelly,S,,2025-10-08
12392.0,12392,Nichole,Nath,S,,2025-10-08
12393.0,12393,Brenda,Sai,S,,2025-10-08
12394.0,12394,Erika,Serrano,S,,2025-10-08
12395.0,12395,Kyle,Carter,S,,2025-10-08
12396.0,12396,Susan,Yang,S,,2025-10-08
12397.0,12397,Shaun,Chapman,S,,2025-10-08
12398.0,12398,Ashley,Clark,S,,2025-10-08
12399.0,12399,Henry,Chapman,S,,2025-10-08
12400.0,12400,Andy,Martin,S,,2025-10-08
12401.0,12401,Kimberly,Rivera,S,,2025-10-08
12402.0,12402,Albert,Moreno,S,,2025-10-08
12403.0,12403,Henry,Young,S,,2025-10-08
12404.0,12404,Krystal,Liang,S,,2025-10-08
12405.0,12405,Cole,Sanchez,S,,2025-10-08
12406.0,12406,Ross,Gutierrez,S,,2025-10-08
12407.0,12407,Shawn,Raji,S,,2025-10-08
12408.0,12408,Jon,Lu,S,,2025-10-08
12409.0,12409,Savannah,Hill,S,,2025-10-08
12410.0,12410,Mariah,Richardson,S,,2025-10-08
12411.0,12411,Kevin,Alexander,S,,2025-10-08
12412.0,12412,Mackenzie,Wright,M,,2025-10-08
12413.0,12413,James,Gonzales,S,,2025-10-08
12414.0,12414,Ethan,Lal,S,,2025-10-08
12415.0,12415,Brianna,Richardson,S,,2025-10-08
12416.0,12416,Veronica,Martinez,S,,2025-10-08
12417.0,12417,Alexis,Bryant,S,,2025-10-08
12418.0,12418,Robert,Hernandez,S,,2025-10-08
12419.0,12419,Destiny,Bell,M,,2025-10-08
12420.0,12420,Spencer,Hayes,M,,2025-10-08
12421.0,12421,Cameron,Hughes,M,,2025-10-08
12422.0,12422,Hailey,Evans,M,,2025-10-08
12423.0,12423,Sarah,Thompson,S,,2025-10-08
12424.0,12424,Rebecca,Mitchell,M,,2025-10-08
12425.0,12425,Brandon,White,M,,2025-10-08
12426.0,12426,Cody,Cox,M,,2025-10-08
12427.0,12427,Kimberly,Stewart,M,,2025-10-08
12428.0,12428,Sean,Morris,M,,2025-10-08
12429.0,12429,Melvin,Black,M,,2025-10-08
12430.0,12430,Kaitlyn,Thompson,M,,2025-10-08
12431.0,12431,Wyatt,Thomas,M,,2025-10-08
12432.0,12432,Nathan,Clark,M,,2025-10-08
12433.0,12433,Antonio,Price,M,,2025-10-08
12434.0,12434,Thomas,Kumar,M,,2025-10-08
12435.0,12435,Christy,Zhou,M,,2025-10-08
12436.0,12436,Albert,Diaz,M,,2025-10-08
12437.0,12437,Jeremy,Young,M,,2025-10-08
12438.0,12438,Bailey,Rogers,S,,2025-10-08
12439.0,12439,Megan,Bennett,M,,2025-10-08
12440.0,12440,Francisco,Chandra,M,,2025-10-08
12441.0,12441,Trevor,Simmons,M,,2025-10-08
12442.0,12442,Allison,Richardson,M,,2025-10-08
12443.0,12443,Garrett,James,M,,2025-10-08
12444.0,12444,Mackenzie,Phillips,M,,2025-10-08
12445.0,12445,Cameron,Taylor,M,,2025-10-08
12446.0,12446,Jasmine,Hall,M,,2025-10-08
12447.0,12447,Carson,Hayes,M,,2025-10-08
12448.0,12448,Hailey,Cox,S,,2025-10-08
12449.0,12449,Dylan,Brown,S,,2025-10-08
12450.0,12450,Cody,Cook,M,,2025-10-08
12451.0,12451,Anna,Simmons,S,,2025-10-08
12452.0,12452,Sean,Sanchez,M,,2025-10-08
12453.0,12453,Madison,Bennett,S,,2025-10-08
12454.0,12454,Samuel,Griffin,M,,2025-10-08
12455.0,12455,Benjamin,Lewis,M,,2025-10-08
12456.0,12456,Thomas,Chen,M,,2025-10-08
12457.0,12457,Misty,Rai,S,,2025-10-08
12458.0,12458,Veronica,Sanchez,M,,2025-10-08
12459.0,12459,Stefanie,Rodriguez,S,,2025-10-08
12460.0,12460,Dominique,Malhotra,S,,2025-10-08
12461.0,12461,Ruth,Suri,M,,2025-10-08
12462.0,12462,Levi,Suri,M,,2025-10-08
12463.0,12463,Todd,Huang,M,,2025-10-08
12464.0,12464,Jared,Cook,S,,2025-10-08
12465.0,12465,Cassandra,Patel,M,,2025-10-08
12466.0,12466,Willie,He,M,,2025-10-08
12467.0,12467,Jennifer,Jones,S,,2025-10-08
12468.0,12468,Wayne,Nath,M,,2025-10-08
12469.0,12469,Shane,Srini,M,,2025-10-08
12470.0,12470,Barbara,He,M,,2025-10-08
12471.0,12471,Lacey,Zeng,M,,2025-10-08
12472.0,12472,Jeffery,Zhang,M,,2025-10-08
12473.0,12473,Sergio,Sai,M,,2025-10-08
12474.0,12474,Tammy,Chandra,M,,2025-10-08
12475.0,12475,Logan,Carter,S,,2025-10-08
12476.0,12476,Rodney,Jimenez,S,,2025-10-08
12477.0,12477,Robin,Gill,M,,2025-10-08
12478.0,12478,Ruben,Mehta,S,,2025-10-08
12479.0,12479,Priscilla,Tang,M,,2025-10-08
12480.0,12480,Meredith,Alvarez,S,,2025-10-08
12481.0,12481,Victor,Diaz,S,,2025-10-08
12482.0,12482,Jerome,Browning,S,,2025-10-08
12483.0,12483,Amanda,Perez,S,,2025-10-08
12484.0,12484,Lori,Suarez,S,,2025-10-08
12485.0,12485,Veronica,Subram,S,,2025-10-08
12486.0,12486,Kristen,Ye,S,,2025-10-08
12487.0,12487,Willie,Zhu,S,,2025-10-08
12488.0,12488,Jay,Garcia,S,,2025-10-08
12489.0,12489,Wayne,Rai,M,,2025-10-08
12490.0,12490,Trisha,He,M,,2025-10-08
12491.0,12491,Alvin,Huang,M,,2025-10-08
12492.0,12492,Brittany,Price,S,,2025-10-08
12493.0,12493,Dwayne,Vazquez,M,,2025-10-08
12494.0,12494,Abby,Sandberg,M,,2025-10-08
12495.0,12495,Lucas,Miller,S,,2025-10-08
12496.0,12496,Melanie,Cox,M,,2025-10-08
12497.0,12497,Ashlee,Kumar,M,,2025-10-08
12498.0,12498,Eduardo,Diaz,M,,2025-10-08
12499.0,12499,Heather,Wang,S,,2025-10-08
12500.0,12500,Kathleen,Vazquez,S,,2025-10-08
12501.0,12501,Cory,Sai,S,,2025-10-08
12502.0,12502,Darren,Sanchez,S,,2025-10-08
12503.0,12503,Casey,Shen,S,,2025-10-08
12504.0,12504,Arthur,Gutierrez,M,,2025-10-08
12505.0,12505,Dalton,Martin,M,,2025-10-08
12506.0,12506,Preston,Sanchez,M,,2025-10-08
12507.0,12507,Ian,Bell,M,,2025-10-08
12508.0,12508,Nichole,Anand,M,,2025-10-08
12509.0,12509,Marc,Ferrier,M,,2025-10-08
12510.0,12510,Roberto,Sanz,M,,2025-10-08
12511.0,12511,Grant,Chander,S,,2025-10-08
12512.0,12512,Carolyn,Gomez,M,,2025-10-08
12513.0,12513,Austin,Thompson,S,,2025-10-08
12514.0,12514,Lacey,Becker,S,,2025-10-08
12515.0,12515,Shelby,Bailey,S,,2025-10-08
12516.0,12516,Shawna,Chander,S,,2025-10-08
12517.0,12517,Alexa,Watson,S,,2025-10-08
12518.0,12518,Jacquelyn,Dominguez,S,,2025-10-08
12519.0,12519,Casey,Gutierrez,S,,2025-10-08
12520.0,12520,Seth,Jackson,S,,2025-10-08
12521.0,12521,Meredith,Dominguez,S,,2025-10-08
12522.0,12522,Brandy,Sanchez,S,,2025-10-08
12523.0,12523,Steve,Wagner,S,,2025-10-08
12524.0,12524,Kate,Shan,S,,2025-10-08
12525.0,12525,Chelsea,Rodriguez,M,,2025-10-08
12526.0,12526,Michele,Suarez,M,,2025-10-08
12527.0,12527,José,Rodriguez,M,,2025-10-08
12528.0,12528,Devin,Wilson,S,,2025-10-08
12529.0,12529,Isaiah,Allen,M,,2025-10-08
12530.0,12530,Isabel,Coleman,S,,2025-10-08
12531.0,12531,Autumn,Xu,S,,2025-10-08
12532.0,12532,Jose,Carter,M,,2025-10-08
12533.0,12533,Luis,Washington,M,,2025-10-08
12534.0,12534,Katie,Shan,M,,2025-10-08
12535.0,12535,Clifford,Kapoor,S,,2025-10-08
12536.0,12536,Javier,Dominguez,M,,2025-10-08
12537.0,12537,Terrence,Luo,M,,2025-10-08
12538.0,12538,Paula,Blanco,M,,2025-10-08
12539.0,12539,Marc,Dominguez,S,,2025-10-08
12540.0,12540,Levi,Sara,M,,2025-10-08
12541.0,12541,Jonathan,Zhang,M,,2025-10-08
12542.0,12542,Preston,Patel,M,,2025-10-08
12543.0,12543,Ruben,Alvarez,M,,2025-10-08
12544.0,12544,Bruce,Jordan,M,,2025-10-08
12545.0,12545,Marc,Ruiz,M,,2025-10-08
12546.0,12546,Clarence,Andersen,S,,2025-10-08
12547.0,12547,Bradley,Nara,M,,2025-10-08
12548.0,12548,Alexandra,Collins,S,,2025-10-08
12549.0,12549,Donna,Xie,S,,2025-10-08
12550.0,12550,Austin,Diaz,M,,2025-10-08
12551.0,12551,Julio,Ramos,M,,2025-10-08
12552.0,12552,Bruce,Torres,M,,2025-10-08
12553.0,12553,Toni,Fernandez,M,,2025-10-08
12554.0,12554,Barry,Rodriguez,M,,2025-10-08
12555.0,12555,Edgar,Malhotra,M,,2025-10-08
12556.0,12556,Manuel,Kapoor,M,,2025-10-08
12557.0,12557,Phillip,Lopez,M,,2025-10-08
12558.0,12558,Amanda,Evans,M,,2025-10-08
12559.0,12559,Emmanuel,Lopez,M,,2025-10-08
12560.0,12560,Mandy,Gao,M,,2025-10-08
12561.0,12561,Trisha,Lin,S,,2025-10-08
12562.0,12562,Kristina,Chandra,M,,2025-10-08
12563.0,12563,Alejandro,Lin,M,,2025-10-08
12564.0,12564,Marshall,Yang,M,,2025-10-08
12565.0,12565,Kendra,Gutierrez,M,,2025-10-08
12566.0,12566,Omar,Yang,M,,2025-10-08
12567.0,12567,Carmen,Arthur,M,,2025-10-08
12568.0,12568,Stacey,Ye,M,,2025-10-08
12569.0,12569,Kristin,Rai,M,,2025-10-08
12570.0,12570,Casey,Munoz,S,,2025-10-08
12571.0,12571,Jennifer,Green,M,,2025-10-08
12572.0,12572,Alisha,Chander,S,,2025-10-08
12573.0,12573,Grant,Rai,S,,2025-10-08
12574.0,12574,Derek,Raje,S,,2025-10-08
12575.0,12575,Jaclyn,Shen,S,,2025-10-08
12576.0,12576,Walter,Dominguez,S,,2025-10-08
12577.0,12577,Francis,Sanz,S,,2025-10-08
12578.0,12578,Gavin,Perry,S,,2025-10-08
12579.0,12579,Lydia,Sanchez,S,,2025-10-08
12580.0,12580,Cedric,She,S,,2025-10-08
12581.0,12581,Kristina,Fernandez,S,,2025-10-08
12582.0,12582,Carmen,Sara,S,,2025-10-08
12583.0,12583,Tyrone,Ortega,S,,2025-10-08
12584.0,12584,Brittney,Ma,S,,2025-10-08
12585.0,12585,Ian,Martinez,M,,2025-10-08
12586.0,12586,Kellie,Hernandez,S,,2025-10-08
12587.0,12587,Danny,Travers,S,,2025-10-08
12588.0,12588,Tracy,Chande,S,,2025-10-08
12589.0,12589,Ruben,Rodriguez,M,,2025-10-08
12590.0,12590,Mario,Chander,S,,2025-10-08
12591.0,12591,Meredith,Madan,M,,2025-10-08
12592.0,12592,Amy,Li,M,,2025-10-08
12593.0,12593,Benjamin,Zhang,S,,2025-10-08
12594.0,12594,Sandra,Gao,M,,2025-10-08
12595.0,12595,Mathew,Blanco,S,,2025-10-08
12596.0,12596,Armando,Romero,M,,2025-10-08
12597.0,12597,Franklin,Zhang,M,,2025-10-08
12598.0,12598,Alexandra,Bryant,M,,2025-10-08
12599.0,12599,Jillian,Fernandez,M,,2025-10-08
12600.0,12600,Larry,Romero,M,,2025-10-08
12601.0,12601,Randy,Zhang,M,,2025-10-08
12602.0,12602,Francisco,Srini,M,,2025-10-08
12603.0,12603,Cole,Reed,S,,2025-10-08
12604.0,12604,Nathan,Lee,M,,2025-10-08
12605.0,12605,Carol,Cooper,M,,2025-10-08
12606.0,12606,Arthur,Van,M,,2025-10-08
12607.0,12607,Tamara,Zhu,M,,2025-10-08
12608.0,12608,Brett,Sanchez,M,,2025-10-08
12609.0,12609,Linda,Carlson,M,,2025-10-08
12610.0,12610,Wendy,Gutierrez,M,,2025-10-08
12611.0,12611,Manuel,Sara,S,,2025-10-08
12612.0,12612,Shannon,Torres,S,,2025-10-08
12613.0,12613,Joel,Prasad,M,,2025-10-08
12614.0,12614,Lance,Gill,S,,2025-10-08
12615.0,12615,Nathan,Hill,S,,2025-10-08
12616.0,12616,Kelsey,Tang,S,,2025-10-08
12617.0,12617,Jake,Ma,M,,2025-10-08
12618.0,12618,Dawn,Lal,M,,2025-10-08
12619.0,12619,Priscilla,Rai,M,,2025-10-08
12620.0,12620,Maurice,Lal,M,,2025-10-08
12621.0,12621,Barry,Martinez,M,,2025-10-08
12622.0,12622,Micheal,Rubio,M,,2025-10-08
12623.0,12623,Jesse,Sanchez,M,,2025-10-08
12624.0,12624,Jamie,Xu,M,,2025-10-08
12625.0,12625,Carly,Andersen,M,,2025-10-08
12626.0,12626,Cassie,Lal,M,,2025-10-08
12627.0,12627,Leah,Zheng,S,,2025-10-08
12628.0,12628,Arturo,Ma,M,,2025-10-08
12629.0,12629,Russell,Nara,S,,2025-10-08
12630.0,12630,Kevin,Simmons,M,,2025-10-08
12631.0,12631,Clarence,Gao,S,,2025-10-08
12632.0,12632,Bonnie,Nath,M,,2025-10-08
12633.0,12633,Shannon,Suarez,M,,2025-10-08
12634.0,12634,Derrick,Ruiz,M,,2025-10-08
12635.0,12635,Brad,Beck,S,,2025-10-08
12636.0,12636,Tamer,Salah,M,,2025-10-08
12637.0,12637,Leonard,Nath,M,,2025-10-08
12638.0,12638,Sebastian,Brooks,M,,2025-10-08
12639.0,12639,Ruben,Lopez,S,,2025-10-08
12640.0,12640,Angel,Richardson,M,,2025-10-08
12641.0,12641,Willie,Raje,M,,2025-10-08
12642.0,12642,Jimmy,Carlson,M,,2025-10-08
12643.0,12643,Kristina,Perez,M,,2025-10-08
12644.0,12644,Rachel,Reed,M,,2025-10-08
12645.0,12645,Audrey,Ruiz,M,,2025-10-08
12646.0,12646,Kenneth,Xu,S,,2025-10-08
12647.0,12647,Colleen,Anand,M,,2025-10-08
12648.0,12648,Lori,Dominguez,M,,2025-10-08
12649.0,12649,Omar,Goel,M,,2025-10-08
12650.0,12650,Aaron,Wright,M,,2025-10-08
12651.0,12651,Martin,Malhotra,S,,2025-10-08
12652.0,12652,Carolyn,Martin,M,,2025-10-08
12653.0,12653,Nichole,Andersen,M,,2025-10-08
12654.0,12654,Briana,Gill,M,,2025-10-08
12655.0,12655,Larry,Vazquez,M,,2025-10-08
12656.0,12656,Blake,Roberts,M,,2025-10-08
12657.0,12657,Audrey,Blanco,M,,2025-10-08
12658.0,12658,Joy,Gomez,M,,2025-10-08
12659.0,12659,Damien,Chande,M,,2025-10-08
12660.0,12660,Toni,Sanchez,M,,2025-10-08
12661.0,12661,Deborah,Pal,M,,2025-10-08
12662.0,12662,Jessie,Huang,M,,2025-10-08
12663.0,12663,Morgan,Adams,M,,2025-10-08
12664.0,12664,Krista,Gill,M,,2025-10-08
12665.0,12665,Joy,Suarez,M,,2025-10-08
12666.0,12666,Jessie,Zhu,S,,2025-10-08
12667.0,12667,Maria,Wood,M,,2025-10-08
12668.0,12668,Melissa,Patterson,S,,2025-10-08
12669.0,12669,Irving,Schmidt,S,,2025-10-08
12670.0,12670,Sarah,Martinez,S,,2025-10-08
12671.0,12671,Alan,Huang,S,,2025-10-08
12672.0,12672,Carson,Butler,S,,2025-10-08
12673.0,12673,Colin,Stone,M,,2025-10-08
12674.0,12674,Jimmy,Travers,M,,2025-10-09
12675.0,12675,Holly,Fernandez,S,,2025-10-10
12676.0,12676,Michele,Madan,S,,2025-10-11
12677.0,12677,Cedric,Liu,M,,2025-10-12
12678.0,12678,Dana,Serrano,S,,2025-10-12
12679.0,12679,Stacy,Gill,M,,2025-10-12
12680.0,12680,George,Sanchez,S,,2025-10-12
12681.0,12681,Christy,Chow,S,,2025-10-12
12682.0,12682,Kari,Subram,M,,2025-10-12
12683.0,12683,Laura,Zhou,S,,2025-10-12
12684.0,12684,Shaun,Shen,M,,2025-10-12
12685.0,12685,Jaclyn,Xu,M,,2025-10-12
12686.0,12686,Trisha,Zhou,S,,2025-10-12
12687.0,12687,Marshall,Li,S,,2025-10-12
12688.0,12688,Stacy,Navarro,S,,2025-10-12
12689.0,12689,Tamara,Pal,S,,2025-10-12
12690.0,12690,Roger,Zhang,M,,2025-10-12
12691.0,12691,Rafael,Andersen,M,,2025-10-12
12692.0,12692,Glenn,Lu,S,,2025-10-12
12693.0,12693,Ruth,Gonzalez,M,,2025-10-12
12694.0,12694,Jay,Arthur,S,,2025-10-12
12695.0,12695,Kari,Ruiz,M,,2025-10-12
12696.0,12696,Stacey,Hu,M,,2025-10-12
12697.0,12697,Brenda,Stone,S,,2025-10-12
12698.0,12698,Mohamed,Pal,M,,2025-10-12
12699.0,12699,Amy,Chow,M,,2025-10-12
12700.0,12700,Mindy,Kumar,M,,2025-10-12
12701.0,12701,Gary,Gutierrez,M,,2025-10-12
12702.0,12702,Yolanda,Shan,M,,2025-10-12
12703.0,12703,Renee,Suarez,M,,2025-10-12
12704.0,12704,Barbara,Nara,M,,2025-10-12
12705.0,12705,Andre,Garcia,M,,2025-10-12
12706.0,12706,Louis,Liang,M,,2025-10-12
12707.0,12707,Ian,Lewis,M,,2025-10-12
12708.0,12708,Bonnie,Pal,M,,2025-10-12
12709.0,12709,Ian,Rodriguez,M,,2025-10-12
12710.0,12710,Dalton,Evans,S,,2025-10-12
12711.0,12711,Heather,Zheng,S,,2025-10-12
12712.0,12712,Arthur,Romero,S,,2025-10-12
12713.0,12713,Deborah,Xie,S,,2025-10-12
12714.0,12714,Colleen,Lu,S,,2025-10-12
12715.0,12715,Eddie,Gill,M,,2025-10-12
12716.0,12716,Dale,Shen,S,,2025-10-12
12717.0,12717,Hannah,Wood,M,,2025-10-12
12718.0,12718,Tammy,Sai,S,,2025-10-12
12719.0,12719,Cheryl,Ruiz,S,,2025-10-12
12720.0,12720,Nicolas,Chande,S,,2025-10-12
12721.0,12721,Rebekah,Martinez,S,,2025-10-12
12722.0,12722,Latasha,Gomez,S,,2025-10-12
12723.0,12723,Kurt,Jai,M,,2025-10-12
12724.0,12724,Eddie,Martin,S,,2025-10-12
12725.0,12725,Gabrielle,James,M,,2025-10-12
12726.0,12726,Kurt,Goel,S,,2025-10-12
12727.0,12727,Amanda,Ross,S,,2025-10-12
12728.0,12728,Jeremiah,Stewart,S,,2025-10-12
12729.0,12729,Jose,Perry,S,,2025-10-12
12730.0,12730,Karla,Becker,S,,2025-10-12
12731.0,12731,Steven,Murphy,S,,2025-10-12
12732.0,12732,Todd,Guo,S,,2025-10-12
12733.0,12733,Lacey,Cai,S,,2025-10-12
12734.0,12734,Margaret,Zhou,S,,2025-10-12
12735.0,12735,Donald,Mehta,S,,2025-10-12
12736.0,12736,Diana,Ruiz,S,,2025-10-12
12737.0,12737,Brett,Chandra,S,,2025-10-12
12738.0,12738,Melinda,Rubio,M,,2025-10-12
12739.0,12739,Evan,Young,M,,2025-10-12
12740.0,12740,Kathryn,Goel,S,,2025-10-12
12741.0,12741,Raymond,Sam,S,,2025-10-12
12742.0,12742,Samantha,Martinez,S,,2025-10-12
12743.0,12743,Carl,Kumar,M,,2025-10-12
12744.0,12744,Anna,Moore,S,,2025-10-12
12745.0,12745,Rafael,Wu,S,,2025-10-12
12746.0,12746,Juan,Torres,S,,2025-10-12
12747.0,12747,Colleen,Hu,S,,2025-10-12
12748.0,12748,Grace,Bell,S,,2025-10-12
12749.0,12749,Miguel,Lee,S,,2025-10-12
12750.0,12750,Teresa,Vazquez,S,,2025-10-12
12751.0,12751,Priscilla,Xu,S,,2025-10-12
12752.0,12752,Jonathon,Alvarez,S,,2025-10-12
12753.0,12753,Ramon,Zhao,S,,2025-10-12
12754.0,12754,Lindsey,Deng,M,,2025-10-12
12755.0,12755,Chloe,Hughes,S,,2025-10-12
12756.0,12756,Antonio,Butler,S,,2025-10-12
12757.0,12757,Sara,Ramirez,S,,2025-10-12
12758.0,12758,Stephanie,Ramirez,M,,2025-10-12
12759.0,12759,Jada,Sanders,M,,2025-10-12
12760.0,12760,Krista,Gomez,S,,2025-10-12
12761.0,12761,Alexandra,Richardson,S,,2025-10-12
12762.0,12762,Jonathan,Smith,M,,2025-10-12
12763.0,12763,Chloe,Russell,M,,2025-10-12
12764.0,12764,Alexandra,Harris,M,,2025-10-12
12765.0,12765,Robyn,Gill,M,,2025-10-12
12766.0,12766,Jordyn,Bryant,M,,2025-10-12
12767.0,12767,Christopher,Robinson,M,,2025-10-12
12768.0,12768,Johnathan,Chapman,M,,2025-10-12
12769.0,12769,Thomas,Zhang,M,,2025-10-12
12770.0,12770,Charles,Evans,M,,2025-10-12
12771.0,12771,Morgan,Thomas,M,,2025-10-12
12772.0,12772,Abigail,Clark,M,,2025-10-12
12773.0,12773,Samantha,Taylor,M,,2025-10-12
12774.0,12774,Kristen,Gao,M,,2025-10-12
12775.0,12775,Connor,Griffin,M,,2025-10-12
12776.0,12776,Blake,Campbell,M,,2025-10-12
12777.0,12777,Joseph,Anderson,M,,2025-10-12
12778.0,12778,Connie,Morgan,M,,2025-10-12
12779.0,12779,Mason,Rogers,M,,2025-10-12
12780.0,12780,Jeremy,Richardson,M,,2025-10-12
12781.0,12781,Emma,James,M,,2025-10-12
12782.0,12782,Elizabeth,Long,M,,2025-10-12
12783.0,12783,Jerome,Gutierrez,M,,2025-10-12
12784.0,12784,Jonathan,Campbell,M,,2025-10-12
12785.0,12785,Javier,Ortega,M,,2025-10-12
12786.0,12786,James,Yang,M,,2025-10-12
12787.0,12787,Katelyn,Cook,S,,2025-10-12
12788.0,12788,Amanda,Nelson,M,,2025-10-12
12789.0,12789,Jamie,Zeng,M,,2025-10-12
12790.0,12790,Brandon,Kumar,S,,2025-10-12
12791.0,12791,Angelica,Foster,S,,2025-10-12
12792.0,12792,Blake,White,M,,2025-10-12
12793.0,12793,Jessie,Guo,M,,2025-10-12
12794.0,12794,Megan,Jackson,S,,2025-10-12
12795.0,12795,Antonio,Foster,M,,2025-10-12
12796.0,12796,Jason,Zhang,M,,2025-10-12
12797.0,12797,Patrick,Howard,S,,2025-10-12
12798.0,12798,Andy,Gutierrez,M,,2025-10-12
12799.0,12799,George,Chandra,M,,2025-10-12
12800.0,12800,Lacey,Chen,M,,2025-10-12
12801.0,12801,Melody,Browning,S,,2025-10-12
12802.0,12802,Alan,Sun,S,,2025-10-12
12803.0,12803,Heather,Li,M,,2025-10-12
12804.0,12804,Jaclyn,Chander,S,,2025-10-12
12805.0,12805,Marvin,Moreno,M,,2025-10-12
12806.0,12806,Ronnie,Zeng,M,,2025-10-12
12807.0,12807,Nina,Kumar,S,,2025-10-12
12808.0,12808,Marc,Schmidt,M,,2025-10-12
12809.0,12809,Michele,Navarro,M,,2025-10-12
12810.0,12810,Chase,Stewart,M,,2025-10-12
12811.0,12811,Marc,Serrano,S,,2025-10-12
12812.0,12812,Brandi,Sanz,M,,2025-10-12
12813.0,12813,Reginald,Ramos,M,,2025-10-12
12814.0,12814,Casey,Sharma,S,,2025-10-12
12815.0,12815,Dominique,Mehta,M,,2025-10-12
12816.0,12816,Tammy,Mehta,S,,2025-10-12
12817.0,12817,Theodore,Suarez,S,,2025-10-12
12818.0,12818,Curtis,She,M,,2025-10-12
12819.0,12819,Nicolas,Chander,S,,2025-10-12
12820.0,12820,Derek,Tang,S,,2025-10-12
12821.0,12821,Cesar,McDonald,M,,2025-10-12
12822.0,12822,Alexandra,James,M,,2025-10-12
12823.0,12823,Bethany,She,M,,2025-10-12
12824.0,12824,Kristopher,Subram,S,,2025-10-12
12825.0,12825,Kelvin,Hu,M,,2025-10-12
12826.0,12826,Caleb,Gonzalez,S,,2025-10-12
12827.0,12827,Nicolas,Raje,S,,2025-10-12
12828.0,12828,Carol,Rubio,S,,2025-10-12
12829.0,12829,Micah,Li,S,,2025-10-12
12830.0,12830,Russell,Raje,S,,2025-10-12
12831.0,12831,Kathryn,Lal,S,,2025-10-12
12832.0,12832,Douglas,Prasad,S,,2025-10-12
12833.0,12833,Sheena,Goel,S,,2025-10-12
12834.0,12834,Kelsey,Xie,M,,2025-10-12
12835.0,12835,Karl,Yuan,S,,2025-10-12
12836.0,12836,Rodney,Munoz,S,,2025-10-12
12837.0,12837,Nicole,Anderson,M,,2025-10-12
12838.0,12838,Ralph,Beck,M,,2025-10-12
12839.0,12839,Dominique,Fernandez,S,,2025-10-12
12840.0,12840,Naomi,Sanz,M,,2025-10-12
12841.0,12841,Yolanda,Xie,S,,2025-10-12
12842.0,12842,Kelvin,Becker,S,,2025-10-12
12843.0,12843,Summer,Smith,S,,2025-10-12
12844.0,12844,Gerald,Gonzalez,M,,2025-10-12
12845.0,12845,Angela,Torres,M,,2025-10-12
12846.0,12846,Bridget,Nara,S,,2025-10-12
12847.0,12847,Colin,Chander,M,,2025-10-12
12848.0,12848,Brittney,Lu,M,,2025-10-12
12849.0,12849,Adam,Baker,S,,2025-10-12
12850.0,12850,Johnny,Raji,S,,2025-10-12
12851.0,12851,Brandy,Sai,S,,2025-10-12
12852.0,12852,Teresa,Carlson,S,,2025-10-12
12853.0,12853,Evelyn,Malhotra,M,,2025-10-12
12854.0,12854,Reginald,Romero,M,,2025-10-12
12855.0,12855,Philip,Diaz,M,,2025-10-12
12856.0,12856,Rosa,Lin,M,,2025-10-12
12857.0,12857,Raul,Kumar,M,,2025-10-12
12858.0,12858,Adriana,Mehta,S,,2025-10-12
12859.0,12859,Evelyn,Gonzalez,S,,2025-10-12
12860.0,12860,Jillian,Prasad,M,,2025-10-12
12861.0,12861,Robyn,Jimenez,M,,2025-10-12
12862.0,12862,Melinda,Ortega,S,,2025-10-12
12863.0,12863,Caleb,Zhang,S,,2025-10-12
12864.0,12864,Michelle,Townsend,S,,2025-10-12
12865.0,12865,Brandy,Martinez,M,,2025-10-12
12866.0,12866,Janelle,Fernandez,S,,2025-10-12
12867.0,12867,Laura,Ye,S,,2025-10-12
12868.0,12868,Julie,Anand,S,,2025-10-12
12869.0,12869,Alisha,Tang,M,,2025-10-12
12870.0,12870,Tyrone,Munoz,S,,2025-10-12
12871.0,12871,Leah,Li,S,,2025-10-12
12872.0,12872,Olivia,Hughes,S,,2025-10-12
12873.0,12873,Mandar,Samant,S,,2025-10-12
12874.0,12874,Kirk,Nason,S,,2025-10-12
12875.0,12875,Brianna,Ross,S,,2025-10-12
12876.0,12876,Blake,Robinson,M,,2025-10-12
12877.0,12877,Alexander,Williams,M,,2025-10-12
12878.0,12878,Gilbert,Sun,M,,2025-10-12
12879.0,12879,Elijah,Nelson,M,,2025-10-12
12880.0,12880,Luis,Hayes,S,,2025-10-12
12881.0,12881,Isabella,Edwards,S,,2025-10-12
12882.0,12882,Eduardo,Allen,M,,2025-10-12
12883.0,12883,Stephanie,Bailey,S,,2025-10-12
12884.0,12884,Megan,Williams,S,,2025-10-12
12885.0,12885,Jonathan,Anderson,M,,2025-10-12
12886.0,12886,Jocelyn,Long,S,,2025-10-12
12887.0,12887,Brendan,Pal,M,,2025-10-12
12888.0,12888,Melissa,Barnes,M,,2025-10-12
12889.0,12889,James,Adams,M,,2025-10-12
12890.0,12890,Steven,Thorpe,M,,2025-10-12
12891.0,12891,Kaylee,King,M,,2025-10-12
12892.0,12892,Brian,Peterson,M,,2025-10-12
12893.0,12893,Brittany,Foster,M,,2025-10-12
12894.0,12894,Natalie,Walker,M,,2025-10-12
12895.0,12895,Destiny,Anderson,M,,2025-10-12
12896.0,12896,Victoria,Wood,M,,2025-10-12
12897.0,12897,Alyssa,Wilson,M,,2025-10-12
12898.0,12898,Madeline,Campbell,M,,2025-10-12
12899.0,12899,Ana,Ross,M,,2025-10-12
12900.0,12900,Carlos,Ward,M,,2025-10-12
12901.0,12901,Robert,Adams,M,,2025-10-12
12902.0,12902,Julia,Stewart,S,,2025-10-12
12903.0,12903,John,Sandstone,S,,2025-10-12
12904.0,12904,Thomas,Jai,M,,2025-10-12
12905.0,12905,Alexandra,Sanchez,M,,2025-10-12
12906.0,12906,Philip,Ramos,M,,2025-10-12
12907.0,12907,Julia,Bryant,M,,2025-10-12
12908.0,12908,Tyler,Clark,M,,2025-10-12
12909.0,12909,Kelsey,Shan,M,,2025-10-12
12910.0,12910,Robert,Brown,M,,2025-10-12
12911.0,12911,Sebastian,Rogers,S,,2025-10-12
12912.0,12912,Brianna,Morris,S,,2025-10-12
12913.0,12913,Benjamin,Moore,M,,2025-10-12
12914.0,12914,Jill,Miller,S,,2025-10-12
12915.0,12915,Kaitlyn,Alexander,S,,2025-10-12
12916.0,12916,Natalie,Ross,M,,2025-10-12
12917.0,12917,Vanessa,Russell,M,,2025-10-12
12918.0,12918,Brooke,Murphy,M,,2025-10-12
12919.0,12919,Carlos,Hill,S,,2025-10-12
12920.0,12920,Kelly,Henderson,S,,2025-10-12
12921.0,12921,Wyatt,Lee,S,,2025-10-12
12922.0,12922,Jennifer,Sanders,S,,2025-10-12
12923.0,12923,Fernando,Wright,S,,2025-10-12
12924.0,12924,Devon,Chande,M,,2025-10-12
12925.0,12925,Mackenzie,Blue,M,,2025-10-12
12926.0,12926,Sara,Murphy,M,,2025-10-12
12927.0,12927,Savannah,Sanchez,M,,2025-10-12
12928.0,12928,Carol,Wright,M,,2025-10-12
12929.0,12929,Vanessa,Bryant,M,,2025-10-12
12930.0,12930,Grace,Harris,M,,2025-10-12
12931.0,12931,Ann,Fernandez,S,,2025-10-12
12932.0,12932,Tyler,Johnson,M,,2025-10-12
12933.0,12933,Jonathan,Hall,M,,2025-10-12
12934.0,12934,Jason,Foster,S,,2025-10-12
12935.0,12935,Robert,Hill,M,,2025-10-12
12936.0,12936,Renee,Moreno,S,,2025-10-12
12937.0,12937,Megan,Wilson,S,,2025-10-12
12938.0,12938,Edward,Parker,S,,2025-10-12
12939.0,12939,Eduardo,Parker,S,,2025-10-12
12940.0,12940,Steven,Rogers,M,,2025-10-12
12941.0,12941,Maria,Morgan,S,,2025-10-12
12942.0,12942,Morgan,Harris,S,,2025-10-12
12943.0,12943,Caleb,Perez,S,,2025-10-12
12944.0,12944,Jose,Jai,M,,2025-10-12
12945.0,12945,Jessica,Bailey,M,,2025-10-12
12946.0,12946,Seth,Allen,M,,2025-10-12
12947.0,12947,Isaiah,Sanchez,S,,2025-10-12
12948.0,12948,Adam,Kumar,M,,2025-10-12
12949.0,12949,Morgan,Rivera,S,,2025-10-12
12950.0,12950,Mary,Adams,S,,2025-10-12
12951.0,12951,Blake,Simmons,S,,2025-10-12
12952.0,12952,Jennifer,Hughes,S,,2025-10-12
12953.0,12953,Catherine,Cooper,S,,2025-10-12
12954.0,12954,Pedro,Diaz,M,,2025-10-12
12955.0,12955,Theresa,Hernandez,S,,2025-10-12
12956.0,12956,Marshall,Sun,S,,2025-10-12
12957.0,12957,Isabella,Lopez,S,,2025-10-12
12958.0,12958,Jennifer,Campbell,S,,2025-10-12
12959.0,12959,Sydney,Carter,S,,2025-10-12
12960.0,12960,Ashley,Lewis,S,,2025-10-12
12961.0,12961,Kimberly,Murphy,M,,2025-10-12
12962.0,12962,Jennifer,Edwards,M,,2025-10-12
12963.0,12963,Marcus,Anderson,M,,2025-10-12
12964.0,12964,Xavier,Russell,M,,2025-10-12
12965.0,12965,Cody,Bell,M,,2025-10-12
12966.0,12966,Dennis,Zhu,M,,2025-10-12
12967.0,12967,Fernando,Rodriguez,M,,2025-10-12
12968.0,12968,Paige,Butler,M,,2025-10-12
12969.0,12969,Richard,Rodriguez,M,,2025-10-12
12970.0,12970,Angela,Powell,S,,2025-10-12
12971.0,12971,Carl,Nara,M,,2025-10-12
12972.0,12972,Carolyn,Suri,S,,2025-10-12
12973.0,12973,Adrian,Howard,S,,2025-10-12
12974.0,12974,Marc,Gill,S,,2025-10-12
12975.0,12975,Marcus,Wilson,S,,2025-10-12
12976.0,12976,Hunter,Thompson,S,,2025-10-12
12977.0,12977,Destiny,Johnson,S,,2025-10-12
12978.0,12978,Danielle,James,M,,2025-10-12
12979.0,12979,Christina,Ward,M,,2025-10-12
12980.0,12980,Max,Moyer,M,,2025-10-12
12981.0,12981,Joe,Sanz,S,,2025-10-12
12982.0,12982,Brittany,Patterson,M,,2025-10-12
12983.0,12983,Gabriella,Carter,M,,2025-10-12
12984.0,12984,Adam,Young,M,,2025-10-12
12985.0,12985,Hailey,Roberts,M,,2025-10-12
12986.0,12986,Rachel,Garcia,M,,2025-10-12
12987.0,12987,Felicia,Moreno,M,,2025-10-12
12988.0,12988,Barbara,Goel,S,,2025-10-12
12989.0,12989,Carly,Goel,M,,2025-10-12
12990.0,12990,Leslie,Hernandez,S,,2025-10-12
12991.0,12991,Jésus,Serrano,M,,2025-10-12
12992.0,12992,Ernest,Zeng,M,,2025-10-12
12993.0,12993,Xavier,Henderson,M,,2025-10-12
12994.0,12994,Anna,Martinez,S,,2025-10-12
12995.0,12995,Grant,Nara,M,,2025-10-12
12996.0,12996,Jaclyn,Liu,M,,2025-10-12
12997.0,12997,Nina,Xie,M,,2025-10-12
12998.0,12998,Mayra,Mehta,S,,2025-10-12
12999.0,12999,Nichole,Shen,S,,2025-10-12
13000.0,13000,Rafael,Raje,M,,2025-10-12
13001.0,13001,Clarence,Zhang,S,,2025-10-12
13002.0,13002,Roger,Cai,M,,2025-10-12
13003.0,13003,Jill,Hernandez,M,,2025-10-12
13004.0,13004,Randy,Chen,M,,2025-10-12
13005.0,13005,Desiree,Alvarez,M,,2025-10-12
13006.0,13006,Whitney,Rana,S,,2025-10-12
13007.0,13007,Brooke,Ward,S,,2025-10-12
13008.0,13008,Alberto,Muñoz,M,,2025-10-12
13009.0,13009,Mindy,She,M,,2025-10-12
13010.0,13010,Erica,Ye,M,,2025-10-12
13011.0,13011,Anne,Ortega,S,,2025-10-12
13012.0,13012,Krystal,Hu,S,,2025-10-12
13013.0,13013,Vincent,Ye,M,,2025-10-12
13014.0,13014,James,Clark,M,,2025-10-12
13015.0,13015,Rebecca,Parker,S,,2025-10-12
13016.0,13016,Antonio,Bryant,M,,2025-10-12
13017.0,13017,Xavier,Alexander,M,,2025-10-12
13018.0,13018,Brendan,Xie,M,,2025-10-12
13019.0,13019,Destiny,Murphy,S,,2025-10-12
13020.0,13020,Madalena,Sanchez,M,,2025-10-12
13021.0,13021,Kendra,Diaz,S,,2025-10-12
13022.0,13022,Rafael,Ma,M,,2025-10-12
13023.0,13023,Dominique,Raman,S,,2025-10-12
13024.0,13024,Marc,Moreno,M,,2025-10-12
13025.0,13025,Reginald,Serrano,M,,2025-10-12
13026.0,13026,Colleen,Zheng,S,,2025-10-12
13027.0,13027,Jeremy,Patterson,S,,2025-10-12
13028.0,13028,Dalton,Thompson,S,,2025-10-12
13029.0,13029,Jennifer,Foster,S,,2025-10-12
13030.0,13030,Sophia,Lopez,S,,2025-10-12
13031.0,13031,Hunter,Shan,S,,2025-10-12
13032.0,13032,Kevin,Baker,M,,2025-10-12
13033.0,13033,Xavier,Gonzalez,S,,2025-10-12
13034.0,13034,Kelsey,Yuan,S,,2025-10-12
13035.0,13035,Kristy,Torres,M,,2025-10-12
13036.0,13036,Virginia,Subram,S,,2025-10-12
13037.0,13037,Terrence,Pal,M,,2025-10-12
13038.0,13038,Wilson,Pais,M,,2025-10-12
13039.0,13039,Trisha,Ma,S,,2025-10-12
13040.0,13040,Roy,Gonzalez,M,,2025-10-12
13041.0,13041,Cameron,Brown,M,,2025-10-12
13042.0,13042,Alison,Pal,M,,2025-10-12
13043.0,13043,Brenda,Madan,M,,2025-10-12
13044.0,13044,Katrina,Jai,M,,2025-10-12
13045.0,13045,Anne,Gomez,M,,2025-10-12
13046.0,13046,Jonathan,Rodriguez,M,,2025-10-12
13047.0,13047,Rodney,Vazquez,M,,2025-10-12
13048.0,13048,Alexis,Hayes,M,,2025-10-12
13049.0,13049,Autumn,Wang,M,,2025-10-12
13050.0,13050,Dennis,Zeng,M,,2025-10-12
13051.0,13051,Ethan,Jones,S,,2025-10-12
13052.0,13052,Jared,Morris,S,,2025-10-12
13053.0,13053,Vincent,Lu,S,,2025-10-12
13054.0,13054,Bryce,Ward,M,,2025-10-12
13055.0,13055,Patrick,Gray,S,,2025-10-12
13056.0,13056,Morgan,Blue,S,,2025-10-12
13057.0,13057,Destiny,Powell,S,,2025-10-12
13058.0,13058,Ramon,Huang,M,,2025-10-12
13059.0,13059,Keith,Deng,M,,2025-10-12
13060.0,13060,Eugene,Zhu,M,,2025-10-12
13061.0,13061,Ethan,Anderson,S,,2025-10-12
13062.0,13062,Eduardo,Williams,S,,2025-10-12
13063.0,13063,Jessica,Johnson,S,,2025-10-12
13064.0,13064,Dalton,Parker,S,,2025-10-12
13065.0,13065,Morgan,Gonzalez,S,,2025-10-12
13066.0,13066,Carson,Perry,S,,2025-10-12
13067.0,13067,Olivia,Garcia,S,,2025-10-12
13068.0,13068,Alexandria,Morris,S,,2025-10-12
13069.0,13069,Adam,Green,M,,2025-10-12
13070.0,13070,Emma,Clark,S,,2025-10-12
13071.0,13071,Thomas,Walker,M,,2025-10-12
13072.0,13072,Emma,Rogers,S,,2025-10-12
13073.0,13073,Sydney,Lopez,M,,2025-10-12
13074.0,13074,Grace,Hughes,M,,2025-10-12
13075.0,13075,Kelvin,Lin,M,,2025-10-12
13076.0,13076,Craig,Munoz,S,,2025-10-12
13077.0,13077,Alejandro,Goel,S,,2025-10-12
13078.0,13078,Michele,Chande,S,,2025-10-12
13079.0,13079,Edwin,Bhat,S,,2025-10-12
13080.0,13080,Denise,Mehta,S,,2025-10-12
13081.0,13081,Krista,Ruiz,S,,2025-10-12
13082.0,13082,Juan,Peterson,S,,2025-10-12
13083.0,13083,Jordyn,Butler,S,,2025-10-12
13084.0,13084,Luis,Hughes,S,,2025-10-12
13085.0,13085,Daniel,Harris,S,,2025-10-12
13086.0,13086,Blake,Nelson,S,,2025-10-12
13087.0,13087,Jeremy,Collins,S,,2025-10-12
13088.0,13088,Megan,Powell,S,,2025-10-12
13089.0,13089,Elizabeth,Alexander,M,,2025-10-12
13090.0,13090,Wayne,Tang,S,,2025-10-12
13091.0,13091,Deanna,Martin,S,,2025-10-12
13092.0,13092,William,Walker,M,,2025-10-12
13093.0,13093,Michelle,James,S,,2025-10-12
13094.0,13094,Antonio,Diaz,M,,2025-10-12
13095.0,13095,Jordan,Griffin,S,,2025-10-12
13096.0,13096,Jonathan,Chen,M,,2025-10-12
13097.0,13097,Dalton,Hughes,M,,2025-10-12
13098.0,13098,Miguel,Russell,M,,2025-10-12
13099.0,13099,Jay,Romero,M,,2025-10-12
13100.0,13100,Jeremy,Perez,M,,2025-10-12
13101.0,13101,Alex,Sanchez,S,,2025-10-12
13102.0,13102,Mariah,Bryant,S,,2025-10-12
13103.0,13103,Brendan,Raji,S,,2025-10-12
13104.0,13104,Gregory,Becker,S,,2025-10-12
13105.0,13105,Whitney,Kovár,M,,2025-10-12
13106.0,13106,Ebony,Munoz,M,,2025-10-12
13107.0,13107,Mary,Nelson,M,,2025-10-12
13108.0,13108,Curtis,Wang,M,,2025-10-12
13109.0,13109,Cheryl,Navarro,M,,2025-10-12
13110.0,13110,Levi,Mehta,M,,2025-10-12
13111.0,13111,Hannah,Butler,S,,2025-10-12
13112.0,13112,Bianca,Gao,S,,2025-10-12
13113.0,13113,Bryant,Sanchez,S,,2025-10-12
13114.0,13114,Claudia,Zhang,S,,2025-10-12
13115.0,13115,Clarence,Wu,S,,2025-10-12
13116.0,13116,Tyrone,Diaz,S,,2025-10-12
13117.0,13117,Evelyn,Rodriguez,S,,2025-10-12
13118.0,13118,Sydney,Cook,M,,2025-10-12
13119.0,13119,Jaclyn,Guo,S,,2025-10-12
13120.0,13120,Levi,Weber,M,,2025-10-12
13121.0,13121,Latasha,Jimenez,M,,2025-10-12
13122.0,13122,Catherine,Cox,M,,2025-10-12
13123.0,13123,Kelli,Raji,S,,2025-10-12
13124.0,13124,Marco,Vance,S,,2025-10-12
13125.0,13125,Alejandro,Hu,S,,2025-10-12
13126.0,13126,Lydia,Suri,S,,2025-10-12
13127.0,13127,Shane,Fernandez,S,,2025-10-12
13128.0,13128,Colleen,West,S,,2025-10-12
13129.0,13129,Joy,Ramos,S,,2025-10-12
13130.0,13130,Dalton,Miller,M,,2025-10-12
13131.0,13131,Briana,Diaz,M,,2025-10-12
13132.0,13132,Casey,Vazquez,S,,2025-10-12
13133.0,13133,Devon,Kennedy,S,,2025-10-12
13134.0,13134,Sara,Morgan,S,,2025-10-12
13135.0,13135,Johnny,Rai,S,,2025-10-12
13136.0,13136,Virginia,Martinez,M,,2025-10-12
13137.0,13137,Jacqueline,Simmons,M,,2025-10-12
13138.0,13138,Teresa,Alonso,M,,2025-10-12
13139.0,13139,Carmen,Perez,S,,2025-10-12
13140.0,13140,Jamie,Zhu,M,,2025-10-12
13141.0,13141,Walter,Hernandez,M,,2025-10-12
13142.0,13142,Xavier,Moore,M,,2025-10-12
13143.0,13143,Hannah,Jackson,M,,2025-10-12
13144.0,13144,Destiny,Stewart,S,,2025-10-12
13145.0,13145,Gilbert,Xu,M,,2025-10-12
13146.0,13146,Gabriella,Ramirez,S,,2025-10-12
13147.0,13147,Cedric,Lin,M,,2025-10-12
13148.0,13148,Tyler,Anderson,M,,2025-10-12
13149.0,13149,Linda,Ferrier,M,,2025-10-12
13150.0,13150,Lacey,Yang,S,,2025-10-12
13151.0,13151,Ethan,Moore,S,,2025-10-12
13152.0,13152,Gabrielle,Butler,M,,2025-10-12
13153.0,13153,Jack,Hill,S,,2025-10-12
13154.0,13154,Aaron,Lal,M,,2025-10-12
13155.0,13155,Jay,Gutierrez,M,,2025-10-12
13156.0,13156,Bradley,Lal,M,,2025-10-12
13157.0,13157,Heidi,Gonzalez,M,,2025-10-12
13158.0,13158,Casey,Xu,M,,2025-10-12
13159.0,13159,Roberto,Ramos,M,,2025-10-12
13160.0,13160,Willie,Xu,M,,2025-10-12
13161.0,13161,Jose,Moore,M,,2025-10-12
13162.0,13162,Nina,Nath,S,,2025-10-12
13163.0,13163,Noah,Lopez,M,,2025-10-12
13164.0,13164,Olivia,Ward,S,,2025-10-12
13165.0,13165,Wyatt,Walker,S,,2025-10-12
13166.0,13166,Kyle,Chen,M,,2025-10-12
13167.0,13167,Mario,Tang,S,,2025-10-12
13168.0,13168,Hannah,Price,S,,2025-10-12
13169.0,13169,Caleb,Griffin,S,,2025-10-12
13170.0,13170,Sebastian,Reed,S,,2025-10-12
13171.0,13171,Catherine,Torres,S,,2025-10-12
13172.0,13172,Isabella,Cook,S,,2025-10-12
13173.0,13173,Dalton,Brooks,M,,2025-10-12
13174.0,13174,Gabriella,Morris,S,,2025-10-12
13175.0,13175,Noah,Smith,M,,2025-10-12
13176.0,13176,Kurt,Chander,S,,2025-10-12
13177.0,13177,Taylor,Rogers,S,,2025-10-12
13178.0,13178,Megan,Gray,S,,2025-10-12
13179.0,13179,Adrian,Sanchez,M,,2025-10-12
13180.0,13180,Leslie,Sanz,M,,2025-10-12
13181.0,13181,Brian,Morgan,M,,2025-10-12
13182.0,13182,Jeremy,Bennett,M,,2025-10-12
13183.0,13183,Christian,Jenkins,M,,2025-10-12
13184.0,13184,Miguel,Perez,M,,2025-10-12
13185.0,13185,William,Lee,M,,2025-10-12
13186.0,13186,Marcus,Sanders,M,,2025-10-12
13187.0,13187,Evan,Wright,M,,2025-10-12
13188.0,13188,Anthony,Davis,M,,2025-10-12
13189.0,13189,Gloria,Romero,S,,2025-10-12
13190.0,13190,Jonathan,Diaz,S,,2025-10-12
13191.0,13191,Emma,Rodriguez,M,,2025-10-12
13192.0,13192,Hunter,Martinez,M,,2025-10-12
13193.0,13193,Kevin,Evans,M,,2025-10-12
13194.0,13194,Kevin,Carter,M,,2025-10-12
13195.0,13195,Aaron,Perry,M,,2025-10-12
13196.0,13196,Kimberly,Sanders,M,,2025-10-12
13197.0,13197,Katherine,Smith,M,,2025-10-12
13198.0,13198,Cindy,Gray,M,,2025-10-12
13199.0,13199,Timothy,Stewart,S,,2025-10-12
13200.0,13200,Jessica,Miller,M,,2025-10-12
13201.0,13201,Nicholas,Davis,S,,2025-10-12
13202.0,13202,Natasha,Romero,S,,2025-10-12
13203.0,13203,Bailey,Bell,S,,2025-10-12
13204.0,13204,Savannah,Parker,S,,2025-10-12
13205.0,13205,Jerome,Torres,M,,2025-10-12
13206.0,13206,Emily,Flores,S,,2025-10-12
13207.0,13207,Kenneth,Rai,M,,2025-10-12
13208.0,13208,Cassidy,Bryant,S,,2025-10-12
13209.0,13209,Alexandria,Bailey,M,,2025-10-12
13210.0,13210,Ethan,Simmons,M,,2025-10-12
13211.0,13211,James,Jai,M,,2025-10-12
13212.0,13212,Logan,Phillips,M,,2025-10-12
13213.0,13213,Courtney,King,M,,2025-10-12
13214.0,13214,Elijah,Adams,M,,2025-10-12
13215.0,13215,Colleen,Sharma,M,,2025-10-12
13216.0,13216,Mary,Mitchell,M,,2025-10-12
13217.0,13217,Julian,Alexander,S,,2025-10-12
13218.0,13218,Melissa,Bryant,M,,2025-10-12
13219.0,13219,Rafael,Shan,M,,2025-10-12
13220.0,13220,Isabella,Hernandez,M,,2025-10-12
13221.0,13221,Madeline,Hall,M,,2025-10-12
13222.0,13222,Arturo,Liu,M,,2025-10-12
13223.0,13223,Noah,Lee,S,,2025-10-12
13224.0,13224,Amanda,Brooks,M,,2025-10-12
13225.0,13225,Jésus,Suarez,M,,2025-10-12
13226.0,13226,Jenna,Mitchell,M,,2025-10-12
13227.0,13227,Alexander,Wilson,M,,2025-10-12
13228.0,13228,Thomas,Sanchez,M,,2025-10-12
13229.0,13229,Dylan,Wang,M,,2025-10-12
13230.0,13230,Chloe,Bryant,M,,2025-10-12
13231.0,13231,Alexia,Ross,M,,2025-10-12
13232.0,13232,Kaitlyn,Baker,S,,2025-10-12
13233.0,13233,Richard,Coleman,M,,2025-10-12
13234.0,13234,Robert,Lewis,S,,2025-10-12
13235.0,13235,Jonathan,Robinson,M,,2025-10-12
13236.0,13236,Robert,Wang,M,,2025-10-12
13237.0,13237,Devin,Stewart,M,,2025-10-12
13238.0,13238,John,Williams,M,,2025-10-12
13239.0,13239,Matthew,Thomas,M,,2025-10-12
13240.0,13240,Blake,Foster,M,,2025-10-12
13241.0,13241,Natalie,Ward,M,,2025-10-12
13242.0,13242,Kyle,Yang,S,,2025-10-12
13243.0,13243,Alyssa,Davis,S,,2025-10-12
13244.0,13244,Jose,Sharma,M,,2025-10-12
13245.0,13245,Angel,Scott,M,,2025-10-12
13246.0,13246,Hailey,Perez,M,,2025-10-12
13247.0,13247,Zachary,Chen,M,,2025-10-12
13248.0,13248,Isabella,Martinez,M,,2025-10-12
13249.0,13249,Ryan,Perry,M,,2025-10-12
13250.0,13250,Jordan,King,M,,2025-10-12
13251.0,13251,Raymond,Malhotra,M,,2025-10-12
13252.0,13252,Bianca,Lu,M,,2025-10-12
13253.0,13253,Carly,Xie,M,,2025-10-12
13254.0,13254,Beth,Gomez,M,,2025-10-12
13255.0,13255,Lance,Blanco,M,,2025-10-12
13256.0,13256,Abby,Subram,S,,2025-10-12
13257.0,13257,Jon,Chander,M,,2025-10-12
13258.0,13258,Anne,Dominguez,M,,2025-10-12
13259.0,13259,Allen,Garcia,M,,2025-10-12
13260.0,13260,James,Flores,M,,2025-10-12
13261.0,13261,Lindsey,Andersen,M,,2025-10-12
13262.0,13262,Jaime,Nara,M,,2025-10-12
13263.0,13263,Kate,Anand,S,,2025-10-12
13264.0,13264,Melanie,Sanchez,M,,2025-10-12
13265.0,13265,Luke,Adams,S,,2025-10-12
13266.0,13266,Samuel,Wang,M,,2025-10-12
13267.0,13267,Matthew,Moore,M,,2025-10-12
13268.0,13268,Katherine,Parker,M,,2025-10-12
13269.0,13269,Rachel,Martin,S,,2025-10-12
13270.0,13270,Mason,Baker,S,,2025-10-12
13271.0,13271,Ryan,Anderson,M,,2025-10-12
13272.0,13272,Jordan,Gonzalez,S,,2025-10-12
13273.0,13273,Elizabeth,Lee,S,,2025-10-12
13274.0,13274,Joshua,Lee,S,,2025-10-12
13275.0,13275,Carlos,Murphy,M,,2025-10-12
13276.0,13276,Sarah,Johnson,M,,2025-10-12
13277.0,13277,Nathan,Brown,S,,2025-10-12
13278.0,13278,Jorge,Hu,S,,2025-10-12
13279.0,13279,Rachel,Howard,M,,2025-10-12
13280.0,13280,Bailey,Adams,M,,2025-10-12
13281.0,13281,Brent,Li,M,,2025-10-12
13282.0,13282,Madison,Price,M,,2025-10-12
13283.0,13283,Dakota,Griffin,M,,2025-10-12
13284.0,13284,Victoria,Butler,M,,2025-10-12
13285.0,13285,Kara,Chavez,M,,2025-10-12
13286.0,13286,Hannah,Rodriguez,S,,2025-10-12
13287.0,13287,Brandon,Rodriguez,S,,2025-10-12
13288.0,13288,Jackson,Lopez,M,,2025-10-12
13289.0,13289,Alexandria,Coleman,M,,2025-10-12
13290.0,13290,Jordan,Campbell,M,,2025-10-12
13291.0,13291,Nina,Xu,M,,2025-10-12
13292.0,13292,Paula,Carlson,S,,2025-10-12
13293.0,13293,Barbara,Lu,M,,2025-10-12
13294.0,13294,Cassidy,Hughes,M,,2025-10-12
13295.0,13295,Jasmine,Jackson,M,,2025-10-12
13296.0,13296,Seth,Anderson,M,,2025-10-12
13297.0,13297,Arthur,Rubio,M,,2025-10-12
13298.0,13298,Anna,Harris,M,,2025-10-12
13299.0,13299,Vanessa,Ross,M,,2025-10-12
13300.0,13300,Timothy,Hernandez,M,,2025-10-12
13301.0,13301,Angela,Stewart,S,,2025-10-12
13302.0,13302,Cole,Torres,S,,2025-10-12
13303.0,13303,Jonathan,Martinez,M,,2025-10-12
13304.0,13304,Sara,Peterson,S,,2025-10-12
13305.0,13305,Oscar,Alexander,M,,2025-10-12
13306.0,13306,Kaitlyn,Cox,M,,2025-10-12
13307.0,13307,Michelle,Stone,M,,2025-10-12
13308.0,13308,Kaitlyn,King,M,,2025-10-12
13309.0,13309,Angela,Sanders,M,,2025-10-12
13310.0,13310,Miguel,Barnes,M,,2025-10-12
13311.0,13311,Isabella,Reed,M,,2025-10-12
13312.0,13312,Natalie,Jenkins,M,,2025-10-12
13313.0,13313,Megan,Stone,M,,2025-10-12
13314.0,13314,Jordan,Hernandez,M,,2025-10-12
13315.0,13315,Lucas,Thomas,M,,2025-10-12
13316.0,13316,Angel,Rivera,M,,2025-10-12
13317.0,13317,Jeremiah,Long,S,,2025-10-12
13318.0,13318,Amber,Perez,M,,2025-10-12
13319.0,13319,Charles,Howard,S,,2025-10-12
13320.0,13320,Jasmine,Jones,S,,2025-10-12
13321.0,13321,Arianna,Barnes,S,,2025-10-12
13322.0,13322,Elizabeth,Patterson,S,,2025-10-12
13323.0,13323,Adam,Adams,M,,2025-10-12
13324.0,13324,Florian,Stiller,M,,2025-10-12
13325.0,13325,Marcus,Wright,M,,2025-10-12
13326.0,13326,Bob,Fernandez,M,,2025-10-12
13327.0,13327,Isabelle,Russell,M,,2025-10-12
13328.0,13328,Albert,Serrano,S,,2025-10-12
13329.0,13329,Jake,Wang,M,,2025-10-12
13330.0,13330,Maria,Patterson,M,,2025-10-12
13331.0,13331,Lauren,Diaz,M,,2025-10-12
13332.0,13332,Neil,Alonso,M,,2025-10-12
13333.0,13333,Tara,Chander,M,,2025-10-12
13334.0,13334,Melanie,Rivera,M,,2025-10-12
13335.0,13335,Alyssa,Barnes,S,,2025-10-12
13336.0,13336,Deanna,Gill,M,,2025-10-12
13337.0,13337,Lauren,Cox,M,,2025-10-12
13338.0,13338,Jada,Carter,S,,2025-10-12
13339.0,13339,Nicole,Clark,S,,2025-10-12
13340.0,13340,Natalie,Edwards,M,,2025-10-12
13341.0,13341,Lucas,King,M,,2025-10-12
13342.0,13342,Brandon,Jackson,S,,2025-10-12
13343.0,13343,Melanie,Bradley,M,,2025-10-12
13344.0,13344,Caitlin,Reed,M,,2025-10-12
13345.0,13345,Dalton,Butler,M,,2025-10-12
13346.0,13346,Gregory,Chande,S,,2025-10-12
13347.0,13347,Rachel,Hall,M,,2025-10-12
13348.0,13348,Noah,Young,M,,2025-10-12
13349.0,13349,Kaitlyn,Gonzalez,M,,2025-10-12
13350.0,13350,Isaac,Sandberg,M,,2025-10-12
13351.0,13351,Mariah,Cox,S,,2025-10-12
13352.0,13352,Joseph,Davis,S,,2025-10-12
13353.0,13353,Jordyn,Coleman,S,,2025-10-12
13354.0,13354,Eric,Campbell,M,,2025-10-12
13355.0,13355,Jackson,Jai,M,,2025-10-12
13356.0,13356,Stefanie,Prasad,M,,2025-10-12
13357.0,13357,Blake,Gonzales,S,,2025-10-12
13358.0,13358,Alexandra,Edwards,M,,2025-10-12
13359.0,13359,Ian,Wood,M,,2025-10-12
13360.0,13360,Jada,Cook,M,,2025-10-12
13361.0,13361,Cameron,Jai,M,,2025-10-12
13362.0,13362,Destiny,Morgan,S,,2025-10-12
13363.0,13363,Sydney,Allen,M,,2025-10-12
13364.0,13364,Natalie,Anderson,S,,2025-10-12
13365.0,13365,Luke,Shan,M,,2025-10-12
13366.0,13366,Austin,Davis,M,,2025-10-12
13367.0,13367,Savannah,Edwards,M,,2025-10-12
13368.0,13368,Kyle,Henderson,M,,2025-10-12
13369.0,13369,Mariah,Henderson,M,,2025-10-12
13370.0,13370,Blake,Ross,M,,2025-10-12
13371.0,13371,Sydney,Gonzales,S,,2025-10-12
13372.0,13372,Isaac,Edwards,M,,2025-10-12
13373.0,13373,Michelle,Murphy,S,,2025-10-12
13374.0,13374,Marco,Martinez,M,,2025-10-12
13375.0,13375,Jason,Kumar,M,,2025-10-12
13376.0,13376,Jerry,Rai,M,,2025-10-12
13377.0,13377,Thomas,Hernandez,M,,2025-10-12
13378.0,13378,Alexandra,Bailey,M,,2025-10-12
13379.0,13379,Bailey,Morris,S,,2025-10-12
13380.0,13380,Katherine,Scott,M,,2025-10-12
13381.0,13381,Vanessa,Jenkins,M,,2025-10-12
13382.0,13382,Richard,Rogers,M,,2025-10-12
13383.0,13383,Natalie,Wright,S,,2025-10-12
13384.0,13384,Mario,Ashe,S,,2025-10-12
13385.0,13385,Danielle,Cook,S,,2025-10-12
13386.0,13386,Samuel,Patterson,M,,2025-10-12
13387.0,13387,Miranda,Jenkins,M,,2025-10-12
13388.0,13388,Marshall,Shen,S,,2025-10-12
13389.0,13389,Madison,Thomas,M,,2025-10-12
13390.0,13390,Julia,Collins,M,,2025-10-12
13391.0,13391,Brenda,Malhotra,M,,2025-10-12
13392.0,13392,Hunter,Parker,M,,2025-10-12
13393.0,13393,Willie,Kumar,M,,2025-10-12
13394.0,13394,Matthew,Clark,S,,2025-10-12
13395.0,13395,Gabriel,Li,M,,2025-10-12
13396.0,13396,David,Kumar,M,,2025-10-12
13397.0,13397,Adam,Mitchell,M,,2025-10-12
13398.0,13398,Logan,Ross,M,,2025-10-12
13399.0,13399,Edward,Young,M,,2025-10-12
13400.0,13400,Julia,Thomas,M,,2025-10-12
13401.0,13401,Erin,Bradley,S,,2025-10-12
13402.0,13402,Gabriel,Turner,M,,2025-10-12
13403.0,13403,Jennifer,Jackson,S,,2025-10-12
13404.0,13404,Kelvin,Yang,M,,2025-10-12
13405.0,13405,Ethan,Bryant,M,,2025-10-12
13406.0,13406,Craig,Jiménez,M,,2025-10-12
13407.0,13407,Cassandra,Rana,S,,2025-10-12
13408.0,13408,Katherine,Gonzales,M,,2025-10-12
13409.0,13409,Cory,Fernandez,M,,2025-10-12
13410.0,13410,Jillian,Madan,M,,2025-10-12
13411.0,13411,Jacquelyn,Blanco,M,,2025-10-12
13412.0,13412,Rafael,Zhao,M,,2025-10-12
13413.0,13413,Fernando,Phillips,M,,2025-10-12
13414.0,13414,Miguel,Wilson,M,,2025-10-12
13415.0,13415,Marcus,Rogers,S,,2025-10-12
13416.0,13416,Richard,Roberts,S,,2025-10-12
13417.0,13417,Ian,Cox,M,,2025-10-12
13418.0,13418,Devin,Cox,M,,2025-10-12
13419.0,13419,Lauren,Coleman,M,,2025-10-12
13420.0,13420,Jordan,Turner,M,,2025-10-12
13421.0,13421,Alyssa,Patterson,M,,2025-10-12
13422.0,13422,Jacqueline,Washington,S,,2025-10-12
13423.0,13423,Alex,Peterson,S,,2025-10-12
13424.0,13424,Jasmine,Thomas,M,,2025-10-12
13425.0,13425,Jose,Garcia,M,,2025-10-12
13426.0,13426,Taylor,Williams,S,,2025-10-12
13427.0,13427,Connor,Winston,S,,2025-10-12
13428.0,13428,Marcus,Ramirez,M,,2025-10-12
13429.0,13429,Gabrielle,Washington,M,,2025-10-12
13430.0,13430,Edward,Griffin,M,,2025-10-12
13431.0,13431,Bryan,James,M,,2025-10-12
13432.0,13432,Dalton,Wood,S,,2025-10-12
13433.0,13433,Jessie,Vazquez,S,,2025-10-12
13434.0,13434,Kaitlyn,Wright,S,,2025-10-12
13435.0,13435,Tracy,Pal,M,,2025-10-12
13436.0,13436,Gail,Griffin,S,,2025-10-12
13437.0,13437,Ethan,Flores,M,,2025-10-12
13438.0,13438,Chloe,Griffin,S,,2025-10-12
13439.0,13439,Arturo,Lin,M,,2025-10-12
13440.0,13440,Sydney,Miller,S,,2025-10-12
13441.0,13441,Omar,Zhang,M,,2025-10-12
13442.0,13442,Paula,Vazquez,S,,2025-10-12
13443.0,13443,Jasmine,White,M,,2025-10-12
13444.0,13444,Abby,Lopez,S,,2025-10-12
13445.0,13445,Logan,Davis,M,,2025-10-12
13446.0,13446,Katelyn,Scott,S,,2025-10-12
13447.0,13447,Destiny,Cox,M,,2025-10-12
13448.0,13448,Catherine,Ward,M,,2025-10-12
13449.0,13449,Jerome,Diaz,S,,2025-10-12
13450.0,13450,Victoria,Jones,S,,2025-10-12
13451.0,13451,Robin,Browning,M,,2025-10-12
13452.0,13452,Kaitlyn,Evans,M,,2025-10-12
13453.0,13453,Amanda,Howard,M,,2025-10-12
13454.0,13454,Benjamin,Griffin,M,,2025-10-12
13455.0,13455,Kaitlyn,Bryant,M,,2025-10-12
13456.0,13456,Sydney,Hernandez,S,,2025-10-12
13457.0,13457,Eric,Henderson,M,,2025-10-12
13458.0,13458,Joan,James,M,,2025-10-12
13459.0,13459,Devin,Foster,M,,2025-10-12
13460.0,13460,Jasmine,Walker,S,,2025-10-12
13461.0,13461,Anthony,Jones,S,,2025-10-12
13462.0,13462,Jay,Sara,S,,2025-10-12
13463.0,13463,Tammy,Sara,M,,2025-10-12
13464.0,13464,Martha,Hu,M,,2025-10-12
13465.0,13465,Sydney,Campbell,M,,2025-10-12
13466.0,13466,Bryce,James,M,,2025-10-12
13467.0,13467,Kristopher,Martinez,S,,2025-10-12
13468.0,13468,Mariah,Sanders,S,,2025-10-12
13469.0,13469,Bryce,Bailey,S,,2025-10-12
13470.0,13470,Jaclyn,Jai,S,,2025-10-12
13471.0,13471,Eric,Bryant,M,,2025-10-12
13472.0,13472,Simon,Pearson,M,,2025-10-12
13473.0,13473,Logan,Hill,M,,2025-10-12
13474.0,13474,Elizabeth,Hall,M,,2025-10-12
13475.0,13475,Charles,Allen,M,,2025-10-12
13476.0,13476,Timothy,Hall,M,,2025-10-12
13477.0,13477,Katherine,Wood,M,,2025-10-12
13478.0,13478,Alexia,Coleman,S,,2025-10-12
13479.0,13479,Katelyn,Rogers,S,,2025-10-12
13480.0,13480,Anna,Rodriguez,S,,2025-10-12
13481.0,13481,Hunter,Hernandez,M,,2025-10-12
13482.0,13482,Haley,Bryant,M,,2025-10-12
13483.0,13483,Christian,Lal,M,,2025-10-12
13484.0,13484,Marcus,Martinez,S,,2025-10-12
13485.0,13485,Thomas,Allen,M,,2025-10-12
13486.0,13486,Rebekah,Gomez,S,,2025-10-12
13487.0,13487,Emily,Martin,M,,2025-10-12
13488.0,13488,Laura,Guo,M,,2025-10-12
13489.0,13489,Jennifer,Walker,M,,2025-10-12
13490.0,13490,Edward,Rodriguez,M,,2025-10-12
13491.0,13491,Natalie,Howard,M,,2025-10-12
13492.0,13492,Christian,Foster,M,,2025-10-12
13493.0,13493,Valerie,Zhao,M,,2025-10-12
13494.0,13494,Byron,Gutierrez,S,,2025-10-12
13495.0,13495,Micheal,Alvarez,M,,2025-10-12
13496.0,13496,Lucas,Morris,M,,2025-10-12
13497.0,13497,Deborah,Sharma,M,,2025-10-12
13498.0,13498,Joel,Mehta,S,,2025-10-12
13499.0,13499,Olivia,Cox,S,,2025-10-12
13500.0,13500,Molly,Vance,M,,2025-10-12
13501.0,13501,Clayton,Zhu,M,,2025-10-12
13502.0,13502,Deborah,Nara,S,,2025-10-12
13503.0,13503,Theodore,Gomez,M,,2025-10-12
13504.0,13504,Beth,Alonso,M,,2025-10-12
13505.0,13505,Jamie,Cai,M,,2025-10-12
13506.0,13506,Willie,Guo,S,,2025-10-12
13507.0,13507,Margaret,Patterson,M,,2025-10-12
13508.0,13508,Cassandra,Sanchez,M,,2025-10-12
13509.0,13509,Lucas,Johnson,M,,2025-10-12
13510.0,13510,Jon,Shen,M,,2025-10-12
13511.0,13511,Ernest,Liu,S,,2025-10-12
13512.0,13512,Ken,Sánchez,M,,2025-10-12
13513.0,13513,Abigail,Henderson,M,,2025-10-12
13514.0,13514,Lindsay,Luo,S,,2025-10-12
13515.0,13515,Cara,Liang,M,,2025-10-12
13516.0,13516,Harold,Ray,M,,2025-10-12
13517.0,13517,Nicolas,Sharma,S,,2025-10-12
13518.0,13518,Brendan,Goldstein,S,,2025-10-12
13519.0,13519,Lucas,Foster,S,,2025-10-12
13520.0,13520,Carol,Nelson,S,,2025-10-12
13521.0,13521,Sandra,Lu,S,,2025-10-12
13522.0,13522,Logan,Taylor,S,,2025-10-12
13523.0,13523,Adrienne,Ruiz,S,,2025-10-12
13524.0,13524,Cheryl,Blanco,M,,2025-10-12
13525.0,13525,Cassandra,Van,M,,2025-10-12
13526.0,13526,Krystal,Liu,M,,2025-10-12
13527.0,13527,Tonya,Andersen,M,,2025-10-12
13528.0,13528,Carmen,Lopez,M,,2025-10-12
13529.0,13529,Pamela,Martinez,S,,2025-10-12
13530.0,13530,Krystal,Chen,M,,2025-10-12
13531.0,13531,Tyrone,Gutierrez,M,,2025-10-12
13532.0,13532,Melody,Gill,M,,2025-10-12
13533.0,13533,Eduardo,Butler,S,,2025-10-12
13534.0,13534,Beth,Navarro,M,,2025-10-12
13535.0,13535,Omar,Nara,S,,2025-10-12
13536.0,13536,Arianna,Ward,S,,2025-10-12
13537.0,13537,Jill,Moreno,S,,2025-10-12
13538.0,13538,Vanessa,Henderson,S,,2025-10-12
13539.0,13539,Roger,Guo,S,,2025-10-12
13540.0,13540,Paula,Ortega,M,,2025-10-12
13541.0,13541,Ashlee,Xu,M,,2025-10-12
13542.0,13542,Sharon,Kumar,M,,2025-10-12
13543.0,13543,Phillip,Rana,S,,2025-10-12
13544.0,13544,Joy,Martin,S,,2025-10-12
13545.0,13545,Brad,Sharma,M,,2025-10-12
13546.0,13546,Mitchell,Jai,M,,2025-10-12
13547.0,13547,Michele,Jimenez,S,,2025-10-12
13548.0,13548,Bridget,Jai,M,,2025-10-12
13549.0,13549,Richard,King,S,,2025-10-12
13550.0,13550,Joe,Malhotra,S,,2025-10-12
13551.0,13551,Jacob,Lee,M,,2025-10-12
13552.0,13552,Trevor,Hughes,S,,2025-10-12
13553.0,13553,Jessica,Coleman,M,,2025-10-12
13554.0,13554,Paula,Moreno,M,,2025-10-12
13555.0,13555,Tammy,Smith,M,,2025-10-12
13556.0,13556,Alisha,Nath,S,,2025-10-12
13557.0,13557,Stacey,Liu,M,,2025-10-12
13558.0,13558,Karen,Lu,M,,2025-10-12
13559.0,13559,Lori,Ramos,S,,2025-10-12
13560.0,13560,Andres,Shan,M,,2025-10-12
13561.0,13561,Gary,Navarro,M,,2025-10-12
13562.0,13562,Bryant,Van,S,,2025-10-12
13563.0,13563,Phillip,Sai,M,,2025-10-12
13564.0,13564,Sabrina,Blanco,M,,2025-10-12
13565.0,13565,Tiffany,Zhao,M,,2025-10-12
13566.0,13566,Mikael,Sandberg,S,,2025-10-12
13567.0,13567,Anne,Rubio,M,,2025-10-12
13568.0,13568,Max,Jimenez,M,,2025-10-12
13569.0,13569,Marcus,Hall,S,,2025-10-12
13570.0,13570,Benjamin,Jackson,S,,2025-10-12
13571.0,13571,Allen,Mehta,M,,2025-10-12
13572.0,13572,Shaun,Deng,S,,2025-10-12
13573.0,13573,Edwin,Pal,M,,2025-10-12
13574.0,13574,Brenda,Garcia,S,,2025-10-12
13575.0,13575,Alicia,Shen,M,,2025-10-12
13576.0,13576,Tamara,Lal,S,,2025-10-12
13577.0,13577,Theodore,Torres,M,,2025-10-12
13578.0,13578,Karl,Nath,M,,2025-10-12
13579.0,13579,Alan,Chen,M,,2025-10-12
13580.0,13580,Carol,Xu,M,,2025-10-12
13581.0,13581,Albert,Blanco,M,,2025-10-12
13582.0,13582,Martha,Gao,M,,2025-10-12
13583.0,13583,Blake,Butler,S,,2025-10-12
13584.0,13584,Isaiah,Cox,S,,2025-10-12
13585.0,13585,Savannah,Morris,M,,2025-10-12
13586.0,13586,Larry,Alonso,M,,2025-10-12
13587.0,13587,Kristina,Subram,S,,2025-10-12
13588.0,13588,Deb,Dominguez,M,,2025-10-12
13589.0,13589,Cameron,Smith,S,,2025-10-12
13590.0,13590,Louis,Xie,M,,2025-10-12
13591.0,13591,Latasha,Alonso,M,,2025-10-12
13592.0,13592,Gabriella,Collins,M,,2025-10-12
13593.0,13593,Deanna,Navarro,S,,2025-10-12
13594.0,13594,Jessica,Williams,M,,2025-10-12
13595.0,13595,Cole,Stewart,S,,2025-10-12
13596.0,13596,Billy,Gomez,M,,2025-10-12
13597.0,13597,Lance,Gutierrez,M,,2025-10-12
13598.0,13598,Keith,Luo,M,,2025-10-12
13599.0,13599,Valerie,Zhu,M,,2025-10-12
13600.0,13600,Marie,Sanz,M,,2025-10-12
13601.0,13601,Tanya,Dominguez,M,,2025-10-12
13602.0,13602,Virginia,Mehta,M,,2025-10-12
13603.0,13603,Molly,Martinez,M,,2025-10-12
13604.0,13604,Nuan,Zheng,M,,2025-10-12
13605.0,13605,Gerrit,Straatsma,M,,2025-10-12
13606.0,13606,Drew,Sharma,M,,2025-10-12
13607.0,13607,Levi,Rana,S,,2025-10-12
13608.0,13608,Karla,Kumar,M,,2025-10-12
13609.0,13609,Ramon,Yang,M,,2025-10-12
13610.0,13610,Omar,Sharma,M,,2025-10-12
13611.0,13611,Marshall,Huang,M,,2025-10-12
13612.0,13612,Hailey,Ross,M,,2025-10-12
13613.0,13613,Derek,Jai,M,,2025-10-12
13614.0,13614,Julie,Becker,S,,2025-10-12
13615.0,13615,Jacquelyn,Rowe,S,,2025-10-12
13616.0,13616,Cole,Ramirez,M,,2025-10-12
13617.0,13617,Gerald,Suri,M,,2025-10-12
13618.0,13618,Jay,Raman,S,,2025-10-12
13619.0,13619,Arturo,Xu,M,,2025-10-12
13620.0,13620,Damien,Ye,S,,2025-10-12
13621.0,13621,Melody,Ruiz,M,,2025-10-12
13622.0,13622,Alan,Wang,M,,2025-10-12
13623.0,13623,Mitchell,Carson,M,,2025-10-12
13624.0,13624,Nicole,Long,S,,2025-10-12
13625.0,13625,Jason,Campbell,M,,2025-10-12
13626.0,13626,Johnathan,Madan,M,,2025-10-12
13627.0,13627,Natasha,Rubio,M,,2025-10-12
13628.0,13628,Kaitlin,Schmidt,M,,2025-10-12
13629.0,13629,Karla,Yuan,M,,2025-10-12
13630.0,13630,Brenda,Arun,S,,2025-10-12
13631.0,13631,Joe,Subram,M,,2025-10-12
13632.0,13632,Cheryl,Munoz,S,,2025-10-12
13633.0,13633,Juan,Ramos,S,,2025-10-12
13634.0,13634,Alexis,Russell,M,,2025-10-12
13635.0,13635,Kurt,Deng,M,,2025-10-12
13636.0,13636,Jarrod,Rodriguez,M,,2025-10-12
13637.0,13637,Victoria,Cooper,M,,2025-10-12
13638.0,13638,Diana,Alvarez,S,,2025-10-12
13639.0,13639,Colin,Liang,M,,2025-10-12
13640.0,13640,Rachael,Patel,M,,2025-10-12
13641.0,13641,Adrian,Watson,S,,2025-10-12
13642.0,13642,Cassie,Nara,M,,2025-10-12
13643.0,13643,Ronald,Sai,S,,2025-10-12
13644.0,13644,Kristi,Dominguez,M,,2025-10-12
13645.0,13645,Eugene,He,S,,2025-10-12
13646.0,13646,Terry,Yuan,M,,2025-10-12
13647.0,13647,Armando,Alonso,S,,2025-10-12
13648.0,13648,Arturo,Sharma,S,,2025-10-12
13649.0,13649,Rebekah,Suarez,M,,2025-10-12
13650.0,13650,Jessie,She,M,,2025-10-12
13651.0,13651,Jerry,Sharma,M,,2025-10-12
13652.0,13652,Tamara,Zeng,M,,2025-10-12
13653.0,13653,Tony,Chander,M,,2025-10-12
13654.0,13654,Shawn,Andersen,M,,2025-10-12
13655.0,13655,Christopher,Walker,M,,2025-10-12
13656.0,13656,Faith,Howard,M,,2025-10-12
13657.0,13657,Kaylee,Collins,S,,2025-10-12
13658.0,13658,Wyatt,Bennett,M,,2025-10-12
13659.0,13659,Clayton,Shan,M,,2025-10-12
13660.0,13660,Ethan,Davis,M,,2025-10-12
13661.0,13661,Andre,Sara,M,,2025-10-12
13662.0,13662,Miguel,Roberts,S,,2025-10-12
13663.0,13663,Melvin,Tang,S,,2025-10-12
13664.0,13664,Larry,Diaz,S,,2025-10-12
13665.0,13665,Kristi,Randall,M,,2025-10-12
13666.0,13666,Teresa,Ruiz,S,,2025-10-12
13667.0,13667,Andres,Deng,S,,2025-10-12
13668.0,13668,Stanley,Martinez,M,,2025-10-12
13669.0,13669,Kristy,Gill,M,,2025-10-12
13670.0,13670,Brittney,Zeng,S,,2025-10-12
13671.0,13671,Frank,Ramos,S,,2025-10-12
13672.0,13672,Benjamin,Davis,S,,2025-10-12
13673.0,13673,Sandra,He,S,,2025-10-12
13674.0,13674,Drew,Shen,S,,2025-10-12
13675.0,13675,Stanley,Sai,S,,2025-10-12
13676.0,13676,George,Kapoor,M,,2025-10-12
13677.0,13677,Brian,Albrecht,S,,2025-10-12
13678.0,13678,Warren,Goel,M,,2025-10-12
13679.0,13679,Sandra,Li,M,,2025-10-12
13680.0,13680,Jan,Watson,M,,2025-10-12
13681.0,13681,Adam,Hall,S,,2025-10-12
13682.0,13682,Fernando,Lopez,S,,2025-10-12
13683.0,13683,Sheila,Torres,S,,2025-10-12
13684.0,13684,Francis,Dominguez,S,,2025-10-12
13685.0,13685,Briana,Torres,M,,2025-10-12
13686.0,13686,Peter,Jai,M,,2025-10-12
13687.0,13687,Mario,Xie,M,,2025-10-12
13688.0,13688,Ruben,Sanchez,S,,2025-10-12
13689.0,13689,Teresa,Ramos,S,,2025-10-12
13690.0,13690,Claudia,Gao,S,,2025-10-12
13691.0,13691,Ariana,Bailey,S,,2025-10-12
13692.0,13692,Curtis,Li,M,,2025-10-12
13693.0,13693,Dominic,Gonzalez,S,,2025-10-12
13694.0,13694,Savannah,Gray,S,,2025-10-12
13695.0,13695,Christian,Clark,S,,2025-10-12
13696.0,13696,Katherine,Edwards,S,,2025-10-12
13697.0,13697,Jésus,Munoz,S,,2025-10-12
13698.0,13698,Catherine,Sanchez,S,,2025-10-12
13699.0,13699,Rachel,Alexander,S,,2025-10-12
13700.0,13700,Evan,Howard,S,,2025-10-12
13701.0,13701,Haley,Scott,S,,2025-10-12
13702.0,13702,Jessie,Suarez,S,,2025-10-12
13703.0,13703,Mackenzie,Sanders,S,,2025-10-12
13704.0,13704,Victoria,Davis,S,,2025-10-12
13705.0,13705,Blake,Mitchell,S,,2025-10-12
13706.0,13706,Kaitlyn,Peterson,S,,2025-10-12
13707.0,13707,Austin,Smith,M,,2025-10-12
13708.0,13708,Jennifer,Bennett,S,,2025-10-12
13709.0,13709,Zachary,Robinson,S,,2025-10-12
13710.0,13710,Destiny,Harris,S,,2025-10-12
13711.0,13711,Thomas,Mitchell,S,,2025-10-12
13712.0,13712,Nancy,Martinez,S,,2025-10-12
13713.0,13713,Alexander,Walker,S,,2025-10-12
13714.0,13714,Amanda,Ward,M,,2025-10-12
13715.0,13715,Eduardo,Sanchez,M,,2025-10-12
13716.0,13716,Brandon,Jai,M,,2025-10-12
13717.0,13717,Audrey,Gill,M,,2025-10-12
13718.0,13718,Marcus,Barnes,M,,2025-10-12
13719.0,13719,Isaac,Carter,M,,2025-10-12
13720.0,13720,Cameron,Johnson,M,,2025-10-12
13721.0,13721,Lucas,Howard,S,,2025-10-12
13722.0,13722,Luke,Campbell,M,,2025-10-12
13723.0,13723,Leonard,Raje,M,,2025-10-12
13724.0,13724,Charles,Thompson,M,,2025-10-12
13725.0,13725,Nathan,Henderson,M,,2025-10-12
13726.0,13726,Austin,Lewis,M,,2025-10-12
13727.0,13727,Paula,Rubio,M,,2025-10-12
13728.0,13728,Taylor,Stewart,M,,2025-10-12
13729.0,13729,Jason,Li,M,,2025-10-12
13730.0,13730,Walter,Suarez,M,,2025-10-12
13731.0,13731,Jan,James,S,,2025-10-12
13732.0,13732,Julian,Isla,S,,2025-10-12
13733.0,13733,Sydney,Collins,M,,2025-10-12
13734.0,13734,Kristi,Gonzalez,M,,2025-10-12
13735.0,13735,Dennis,Guo,M,,2025-10-12
13736.0,13736,Cole,Rivera,M,,2025-10-12
13737.0,13737,Garrett,Sanders,M,,2025-10-12
13738.0,13738,Jose,Young,M,,2025-10-12
13739.0,13739,Jason,Coleman,M,,2025-10-12
13740.0,13740,Jada,Ramirez,M,,2025-10-12
13741.0,13741,Haley,Morgan,M,,2025-10-12
13742.0,13742,Benjamin,Ross,M,,2025-10-12
13743.0,13743,Isabella,Anderson,M,,2025-10-12
13744.0,13744,Alvin,Andersen,M,,2025-10-12
13745.0,13745,Andrew,Robinson,M,,2025-10-12
13746.0,13746,Janelle,Madan,M,,2025-10-12
13747.0,13747,Brian,Torres,M,,2025-10-12
13748.0,13748,José,Martinez,M,,2025-10-12
13749.0,13749,Julio,Alonso,M,,2025-10-12
13750.0,13750,Raymond,Sai,M,,2025-10-12
13751.0,13751,Allison,Rivera,S,,2025-10-12
13752.0,13752,Isabella,Parker,S,,2025-10-12
13753.0,13753,Rebecca,Nicholls,S,,2025-10-12
13754.0,13754,Paige,Peterson,S,,2025-10-12
13755.0,13755,Luke,Roberts,S,,2025-10-12
13756.0,13756,Kaylee,Young,S,,2025-10-12
13757.0,13757,Jordyn,Griffin,S,,2025-10-12
13758.0,13758,Alexandria,Bell,S,,2025-10-12
13759.0,13759,Jackson,Scott,M,,2025-10-12
13760.0,13760,Brian,Cooper,M,,2025-10-12
13761.0,13761,Logan,Powell,M,,2025-10-12
13762.0,13762,Gavin,Long,M,,2025-10-12
13763.0,13763,Stephanie,Richardson,S,,2025-10-12
13764.0,13764,Stephanie,Parker,M,,2025-10-12
13765.0,13765,Jaime,Shen,M,,2025-10-12
13766.0,13766,Joe,Gill,M,,2025-10-12
13767.0,13767,Linda,Jimenez,S,,2025-10-12
13768.0,13768,Ross,Munoz,M,,2025-10-12
13769.0,13769,Brendan,Kumar,M,,2025-10-12
13770.0,13770,Gerald,Moreno,M,,2025-10-12
13771.0,13771,Victor,Moreno,S,,2025-10-12
13772.0,13772,Michele,Perez,M,,2025-10-12
13773.0,13773,Dana,Blanco,M,,2025-10-12
13774.0,13774,Steve,Guo,S,,2025-10-12
13775.0,13775,Patricia,Subram,S,,2025-10-12
13776.0,13776,Miguel,Carter,M,,2025-10-12
13777.0,13777,Manuel,Perez,M,,2025-10-12
13778.0,13778,Roger,Huang,M,,2025-10-12
13779.0,13779,Manuel,Garcia,S,,2025-10-12
13780.0,13780,Monica,Perez,M,,2025-10-12
13781.0,13781,Dominique,Patel,M,,2025-10-12
13782.0,13782,Kelli,Lu,M,,2025-10-12
13783.0,13783,Logan,Wright,M,,2025-10-12
13784.0,13784,Spencer,Griffin,S,,2025-10-12
13785.0,13785,Clayton,She,S,,2025-10-12
13786.0,13786,Jon,Chavez,S,,2025-10-12
13787.0,13787,Glenn,Cai,M,,2025-10-12
13788.0,13788,Kari,Fernandez,M,,2025-10-12
13789.0,13789,Julie,Shan,S,,2025-10-12
13790.0,13790,Nina,Deng,S,,2025-10-12
13791.0,13791,Audrey,Martin,S,,2025-10-12
13792.0,13792,Charles,Taylor,S,,2025-10-12
13793.0,13793,Jason,Gonzales,M,,2025-10-12
13794.0,13794,Mallory,Martin,S,,2025-10-12
13795.0,13795,Carl,Raje,S,,2025-10-12
13796.0,13796,Martha,Zheng,M,,2025-10-12
13797.0,13797,Franklin,Gao,M,,2025-10-12
13798.0,13798,Tammy,Randall,S,,2025-10-12
13799.0,13799,Bryan,Bailey,S,,2025-10-12
13800.0,13800,Logan,Li,M,,2025-10-12
13801.0,13801,Colleen,Andersen,S,,2025-10-12
13802.0,13802,Tina,Subram,M,,2025-10-12
13803.0,13803,Krystal,Zheng,M,,2025-10-12
13804.0,13804,Dawn,Luo,M,,2025-10-12
13805.0,13805,Gabriel,Hernandez,M,,2025-10-12
13806.0,13806,Bryant,Mehta,M,,2025-10-12
13807.0,13807,Frederick,Rana,S,,2025-10-12
13808.0,13808,Richard,Perez,S,,2025-10-12
13809.0,13809,Lisa,Zhou,M,,2025-10-12
13810.0,13810,Vanessa,Barnes,M,,2025-10-12
13811.0,13811,Sandra,Chen,S,,2025-10-12
13812.0,13812,Joanna,Munoz,S,,2025-10-12
13813.0,13813,Kristen,Sun,M,,2025-10-12
13814.0,13814,Sarah,Walker,S,,2025-10-12
13815.0,13815,Lacey,Lin,S,,2025-10-12
13816.0,13816,Marissa,Henderson,S,,2025-10-12
13817.0,13817,Jenny,Huang,S,,2025-10-12
13818.0,13818,Dawn,Chander,S,,2025-10-12
13819.0,13819,Max,Gill,S,,2025-10-12
13820.0,13820,Danny,Alvarez,M,,2025-10-12
13821.0,13821,Allen,Lopez,M,,2025-10-12
13822.0,13822,Jay,Moyer,M,,2025-10-12
13823.0,13823,Margaret,Zheng,M,,2025-10-12
13824.0,13824,Destiny,Wood,S,,2025-10-12
13825.0,13825,Kelvin,Ma,S,,2025-10-12
13826.0,13826,Candice,He,S,,2025-10-12
13827.0,13827,Nathan,Harris,M,,2025-10-12
13828.0,13828,Jessie,Travers,S,,2025-10-12
13829.0,13829,Randall,Carlson,S,,2025-10-12
13830.0,13830,Andrea,Cox,S,,2025-10-12
13831.0,13831,Eddie,Alvarez,S,,2025-10-12
13832.0,13832,Priscilla,Raji,S,,2025-10-12
13833.0,13833,Noah,Lewis,S,,2025-10-12
13834.0,13834,Naomi,Suarez,S,,2025-10-12
13835.0,13835,Hailey,Brooks,S,,2025-10-12
13836.0,13836,Dominic,Sara,S,,2025-10-12
13837.0,13837,Alyssa,Lee,S,,2025-10-12
13838.0,13838,Jill,Rubio,S,,2025-10-12
13839.0,13839,Manuel,Madan,S,,2025-10-12
13840.0,13840,Tommy,Pal,M,,2025-10-12
13841.0,13841,Clayton,Kumar,S,,2025-10-12
13842.0,13842,Kenneth,Xie,S,,2025-10-12
13843.0,13843,Warren,Xie,S,,2025-10-12
13844.0,13844,Phillip,Mehta,S,,2025-10-12
13845.0,13845,Shawn,Nara,M,,2025-10-12
13846.0,13846,Lisa,Zheng,M,,2025-10-12
13847.0,13847,Kurt,Tang,M,,2025-10-12
13848.0,13848,Melissa,Blue,S,,2025-10-12
13849.0,13849,Preston,Rodriguez,S,,2025-10-12
13850.0,13850,Anthony,Thompson,S,,2025-10-12
13851.0,13851,Seth,Moore,S,,2025-10-12
13852.0,13852,Ian,Robinson,S,,2025-10-12
13853.0,13853,Connor,Zhang,S,,2025-10-12
13854.0,13854,Kyle,Parker,M,,2025-10-12
13855.0,13855,Sarah,Washington,S,,2025-10-12
13856.0,13856,Ian,Scott,S,,2025-10-12
13857.0,13857,Victoria,Thompson,M,,2025-10-12
13858.0,13858,Melanie,Richardson,M,,2025-10-12
13859.0,13859,Kristin,Deng,M,,2025-10-12
13860.0,13860,Olivia,Watson,M,,2025-10-12
13861.0,13861,Hailey,Rogers,M,,2025-10-12
13862.0,13862,Andrew,Walker,M,,2025-10-12
13863.0,13863,Kevin,Long,M,,2025-10-12
13864.0,13864,Robin,Torres,M,,2025-10-12
13865.0,13865,Mariah,Foster,M,,2025-10-12
13866.0,13866,Mya,Butler,M,,2025-10-12
13867.0,13867,Luke,Griffin,M,,2025-10-12
13868.0,13868,Shelby,Morris,S,,2025-10-12
13869.0,13869,Anna,Morgan,M,,2025-10-12
13870.0,13870,Jonathan,Clark,M,,2025-10-12
13871.0,13871,Sarah,Gonzales,S,,2025-10-12
13872.0,13872,Alyssa,Henderson,M,,2025-10-12
13873.0,13873,Russell,Jai,M,,2025-10-12
13874.0,13874,Alyssa,Bryant,M,,2025-10-12
13875.0,13875,Samantha,Williams,M,,2025-10-12
13876.0,13876,Sebastian,Murphy,M,,2025-10-12
13877.0,13877,Adam,Lal,M,,2025-10-12
13878.0,13878,Sebastian,Gray,M,,2025-10-12
13879.0,13879,Derrick,Hernandez,S,,2025-10-12
13880.0,13880,Marshall,Kumar,S,,2025-10-12
13881.0,13881,Jasmine,Wood,S,,2025-10-12
13882.0,13882,Mariah,Russell,S,,2025-10-12
13883.0,13883,Brandon,Lal,S,,2025-10-12
13884.0,13884,Jada,Rogers,S,,2025-10-12
13885.0,13885,Brian,Howard,S,,2025-10-12
13886.0,13886,Rachel,Taylor,M,,2025-10-12
13887.0,13887,Nathan,Scott,M,,2025-10-12
13888.0,13888,Ian,Brown,S,,2025-10-12
13889.0,13889,Robert,Martin,S,,2025-10-12
13890.0,13890,Jennifer,Carter,S,,2025-10-12
13891.0,13891,Aaron,Simmons,M,,2025-10-12
13892.0,13892,Spencer,Diaz,S,,2025-10-12
13893.0,13893,Dalton,Carter,M,,2025-10-12
13894.0,13894,Robyn,Ruiz,M,,2025-10-12
13895.0,13895,Isabella,Brooks,S,,2025-10-12
13896.0,13896,Hailey,Mitchell,S,,2025-10-12
13897.0,13897,Carol,Washington,M,,2025-10-12
13898.0,13898,Richard,Baker,S,,2025-10-12
13899.0,13899,Cameron,Jones,M,,2025-10-12
13900.0,13900,Isaac,Campbell,M,,2025-10-12
13901.0,13901,Oscar,Foster,M,,2025-10-12
13902.0,13902,Jeremiah,Simmons,M,,2025-10-12
13903.0,13903,Elijah,Hernandez,S,,2025-10-12
13904.0,13904,Natalie,Thompson,M,,2025-10-12
13905.0,13905,Christian,Henderson,M,,2025-10-12
13906.0,13906,Courtney,Evans,S,,2025-10-12
13907.0,13907,Misty,Xie,S,,2025-10-12
13908.0,13908,Alyssa,Diaz,S,,2025-10-12
13909.0,13909,Riley,Price,S,,2025-10-12
13910.0,13910,Isabelle,Butler,S,,2025-10-12
13911.0,13911,Andrea,Kelly,S,,2025-10-12
13912.0,13912,Caroline,Simmons,S,,2025-10-12
13913.0,13913,Angela,Rogers,S,,2025-10-12
13914.0,13914,Abigail,Bell,M,,2025-10-12
13915.0,13915,Allison,King,S,,2025-10-12
13916.0,13916,Eduardo,Ward,S,,2025-10-12
13917.0,13917,Samuel,Allen,S,,2025-10-12
13918.0,13918,Armando,Blanco,S,,2025-10-12
13919.0,13919,Grace,Smith,M,,2025-10-12
13920.0,13920,Amanda,Rogers,S,,2025-10-12
13921.0,13921,Joseph,Jones,M,,2025-10-12
13922.0,13922,Jackson,Foster,M,,2025-10-12
13923.0,13923,Steven,Howard,S,,2025-10-12
13924.0,13924,Hannah,Hall,S,,2025-10-12
13925.0,13925,Wyatt,Barnes,S,,2025-10-12
13926.0,13926,Dalton,Hill,S,,2025-10-12
13927.0,13927,Gabriel,Gonzales,S,,2025-10-12
13928.0,13928,Nathaniel,Morris,M,,2025-10-12
13929.0,13929,Robert,Hayes,S,,2025-10-12
13930.0,13930,Samantha,Coleman,M,,2025-10-12
13931.0,13931,Luke,Hernandez,M,,2025-10-12
13932.0,13932,Timothy,Sanchez,M,,2025-10-12
13933.0,13933,Isabella,Richardson,M,,2025-10-12
13934.0,13934,Luis,Young,M,,2025-10-12
13935.0,13935,Kimberly,Sanchez,M,,2025-10-12
13936.0,13936,Nathan,Wilson,M,,2025-10-12
13937.0,13937,Victoria,Ware,S,,2025-10-12
13938.0,13938,Alejandro,Cai,M,,2025-10-12
13939.0,13939,Eduardo,Ramirez,S,,2025-10-12
13940.0,13940,Emma,Simmons,S,,2025-10-12
13941.0,13941,Brittany,Hayes,M,,2025-10-12
13942.0,13942,Seth,Long,M,,2025-10-12
13943.0,13943,Kelly,Bryant,M,,2025-10-12
13944.0,13944,Andrew,Moore,M,,2025-10-12
13945.0,13945,Yolanda,Luo,M,,2025-10-12
13946.0,13946,Jason,Powell,M,,2025-10-12
13947.0,13947,Megan,Hughes,M,,2025-10-12
13948.0,13948,Susan,Ma,S,,2025-10-12
13949.0,13949,Dwayne,Ramos,M,,2025-10-12
13950.0,13950,Meredith,Hernandez,M,,2025-10-12
13951.0,13951,Dylan,Hughes,S,,2025-10-12
13952.0,13952,Franklin,Ye,M,,2025-10-12
13953.0,13953,Theresa,Munoz,M,,2025-10-12
13954.0,13954,Eddie,Ramos,M,,2025-10-12
13955.0,13955,Andres,Raji,M,,2025-10-12
13956.0,13956,Dawn,Ma,S,,2025-10-12
13957.0,13957,Meredith,Munoz,S,,2025-10-12
13958.0,13958,Diane,Martin,M,,2025-10-12
13959.0,13959,Ebony,Carlson,M,,2025-10-12
13960.0,13960,Lacey,Kumar,S,,2025-10-12
13961.0,13961,Shawna,Raji,M,,2025-10-12
13962.0,13962,Dawn,Li,M,,2025-10-12
13963.0,13963,Veronica,Patel,M,,2025-10-12
13964.0,13964,Jasmine,Lewis,S,,2025-10-12
13965.0,13965,Barry,Sara,M,,2025-10-12
13966.0,13966,Darren,Dominguez,M,,2025-10-12
13967.0,13967,Glenn,Zhang,S,,2025-10-12
13968.0,13968,Lydia,Sai,S,,2025-10-12
13969.0,13969,Roy,Martinez,S,,2025-10-12
13970.0,13970,Pedro,Rana,S,,2025-10-12
13971.0,13971,Bianca,Zhao,S,,2025-10-12
13972.0,13972,Eugene,Liang,S,,2025-10-12
13973.0,13973,Bethany,Shan,S,,2025-10-12
13974.0,13974,Tina,Chandra,M,,2025-10-12
13975.0,13975,Johnny,Raje,S,,2025-10-12
13976.0,13976,Emmanuel,Smith,M,,2025-10-12
13977.0,13977,Alexandra,Brown,M,,2025-10-12
13978.0,13978,Zoe,Peterson,M,,2025-10-12
13979.0,13979,Chloe,Jenkins,S,,2025-10-12
13980.0,13980,Margaret,Liu,S,,2025-10-12
13981.0,13981,Joy,Carlson,M,,2025-10-12
13982.0,13982,Clarence,Chander,M,,2025-10-12
13983.0,13983,Logan,Collins,M,,2025-10-12
13984.0,13984,Adrian,Richardson,S,,2025-10-12
13985.0,13985,Alexis,Wood,M,,2025-10-12
13986.0,13986,Chloe,Anderson,M,,2025-10-12
13987.0,13987,Eduardo,Collins,S,,2025-10-12
13988.0,13988,Miguel,White,S,,2025-10-12
13989.0,13989,Chloe,Bradley,S,,2025-10-12
13990.0,13990,Stephanie,Wood,S,,2025-10-12
13991.0,13991,Jack,Hayes,M,,2025-10-12
13992.0,13992,Gregory,Xie,S,,2025-10-12
13993.0,13993,Zachary,Patterson,M,,2025-10-12
13994.0,13994,Isaac,Cook,M,,2025-10-12
13995.0,13995,Michele,Black,M,,2025-10-12
13996.0,13996,Marie,Perez,M,,2025-10-12
13997.0,13997,Raquel,Hernandez,M,,2025-10-12
13998.0,13998,Ethan,Martin,M,,2025-10-12
13999.0,13999,Elijah,Gonzales,M,,2025-10-12
14000.0,14000,Terry,Sharma,S,,2025-10-12
14001.0,14001,Hunter,Hill,S,,2025-10-12
14002.0,14002,Jacqueline,Reed,S,,2025-10-12
14003.0,14003,Angel,Ramirez,S,,2025-10-12
14004.0,14004,Caitlin,Kelly,M,,2025-10-12
14005.0,14005,Noah,Hughes,M,,2025-10-12
14006.0,14006,Brianna,Walker,M,,2025-10-12
14007.0,14007,Rebekah,Garcia,M,,2025-10-12
14008.0,14008,Karen,Liu,M,,2025-10-12
14009.0,14009,Brandy,Prasad,M,,2025-10-12
14010.0,14010,Thomas,Moore,M,,2025-10-12
14011.0,14011,Roger,Shen,S,,2025-10-12
14012.0,14012,Eddie,Vazquez,M,,2025-10-12
14013.0,14013,Jimmy,Blanco,M,,2025-10-12
14014.0,14014,Leslie,Serrano,M,,2025-10-12
14015.0,14015,Kurt,Lal,M,,2025-10-12
14016.0,14016,Mary,Sandidge,M,,2025-10-12
14017.0,14017,Chloe,Rodriguez,S,,2025-10-12
14018.0,14018,Nina,Rai,M,,2025-10-12
14019.0,14019,Kathleen,Romero,M,,2025-10-12
14020.0,14020,Kristine,Dominguez,S,,2025-10-12
14021.0,14021,Michelle,Richardson,S,,2025-10-12
14022.0,14022,Taylor,Lee,S,,2025-10-12
14023.0,14023,Beth,Carlson,S,,2025-10-12
14024.0,14024,Hannah,Moore,S,,2025-10-12
14025.0,14025,Robert,Alexander,M,,2025-10-12
14026.0,14026,Chloe,Butler,S,,2025-10-12
14027.0,14027,Carlos,Perez,M,,2025-10-12
14028.0,14028,Patricia,Srini,S,,2025-10-12
14029.0,14029,Christina,Morris,M,,2025-10-12
14030.0,14030,Lawrence,Sanz,S,,2025-10-12
14031.0,14031,Ruben,Suarez,M,,2025-10-12
14032.0,14032,Arthur,Chandra,M,,2025-10-12
14033.0,14033,Melinda,Torres,S,,2025-10-12
14034.0,14034,Dennis,Liang,S,,2025-10-12
14035.0,14035,Hunter,Hughes,S,,2025-10-12
14036.0,14036,Amanda,Torres,M,,2025-10-12
14037.0,14037,Lydia,Sara,M,,2025-10-12
14038.0,14038,Madison,Foster,M,,2025-10-12
14039.0,14039,Nathan,Wang,S,,2025-10-12
14040.0,14040,Stephanie,Morris,S,,2025-10-12
14041.0,14041,Danielle,Bell,S,,2025-10-12
14042.0,14042,Stephanie,Adams,M,,2025-10-12
14043.0,14043,Mary,Gonzalez,S,,2025-10-12
14044.0,14044,Thomas,Wright,M,,2025-10-12
14045.0,14045,Tanya,Ramos,M,,2025-10-12
14046.0,14046,Cheryl,Sanz,M,,2025-10-12
14047.0,14047,Linda,Alvarez,S,,2025-10-12
14048.0,14048,Wyatt,Mitchell,M,,2025-10-12
14049.0,14049,Gina,Hernandez,M,,2025-10-12
14050.0,14050,Manuel,Lopez,S,,2025-10-12
14051.0,14051,Nathaniel,Rivera,S,,2025-10-12
14052.0,14052,Jorge,Ma,S,,2025-10-12
14053.0,14053,Tamara,Huang,S,,2025-10-12
14054.0,14054,Reginald,Martin,M,,2025-10-12
14055.0,14055,Alejandro,Kumar,M,,2025-10-12
14056.0,14056,Nelson,Sanz,M,,2025-10-12
14057.0,14057,Lance,Alonso,M,,2025-10-12
14058.0,14058,Johnny,Anand,S,,2025-10-12
14059.0,14059,Rodney,Ramos,M,,2025-10-12
14060.0,14060,Cedric,Sharma,M,,2025-10-12
14061.0,14061,Naomi,Torres,M,,2025-10-12
14062.0,14062,Madison,Clark,S,,2025-10-12
14063.0,14063,Patrick,Sands,S,,2025-10-12
14064.0,14064,Stacey,Li,S,,2025-10-12
14065.0,14065,Samuel,Diaz,S,,2025-10-12
14066.0,14066,Melody,Jimenez,S,,2025-10-12
14067.0,14067,Larry,Sanz,S,,2025-10-12
14068.0,14068,Brent,McDonald,M,,2025-10-12
14069.0,14069,Joy,Serrano,M,,2025-10-12
14070.0,14070,Ricky,Alonso,S,,2025-10-12
14071.0,14071,Jack,Li,S,,2025-10-12
14072.0,14072,Allen,Smith,M,,2025-10-12
14073.0,14073,Gabriel,Alexander,M,,2025-10-12
14074.0,14074,Barbara,Xu,M,,2025-10-12
14075.0,14075,Robert,Harris,S,,2025-10-12
14076.0,14076,Justin,Ross,M,,2025-10-12
14077.0,14077,Bryan,Townsend,S,,2025-10-12
14078.0,14078,Ryan,Alexander,M,,2025-10-12
14079.0,14079,Lauren,Price,S,,2025-10-12
14080.0,14080,Cynthia,Srini,S,,2025-10-12
14081.0,14081,Nicole,Butler,M,,2025-10-12
14082.0,14082,Johnny,Jai,S,,2025-10-12
14083.0,14083,Nathan,Lopez,M,,2025-10-12
14084.0,14084,Robert,Lal,S,,2025-10-12
14085.0,14085,Nathan,Garcia,M,,2025-10-12
14086.0,14086,Maurice,Chander,M,,2025-10-12
14087.0,14087,Harold,Garcia,S,,2025-10-12
14088.0,14088,Alexandra,Lopez,S,,2025-10-12
14089.0,14089,Kaitlyn,Gray,S,,2025-10-12
14090.0,14090,Jennifer,Lewis,M,,2025-10-12
14091.0,14091,Logan,Thomas,S,,2025-10-12
14092.0,14092,Maurice,Nath,S,,2025-10-12
14093.0,14093,Jillian,Arthur,S,,2025-10-12
14094.0,14094,Amanda,Russell,S,,2025-10-12
14095.0,14095,Paige,Griffin,M,,2025-10-12
14096.0,14096,Samuel,Green,S,,2025-10-12
14097.0,14097,Johnathan,Srini,M,,2025-10-12
14098.0,14098,Allison,Lopez,M,,2025-10-12
14099.0,14099,Rafael,Lin,M,,2025-10-12
14100.0,14100,Alisha,Xu,M,,2025-10-12
14101.0,14101,Franklin,Lal,M,,2025-10-12
14102.0,14102,Lisa,Huang,S,,2025-10-12
14103.0,14103,Monique,Blanco,S,,2025-10-12
14104.0,14104,Sydney,James,S,,2025-10-12
14105.0,14105,Jackson,Zhang,S,,2025-10-12
14106.0,14106,Melissa,Hughes,S,,2025-10-12
14107.0,14107,Alexandra,Garcia,S,,2025-10-12
14108.0,14108,Thomas,Yang,S,,2025-10-12
14109.0,14109,Aidan,Gonzales,M,,2025-10-12
14110.0,14110,Dakota,Simmons,S,,2025-10-12
14111.0,14111,Michael,Anderson,S,,2025-10-12
14112.0,14112,Charles,Sanchez,S,,2025-10-12
14113.0,14113,Natalie,Lopez,S,,2025-10-12
14114.0,14114,Chloe,Martin,M,,2025-10-12
14115.0,14115,Samantha,Gonzales,S,,2025-10-12
14116.0,14116,Brianna,Torres,S,,2025-10-12
14117.0,14117,Emma,Cook,S,,2025-10-12
14118.0,14118,Elizabeth,Ross,S,,2025-10-12
14119.0,14119,Paige,Cooper,S,,2025-10-12
14120.0,14120,Gabrielle,Cooper,M,,2025-10-12
14121.0,14121,Devon,Goel,S,,2025-10-12
14122.0,14122,Kaitlyn,Miller,M,,2025-10-12
14123.0,14123,Erick,Mehta,M,,2025-10-12
14124.0,14124,Justin,Li,M,,2025-10-12
14125.0,14125,Shane,Gonzalez,S,,2025-10-12
14126.0,14126,Andy,Dominguez,M,,2025-10-12
14127.0,14127,Lacey,Zhang,M,,2025-10-12
14128.0,14128,Ian,Harris,S,,2025-10-12
14129.0,14129,Monica,Martinez,M,,2025-10-12
14130.0,14130,Rebekah,Serrano,M,,2025-10-12
14131.0,14131,Javier,Navarro,M,,2025-10-12
14132.0,14132,Brandon,Ross,S,,2025-10-12
14133.0,14133,Ricardo,Kumar,S,,2025-10-12
14134.0,14134,Cassandra,Fernandez,S,,2025-10-12
14135.0,14135,Clayton,Xie,M,,2025-10-12
14136.0,14136,Louis,She,M,,2025-10-12
14137.0,14137,Joy,Ruiz,M,,2025-10-12
14138.0,14138,Vincent,He,S,,2025-10-12
14139.0,14139,Meredith,Sai,M,,2025-10-12
14140.0,14140,Meagan,Sai,M,,2025-10-12
14141.0,14141,Ana,Bryant,S,,2025-10-12
14142.0,14142,Damien,Zheng,M,,2025-10-12
14143.0,14143,Jill,Sandoval,S,,2025-10-12
14144.0,14144,Lee,Gutierrez,M,,2025-10-12
14145.0,14145,Jessie,Ye,S,,2025-10-12
14146.0,14146,Toni,Sara,M,,2025-10-12
14147.0,14147,Marcus,Rivera,M,,2025-10-12
14148.0,14148,Shaun,Sharma,M,,2025-10-12
14149.0,14149,Donald,Srini,M,,2025-10-12
14150.0,14150,Billy,Munoz,M,,2025-10-12
14151.0,14151,Marie,Martin,S,,2025-10-12
14152.0,14152,Luke,Turner,S,,2025-10-12
14153.0,14153,Dylan,Lewis,S,,2025-10-12
14154.0,14154,Willie,Gao,M,,2025-10-12
14155.0,14155,Olivia,Morris,M,,2025-10-12
14156.0,14156,Preston,Gonzalez,S,,2025-10-12
14157.0,14157,Willie,Xu,S,,2025-10-12
14158.0,14158,Craig,Moreno,S,,2025-10-12
14159.0,14159,Jay,Malhotra,S,,2025-10-12
14160.0,14160,Brittney,Hu,M,,2025-10-12
14161.0,14161,Claudia,Li,S,,2025-10-12
14162.0,14162,Brett,Garcia,M,,2025-10-12
14163.0,14163,Ebony,Garcia,M,,2025-10-12
14164.0,14164,Kari,Smith,S,,2025-10-12
14165.0,14165,Natalie,Gray,S,,2025-10-12
14166.0,14166,Elizabeth,Jenkins,M,,2025-10-12
14167.0,14167,Pamela,Subram,S,,2025-10-12
14168.0,14168,Edwin,Guo,M,,2025-10-12
14169.0,14169,Carmen,Martinez,S,,2025-10-12
14170.0,14170,Rebekah,Moreno,S,,2025-10-12
14171.0,14171,Michele,Lal,S,,2025-10-12
14172.0,14172,Carla,Garcia,S,,2025-10-12
14173.0,14173,Tonya,Shan,M,,2025-10-12
14174.0,14174,Alberto,Diaz,M,,2025-10-12
14175.0,14175,Cynthia,Mehta,M,,2025-10-12
14176.0,14176,Mindy,Rai,M,,2025-10-12
14177.0,14177,Kenneth,Nara,M,,2025-10-12
14178.0,14178,Katie,Raje,S,,2025-10-12
14179.0,14179,Claudia,Xu,S,,2025-10-12
14180.0,14180,Henry,Patel,M,,2025-10-12
14181.0,14181,Adriana,Chandra,M,,2025-10-12
14182.0,14182,Steve,Lin,M,,2025-10-12
14183.0,14183,Robyn,Carlson,S,,2025-10-12
14184.0,14184,Caleb,Jenkins,M,,2025-10-12
14185.0,14185,Frank,Vazquez,S,,2025-10-12
14186.0,14186,Katrina,Tang,M,,2025-10-12
14187.0,14187,Eugene,Lu,M,,2025-10-12
14188.0,14188,Meagan,Sanchez,M,,2025-10-12
14189.0,14189,Krista,Martin,M,,2025-10-12
14190.0,14190,Candace,Patel,M,,2025-10-12
14191.0,14191,Derrick,Martin,M,,2025-10-12
14192.0,14192,Ronald,Kapoor,M,,2025-10-12
14193.0,14193,Pamela,Vance,S,,2025-10-12
14194.0,14194,Cassie,Rai,M,,2025-10-12
14195.0,14195,Clinton,Blanco,S,,2025-10-12
14196.0,14196,Felicia,Dominguez,M,,2025-10-12
14197.0,14197,Frank,Gill,M,,2025-10-12
14198.0,14198,Daisy,Romero,M,,2025-10-12
14199.0,14199,Samuel,Anderson,M,,2025-10-12
14200.0,14200,Colleen,Goel,M,,2025-10-12
14201.0,14201,Marie,Serrano,M,,2025-10-12
14202.0,14202,Clayton,Zeng,S,,2025-10-12
14203.0,14203,Seth,Rodriguez,S,,2025-10-12
14204.0,14204,Chelsea,Sara,M,,2025-10-12
14205.0,14205,Wesley,Wu,S,,2025-10-12
14206.0,14206,Edwin,West,M,,2025-10-12
14207.0,14207,José,Saraiva,M,,2025-10-12
14208.0,14208,Eugene,Xu,S,,2025-10-12
14209.0,14209,Craig,Ramos,M,,2025-10-12
14210.0,14210,Jenny,Tang,M,,2025-10-12
14211.0,14211,Emma,Bradley,S,,2025-10-12
14212.0,14212,Erick,Madan,S,,2025-10-12
14213.0,14213,Autumn,Guo,M,,2025-10-12
14214.0,14214,Robyn,Munoz,S,,2025-10-12
14215.0,14215,Stacey,Yang,S,,2025-10-12
14216.0,14216,Edwin,Zheng,S,,2025-10-12
14217.0,14217,Terrance,Lopez,S,,2025-10-12
14218.0,14218,Karl,Kumar,S,,2025-10-12
14219.0,14219,Christy,Ye,S,,2025-10-12
14220.0,14220,Latasha,Romero,M,,2025-10-12
14221.0,14221,Glenn,Zhao,S,,2025-10-12
14222.0,14222,Dawn,Zhang,S,,2025-10-12
14223.0,14223,Larry,Rubio,M,,2025-10-12
14224.0,14224,Tamara,She,S,,2025-10-12
14225.0,14225,Alisha,Chen,M,,2025-10-12
14226.0,14226,Heidi,Mehta,S,,2025-10-12
14227.0,14227,Alison,Xu,M,,2025-10-12
14228.0,14228,Arturo,Raje,S,,2025-10-12
14229.0,14229,Allen,Perez,S,,2025-10-12
14230.0,14230,Luis,Coleman,S,,2025-10-12
14231.0,14231,Kari,Sai,M,,2025-10-12
14232.0,14232,Omar,Huang,M,,2025-10-12
14233.0,14233,Ricardo,She,S,,2025-10-12
14234.0,14234,Gina,Romero,S,,2025-10-12
14235.0,14235,Larry,Alvarez,M,,2025-10-12
14236.0,14236,Abigail,Richardson,M,,2025-10-12
14237.0,14237,Kate,Andersen,M,,2025-10-12
14238.0,14238,Jay,Gonzalez,M,,2025-10-12
14239.0,14239,Maria,Peterson,M,,2025-10-12
14240.0,14240,Caroline,Foster,M,,2025-10-12
14241.0,14241,Grace,Wood,M,,2025-10-12
14242.0,14242,Rafael,Ye,M,,2025-10-12
14243.0,14243,Gregory,Winston,S,,2025-10-12
14244.0,14244,Jennifer,Griffin,M,,2025-10-12
14245.0,14245,Ana,Russell,M,,2025-10-12
14246.0,14246,Devin,Garcia,S,,2025-10-12
14247.0,14247,Hunter,Allen,M,,2025-10-12
14248.0,14248,Misty,Tang,M,,2025-10-12
14249.0,14249,Eduardo,Thomas,M,,2025-10-12
14250.0,14250,Adam,Collins,S,,2025-10-12
14251.0,14251,Alex,Brooks,M,,2025-10-12
14252.0,14252,Destiny,Cook,M,,2025-10-12
14253.0,14253,Eduardo,Scott,S,,2025-10-12
14254.0,14254,Tabitha,Gill,M,,2025-10-12
14255.0,14255,Jonathan,Jackson,S,,2025-10-12
14256.0,14256,Elizabeth,Robinson,S,,2025-10-12
14257.0,14257,James,Carter,M,,2025-10-12
14258.0,14258,Haley,Foster,S,,2025-10-12
14259.0,14259,Antonio,Flores,S,,2025-10-12
14260.0,14260,Frank,Ruiz,S,,2025-10-12
14261.0,14261,Meredith,Subram,S,,2025-10-12
14262.0,14262,Jon,He,M,,2025-10-12
14263.0,14263,Nina,Lal,S,,2025-10-12
14264.0,14264,Karl,Lal,S,,2025-10-12
14265.0,14265,Garrett,Bell,S,,2025-10-12
14266.0,14266,Cory,Patel,M,,2025-10-12
14267.0,14267,Lauren,Wood,S,,2025-10-12
14268.0,14268,Isabella,Roberts,S,,2025-10-12
14269.0,14269,Tony,She,M,,2025-10-12
14270.0,14270,James,Ross,S,,2025-10-12
14271.0,14271,Lucas,Wright,M,,2025-10-12
14272.0,14272,Sydney,Ward,S,,2025-10-12
14273.0,14273,Angel,Parker,S,,2025-10-12
14274.0,14274,Edward,Williams,M,,2025-10-12
14275.0,14275,Arthur,Prasad,S,,2025-10-12
14276.0,14276,Melody,Suarez,S,,2025-10-12
14277.0,14277,Jerry,She,S,,2025-10-12
14278.0,14278,Olivia,Sanchez,M,,2025-10-12
14279.0,14279,Taylor,Barnes,M,,2025-10-12
14280.0,14280,Isaac,Oliver,S,,2025-10-12
14281.0,14281,Daniel,Wilson,S,,2025-10-12
14282.0,14282,Brianna,Lewis,S,,2025-10-12
14283.0,14283,Seth,Simmons,S,,2025-10-12
14284.0,14284,Wyatt,Anderson,S,,2025-10-12
14285.0,14285,Taylor,Hughes,S,,2025-10-12
14286.0,14286,Kristine,Hernandez,M,,2025-10-12
14287.0,14287,Derek,Xie,S,,2025-10-12
14288.0,14288,Christina,Ramirez,S,,2025-10-12
14289.0,14289,Jessica,Martinez,S,,2025-10-12
14290.0,14290,Jonathan,Wilson,S,,2025-10-12
14291.0,14291,Tyler,White,S,,2025-10-12
14292.0,14292,Isabella,Ross,S,,2025-10-12
14293.0,14293,Kyle,Campbell,M,,2025-10-12
14294.0,14294,Steven,Gray,M,,2025-10-12
14295.0,14295,Hannah,Thomas,S,,2025-10-12
14296.0,14296,Benjamin,Russell,M,,2025-10-12
14297.0,14297,Kristin,Raji,M,,2025-10-12
14298.0,14298,Kaitlyn,Jenkins,M,,2025-10-12
14299.0,14299,Jermaine,Chandra,M,,2025-10-12
14300.0,14300,Colin,He,S,,2025-10-12
14301.0,14301,Ruben,Vazquez,M,,2025-10-12
14302.0,14302,April,Beck,S,,2025-10-12
14303.0,14303,Briana,Ramos,M,,2025-10-12
14304.0,14304,Jacquelyn,Jimenez,M,,2025-10-12
14305.0,14305,Brendan,Shen,M,,2025-10-12
14306.0,14306,Byron,Ramos,M,,2025-10-12
14307.0,14307,Ross,Perez,M,,2025-10-12
14308.0,14308,Marie,Ramos,S,,2025-10-12
14309.0,14309,Orlando,Sanz,S,,2025-10-12
14310.0,14310,Jon,Zeng,S,,2025-10-12
14311.0,14311,Erik,Alvarez,S,,2025-10-12
14312.0,14312,Claudia,Lin,M,,2025-10-12
14313.0,14313,Christian,Smith,M,,2025-10-12
14314.0,14314,Katherine,Cooper,M,,2025-10-12
14315.0,14315,Carl,Chander,S,,2025-10-12
14316.0,14316,Leonard,Anand,M,,2025-10-12
14317.0,14317,Steve,Liang,S,,2025-10-12
14318.0,14318,Seth,Rogers,M,,2025-10-12
14319.0,14319,Renee,Sanz,M,,2025-10-12
14320.0,14320,Amy,Hu,M,,2025-10-12
14321.0,14321,Jackson,Evans,M,,2025-10-12
14322.0,14322,Sydney,Thomas,S,,2025-10-12
14323.0,14323,Colin,Tang,S,,2025-10-12
14324.0,14324,Jessie,Alvarez,S,,2025-10-12
14325.0,14325,Crystal,Li,S,,2025-10-12
14326.0,14326,Joe,Perez,S,,2025-10-12
14327.0,14327,Kyle,Butler,S,,2025-10-12
14328.0,14328,Andrea,Rogers,S,,2025-10-12
14329.0,14329,Holly,Sanchez,S,,2025-10-12
14330.0,14330,Matthew,Harris,M,,2025-10-12
14331.0,14331,Timothy,Murphy,S,,2025-10-12
14332.0,14332,Jade,Rogers,S,,2025-10-12
14333.0,14333,Bobby,Suri,S,,2025-10-12
14334.0,14334,Patrick,Murphy,M,,2025-10-12
14335.0,14335,Allison,Cox,M,,2025-10-12
14336.0,14336,Gabriel,Baker,M,,2025-10-12
14337.0,14337,Olivia,Coleman,S,,2025-10-12
14338.0,14338,Natalie,Taylor,M,,2025-10-12
14339.0,14339,Brandy,Suri,S,,2025-10-12
14340.0,14340,Miranda,Butler,S,,2025-10-12
14341.0,14341,Sean,Sanders,M,,2025-10-12
14342.0,14342,Beth,Ruiz,S,,2025-10-12
14343.0,14343,Xavier,Turner,M,,2025-10-12
14344.0,14344,Kurt,Xie,S,,2025-10-12
14345.0,14345,Kristi,Rodriguez,M,,2025-10-12
14346.0,14346,Evelyn,Perez,S,,2025-10-12
14347.0,14347,Tara,Goel,S,,2025-10-12
14348.0,14348,Alex,Scott,M,,2025-10-12
14349.0,14349,Nicole,Griffin,M,,2025-10-12
14350.0,14350,Emily,Moore,S,,2025-10-12
14351.0,14351,Riley,Gray,S,,2025-10-12
14352.0,14352,Melissa,Butler,S,,2025-10-12
14353.0,14353,Erin,Reed,S,,2025-10-12
14354.0,14354,Seth,Green,S,,2025-10-12
14355.0,14355,Ian,King,M,,2025-10-12
14356.0,14356,Isabella,Baker,S,,2025-10-12
14357.0,14357,Dalton,Collins,M,,2025-10-12
14358.0,14358,Amanda,Watson,M,,2025-10-12
14359.0,14359,Eduardo,Henderson,M,,2025-10-12
14360.0,14360,Samantha,Patterson,S,,2025-10-12
14361.0,14361,Franklin,Raje,M,,2025-10-12
14362.0,14362,Roberto,Gill,S,,2025-10-12
14363.0,14363,Natalie,Long,S,,2025-10-12
14364.0,14364,Mario,Rai,M,,2025-10-12
14365.0,14365,Evan,Ward,M,,2025-10-12
14366.0,14366,Anna,Brooks,S,,2025-10-12
14367.0,14367,Courtney,Green,S,,2025-10-12
14368.0,14368,Richard,Thompson,M,,2025-10-12
14369.0,14369,Devin,Sanchez,M,,2025-10-12
14370.0,14370,Meghan,Dominguez,M,,2025-10-12
14371.0,14371,Jeremiah,Lewis,M,,2025-10-12
14372.0,14372,Kaitlyn,Washington,M,,2025-10-12
14373.0,14373,Ricardo,Jai,M,,2025-10-12
14374.0,14374,David,Yang,M,,2025-10-12
14375.0,14375,Alexandra,Moore,M,,2025-10-12
14376.0,14376,Faith,Torres,S,,2025-10-12
14377.0,14377,Paula,Ruiz,S,,2025-10-12
14378.0,14378,Cory,Mehta,S,,2025-10-12
14379.0,14379,Richard,Foster,M,,2025-10-12
14380.0,14380,Kaylee,Watson,M,,2025-10-12
14381.0,14381,Alexa,Cooper,S,,2025-10-12
14382.0,14382,Darren,Blanco,S,,2025-10-12
14383.0,14383,Marvin,Ferrier,M,,2025-10-12
14384.0,14384,Rachel,Miller,M,,2025-10-12
14385.0,14385,Maria,Hall,M,,2025-10-12
14386.0,14386,Marissa,Wood,S,,2025-10-12
14387.0,14387,Brittany,Hughes,M,,2025-10-12
14388.0,14388,Kaylee,Rogers,M,,2025-10-12
14389.0,14389,Ryan,Harris,M,,2025-10-12
14390.0,14390,Logan,Kumar,M,,2025-10-12
14391.0,14391,Jason,Long,M,,2025-10-12
14392.0,14392,Justin,Jackson,M,,2025-10-12
14393.0,14393,José,Perez,S,,2025-10-12
14394.0,14394,Jacob,Rodriguez,M,,2025-10-12
14395.0,14395,Devin,Reed,S,,2025-10-12
14396.0,14396,Zoe,Sanchez,S,,2025-10-12
14397.0,14397,Sierra,Edwards,S,,2025-10-12
14398.0,14398,James,Anderson,M,,2025-10-12
14399.0,14399,Jeremy,Peterson,S,,2025-10-12
14400.0,14400,Brandon,Brown,S,,2025-10-12
14401.0,14401,Jose,Kumar,M,,2025-10-12
14402.0,14402,Hailey,Parker,S,,2025-10-12
14403.0,14403,Angelica,Russell,S,,2025-10-12
14404.0,14404,Rachel,Davis,S,,2025-10-12
14405.0,14405,Dylan,Walker,M,,2025-10-12
14406.0,14406,Carrie,Schmidt,M,,2025-10-12
14407.0,14407,Thomas,Bryant,M,,2025-10-12
14408.0,14408,Jasmine,Cook,S,,2025-10-12
14409.0,14409,Eric,Wang,M,,2025-10-12
14410.0,14410,Arianna,Brooks,M,,2025-10-12
14411.0,14411,Ashley,Johnson,S,,2025-10-12
14412.0,14412,Nicole,Blue,S,,2025-10-12
14413.0,14413,Rachel,Patterson,M,,2025-10-12
14414.0,14414,Rachel,Wilson,M,,2025-10-12
14415.0,14415,William,Davis,M,,2025-10-12
14416.0,14416,Madison,Flores,M,,2025-10-12
14417.0,14417,Ernest,Lu,S,,2025-10-12
14418.0,14418,Rebecca,Young,M,,2025-10-12
14419.0,14419,Abigail,Ward,M,,2025-10-12
14420.0,14420,Chloe,Wright,S,,2025-10-12
14421.0,14421,Hannah,Barnes,M,,2025-10-12
14422.0,14422,Cara,Lu,S,,2025-10-12
14423.0,14423,Jill,Ruiz,M,,2025-10-12
14424.0,14424,Stefanie,Raman,S,,2025-10-12
14425.0,14425,Victor,Carlson,M,,2025-10-12
14426.0,14426,Madison,Hughes,M,,2025-10-12
14427.0,14427,Emmanuel,Patel,M,,2025-10-12
14428.0,14428,Cassie,Andersen,S,,2025-10-12
14429.0,14429,Lacey,He,S,,2025-10-12
14430.0,14430,Sydney,Jones,M,,2025-10-12
14431.0,14431,Kayla,Moore,M,,2025-10-12
14432.0,14432,Antonio,Russell,S,,2025-10-12
14433.0,14433,Jennifer,Peterson,M,,2025-10-12
14434.0,14434,Sophia,Hill,S,,2025-10-12
14435.0,14435,Jennifer,Wilson,M,,2025-10-12
14436.0,14436,John,Martin,M,,2025-10-12
14437.0,14437,Mitchell,Anand,M,,2025-10-12
14438.0,14438,Gabrielle,Gonzales,S,,2025-10-12
14439.0,14439,Brian,Cox,M,,2025-10-12
14440.0,14440,Jon,Tang,M,,2025-10-12
14441.0,14441,William,Lewis,M,,2025-10-12
14442.0,14442,Shelby,Peterson,S,,2025-10-12
14443.0,14443,Benjamin,Wilson,M,,2025-10-12
14444.0,14444,Patrick,Sanders,M,,2025-10-12
14445.0,14445,Benjamin,Henderson,M,,2025-10-12
14446.0,14446,Jeremiah,Johnson,M,,2025-10-12
14447.0,14447,Madison,Alexander,S,,2025-10-12
14448.0,14448,Lauren,Butler,M,,2025-10-12
14449.0,14449,Logan,Jenkins,S,,2025-10-12
14450.0,14450,Kevin,Butler,M,,2025-10-12
14451.0,14451,Tyler,Moore,S,,2025-10-12
14452.0,14452,Alex,Gonzalez,M,,2025-10-12
14453.0,14453,Jesse,Scott,S,,2025-10-12
14454.0,14454,Kayla,Anderson,M,,2025-10-12
14455.0,14455,Alexandra,Mitchell,M,,2025-10-12
14456.0,14456,Benjamin,Walker,S,,2025-10-12
14457.0,14457,Thomas,White,M,,2025-10-12
14458.0,14458,Jordan,Yang,M,,2025-10-12
14459.0,14459,Cody,Gray,S,,2025-10-12
14460.0,14460,Jose,Long,M,,2025-10-12
14461.0,14461,Chloe,Gonzalez,M,,2025-10-12
14462.0,14462,Beth,Sanz,M,,2025-10-12
14463.0,14463,Julia,Patterson,M,,2025-10-12
14464.0,14464,Elizabeth,Price,M,,2025-10-12
14465.0,14465,Dakota,Patterson,M,,2025-10-12
14466.0,14466,Logan,Adams,M,,2025-10-12
14467.0,14467,Aidan,Russell,M,,2025-10-12
14468.0,14468,Grace,Rivera,S,,2025-10-12
14469.0,14469,Angela,Bell,M,,2025-10-12
14470.0,14470,Jeremy,Robinson,M,,2025-10-12
14471.0,14471,Gabriel,Gonzalez,S,,2025-10-12
14472.0,14472,Natalie,Diaz,M,,2025-10-12
14473.0,14473,Miguel,King,M,,2025-10-12
14474.0,14474,Jacqueline,Murphy,M,,2025-10-12
14475.0,14475,Isabella,Perry,M,,2025-10-12
14476.0,14476,Bryce,Reed,M,,2025-10-12
14477.0,14477,Lauren,Lee,S,,2025-10-12
14478.0,14478,Abigail,Patterson,S,,2025-10-12
14479.0,14479,Samantha,Smith,S,,2025-10-12
14480.0,14480,Jackson,Gonzalez,M,,2025-10-12
14481.0,14481,Mary,Edwards,S,,2025-10-12
14482.0,14482,Noah,Perez,M,,2025-10-12
14483.0,14483,Nicole,Henderson,M,,2025-10-12
14484.0,14484,Samantha,Hall,M,,2025-10-12
14485.0,14485,Bailey,Stewart,M,,2025-10-12
14486.0,14486,Jonathan,Coleman,M,,2025-10-12
14487.0,14487,Seth,Hall,M,,2025-10-12
14488.0,14488,Connor,Hughes,M,,2025-10-12
14489.0,14489,Jason,Wang,M,,2025-10-12
14490.0,14490,Aidan,Butler,M,,2025-10-12
14491.0,14491,Isaac,Bailey,S,,2025-10-12
14492.0,14492,Justin,Patterson,M,,2025-10-12
14493.0,14493,Sara,Parker,S,,2025-10-12
14494.0,14494,Cameron,Diaz,M,,2025-10-12
14495.0,14495,Nathan,Diaz,M,,2025-10-12
14496.0,14496,Cindy,Stewart,M,,2025-10-12
14497.0,14497,Allison,Scott,M,,2025-10-12
14498.0,14498,Katie,Luo,M,,2025-10-12
14499.0,14499,Samuel,Flores,M,,2025-10-12
14500.0,14500,Jasmine,Ward,S,,2025-10-12
14501.0,14501,Ruben,Prasad,M,,2025-10-12
14502.0,14502,Katelyn,Wright,M,,2025-10-12
14503.0,14503,Brianna,Alexander,M,,2025-10-12
14504.0,14504,Nicole,Jones,M,,2025-10-12
14505.0,14505,Alex,Edwards,M,,2025-10-12
14506.0,14506,Stacy,Suarez,M,,2025-10-12
14507.0,14507,Eric,Wright,M,,2025-10-12
14508.0,14508,Madison,Hall,M,,2025-10-12
14509.0,14509,Bridget,Deng,S,,2025-10-12
14510.0,14510,Samuel,Hernandez,S,,2025-10-12
14511.0,14511,Danielle,Rogers,M,,2025-10-12
14512.0,14512,Christopher,Jones,M,,2025-10-12
14513.0,14513,Alexandra,Turner,M,,2025-10-12
14514.0,14514,Rachel,Jones,S,,2025-10-12
14515.0,14515,Anna,Cooper,S,,2025-10-12
14516.0,14516,Tommy,Lal,S,,2025-10-12
14517.0,14517,Ebony,Rodriguez,M,,2025-10-12
14518.0,14518,Ann,Mehta,M,,2025-10-12
14519.0,14519,Denise,Rana,S,,2025-10-12
14520.0,14520,Bonnie,Xu,S,,2025-10-12
14521.0,14521,Rodney,Romero,M,,2025-10-12
14522.0,14522,Omar,Zheng,M,,2025-10-12
14523.0,14523,Lydia,Fernandez,M,,2025-10-12
14524.0,14524,Carla,Prasad,M,,2025-10-12
14525.0,14525,Claudia,Sun,M,,2025-10-12
14526.0,14526,Emily,Hall,M,,2025-10-12
14527.0,14527,Kurt,Raji,M,,2025-10-12
14528.0,14528,Casey,Ramos,M,,2025-10-12
14529.0,14529,Kaitlin,Sai,S,,2025-10-12
14530.0,14530,Ethan,Smith,M,,2025-10-12
14531.0,14531,Abigail,Garcia,M,,2025-10-12
14532.0,14532,Barbara,Wu,M,,2025-10-12
14533.0,14533,Roberto,Alonso,S,,2025-10-12
14534.0,14534,Abby,Rana,S,,2025-10-12
14535.0,14535,Dustin,Anand,S,,2025-10-12
14536.0,14536,Krystal,Wu,S,,2025-10-12
14537.0,14537,Clayton,Cai,M,,2025-10-12
14538.0,14538,Katherine,Brown,S,,2025-10-12
14539.0,14539,Carrie,Alonso,S,,2025-10-12
14540.0,14540,Randy,Lin,M,,2025-10-12
14541.0,14541,Douglas,Kapoor,S,,2025-10-12
14542.0,14542,Alex,Ward,M,,2025-10-12
14543.0,14543,Heather,Lu,M,,2025-10-12
14544.0,14544,Darryl,West,S,,2025-10-12
14545.0,14545,Faith,Henderson,M,,2025-10-12
14546.0,14546,Christina,Sanchez,M,,2025-10-12
14547.0,14547,Noah,Thompson,M,,2025-10-12
14548.0,14548,Maria,Turner,M,,2025-10-12
14549.0,14549,Arturo,Goel,M,,2025-10-12
14550.0,14550,Kristy,Vazquez,M,,2025-10-12
14551.0,14551,Michele,Vance,M,,2025-10-12
14552.0,14552,Daisy,Ramos,M,,2025-10-12
14553.0,14553,Leah,Ma,M,,2025-10-12
14554.0,14554,Isaac,Mitchell,M,,2025-10-12
14555.0,14555,Jodi,Kumar,S,,2025-10-12
14556.0,14556,Rafael,He,M,,2025-10-12
14557.0,14557,Mathew,Sanz,M,,2025-10-12
14558.0,14558,Marcel,Truempy,M,,2025-10-12
14559.0,14559,Ashley,Washington,M,,2025-10-12
14560.0,14560,Kelvin,Huang,M,,2025-10-12
14561.0,14561,Eduardo,Miller,M,,2025-10-12
14562.0,14562,Bryce,Stewart,M,,2025-10-12
14563.0,14563,Fernando,Carter,M,,2025-10-12
14564.0,14564,Chloe,Bailey,M,,2025-10-12
14565.0,14565,Natalie,Hernandez,S,,2025-10-12
14566.0,14566,Kaylee,Mitchell,M,,2025-10-12
14567.0,14567,Seth,Thomas,M,,2025-10-12
14568.0,14568,Priscilla,Kumar,S,,2025-10-12
14569.0,14569,Kristopher,Rodriguez,M,,2025-10-12
14570.0,14570,Hannah,Henderson,M,,2025-10-12
14571.0,14571,Rachel,Richardson,M,,2025-10-12
14572.0,14572,Melanie,Foster,M,,2025-10-12
14573.0,14573,Madison,Wood,M,,2025-10-12
14574.0,14574,Katherine,Powell,S,,2025-10-12
14575.0,14575,Rachel,Lee,M,,2025-10-12
14576.0,14576,Anna,Price,S,,2025-10-12
14577.0,14577,Natalie,Rogers,S,,2025-10-12
14578.0,14578,Jonathan,Carter,M,,2025-10-12
14579.0,14579,Luis,Henderson,S,,2025-10-12
14580.0,14580,Kyle,Diaz,S,,2025-10-12
14581.0,14581,Kevin,Adams,S,,2025-10-12
14582.0,14582,Marcus,Reed,M,,2025-10-12
14583.0,14583,Sydney,Morris,M,,2025-10-12
14584.0,14584,Gabrielle,Mitchell,S,,2025-10-12
14585.0,14585,Kimberly,Torres,M,,2025-10-12
14586.0,14586,Todd,Rowe,S,,2025-10-12
14587.0,14587,Jade,Peterson,S,,2025-10-12
14588.0,14588,Alexander,Taylor,S,,2025-10-12
14589.0,14589,Mackenzie,Cook,S,,2025-10-12
14590.0,14590,Marissa,Butler,S,,2025-10-12
14591.0,14591,Charles,Harris,S,,2025-10-12
14592.0,14592,Jessica,Thompson,M,,2025-10-12
14593.0,14593,Jack,Washington,M,,2025-10-12
14594.0,14594,Lauren,Taylor,M,,2025-10-12
14595.0,14595,Andrea,Ward,M,,2025-10-12
14596.0,14596,Amber,Hill,M,,2025-10-12
14597.0,14597,Sean,Reed,M,,2025-10-12
14598.0,14598,Miranda,Ross,M,,2025-10-12
14599.0,14599,Charles,Wilson,M,,2025-10-12
14600.0,14600,Ariana,Ramirez,M,,2025-10-12
14601.0,14601,Nicolas,Rai,M,,2025-10-12
14602.0,14602,Kaylee,Kelly,M,,2025-10-12
14603.0,14603,Sara,Ward,S,,2025-10-12
14604.0,14604,Nicholas,Rodriguez,M,,2025-10-12
14605.0,14605,Allison,Brooks,S,,2025-10-12
14606.0,14606,Amanda,Cooper,S,,2025-10-12
14607.0,14607,Isaiah,Nelson,M,,2025-10-12
14608.0,14608,Warren,Gao,M,,2025-10-12
14609.0,14609,Julia,Phillips,S,,2025-10-12
14610.0,14610,Lauren,Jenkins,S,,2025-10-12
14611.0,14611,Zoe,James,S,,2025-10-12
14612.0,14612,Ernest,Zhang,M,,2025-10-12
14613.0,14613,Glenn,Huang,M,,2025-10-12
14614.0,14614,Dylan,Bryant,S,,2025-10-12
14615.0,14615,Audrey,Dominguez,S,,2025-10-12
14616.0,14616,Emma,Sandberg,S,,2025-10-12
14617.0,14617,Aaron,Flores,S,,2025-10-12
14618.0,14618,Gabrielle,Baker,M,,2025-10-12
14619.0,14619,Nathaniel,Sanders,M,,2025-10-12
14620.0,14620,Kayla,Patterson,M,,2025-10-12
14621.0,14621,Chloe,Morris,S,,2025-10-12
14622.0,14622,Brandon,Patterson,M,,2025-10-12
14623.0,14623,Benjamin,Li,M,,2025-10-12
14624.0,14624,Anna,Thomas,M,,2025-10-12
14625.0,14625,Benjamin,Simmons,M,,2025-10-12
14626.0,14626,Jesse,Gray,M,,2025-10-12
14627.0,14627,Isaiah,Hill,M,,2025-10-12
14628.0,14628,Carlos,Brooks,M,,2025-10-12
14629.0,14629,Blake,Hernandez,M,,2025-10-12
14630.0,14630,Isaiah,James,M,,2025-10-12
14631.0,14631,Logan,Flores,M,,2025-10-12
14632.0,14632,Austin,Wang,M,,2025-10-12
14633.0,14633,Timothy,Morgan,M,,2025-10-12
14634.0,14634,Amber,Baker,M,,2025-10-12
14635.0,14635,Luke,Carter,M,,2025-10-12
14636.0,14636,Kelly,Powell,M,,2025-10-12
14637.0,14637,Dustin,Nath,M,,2025-10-12
14638.0,14638,Blake,Scott,S,,2025-10-12
14639.0,14639,Jeremiah,Howard,M,,2025-10-12
14640.0,14640,Mackenzie,Adams,S,,2025-10-12
14641.0,14641,Timothy,Turner,M,,2025-10-12
14642.0,14642,Jeffery,Zeng,S,,2025-10-12
14643.0,14643,Eric,Simmons,S,,2025-10-12
14644.0,14644,Jennifer,Lee,S,,2025-10-12
14645.0,14645,Isaac,Kelly,S,,2025-10-12
14646.0,14646,Dylan,Garcia,S,,2025-10-12
14647.0,14647,Sean,Howard,M,,2025-10-12
14648.0,14648,Eric,Evans,S,,2025-10-12
14649.0,14649,Grace,Cox,M,,2025-10-12
14650.0,14650,Adam,Perry,M,,2025-10-12
14651.0,14651,Amber,Green,M,,2025-10-12
14652.0,14652,Russell,Luo,M,,2025-10-12
14653.0,14653,Troy,Fernandez,M,,2025-10-12
14654.0,14654,Kyle,Collins,M,,2025-10-12
14655.0,14655,Kayla,Washington,M,,2025-10-12
14656.0,14656,Bryant,Fernandez,M,,2025-10-12
14657.0,14657,John,Thomas,M,,2025-10-12
14658.0,14658,Chloe,Green,M,,2025-10-12
14659.0,14659,Zachary,Harris,M,,2025-10-12
14660.0,14660,Gabrielle,Howard,M,,2025-10-12
14661.0,14661,Jade,Ward,M,,2025-10-12
14662.0,14662,Jack,Ross,M,,2025-10-12
14663.0,14663,Arturo,Hu,M,,2025-10-12
14664.0,14664,Kayla,Ross,S,,2025-10-12
14665.0,14665,Jesse,King,M,,2025-10-12
14666.0,14666,Louis,Gao,M,,2025-10-12
14667.0,14667,Olivia,Alexander,M,,2025-10-12
14668.0,14668,Joe,Martin,M,,2025-10-12
14669.0,14669,Erika,Blanco,M,,2025-10-12
14670.0,14670,Leslie,Gill,S,,2025-10-12
14671.0,14671,Cristina,Lal,M,,2025-10-12
14672.0,14672,Omar,Nath,S,,2025-10-12
14673.0,14673,Willie,Rai,M,,2025-10-12
14674.0,14674,Alexis,Williams,M,,2025-10-12
14675.0,14675,Brandi,Gomez,M,,2025-10-12
14676.0,14676,Micah,Wang,S,,2025-10-12
14677.0,14677,Ross,Hernandez,S,,2025-10-12
14678.0,14678,Shannon,Zheng,M,,2025-10-12
14679.0,14679,Natasha,Suarez,S,,2025-10-12
14680.0,14680,Marvin,Munoz,S,,2025-10-12
14681.0,14681,Veronica,Chandra,S,,2025-10-12
14682.0,14682,Gail,Alexander,S,,2025-10-12
14683.0,14683,Molly,Sai,M,,2025-10-12
14684.0,14684,James,Zhang,M,,2025-10-12
14685.0,14685,Lawrence,Ortega,S,,2025-10-12
14686.0,14686,Casey,Raje,M,,2025-10-12
14687.0,14687,Olivia,Price,S,,2025-10-12
14688.0,14688,Tabitha,Carlson,S,,2025-10-12
14689.0,14689,Lloyd,Saunders,S,,2025-10-12
14690.0,14690,Drew,Rai,S,,2025-10-12
14691.0,14691,Derrick,Torres,M,,2025-10-12
14692.0,14692,Nichole,Sharma,S,,2025-10-12
14693.0,14693,Robert,Parker,S,,2025-10-12
14694.0,14694,Haley,Parker,S,,2025-10-12
14695.0,14695,Russell,Andersen,S,,2025-10-12
14696.0,14696,Shawn,Anand,S,,2025-10-12
14697.0,14697,Nelson,Jimenez,S,,2025-10-12
14698.0,14698,Diane,Navarro,M,,2025-10-12
14699.0,14699,Gerald,Munoz,M,,2025-10-12
14700.0,14700,Edward,Edwards,M,,2025-10-12
14701.0,14701,Maurizio,Macagno,S,,2025-10-12
14702.0,14702,Curtis,Zimmerman,M,,2025-10-12
14703.0,14703,Clifford,Srini,S,,2025-10-12
14704.0,14704,Kara,Andersen,S,,2025-10-12
14705.0,14705,Riley,Wood,S,,2025-10-12
14706.0,14706,Kate,Jai,S,,2025-10-12
14707.0,14707,Tonya,Raje,S,,2025-10-12
14708.0,14708,Evelyn,Kapoor,S,,2025-10-12
14709.0,14709,Ian,Martin,S,,2025-10-12
14710.0,14710,Lisa,Ma,S,,2025-10-12
14711.0,14711,Deborah,Xu,S,,2025-10-12
14712.0,14712,Eugene,Liu,S,,2025-10-12
14713.0,14713,Jon,Ye,S,,2025-10-12
14714.0,14714,Meghan,Diaz,S,,2025-10-12
14715.0,14715,Erik,Munoz,M,,2025-10-12
14716.0,14716,Shannon,Zhou,S,,2025-10-12
14717.0,14717,Abigail,Rivera,S,,2025-10-12
14718.0,14718,Gregory,Raji,S,,2025-10-12
14719.0,14719,Ronnie,He,M,,2025-10-12
14720.0,14720,Naomi,Dominguez,S,,2025-10-12
14721.0,14721,Daniel,Jones,S,,2025-10-12
14722.0,14722,Sharon,Carson,S,,2025-10-12
14723.0,14723,Andrew,Smith,S,,2025-10-12
14724.0,14724,Dylan,Robinson,M,,2025-10-12
14725.0,14725,Evan,Morgan,M,,2025-10-12
14726.0,14726,Zachary,Yang,S,,2025-10-12
14727.0,14727,Anna,Bryant,S,,2025-10-12
14728.0,14728,Elizabeth,Henderson,S,,2025-10-12
14729.0,14729,Gloria,Rubio,S,,2025-10-12
14730.0,14730,Jerry,Ferrier,M,,2025-10-12
14731.0,14731,Seth,Brown,M,,2025-10-12
14732.0,14732,Trinity,Cook,M,,2025-10-12
14733.0,14733,Clarence,Raji,M,,2025-10-12
14734.0,14734,Kevin,Edwards,M,,2025-10-12
14735.0,14735,Maria,Rogers,M,,2025-10-12
14736.0,14736,Jack,Roberts,M,,2025-10-12
14737.0,14737,Dominic,Srini,S,,2025-10-12
14738.0,14738,Ethan,Garcia,M,,2025-10-12
14739.0,14739,Charles,Gonzalez,M,,2025-10-12
14740.0,14740,Jenna,Scott,M,,2025-10-12
14741.0,14741,Emma,Cooper,M,,2025-10-12
14742.0,14742,Andrea,Howard,M,,2025-10-12
14743.0,14743,Nathan,Turner,M,,2025-10-12
14744.0,14744,Elijah,Yang,M,,2025-10-12
14745.0,14745,Luke,Hall,M,,2025-10-12
14746.0,14746,Courtney,Nelson,M,,2025-10-12
14747.0,14747,Aidan,Wood,M,,2025-10-12
14748.0,14748,Don,Roessler,M,,2025-10-12
14749.0,14749,Jose,Jenkins,M,,2025-10-12
14750.0,14750,Mary,Green,M,,2025-10-12
14751.0,14751,Gabrielle,Price,M,,2025-10-12
14752.0,14752,Seth,Turner,M,,2025-10-12
14753.0,14753,Austin,Foster,M,,2025-10-12
14754.0,14754,Grant,Pal,M,,2025-10-12
14755.0,14755,Robert,Davis,M,,2025-10-12
14756.0,14756,Charles,Reed,M,,2025-10-12
14757.0,14757,Elizabeth,Garcia,M,,2025-10-12
14758.0,14758,Victoria,Long,S,,2025-10-12
14759.0,14759,Madison,Davis,S,,2025-10-12
14760.0,14760,Zachary,Lewis,M,,2025-10-12
14761.0,14761,Morgan,Kelly,S,,2025-10-12
14762.0,14762,Adriana,Perez,S,,2025-10-12
14763.0,14763,George,Arun,S,,2025-10-12
14764.0,14764,Xavier,Scott,S,,2025-10-12
14765.0,14765,Kevin,Nelson,M,,2025-10-12
14766.0,14766,Curtis,Xu,S,,2025-10-12
14767.0,14767,Stacy,Blanco,S,,2025-10-12
14768.0,14768,Ian,Kelly,M,,2025-10-12
14769.0,14769,Jessica,Powell,M,,2025-10-12
14770.0,14770,Melvin,Andersen,M,,2025-10-12
14771.0,14771,Heidi,Vance,M,,2025-10-12
14772.0,14772,Stacy,Torres,M,,2025-10-12
14773.0,14773,Noah,Ross,M,,2025-10-12
14774.0,14774,Max,Ferrier,S,,2025-10-12
14775.0,14775,Bonnie,Xie,M,,2025-10-12
14776.0,14776,Ronald,Arthur,M,,2025-10-12
14777.0,14777,Kayla,Jenkins,M,,2025-10-12
14778.0,14778,Renee,Jimenez,S,,2025-10-12
14779.0,14779,Henry,Fernandez,S,,2025-10-12
14780.0,14780,Tabitha,Alonso,S,,2025-10-12
14781.0,14781,Robert,Butler,S,,2025-10-12
14782.0,14782,Michael,Lewis,S,,2025-10-12
14783.0,14783,Cristina,Shan,S,,2025-10-12
14784.0,14784,Victor,Dominguez,S,,2025-10-12
14785.0,14785,Gavin,Patterson,S,,2025-10-12
14786.0,14786,Tristan,Jenkins,M,,2025-10-12
14787.0,14787,Tabitha,Smith,S,,2025-10-12
14788.0,14788,Gerald,Rana,S,,2025-10-12
14789.0,14789,Rosa,Zhang,S,,2025-10-12
14790.0,14790,Terry,Tang,M,,2025-10-12
14791.0,14791,Ashlee,Deng,M,,2025-10-12
14792.0,14792,Jerome,Rubio,M,,2025-10-12
14793.0,14793,Clayton,Nath,S,,2025-10-12
14794.0,14794,Gilbert,Becker,M,,2025-10-12
14795.0,14795,Crystal,Gao,M,,2025-10-12
14796.0,14796,Michael,Miller,S,,2025-10-12
14797.0,14797,Steve,Gao,S,,2025-10-12
14798.0,14798,Colleen,Nara,S,,2025-10-12
14799.0,14799,Katie,Xu,S,,2025-10-12
14800.0,14800,Abby,Arthur,M,,2025-10-12
14801.0,14801,Riley,Simmons,M,,2025-10-12
14802.0,14802,Audrey,Moreno,S,,2025-10-12
14803.0,14803,Stacy,Martin,S,,2025-10-12
14804.0,14804,Martha,Zhou,S,,2025-10-12
14805.0,14805,Kari,Garcia,S,,2025-10-12
14806.0,14806,Damien,Jai,S,,2025-10-12
14807.0,14807,Brenda,Martinez,S,,2025-10-12
14808.0,14808,Cynthia,Prasad,S,,2025-10-12
14809.0,14809,Max,Suarez,S,,2025-10-12
14810.0,14810,Russell,Anand,M,,2025-10-12
14811.0,14811,Molly,Sanchez,M,,2025-10-12
14812.0,14812,Hunter,Henderson,M,,2025-10-12
14813.0,14813,Madison,Hayes,S,,2025-10-12
14814.0,14814,Christine,Jai,S,,2025-10-12
14815.0,14815,Isabella,Gonzales,M,,2025-10-12
14816.0,14816,Katherine,Lewis,M,,2025-10-12
14817.0,14817,Anna,Washington,M,,2025-10-12
14818.0,14818,Diane,Ruiz,S,,2025-10-12
14819.0,14819,Dana,Ruiz,M,,2025-10-12
14820.0,14820,Drew,Bhat,M,,2025-10-12
14821.0,14821,Maurice,Raje,M,,2025-10-12
14822.0,14822,Jessica,Martin,S,,2025-10-12
14823.0,14823,Nelson,Harrison,S,,2025-10-12
14824.0,14824,Miguel,Baker,S,,2025-10-12
14825.0,14825,Rebekah,Alonso,S,,2025-10-12
14826.0,14826,Stefanie,Lopez,M,,2025-10-12
14827.0,14827,Ernest,Xu,S,,2025-10-12
14828.0,14828,Hector,Muñoz,S,,2025-10-12
14829.0,14829,Gina,Vazquez,S,,2025-10-12
14830.0,14830,Isabella,Ward,M,,2025-10-12
14831.0,14831,Gilbert,Xie,M,,2025-10-12
14832.0,14832,Barry,Rana,M,,2025-10-12
14833.0,14833,Riley,Hayes,S,,2025-10-12
14834.0,14834,Ebony,Jimenez,S,,2025-10-12
14835.0,14835,Melody,Saunders,S,,2025-10-12
14836.0,14836,Peter,Chander,M,,2025-10-12
14837.0,14837,Dennis,Li,S,,2025-10-12
14838.0,14838,Darren,Alvarez,S,,2025-10-12
14839.0,14839,Natasha,Sanz,S,,2025-10-12
14840.0,14840,Autumn,Zhu,S,,2025-10-12
14841.0,14841,Franklin,Pal,M,,2025-10-12
14842.0,14842,Meagan,Kim,S,,2025-10-12
14843.0,14843,Lee,Vazquez,S,,2025-10-12
14844.0,14844,Blake,Miller,S,,2025-10-12
14845.0,14845,Chelsea,Sai,S,,2025-10-12
14846.0,14846,Kelsey,Chande,S,,2025-10-12
14847.0,14847,Vadim,Sazanovich,S,,2025-10-12
14848.0,14848,George,Louverdis,S,,2025-10-12
14849.0,14849,Dwayne,Martin,S,,2025-10-12
14850.0,14850,Audrey,Vazquez,S,,2025-10-12
14851.0,14851,Karla,Tang,S,,2025-10-12
14852.0,14852,Adam,Gonzalez,S,,2025-10-12
14853.0,14853,Derrick,Diaz,M,,2025-10-12
14854.0,14854,Nancy,Fernandez,S,,2025-10-12
14855.0,14855,Deanna,Weber,S,,2025-10-12
14856.0,14856,Kari,Carlson,S,,2025-10-12
14857.0,14857,Diane,Serrano,M,,2025-10-12
14858.0,14858,Louis,Zhu,M,,2025-10-12
14859.0,14859,Jarrod,Weber,M,,2025-10-12
14860.0,14860,Arturo,Chande,M,,2025-10-12
14861.0,14861,Misty,Deng,S,,2025-10-12
14862.0,14862,Spencer,Jenkins,S,,2025-10-12
14863.0,14863,Dana,Carlson,S,,2025-10-12
14864.0,14864,Desiree,Carlson,S,,2025-10-12
14865.0,14865,Austin,Coleman,S,,2025-10-12
14866.0,14866,Hailey,Peterson,S,,2025-10-12
14867.0,14867,Lauren,Richardson,S,,2025-10-12
14868.0,14868,Ariana,Morgan,S,,2025-10-12
14869.0,14869,Jennifer,Bryant,S,,2025-10-12
14870.0,14870,Brandi,Ortega,S,,2025-10-12
14871.0,14871,Timothy,Hill,S,,2025-10-12
14872.0,14872,Fernando,Clark,M,,2025-10-12
14873.0,14873,Fernando,Long,M,,2025-10-12
14874.0,14874,Nicole,Sanchez,S,,2025-10-12
14875.0,14875,Alyssa,Foster,S,,2025-10-12
14876.0,14876,Nathan,Anderson,M,,2025-10-12
14877.0,14877,Steven,Brooks,S,,2025-10-12
14878.0,14878,Marcus,Murphy,M,,2025-10-12
14879.0,14879,Andrea,Richardson,S,,2025-10-12
14880.0,14880,Jessica,Ross,M,,2025-10-12
14881.0,14881,Eric,Griffin,M,,2025-10-12
14882.0,14882,Kathryn,Nara,M,,2025-10-12
14883.0,14883,Gabrielle,Barnes,M,,2025-10-12
14884.0,14884,Kristi,Torres,M,,2025-10-12
14885.0,14885,Judith,White,M,,2025-10-12
14886.0,14886,Sydney,Powell,S,,2025-10-12
14887.0,14887,Lauren,Wilson,M,,2025-10-12
14888.0,14888,Jasmine,Russell,M,,2025-10-12
14889.0,14889,Drew,Kumar,M,,2025-10-12
14890.0,14890,Wyatt,Adams,M,,2025-10-12
14891.0,14891,Kyle,Hayes,M,,2025-10-12
14892.0,14892,Savannah,Sanders,M,,2025-10-12
14893.0,14893,Gabrielle,Diaz,M,,2025-10-12
14894.0,14894,James,Baker,M,,2025-10-12
14895.0,14895,Connor,Hernandez,M,,2025-10-12
14896.0,14896,Alexia,Flores,M,,2025-10-12
14897.0,14897,Hunter,Moore,M,,2025-10-12
14898.0,14898,Katelyn,Edwards,M,,2025-10-12
14899.0,14899,Rodney,Dominguez,M,,2025-10-12
14900.0,14900,Rachel,Lewis,M,,2025-10-12
14901.0,14901,Katherine,Richardson,M,,2025-10-12
14902.0,14902,Arianna,Diaz,M,,2025-10-12
14903.0,14903,Amanda,Morgan,M,,2025-10-12
14904.0,14904,Spencer,Powell,M,,2025-10-12
14905.0,14905,Ricardo,Shen,M,,2025-10-12
14906.0,14906,Robert,Washington,M,,2025-10-12
14907.0,14907,Sheena,Anand,M,,2025-10-12
14908.0,14908,Morgan,Mitchell,M,,2025-10-12
14909.0,14909,Benjamin,Bryant,M,,2025-10-12
14910.0,14910,Caitlin,Murphy,M,,2025-10-12
14911.0,14911,Shelby,Watson,M,,2025-10-12
14912.0,14912,Emma,Taylor,M,,2025-10-12
14913.0,14913,Chloe,Roberts,M,,2025-10-12
14914.0,14914,Arianna,Gray,M,,2025-10-12
14915.0,14915,Katherine,Howard,M,,2025-10-12
14916.0,14916,Paige,Washington,S,,2025-10-12
14917.0,14917,Adrian,Morgan,M,,2025-10-12
14918.0,14918,Mariah,Howard,S,,2025-10-12
14919.0,14919,Erik,Torres,M,,2025-10-12
14920.0,14920,Jason,Hill,M,,2025-10-12
14921.0,14921,Sara,Watson,S,,2025-10-12
14922.0,14922,Paige,Perry,S,,2025-10-12
14923.0,14923,Andy,Blanco,S,,2025-10-12
14924.0,14924,Cynthia,Sai,M,,2025-10-12
14925.0,14925,Ashley,Hughes,M,,2025-10-12
14926.0,14926,Juan,Rogers,M,,2025-10-12
14927.0,14927,Chelsea,Martinez,M,,2025-10-12
14928.0,14928,Roy,Patel,M,,2025-10-12
14929.0,14929,Peter,Anand,M,,2025-10-12
14930.0,14930,Cindy,Sara,S,,2025-10-12
14931.0,14931,Andres,Pal,M,,2025-10-12
14932.0,14932,Pedro,Fernandez,M,,2025-10-12
14933.0,14933,Ronald,Patel,M,,2025-10-12
14934.0,14934,Jermaine,Sai,S,,2025-10-12
14935.0,14935,Rafael,Liang,S,,2025-10-12
14936.0,14936,Bryan,Sanchez,S,,2025-10-12
14937.0,14937,Brendan,Xu,S,,2025-10-12
14938.0,14938,Mallory,Sanz,S,,2025-10-12
14939.0,14939,Cory,Kapoor,M,,2025-10-12
14940.0,14940,Carmen,Rana,M,,2025-10-12
14941.0,14941,Emma,Patterson,S,,2025-10-12
14942.0,14942,Whitney,Madan,S,,2025-10-12
14943.0,14943,Lindsay,Pal,M,,2025-10-12
14944.0,14944,Sebastian,Watson,S,,2025-10-12
14945.0,14945,Samantha,Lewis,S,,2025-10-12
14946.0,14946,Frederick,Vance,S,,2025-10-12
14947.0,14947,Alejandro,Chen,S,,2025-10-12
14948.0,14948,Damien,Lal,M,,2025-10-12
14949.0,14949,Steve,Wu,M,,2025-10-12
14950.0,14950,Maria,Hernandez,S,,2025-10-12
14951.0,14951,Katie,Rai,M,,2025-10-12
14952.0,14952,Holly,Srini,M,,2025-10-12
14953.0,14953,Adrienne,Gill,S,,2025-10-12
14954.0,14954,Denise,Perez,S,,2025-10-12
14955.0,14955,Jorge,Xu,M,,2025-10-12
14956.0,14956,Krista,Romero,S,,2025-10-12
14957.0,14957,Lacey,Shan,S,,2025-10-12
14958.0,14958,Clayton,Liang,M,,2025-10-12
14959.0,14959,Ross,Patel,S,,2025-10-12
14960.0,14960,Leonard,Pal,S,,2025-10-12
14961.0,14961,Jaclyn,Yang,M,,2025-10-12
14962.0,14962,Justin,Jai,M,,2025-10-12
14963.0,14963,Sydney,Perry,M,,2025-10-12
14964.0,14964,Damien,Shen,M,,2025-10-12
14965.0,14965,Edwin,Zhou,M,,2025-10-12
14966.0,14966,Derrick,Vazquez,S,,2025-10-12
14967.0,14967,Bridget,Xu,S,,2025-10-12
14968.0,14968,Troy,Patel,M,,2025-10-12
14969.0,14969,Julio,Vazquez,S,,2025-10-12
14970.0,14970,Bruce,Chandra,M,,2025-10-12
14971.0,14971,Susan,Zhu,M,,2025-10-12
14972.0,14972,Cristina,Deng,S,,2025-10-12
14973.0,14973,Alicia,Jai,S,,2025-10-12
14974.0,14974,K.,Saravan,S,,2025-10-12
14975.0,14975,Dalton,Scott,M,,2025-10-12
14976.0,14976,Randy,Hu,M,,2025-10-12
14977.0,14977,Stacy,Carlson,S,,2025-10-12
14978.0,14978,Jamie,Ortega,S,,2025-10-12
14979.0,14979,Rodney,Serrano,S,,2025-10-12
14980.0,14980,Michele,Garcia,S,,2025-10-12
14981.0,14981,April,Raji,S,,2025-10-12
14982.0,14982,Kayla,Hughes,M,,2025-10-12
14983.0,14983,Juan,Sanz,S,,2025-10-12
14984.0,14984,Regina,Vance,S,,2025-10-12
14985.0,14985,Jaclyn,Zhu,S,,2025-10-12
14986.0,14986,Richard,Martinez,M,,2025-10-12
14987.0,14987,Misty,Nara,S,,2025-10-12
14988.0,14988,Mandy,Lu,M,,2025-10-12
14989.0,14989,Shawna,She,S,,2025-10-12
14990.0,14990,Nelson,Ramos,S,,2025-10-12
14991.0,14991,Edwin,Zhao,S,,2025-10-12
14992.0,14992,Dale,Andersen,M,,2025-10-12
14993.0,14993,Sean,Morgan,S,,2025-10-12
14994.0,14994,Seth,King,S,,2025-10-12
14995.0,14995,Stefanie,Malhotra,S,,2025-10-12
14996.0,14996,Ross,Gill,S,,2025-10-12
14997.0,14997,Angel,Cooper,M,,2025-10-12
14998.0,14998,Robert,Rodriguez,S,,2025-10-12
14999.0,14999,Arianna,Morris,S,,2025-10-12
15000.0,15000,Kelli,Zhou,S,,2025-10-12
15001.0,15001,Autumn,Lu,S,,2025-10-12
15002.0,15002,Jenny,Lin,S,,2025-10-12
15003.0,15003,Dennis,Yang,S,,2025-10-12
15004.0,15004,Suzanne,Hu,S,,2025-10-12
15005.0,15005,Adrian,Cooper,S,,2025-10-12
15006.0,15006,Grace,Jackson,M,,2025-10-12
15007.0,15007,Jaime,Rubio,S,,2025-10-12
15008.0,15008,Blake,Parker,M,,2025-10-12
15009.0,15009,Chloe,Patterson,S,,2025-10-12
15010.0,15010,Cory,Suri,M,,2025-10-12
15011.0,15011,Amber,Mitchell,S,,2025-10-12
15012.0,15012,Emma,Hughes,M,,2025-10-12
15013.0,15013,Julia,Campbell,S,,2025-10-12
15014.0,15014,Warren,Liu,M,,2025-10-12
15015.0,15015,Randy,Liu,M,,2025-10-12
15016.0,15016,Daniel,Clark,S,,2025-10-12
15017.0,15017,Amanda,Ramirez,S,,2025-10-12
15018.0,15018,Felicia,Martin,M,,2025-10-12
15019.0,15019,Mary,Ramos,S,,2025-10-12
15020.0,15020,Christy,Ma,M,,2025-10-12
15021.0,15021,Lucas,Moore,M,,2025-10-12
15022.0,15022,Latasha,Gutierrez,M,,2025-10-12
15023.0,15023,Juan,Watson,M,,2025-10-12
15024.0,15024,Nathan,Jones,M,,2025-10-12
15025.0,15025,Kristi,Subram,S,,2025-10-12
15026.0,15026,Felicia,Diaz,S,,2025-10-12
15027.0,15027,Tommy,Jai,M,,2025-10-12
15028.0,15028,Tabitha,Alvarez,S,,2025-10-12
15029.0,15029,Alejandro,Ye,S,,2025-10-12
15030.0,15030,Jeffery,Zheng,M,,2025-10-12
15031.0,15031,Darryl,Lin,M,,2025-10-12
15032.0,15032,Meredith,Suarez,S,,2025-10-12
15033.0,15033,Dana,Moreno,S,,2025-10-12
15034.0,15034,Hector,Suarez,S,,2025-10-12
15035.0,15035,Jay,Mehta,S,,2025-10-12
15036.0,15036,Derek,She,S,,2025-10-12
15037.0,15037,Jaime,Raji,S,,2025-10-12
15038.0,15038,Cedric,Yang,M,,2025-10-12
15039.0,15039,Michele,Xie,S,,2025-10-12
15040.0,15040,George,Lopez,M,,2025-10-12
15041.0,15041,Michele,Goel,M,,2025-10-12
15042.0,15042,Bryant,Perez,S,,2025-10-12
15043.0,15043,Joel,Gonzalez,S,,2025-10-12
15044.0,15044,Valerie,Hu,S,,2025-10-12
15045.0,15045,Tasha,Luo,M,,2025-10-12
15046.0,15046,Casey,Tang,M,,2025-10-12
15047.0,15047,Meghan,Vazquez,M,,2025-10-12
15048.0,15048,Bonnie,Yuan,M,,2025-10-12
15049.0,15049,Frank,Dominguez,S,,2025-10-12
15050.0,15050,Joshua,Miller,S,,2025-10-12
15051.0,15051,Harold,McDonald,S,,2025-10-12
15052.0,15052,Kari,Moreno,M,,2025-10-12
15053.0,15053,Kurt,Andersen,S,,2025-10-12
15054.0,15054,Roger,Anand,S,,2025-10-12
15055.0,15055,Patrick,Torres,M,,2025-10-12
15056.0,15056,Jaime,Suarez,M,,2025-10-12
15057.0,15057,Regina,Chandra,S,,2025-10-12
15058.0,15058,Julio,Suarez,M,,2025-10-12
15059.0,15059,Lisa,Zhu,M,,2025-10-12
15060.0,15060,Max,Vazquez,S,,2025-10-12
15061.0,15061,Margaret,Ma,M,,2025-10-12
15062.0,15062,Jaime,Alonso,S,,2025-10-12
15063.0,15063,Kari,Malhotra,M,,2025-10-12
15064.0,15064,Erik,Rubio,M,,2025-10-12
15065.0,15065,Alejandro,Gao,S,,2025-10-12
15066.0,15066,Diana,Munoz,M,,2025-10-12
15067.0,15067,Dana,Alvarez,S,,2025-10-12
15068.0,15068,Jessica,Barnes,S,,2025-10-12
15069.0,15069,Noah,Lal,S,,2025-10-12
15070.0,15070,Alfredo,Navarro,S,,2025-10-12
15071.0,15071,Krista,Gutierrez,S,,2025-10-12
15072.0,15072,Whitney,Subram,S,,2025-10-12
15073.0,15073,Tasha,Chander,M,,2025-10-12
15074.0,15074,Elizabeth,Perry,M,,2025-10-12
15075.0,15075,Alexa,Kelly,M,,2025-10-12
15076.0,15076,Sheila,Ramos,M,,2025-10-12
15077.0,15077,Dominique,Lopez,M,,2025-10-12
15078.0,15078,Jacob,Wilson,S,,2025-10-12
15079.0,15079,Jose,Martin,M,,2025-10-12
15080.0,15080,Evelyn,Chandra,M,,2025-10-12
15081.0,15081,Daisy,Munoz,M,,2025-10-12
15082.0,15082,Kelvin,Lal,M,,2025-10-12
15083.0,15083,Teresa,Gutierrez,M,,2025-10-12
15084.0,15084,Adrienne,Serrano,S,,2025-10-12
15085.0,15085,Kristin,Jai,S,,2025-10-12
15086.0,15086,Latasha,Dominguez,S,,2025-10-12
15087.0,15087,Robin,Sanz,S,,2025-10-12
15088.0,15088,Colleen,Cai,S,,2025-10-12
15089.0,15089,Martin,Prasad,M,,2025-10-12
15090.0,15090,Troy,Mehta,S,,2025-10-12
15091.0,15091,Jermaine,Madan,M,,2025-10-12
15092.0,15092,Adrian,Morris,M,,2025-10-12
15093.0,15093,Johnny,Moyer,M,,2025-10-12
15094.0,15094,Wendy,Ortega,M,,2025-10-12
15095.0,15095,Jodi,Shan,M,,2025-10-12
15096.0,15096,Gary,Schare,M,,2025-10-12
15097.0,15097,Morgan,Bennett,M,,2025-10-12
15098.0,15098,Diana,Sanz,S,,2025-10-12
15099.0,15099,Alvin,Ma,S,,2025-10-12
15100.0,15100,Brenda,Chandra,M,,2025-10-12
15101.0,15101,Shawn,Shan,S,,2025-10-12
15102.0,15102,Allen,Malhotra,M,,2025-10-12
15103.0,15103,Jonathan,Lopez,M,,2025-10-12
15104.0,15104,Ashley,Thompson,M,,2025-10-12
15105.0,15105,Tina,Rana,M,,2025-10-12
15106.0,15106,Shannon,Navarro,M,,2025-10-12
15107.0,15107,Roy,Saunders,M,,2025-10-12
15108.0,15108,Colleen,Gao,M,,2025-10-12
15109.0,15109,Meghan,Carlson,M,,2025-10-12
15110.0,15110,Janelle,Prasad,M,,2025-10-12
15111.0,15111,Leah,Huang,M,,2025-10-12
15112.0,15112,Alicia,Luo,M,,2025-10-12
15113.0,15113,Robert,Smith,M,,2025-10-12
15114.0,15114,Erika,Munoz,M,,2025-10-12
15115.0,15115,Christian,Patterson,S,,2025-10-12
15116.0,15116,Mackenzie,Ramirez,M,,2025-10-12
15117.0,15117,Dana,Dominguez,M,,2025-10-12
15118.0,15118,Nelson,Ortega,M,,2025-10-12
15119.0,15119,Johnny,Tang,M,,2025-10-12
15120.0,15120,Erika,Suarez,M,,2025-10-12
15121.0,15121,Brendan,Andersen,S,,2025-10-12
15122.0,15122,Abby,Raman,S,,2025-10-12
15123.0,15123,Sergio,Lopez,S,,2025-10-12
15124.0,15124,Wendy,Hernandez,S,,2025-10-12
15125.0,15125,Cory,Martinez,S,,2025-10-12
15126.0,15126,Manuel,Sanchez,S,,2025-10-12
15127.0,15127,Wesley,Yang,S,,2025-10-12
15128.0,15128,Angelica,Barnes,S,,2025-10-12
15129.0,15129,Jennifer,Patterson,M,,2025-10-12
15130.0,15130,Roger,Ma,S,,2025-10-12
15131.0,15131,Lacey,Sun,S,,2025-10-12
15132.0,15132,Jenny,Pal,M,,2025-10-12
15133.0,15133,Raul,Rai,M,,2025-10-12
15134.0,15134,Meagan,Raman,S,,2025-10-12
15135.0,15135,Derek,Kumar,S,,2025-10-12
15136.0,15136,Emma,Johnson,M,,2025-10-12
15137.0,15137,Luke,Foster,M,,2025-10-12
15138.0,15138,Monique,Hernandez,S,,2025-10-12
15139.0,15139,Colin,She,M,,2025-10-12
15140.0,15140,Diane,Bradley,S,,2025-10-12
15141.0,15141,Sandra,Zheng,S,,2025-10-12
15142.0,15142,Karl,Nara,M,,2025-10-12
15143.0,15143,Kelvin,Wang,M,,2025-10-12
15144.0,15144,Deanna,Serrano,S,,2025-10-12
15145.0,15145,Crystal,Lu,S,,2025-10-12
15146.0,15146,Adriana,Sara,M,,2025-10-12
15147.0,15147,Clarence,Chen,M,,2025-10-12
15148.0,15148,James,West,M,,2025-10-12
15149.0,15149,Natalie,Morgan,M,,2025-10-12
15150.0,15150,Colleen,Shan,M,,2025-10-12
15151.0,15151,Karl,Shen,M,,2025-10-12
15152.0,15152,Meghan,Moreno,M,,2025-10-12
15153.0,15153,Kristen,Li,M,,2025-10-12
15154.0,15154,Joe,Hernandez,M,,2025-10-12
15155.0,15155,Jamie,Harrison,M,,2025-10-12
15156.0,15156,Dylan,Foster,M,,2025-10-12
15157.0,15157,Jordan,Gonzalez,M,,2025-10-12
15158.0,15158,Victoria,Moore,M,,2025-10-12
15159.0,15159,Eric,Washington,M,,2025-10-12
15160.0,15160,Candace,Van,M,,2025-10-12
15161.0,15161,Trinity,James,S,,2025-10-12
15162.0,15162,Kaitlyn,Barnes,M,,2025-10-12
15163.0,15163,Victoria,Murphy,M,,2025-10-12
15164.0,15164,Savannah,Collins,M,,2025-10-12
15165.0,15165,Carl,Anand,M,,2025-10-12
15166.0,15166,Nina,Goel,M,,2025-10-12
15167.0,15167,Sara,Hernandez,M,,2025-10-12
15168.0,15168,Xavier,Bell,M,,2025-10-12
15169.0,15169,Zachary,Miller,M,,2025-10-12
15170.0,15170,Jermaine,Martinez,M,,2025-10-12
15171.0,15171,Destiny,Jones,S,,2025-10-12
15172.0,15172,Alexandra,Hill,S,,2025-10-12
15173.0,15173,Miguel,Henderson,S,,2025-10-12
15174.0,15174,Trinity,Rogers,S,,2025-10-12
15175.0,15175,Kristi,Malhotra,S,,2025-10-12
15176.0,15176,Kristi,Ramos,M,,2025-10-12
15177.0,15177,Jorge,Lu,S,,2025-10-13
15178.0,15178,Drew,Tang,M,,2025-10-14
15179.0,15179,Jay,Rubio,S,,2025-10-15
15180.0,15180,Jillian,Suri,S,,2025-10-16
15181.0,15181,Rosa,Huang,S,,2025-10-17
15182.0,15182,Deanna,Srini,S,,2025-10-18
15183.0,15183,Michele,Raji,S,,2025-10-19
15184.0,15184,Mathew,Hernandez,S,,2025-10-20
15185.0,15185,Jonathan,Evans,M,,2025-10-21
15186.0,15186,Leah,Yang,M,,2025-10-22
15187.0,15187,Benjamin,Brown,S,,2025-10-23
15188.0,15188,Isaac,Watson,S,,2025-10-24
15189.0,15189,Kayla,Russell,M,,2025-10-25
15190.0,15190,Katherine,Watson,S,,2025-10-26
15191.0,15191,Andres,Kumar,S,,2025-10-27
15192.0,15192,Tasha,Shan,S,,2025-10-28
15193.0,15193,Samuel,King,S,,2025-10-29
15194.0,15194,Erik,Suarez,S,,2025-10-30
15195.0,15195,Edwin,Huang,S,,2025-10-31
15196.0,15196,Isaiah,Reed,S,,2025-11-01
15197.0,15197,Elijah,Kumar,M,,2025-11-02
15198.0,15198,Lauren,Watson,M,,2025-11-03
15199.0,15199,Joe,Jordan,M,,2025-11-04
15200.0,15200,Mindy,Simpson,M,,2025-11-05
15201.0,15201,Miranda,Washington,S,,2025-11-06
15202.0,15202,Blake,Bryant,M,,2025-11-07
15203.0,15203,David,Lewis,M,,2025-11-08
15204.0,15204,Deanna,Gonzalez,M,,2025-11-09
15205.0,15205,Shawna,Black,S,,2025-11-10
15206.0,15206,Maurice,Andersen,M,,2025-11-11
15207.0,15207,Josue,Diaz,S,,2025-11-12
15208.0,15208,Colleen,Luo,M,,2025-11-13
15209.0,15209,Frank,Romero,M,,2025-11-14
15210.0,15210,Kurt,Raje,S,,2025-11-15
15211.0,15211,Kenneth,Luo,S,,2025-11-16
15212.0,15212,Marcus,Henderson,M,,2025-11-17
15213.0,15213,Briana,Martin,M,,2025-11-18
15214.0,15214,Amanda,Jenkins,S,,2025-11-19
15215.0,15215,Alberto,Jiménez,S,,2025-11-20
15216.0,15216,Desiree,Gutierrez,M,,2025-11-21
15217.0,15217,Ethan,Jai,S,,2025-11-22
15218.0,15218,Willie,Johnsen,S,,2025-11-23
15219.0,15219,Clayton,Chen,S,,2025-11-24
15220.0,15220,Micah,Liu,S,,2025-11-25
15221.0,15221,Troy,Arun,S,,2025-11-26
15222.0,15222,Cynthia,Patel,M,,2025-11-27
15223.0,15223,Ebony,Martin,S,,2025-11-28
15224.0,15224,Pedro,Gutierrez,S,,2025-11-29
15225.0,15225,Yolanda,Bhat,M,,2025-11-30
15226.0,15226,Lori,Moreno,S,,2025-12-01
15227.0,15227,Harold,Malhotra,S,,2025-12-02
15228.0,15228,Jermaine,Raman,M,,2025-12-03
15229.0,15229,Calvin,Rai,M,,2025-12-04
15230.0,15230,Jillian,Vance,M,,2025-12-05
15231.0,15231,Alexia,Barnes,M,,2025-12-06
15232.0,15232,Omar,Ma,S,,2025-12-07
15233.0,15233,Tammy,Rodriguez,M,,2025-12-08
15234.0,15234,Kathleen,Moreno,S,,2025-12-09
15235.0,15235,Kari,Lopez,M,,2025-12-10
15236.0,15236,Brandy,Kapoor,M,,2025-12-11
15237.0,15237,Devon,Lal,M,,2025-12-12
15238.0,15238,Jonathon,Alonso,M,,2025-12-13
15239.0,15239,Sergio,Rodriguez,M,,2025-12-14
15240.0,15240,Monique,Navarro,M,,2025-12-15
15241.0,15241,Geoffrey,Madan,M,,2025-12-16
15242.0,15242,Neil,Suarez,M,,2025-12-17
15243.0,15243,Lauren,Harris,M,,2025-12-18
15244.0,15244,Alexis,Rodriguez,M,,2025-12-19
15245.0,15245,Eduardo,Ross,M,,2025-12-20
15246.0,15246,Kaitlyn,Watson,M,,2025-12-21
15247.0,15247,Catherine,Stewart,S,,2025-12-22
15248.0,15248,Richard,Harris,M,,2025-12-23
15249.0,15249,Abigail,Anderson,S,,2025-12-24
15250.0,15250,Jose,Scott,S,,2025-12-24
15251.0,15251,Noah,Hall,S,,2025-12-24
15252.0,15252,Jada,Murphy,M,,2025-12-24
15253.0,15253,Barry,Suri,M,,2025-12-24
15254.0,15254,Carla,Chapman,M,,2025-12-24
15255.0,15255,Evan,Collins,M,,2025-12-24
15256.0,15256,Dalton,Ramirez,S,,2025-12-24
15257.0,15257,Matthew,Anderson,S,,2025-12-24
15258.0,15258,Chloe,Reed,M,,2025-12-24
15259.0,15259,Franklin,Zhu,S,,2025-12-24
15260.0,15260,Kathleen,Torres,S,,2025-12-24
15261.0,15261,Carolyn,Torres,M,,2025-12-24
15262.0,15262,Jan,Gonzalez,M,,2025-12-24
15263.0,15263,Paige,Coleman,M,,2025-12-24
15264.0,15264,Peter,Goel,M,,2025-12-24
15265.0,15265,Kristopher,Malhotra,S,,2025-12-24
15266.0,15266,Briana,Suarez,M,,2025-12-24
15267.0,15267,Kendra,Alvarez,M,,2025-12-24
15268.0,15268,Shannon,Wu,S,,2025-12-24
15269.0,15269,Chloe,King,M,,2025-12-24
15270.0,15270,Ariana,Cox,S,,2025-12-24
15271.0,15271,Samuel,Yang,S,,2025-12-24
15272.0,15272,Kyle,Gonzales,S,,2025-12-24
15273.0,15273,Brandon,Alexander,S,,2025-12-24
15274.0,15274,Alexander,Johnson,S,,2025-12-24
15275.0,15275,Eric,Collins,M,,2025-12-24
15276.0,15276,Megan,Hall,S,,2025-12-24
15277.0,15277,Hailey,Griffin,S,,2025-12-24
15278.0,15278,Brandon,Russell,S,,2025-12-24
15279.0,15279,Hunter,Lee,S,,2025-12-24
15280.0,15280,Mya,Griffin,S,,2025-12-24
15281.0,15281,Hunter,Anderson,S,,2025-12-24
15282.0,15282,Elizabeth,Thomas,M,,2025-12-24
15283.0,15283,Eugene,Li,S,,2025-12-24
15284.0,15284,Jay,Prasad,S,,2025-12-24
15285.0,15285,Olivia,Rodriguez,S,,2025-12-24
15286.0,15286,Thomas,Nelson,M,,2025-12-24
15287.0,15287,Stephanie,Baker,S,,2025-12-24
15288.0,15288,Logan,Perry,M,,2025-12-24
15289.0,15289,Katelyn,Gray,M,,2025-12-24
15290.0,15290,Edward,Thompson,M,,2025-12-24
15291.0,15291,Julia,Alexander,S,,2025-12-24
15292.0,15292,Megan,Bailey,S,,2025-12-24
15293.0,15293,Mason,Watson,M,,2025-12-24
15294.0,15294,Michael,Robinson,M,,2025-12-24
15295.0,15295,Louis,Shan,M,,2025-12-24
15296.0,15296,Chloe,Peterson,M,,2025-12-24
15297.0,15297,Nicole,Bryant,M,,2025-12-24
15298.0,15298,Joe,Chandra,M,,2025-12-24
15299.0,15299,Charles,Lopez,M,,2025-12-24
15300.0,15300,Seth,Butler,M,,2025-12-24
15301.0,15301,Amy,Guo,S,,2025-12-24
15302.0,15302,Brianna,Thomas,S,,2025-12-24
15303.0,15303,Haley,Patterson,S,,2025-12-24
15304.0,15304,Miranda,Powell,M,,2025-12-24
15305.0,15305,Jacquelyn,Ortega,S,,2025-12-24
15306.0,15306,Victoria,Sanchez,M,,2025-12-24
15307.0,15307,Jennifer,Garcia,M,,2025-12-24
15308.0,15308,Christy,Lal,M,,2025-12-24
15309.0,15309,Dylan,Wilson,M,,2025-12-24
15310.0,15310,Amanda,Stewart,M,,2025-12-24
15311.0,15311,Brandon,Thompson,M,,2025-12-24
15312.0,15312,Alexandria,Gonzales,M,,2025-12-24
15313.0,15313,Garrett,Morris,M,,2025-12-24
15314.0,15314,Eduardo,Torres,S,,2025-12-24
15315.0,15315,Katherine,Bennett,M,,2025-12-24
15316.0,15316,Alexis,Harris,M,,2025-12-24
15317.0,15317,Rachel,Jenkins,M,,2025-12-24
15318.0,15318,Grace,Watson,M,,2025-12-24
15319.0,15319,Jade,Sanchez,M,,2025-12-24
15320.0,15320,Eduardo,Brooks,M,,2025-12-24
15321.0,15321,Blake,Phillips,M,,2025-12-24
15322.0,15322,Evan,Green,M,,2025-12-24
15323.0,15323,Eduardo,Wilson,M,,2025-12-24
15324.0,15324,Renee,Serrano,M,,2025-12-24
15325.0,15325,Elijah,Hayes,M,,2025-12-24
15326.0,15326,Todd,Zheng,M,,2025-12-24
15327.0,15327,Paula,Hernandez,S,,2025-12-24
15328.0,15328,Fernando,Jackson,M,,2025-12-24
15329.0,15329,Brianna,Cox,S,,2025-12-24
15330.0,15330,Catherine,Richardson,S,,2025-12-24
15331.0,15331,Jacob,Taylor,M,,2025-12-24
15332.0,15332,Jason,Sharma,M,,2025-12-24
15333.0,15333,Marie,Diaz,M,,2025-12-24
15334.0,15334,Sydney,Williams,S,,2025-12-24
15335.0,15335,Emily,Patterson,S,,2025-12-24
15336.0,15336,Marco,Garcia,M,,2025-12-24
15337.0,15337,Rachel,Gonzales,M,,2025-12-24
15338.0,15338,Marie,Navarro,M,,2025-12-24
15339.0,15339,Noah,Zhang,M,,2025-12-24
15340.0,15340,Brittany,Barnes,M,,2025-12-24
15341.0,15341,Lacey,Deng,M,,2025-12-24
15342.0,15342,Ashlee,Raji,M,,2025-12-24
15343.0,15343,Carson,Barnes,M,,2025-12-24
15344.0,15344,Luke,Russell,M,,2025-12-24
15345.0,15345,Ashley,Perry,M,,2025-12-25
15346.0,15346,Charles,Rodriguez,S,,2025-12-26
15347.0,15347,Deanna,Alonso,M,,2025-12-27
15348.0,15348,Greg,Carter,S,,2025-12-28
15349.0,15349,Stephanie,Gonzalez,M,,2025-12-29
15350.0,15350,Kathleen,Serrano,M,,2025-12-30
15351.0,15351,Steve,Lu,M,,2025-12-31
15352.0,15352,Raymond,Martinez,S,,2026-01-01
15353.0,15353,Michele,Xu,S,,2026-01-02
15354.0,15354,Corey,Kumar,M,,2026-01-03
15355.0,15355,Janelle,Martinez,M,,2026-01-04
15356.0,15356,Dawn,Jai,M,,2026-01-04
15357.0,15357,Craig,Navarro,M,,2026-01-04
15358.0,15358,Danielle,Sanders,S,,2026-01-04
15359.0,15359,Logan,Yang,M,,2026-01-04
15360.0,15360,Ryan,Martin,M,,2026-01-04
15361.0,15361,Thomas,Gonzales,S,,2026-01-04
15362.0,15362,Jennifer,Adams,M,,2026-01-04
15363.0,15363,Justin,Yang,M,,2026-01-04
15364.0,15364,Aidan,Bryant,S,,2026-01-04
15365.0,15365,Victoria,Gray,M,,2026-01-04
15366.0,15366,Alyssa,Coleman,M,,2026-01-04
15367.0,15367,Alyssa,White,S,,2026-01-04
15368.0,15368,Brandi,Martin,M,,2026-01-04
15369.0,15369,Connor,Perez,M,,2026-01-04
15370.0,15370,Jessica,Butler,M,,2026-01-04
15371.0,15371,Cameron,Bryant,M,,2026-01-04
15372.0,15372,Miguel,Alexander,M,,2026-01-04
15373.0,15373,Kaitlyn,Jones,M,,2026-01-04
15374.0,15374,Donna,Kumar,M,,2026-01-04
15375.0,15375,Alisha,Chande,S,,2026-01-04
15376.0,15376,Megan,Sanders,S,,2026-01-04
15377.0,15377,Brianna,Jackson,S,,2026-01-04
15378.0,15378,Devin,Ward,M,,2026-01-04
15379.0,15379,Amanda,Griffin,M,,2026-01-04
15380.0,15380,Nathan,Robinson,M,,2026-01-04
15381.0,15381,Alexa,Howard,M,,2026-01-04
15382.0,15382,Kimberly,Blue,M,,2026-01-04
15383.0,15383,Charles,Rivera,M,,2026-01-04
15384.0,15384,Xavier,Alan,M,,2026-01-04
15385.0,15385,Destiny,Reed,M,,2026-01-04
15386.0,15386,Nicholas,Taylor,S,,2026-01-04
15387.0,15387,Miguel,Rodriguez,M,,2026-01-04
15388.0,15388,Victoria,Smith,M,,2026-01-04
15389.0,15389,Joan,King,S,,2026-01-04
15390.0,15390,Jonathan,Turner,M,,2026-01-04
15391.0,15391,Jordyn,Powell,M,,2026-01-04
15392.0,15392,Sydney,Brown,S,,2026-01-04
15393.0,15393,Rebekah,Ruiz,M,,2026-01-04
15394.0,15394,Natalie,Wilson,M,,2026-01-04
15395.0,15395,Joseph,Clark,S,,2026-01-04
15396.0,15396,Julia,Wilson,M,,2026-01-04
15397.0,15397,Karl,Tang,M,,2026-01-04
15398.0,15398,Jose,Wang,M,,2026-01-04
15399.0,15399,Mackenzie,Murphy,S,,2026-01-04
15400.0,15400,Samuel,Roberts,M,,2026-01-04
15401.0,15401,Rachel,Hughes,S,,2026-01-04
15402.0,15402,Connor,Evans,M,,2026-01-04
15403.0,15403,Jeremiah,Ross,M,,2026-01-04
15404.0,15404,Sydney,Robinson,S,,2026-01-04
15405.0,15405,Miguel,Ross,M,,2026-01-04
15406.0,15406,Amanda,Butler,S,,2026-01-04
15407.0,15407,Julia,Lee,S,,2026-01-04
15408.0,15408,Olivia,Thompson,S,,2026-01-04
15409.0,15409,Eduardo,Cooper,M,,2026-01-04
15410.0,15410,Katherine,Harris,M,,2026-01-04
15411.0,15411,Jay,Chandra,S,,2026-01-04
15412.0,15412,Ryan,Griffin,M,,2026-01-04
15413.0,15413,Donald,Prasad,M,,2026-01-04
15414.0,15414,Isaac,Richardson,M,,2026-01-04
15415.0,15415,Rachel,Gray,M,,2026-01-04
15416.0,15416,Edward,Barnes,M,,2026-01-04
15417.0,15417,Alvin,Lu,S,,2026-01-04
15418.0,15418,Angel,Kelly,S,,2026-01-04
15419.0,15419,Carlos,Baker,S,,2026-01-04
15420.0,15420,Nathan,Hernandez,M,,2026-01-04
15421.0,15421,Cameron,Clark,S,,2026-01-04
15422.0,15422,Kelly,Griffin,M,,2026-01-04
15423.0,15423,Jack,Long,S,,2026-01-04
15424.0,15424,Rebecca,Hill,S,,2026-01-04
15425.0,15425,Tina,Sai,M,,2026-01-04
15426.0,15426,Cristina,Kumar,S,,2026-01-04
15427.0,15427,Jade,Murphy,S,,2026-01-04
15428.0,15428,Richard,Howard,M,,2026-01-04
15429.0,15429,Aaron,Li,M,,2026-01-04
15430.0,15430,Alfredo,Jiménez,M,,2026-01-04
15431.0,15431,John,Jackson,M,,2026-01-04
15432.0,15432,Alvin,Kumar,S,,2026-01-04
15433.0,15433,Adam,Sharma,S,,2026-01-04
15434.0,15434,Brent,Zhou,M,,2026-01-04
15435.0,15435,Geoffrey,Raman,S,,2026-01-04
15436.0,15436,Patricia,Suri,S,,2026-01-04
15437.0,15437,Candace,Srini,M,,2026-01-04
15438.0,15438,Arthur,Rodriguez,M,,2026-01-04
15439.0,15439,Mason,Evans,M,,2026-01-04
15440.0,15440,Jon,Pal,M,,2026-01-04
15441.0,15441,Christy,Zeng,M,,2026-01-04
15442.0,15442,Alejandro,Shen,M,,2026-01-04
15443.0,15443,Francisco,Patel,M,,2026-01-04
15444.0,15444,Roy,Fernandez,M,,2026-01-04
15445.0,15445,Bob,Lopez,M,,2026-01-04
15446.0,15446,Levi,Madan,S,,2026-01-04
15447.0,15447,Regina,Madan,M,,2026-01-04
15448.0,15448,Omar,She,M,,2026-01-04
15449.0,15449,Cedric,Yuan,M,,2026-01-04
15450.0,15450,Marshall,Black,M,,2026-01-04
15451.0,15451,Linda,Munoz,M,,2026-01-04
15452.0,15452,Alison,Goel,M,,2026-01-04
15453.0,15453,Isabelle,Barnes,M,,2026-01-04
15454.0,15454,Ian,Bennett,M,,2026-01-04
15455.0,15455,Denise,Raman,S,,2026-01-04
15456.0,15456,Donald,Suri,S,,2026-01-04
15457.0,15457,Adriana,Martinez,M,,2026-01-04
15458.0,15458,Krystal,Ma,M,,2026-01-04
15459.0,15459,Beth,Dominguez,M,,2026-01-04
15460.0,15460,Bethany,Nara,M,,2026-01-04
15461.0,15461,Alberto,Gutierrez,M,,2026-01-04
15462.0,15462,Tony,Chande,M,,2026-01-04
15463.0,15463,Terrence,Yuan,S,,2026-01-04
15464.0,15464,Kristi,Blanco,M,,2026-01-04
15465.0,15465,Jacquelyn,Navarro,M,,2026-01-04
15466.0,15466,Elijah,Perez,M,,2026-01-04
15467.0,15467,Caleb,Shan,M,,2026-01-04
15468.0,15468,Emma,Foster,M,,2026-01-04
15469.0,15469,Fernando,Williams,M,,2026-01-04
15470.0,15470,Hailey,Lopez,M,,2026-01-04
15471.0,15471,Destiny,White,S,,2026-01-04
15472.0,15472,Jennifer,Torres,S,,2026-01-04
15473.0,15473,Abigail,Jenkins,S,,2026-01-04
15474.0,15474,Cameron,Lal,M,,2026-01-04
15475.0,15475,Kaitlyn,Brooks,S,,2026-01-04
15476.0,15476,Alyssa,Powell,S,,2026-01-04
15477.0,15477,Jose,Adams,S,,2026-01-04
15478.0,15478,Melanie,Russell,M,,2026-01-04
15479.0,15479,Andrea,Wright,M,,2026-01-04
15480.0,15480,Denise,Lopez,M,,2026-01-04
15481.0,15481,Jamie,Zhang,S,,2026-01-04
15482.0,15482,Audrey,Rubio,M,,2026-01-04
15483.0,15483,Katherine,Robinson,M,,2026-01-04
15484.0,15484,Samuel,Henderson,M,,2026-01-04
15485.0,15485,Jordan,Wright,M,,2026-01-04
15486.0,15486,Kevin,Griffin,M,,2026-01-04
15487.0,15487,Jesse,Ramirez,S,,2026-01-04
15488.0,15488,Evan,Richardson,M,,2026-01-04
15489.0,15489,Emily,Thompson,S,,2026-01-04
15490.0,15490,Kaitlyn,Rivera,S,,2026-01-04
15491.0,15491,Shannon,Li,S,,2026-01-04
15492.0,15492,Grace,Long,S,,2026-01-04
15493.0,15493,Eric,Chen,M,,2026-01-04
15494.0,15494,Anna,Ross,S,,2026-01-04
15495.0,15495,Craig,Alonso,M,,2026-01-04
15496.0,15496,Kelli,Goel,S,,2026-01-04
15497.0,15497,Katelyn,Phillips,M,,2026-01-04
15498.0,15498,Alexandra,Washington,M,,2026-01-04
15499.0,15499,Robert,Thomas,M,,2026-01-04
15500.0,15500,Keith,Raji,M,,2026-01-04
15501.0,15501,Justin,Simmons,M,,2026-01-04
15502.0,15502,Nathaniel,Howard,S,,2026-01-04
15503.0,15503,Caitlin,James,S,,2026-01-04
15504.0,15504,Jared,James,S,,2026-01-04
15505.0,15505,Gabriella,Bailey,S,,2026-01-04
15506.0,15506,Evan,Sanders,S,,2026-01-04
15507.0,15507,Hailey,Campbell,M,,2026-01-04
15508.0,15508,Megan,Brooks,M,,2026-01-04
15509.0,15509,Zachary,Washington,M,,2026-01-04
15510.0,15510,Ernest,She,M,,2026-01-04
15511.0,15511,Haley,Kelly,M,,2026-01-04
15512.0,15512,Jose,Hayes,M,,2026-01-04
15513.0,15513,Madeline,Perez,S,,2026-01-04
15514.0,15514,Angela,Ramirez,S,,2026-01-04
15515.0,15515,Carlos,Wright,M,,2026-01-04
15516.0,15516,Shaun,Raje,M,,2026-01-04
15517.0,15517,Thomas,Edwards,S,,2026-01-04
15518.0,15518,Richard,Bryant,M,,2026-01-04
15519.0,15519,Jennifer,Evans,M,,2026-01-04
15520.0,15520,Desiree,Navarro,S,,2026-01-04
15521.0,15521,Kathryn,Deng,S,,2026-01-04
15522.0,15522,Ethan,Russell,M,,2026-01-04
15523.0,15523,Jonathan,Yang,S,,2026-01-04
15524.0,15524,Dalton,Stone,M,,2026-01-04
15525.0,15525,Marie,Gonzalez,S,,2026-01-04
15526.0,15526,Isabelle,Flores,S,,2026-01-04
15527.0,15527,Megan,Rivera,S,,2026-01-04
15528.0,15528,Lucas,Ramirez,M,,2026-01-04
15529.0,15529,Jason,Allen,M,,2026-01-04
15530.0,15530,Madison,Johnson,S,,2026-01-04
15531.0,15531,Calvin,Raji,M,,2026-01-04
15532.0,15532,Marshall,Jai,S,,2026-01-04
15533.0,15533,Anna,Richardson,S,,2026-01-04
15534.0,15534,Steven,Bell,S,,2026-01-04
15535.0,15535,Jordan,Scott,M,,2026-01-04
15536.0,15536,Victoria,Thomas,M,,2026-01-04
15537.0,15537,Destiny,Peterson,M,,2026-01-04
15538.0,15538,Luis,Lal,S,,2026-01-04
15539.0,15539,Raul,Goel,S,,2026-01-04
15540.0,15540,Randall,Ortega,S,,2026-01-04
15541.0,15541,Zoe,Morris,S,,2026-01-04
15542.0,15542,Andrea,Baker,S,,2026-01-04
15543.0,15543,Emma,Flores,S,,2026-01-04
15544.0,15544,Thomas,Brown,M,,2026-01-04
15545.0,15545,Jennifer,Rivera,M,,2026-01-04
15546.0,15546,Robert,Jenkins,M,,2026-01-04
15547.0,15547,Cassidy,Wood,M,,2026-01-04
15548.0,15548,Morgan,Brooks,M,,2026-01-04
15549.0,15549,Richard,Davis,S,,2026-01-04
15550.0,15550,Orlando,Alonso,S,,2026-01-04
15551.0,15551,Kaylee,Gray,S,,2026-01-04
15552.0,15552,Tyler,Lewis,S,,2026-01-04
15553.0,15553,Ivan,Lopez,S,,2026-01-04
15554.0,15554,Zoe,Bailey,S,,2026-01-04
15555.0,15555,Hailey,Barnes,M,,2026-01-04
15556.0,15556,Dylan,Davis,M,,2026-01-04
15557.0,15557,Nathaniel,Murphy,M,,2026-01-04
15558.0,15558,Hailey,Morris,M,,2026-01-04
15559.0,15559,Devin,Flores,M,,2026-01-04
15560.0,15560,Gabrielle,Gray,M,,2026-01-04
15561.0,15561,Angel,Young,S,,2026-01-04
15562.0,15562,Kaitlyn,James,S,,2026-01-04
15563.0,15563,Luke,Lopez,M,,2026-01-04
15564.0,15564,Eduardo,Hughes,M,,2026-01-04
15565.0,15565,Kyle,Mitchell,S,,2026-01-04
15566.0,15566,Aaron,Foster,M,,2026-01-04
15567.0,15567,Carmen,Madan,M,,2026-01-04
15568.0,15568,Aaron,Hayes,M,,2026-01-04
15569.0,15569,Morgan,Ward,M,,2026-01-04
15570.0,15570,Brianna,Powell,S,,2026-01-04
15571.0,15571,Angel,Allen,S,,2026-01-04
15572.0,15572,Anna,Garcia,M,,2026-01-04
15573.0,15573,Thomas,Wilson,S,,2026-01-04
15574.0,15574,Carlos,Peterson,S,,2026-01-04
15575.0,15575,Alvin,Ye,M,,2026-01-04
15576.0,15576,Carly,Raje,S,,2026-01-04
15577.0,15577,Mayra,Malhotra,M,,2026-01-04
15578.0,15578,Diane,Gill,M,,2026-01-04
15579.0,15579,Brittany,Coleman,S,,2026-01-04
15580.0,15580,Ruben,Raman,M,,2026-01-04
15581.0,15581,Toni,Perez,S,,2026-01-04
15582.0,15582,Jeffery,Cai,M,,2026-01-04
15583.0,15583,Lindsey,Xu,S,,2026-01-04
15584.0,15584,Christy,Raji,M,,2026-01-04
15585.0,15585,Roy,Garcia,M,,2026-01-04
15586.0,15586,Victor,Blanco,M,,2026-01-04
15587.0,15587,Jessica,Ward,M,,2026-01-04
15588.0,15588,Kristy,Alvarez,M,,2026-01-04
15589.0,15589,Gilbert,He,M,,2026-01-04
15590.0,15590,Marshall,Wu,M,,2026-01-04
15591.0,15591,Darren,Srini,S,,2026-01-04
15592.0,15592,Janet,Moreno,M,,2026-01-04
15593.0,15593,Naomi,Martin,M,,2026-01-04
15594.0,15594,Joanna,Carlson,S,,2026-01-04
15595.0,15595,Andre,Sanchez,M,,2026-01-04
15596.0,15596,Gilbert,Goel,S,,2026-01-04
15597.0,15597,Terry,Raji,M,,2026-01-04
15598.0,15598,Tanya,Rubio,S,,2026-01-04
15599.0,15599,Darryl,Ma,S,,2026-01-04
15600.0,15600,Josue,Dominguez,M,,2026-01-04
15601.0,15601,Naomi,Moreno,M,,2026-01-04
15602.0,15602,Warren,Wu,S,,2026-01-04
15603.0,15603,Philip,Blanco,M,,2026-01-04
15604.0,15604,Clifford,Prasad,M,,2026-01-04
15605.0,15605,Alan,Yang,M,,2026-01-04
15606.0,15606,Marco,Prasad,M,,2026-01-04
15607.0,15607,Ricky,Gill,S,,2026-01-04
15608.0,15608,Faith,James,S,,2026-01-04
15609.0,15609,Karl,Sharma,S,,2026-01-04
15610.0,15610,Jessica,Gonzales,S,,2026-01-04
15611.0,15611,Michele,Patel,S,,2026-01-04
15612.0,15612,Damien,Ma,S,,2026-01-04
15613.0,15613,Melinda,Moreno,S,,2026-01-04
15614.0,15614,Faith,Simmons,M,,2026-01-04
15615.0,15615,Erika,Alvarez,S,,2026-01-04
15616.0,15616,Janet,Alonso,S,,2026-01-04
15617.0,15617,Dawn,Chande,S,,2026-01-04
15618.0,15618,Gabriel,Sharma,M,,2026-01-04
15619.0,15619,Levi,Subram,M,,2026-01-04
15620.0,15620,Dominique,Subram,S,,2026-01-04
15621.0,15621,Kelli,Wu,S,,2026-01-04
15622.0,15622,Yvonne,Schleger,S,,2026-01-04
15623.0,15623,Molly,Madan,M,F,2026-01-04
15624.0,15624,Tyrone,Rubio,M,M,2026-01-04
15625.0,15625,Clinton,Alvarez,M,M,2026-01-04
15626.0,15626,Eduardo,White,M,M,2026-01-04
15627.0,15627,Troy,Srini,S,M,2026-01-04
15628.0,15628,Brianna,Sandberg,M,F,2026-01-04
15629.0,15629,Meghan,Ruiz,S,F,2026-01-04
15630.0,15630,Nichole,Tang,S,F,2026-01-04
15631.0,15631,Clayton,Andersen,S,M,2026-01-04
15632.0,15632,Gloria,Carlson,M,F,2026-01-04
15633.0,15633,Ashlee,Shan,S,F,2026-01-04
15634.0,15634,Dalton,Kelly,S,M,2026-01-04
15635.0,15635,Sheila,Martin,S,F,2026-01-04
15636.0,15636,David,White,S,M,2026-01-04
15637.0,15637,Russell,Sharma,S,M,2026-01-04
15638.0,15638,Rosa,He,M,F,2026-01-04
15639.0,15639,Melanie,Coleman,M,F,2026-01-04
15640.0,15640,Gary,Gomez,S,M,2026-01-04
15641.0,15641,Marco,Sara,M,M,2026-01-04
15642.0,15642,Cara,Gao,S,F,2026-01-04
15643.0,15643,Omar,Raji,S,M,2026-01-04
15644.0,15644,Savannah,Gonzalez,S,F,2026-01-04
15645.0,15645,Javier,Gill,M,M,2026-01-04
15646.0,15646,Emma,Kelly,S,F,2026-01-04
15647.0,15647,Dawn,He,M,F,2026-01-04
15648.0,15648,Edgar,Gonzalez,M,M,2026-01-04
15649.0,15649,Melinda,Jimenez,M,F,2026-01-04
15650.0,15650,Ronnie,Li,S,M,2026-01-04
15651.0,15651,Ann,Lopez,S,F,2026-01-04
15652.0,15652,Barbara,Wang,M,F,2026-01-04
15653.0,15653,Gerald,Madan,S,M,2026-01-04
15654.0,15654,Levi,Fernandez,S,M,2026-01-04
15655.0,15655,Deanna,Gomez,M,F,2026-01-04
15656.0,15656,Darryl,Zhao,S,M,2026-01-04
15657.0,15657,Marcus,Hayes,M,M,2026-01-04
15658.0,15658,Victoria,Rogers,S,F,2026-01-04
15659.0,15659,Angela,Rivera,M,F,2026-01-04
15660.0,15660,April,Jai,M,F,2026-01-04
15661.0,15661,Brandon,Robinson,M,M,2026-01-04
15662.0,15662,Megan,Richardson,M,F,2026-01-04
15663.0,15663,Mandy,Chen,M,F,2026-01-04
15664.0,15664,Jill,Vazquez,S,F,2026-01-04
15665.0,15665,Kristi,Sai,M,F,2026-01-04
15666.0,15666,Bianca,Liang,S,F,2026-01-04
15667.0,15667,Hector,Ramos,M,M,2026-01-04
15668.0,15668,Erick,Fernandez,M,M,2026-01-04
15669.0,15669,Paul,Suurs,M,F,2026-01-04
15670.0,15670,Sergio,Sánchez,M,M,2026-01-04
15671.0,15671,Lawrence,Torres,S,M,2026-01-04
15672.0,15672,Kelvin,Nara,S,M,2026-01-04
15673.0,15673,Jon,Goel,S,M,2026-01-04
15674.0,15674,Tommy,Raheem,S,M,2026-01-04
15675.0,15675,Jay,Alonso,M,M,2026-01-04
15676.0,15676,Todd,Wang,S,M,2026-01-04
15677.0,15677,Alyssa,Bradley,M,F,2026-01-04
15678.0,15678,Susan,Zhou,M,F,2026-01-04
15679.0,15679,Robert,Patterson,M,M,2026-01-04
15680.0,15680,Tasha,She,M,F,2026-01-04
15681.0,15681,Emma,Gonzales,M,F,2026-01-04
15682.0,15682,Heidi,Garcia,S,F,2026-01-04
15683.0,15683,Jessie,Carlson,S,F,2026-01-04
15684.0,15684,Tyrone,Suarez,S,M,2026-01-04
15685.0,15685,Robin,Vazquez,M,F,2026-01-04
15686.0,15686,Pedro,Vazquez,M,M,2026-01-04
15687.0,15687,Jay,Suri,M,M,2026-01-04
15688.0,15688,Chase,Gray,M,M,2026-01-04
15689.0,15689,Stacey,Wang,S,F,2026-01-04
15690.0,15690,Clifford,Perez,S,M,2026-01-04
15691.0,15691,Julian,Henderson,M,M,2026-01-04
15692.0,15692,Ryan,Garcia,M,M,2026-01-04
15693.0,15693,Isabel,Barnes,S,F,2026-01-04
15694.0,15694,Stephanie,Diaz,M,F,2026-01-04
15695.0,15695,Bruce,Gomez,M,M,2026-01-04
15696.0,15696,Damien,Sun,M,M,2026-01-04
15697.0,15697,Julia,Morris,M,F,2026-01-04
15698.0,15698,Susan,Wang,S,F,2026-01-04
15699.0,15699,Jonathon,Hernandez,M,M,2026-01-04
15700.0,15700,Eugene,Guo,M,M,2026-01-04
15701.0,15701,Jillian,Kapoor,M,F,2026-01-04
15702.0,15702,Ruth,Mehta,M,F,2026-01-04
15703.0,15703,Alison,Chande,M,F,2026-01-04
15704.0,15704,Peter,Luo,S,M,2026-01-04
15705.0,15705,Gabriel,Simmons,M,M,2026-01-04
15706.0,15706,Tina,Arthur,M,F,2026-01-04
15707.0,15707,Robin,Rubio,M,F,2026-01-04
15708.0,15708,Nina,Jai,M,F,2026-01-04
15709.0,15709,Chelsea,Prasad,M,F,2026-01-04
15710.0,15710,Brandy,Rana,M,F,2026-01-04
15711.0,15711,Jeffery,Liang,M,M,2026-01-04
15712.0,15712,Whitney,Chandra,M,F,2026-01-04
15713.0,15713,Hannah,Lee,M,F,2026-01-04
15714.0,15714,Bethany,Pal,S,F,2026-01-04
15715.0,15715,Isabella,Adams,S,F,2026-01-04
15716.0,15716,Roy,Madan,S,M,2026-01-04
15717.0,15717,Alexia,Henderson,S,F,2026-01-04
15718.0,15718,Heather,Lin,M,F,2026-01-04
15719.0,15719,Lacey,Liang,M,F,2026-01-04
15720.0,15720,Jaime,Ramos,M,F,2026-01-04
15721.0,15721,Cara,Guo,S,F,2026-01-04
15722.0,15722,Angela,Jenkins,M,F,2026-01-04
15723.0,15723,Kate,Deng,M,F,2026-01-04
15724.0,15724,Roger,She,S,M,2026-01-04
15725.0,15725,Trevor,Price,M,M,2026-01-04
15726.0,15726,Faith,Barnes,M,F,2026-01-04
15727.0,15727,Alisha,Zeng,M,F,2026-01-04
15728.0,15728,Keith,Sharma,M,M,2026-01-04
15729.0,15729,Mayra,Suri,M,F,2026-01-04
15730.0,15730,Philip,Dominguez,M,M,2026-01-04
15731.0,15731,Corey,Chavez,S,M,2026-01-04
15732.0,15732,Sandra,Zhu,M,F,2026-01-04
15733.0,15733,Leslie,Ramos,M,F,2026-01-04
15734.0,15734,Alicia,Lal,M,F,2026-01-04
15735.0,15735,Lori,Blanco,M,F,2026-01-04
15736.0,15736,Sheena,Raje,M,F,2026-01-04
15737.0,15737,Alexander,Robinson,S,M,2026-01-04
15738.0,15738,Abigail,Miller,M,F,2026-01-04
15739.0,15739,Garrett,Rogers,M,M,2026-01-04
15740.0,15740,Johnny,Kumar,M,M,2026-01-04
15741.0,15741,Isabella,Allen,M,F,2026-01-04
15742.0,15742,Grace,Thompson,M,F,2026-01-04
15743.0,15743,Chloe,Thompson,M,F,2026-01-04
15744.0,15744,Angela,Gray,M,F,2026-01-04
15745.0,15745,Julian,Hayes,M,M,2026-01-04
15746.0,15746,Emily,Walker,M,F,2026-01-04
15747.0,15747,Evan,Nelson,M,M,2026-01-04
15748.0,15748,Austin,Jenkins,M,M,2026-01-04
15749.0,15749,Grace,Brown,S,F,2026-01-04
15750.0,15750,Kaitlin,Martinez,M,F,2026-01-04
15751.0,15751,Kristen,Xu,S,F,2026-01-04
15752.0,15752,Bobby,Rodriguez,M,M,2026-01-04
15753.0,15753,Margaret,Li,S,F,2026-01-04
15754.0,15754,Crystal,Xu,S,F,2026-01-04
15755.0,15755,Connor,Flores,M,M,2026-01-04
15756.0,15756,Kari,Gutierrez,S,F,2026-01-04
15757.0,15757,Edwin,Ferrier,S,M,2026-01-04
15758.0,15758,Arturo,Andersen,M,M,2026-01-04
15759.0,15759,Erin,Brooks,M,F,2026-01-04
15760.0,15760,Richard,James,M,M,2026-01-04
15761.0,15761,Xavier,Thompson,S,M,2026-01-04
15762.0,15762,Garrett,Stewart,S,M,2026-01-04
15763.0,15763,Xavier,Young,M,M,2026-01-04
15764.0,15764,Louis,Guo,S,M,2026-01-04
15765.0,15765,Gilbert,Deng,M,M,2026-01-04
15766.0,15766,Priscilla,Black,S,F,2026-01-04
15767.0,15767,George,Prasad,S,M,2026-01-04
15768.0,15768,Victoria,Walker,M,F,2026-01-04
15769.0,15769,Kelly,Coleman,M,F,2026-01-04
15770.0,15770,Xavier,Brooks,S,M,2026-01-04
15771.0,15771,Maria,Diaz,M,F,2026-01-04
15772.0,15772,Christopher,Anderson,M,M,2026-01-04
15773.0,15773,Dylan,Jenkins,M,M,2026-01-04
15774.0,15774,Natalie,Kelly,M,F,2026-01-04
15775.0,15775,Michelle,Ward,M,F,2026-01-04
15776.0,15776,Jesse,Mitchell,M,M,2026-01-04
15777.0,15777,Brianna,Smith,M,F,2026-01-04
15778.0,15778,José,Miller,S,M,2026-01-04
15779.0,15779,Jackson,Hayes,M,M,2026-01-04
15780.0,15780,Claudia,McDonald,M,F,2026-01-04
15781.0,15781,Blake,Evans,M,M,2026-01-04
15782.0,15782,Katelyn,Collins,M,F,2026-01-04
15783.0,15783,David,Alexander,M,M,2026-01-04
15784.0,15784,Rebekah,Vazquez,M,F,2026-01-04
15785.0,15785,Edwin,Zhang,S,M,2026-01-04
15786.0,15786,Marshall,Andersen,M,M,2026-01-04
15787.0,15787,Cynthia,Gonzalez,S,F,2026-01-04
15788.0,15788,Barbara,Li,S,F,2026-01-04
15789.0,15789,Steve,Schmidt,S,F,2026-01-04
15790.0,15790,Colin,Xu,S,M,2026-01-04
15791.0,15791,Megan,Long,M,F,2026-01-04
15792.0,15792,Ernest,Zhou,M,M,2026-01-04
15793.0,15793,Renee,Navarro,S,F,2026-01-04
15794.0,15794,Tonya,Chander,M,F,2026-01-04
15795.0,15795,Diane,Munoz,M,F,2026-01-04
15796.0,15796,Edward,Hayes,M,M,2026-01-04
15797.0,15797,Isaac,Cox,M,M,2026-01-04
15798.0,15798,Anne,Munoz,S,F,2026-01-04
15799.0,15799,Victoria,Anderson,M,F,2026-01-04
15800.0,15800,Alberto,Serrano,S,M,2026-01-04
15801.0,15801,Katrina,Shen,S,F,2026-01-04
15802.0,15802,Bridget,Kumar,S,F,2026-01-04
15803.0,15803,Bradley,Goel,M,M,2026-01-04
15804.0,15804,Brittney,Liu,M,F,2026-01-04
15805.0,15805,Dawn,Lin,M,F,2026-01-04
15806.0,15806,Devin,Allen,M,M,2026-01-04
15807.0,15807,Scot,Schulte,S,M,2026-01-04
15808.0,15808,Natasha,Blanco,M,F,2026-01-04
15809.0,15809,Christian,Sharma,M,M,2026-01-04
15810.0,15810,Regina,Kapoor,M,F,2026-01-04
15811.0,15811,Barbara,Schultz,M,M,2026-01-04
15812.0,15812,Logan,Allen,M,M,2026-01-04
15813.0,15813,Julian,Diaz,S,M,2026-01-04
15814.0,15814,Monica,Subram,S,F,2026-01-04
15815.0,15815,Nicole,Price,S,F,2026-01-04
15816.0,15816,Victoria,Miller,M,F,2026-01-04
15817.0,15817,Chloe,Alexander,S,F,2026-01-04
15818.0,15818,Stanley,Perez,M,M,2026-01-04
15819.0,15819,Savannah,Cox,S,F,2026-01-04
15820.0,15820,Chase,Ward,M,M,2026-01-04
15821.0,15821,Logan,Anderson,S,M,2026-01-04
15822.0,15822,Damien,Zhu,M,M,2026-01-04
15823.0,15823,Sharon,Tang,S,F,2026-01-04
15824.0,15824,Lindsay,Kumar,S,F,2026-01-04
15825.0,15825,Angela,Simmons,S,F,2026-01-04
15826.0,15826,Marissa,Price,S,F,2026-01-04
15827.0,15827,Danielle,Ward,S,F,2026-01-04
15828.0,15828,Robyn,Ramos,M,F,2026-01-04
15829.0,15829,Devin,Diaz,S,M,2026-01-04
15830.0,15830,Naomi,Alonso,M,F,2026-01-04
15831.0,15831,Omar,He,M,M,2026-01-04
15832.0,15832,Manuel,Martinez,S,M,2026-01-04
15833.0,15833,Tabitha,Kovar,S,F,2026-01-04
15834.0,15834,Rebecca,Green,S,F,2026-01-04
15835.0,15835,Marcus,Smith,S,M,2026-01-04
15836.0,15836,Devin,Jackson,S,M,2026-01-04
15837.0,15837,Julia,Johnston,S,F,2026-01-04
15838.0,15838,Julia,Taylor,S,F,2026-01-04
15839.0,15839,William,Taylor,S,M,2026-01-04
15840.0,15840,Natalie,Peterson,M,F,2026-01-04
15841.0,15841,Luis,Shan,S,M,2026-01-04
15842.0,15842,Haley,Gray,M,F,2026-01-04
15843.0,15843,Caleb,Wright,S,M,2026-01-04
15844.0,15844,Megan,Brown,M,F,2026-01-04
15845.0,15845,Mackenzie,Carter,M,F,2026-01-04
15846.0,15846,Julian,Flores,S,M,2026-01-04
15847.0,15847,Edward,White,M,M,2026-01-04
15848.0,15848,Gabrielle,Hernandez,M,F,2026-01-04
15849.0,15849,Destiny,Kelly,S,F,2026-01-04
15850.0,15850,Rachel,Bradley,S,F,2026-01-04
15851.0,15851,Taylor,Anderson,S,F,2026-01-04
15852.0,15852,Oscar,Henderson,S,M,2026-01-04
15853.0,15853,Jasmine,Brown,M,F,2026-01-04
15854.0,15854,Miranda,Wood,M,F,2026-01-04
15855.0,15855,Noah,Jones,M,M,2026-01-04
15856.0,15856,Luis,Gonzales,M,M,2026-01-04
15857.0,15857,Isabella,White,S,F,2026-01-04
15858.0,15858,Jonathan,Parker,M,M,2026-01-04
15859.0,15859,Abigail,Ramirez,S,F,2026-01-04
15860.0,15860,Joe,Moreno,S,M,2026-01-04
15861.0,15861,Damien,Zhao,S,M,2026-01-04
15862.0,15862,Sriniwa,Narayanan,S,F,2026-01-04
15863.0,15863,Adam,Scott,M,M,2026-01-04
15864.0,15864,Lauren,Bailey,S,F,2026-01-04
15865.0,15865,Isabel,Price,S,F,2026-01-04
15866.0,15866,Abigail,White,S,F,2026-01-04
15867.0,15867,Victoria,White,S,F,2026-01-04
15868.0,15868,Caleb,Lal,S,M,2026-01-04
15869.0,15869,Alexandra,Hall,S,F,2026-01-04
15870.0,15870,Zoe,Howard,S,F,2026-01-04
15871.0,15871,Ryan,Jai,M,M,2026-01-04
15872.0,15872,Gabriella,Gonzalez,M,F,2026-01-04
15873.0,15873,Hailey,Richardson,M,F,2026-01-04
15874.0,15874,Samuel,Martin,M,M,2026-01-04
15875.0,15875,Devin,Morris,M,M,2026-01-04
15876.0,15876,Eduardo,Turner,M,M,2026-01-04
15877.0,15877,Jordan,Perez,M,M,2026-01-04
15878.0,15878,Kevin,Flores,M,M,2026-01-04
15879.0,15879,Tyler,Wilson,M,M,2026-01-04
15880.0,15880,Patrick,Bailey,M,M,2026-01-04
15881.0,15881,Destiny,Williams,M,F,2026-01-04
15882.0,15882,Maurice,Xie,S,M,2026-01-04
15883.0,15883,Tristan,Coleman,M,M,2026-01-04
15884.0,15884,Dakota,Bradley,M,M,2026-01-04
15885.0,15885,Garrett,Sanchez,S,M,2026-01-04
15886.0,15886,Matthew,Brown,S,M,2026-01-04
15887.0,15887,Deanna,Vazquez,M,F,2026-01-04
15888.0,15888,Amanda,Richardson,M,F,2026-01-04
15889.0,15889,Robert,Wright,M,M,2026-01-04
15890.0,15890,James,Russell,S,M,2026-01-04
15891.0,15891,Jordan,Lopez,M,M,2026-01-04
15892.0,15892,Pamela,Srini,S,F,2026-01-04
15893.0,15893,Yolanda,Xu,M,F,2026-01-04
15894.0,15894,Joanna,Gutierrez,M,F,2026-01-04
15895.0,15895,Sophia,Parker,S,F,2026-01-04
15896.0,15896,Samuel,Jones,M,M,2026-01-04
15897.0,15897,Haley,Cooper,S,F,2026-01-04
15898.0,15898,Isaiah,Gonzalez,M,M,2026-01-04
15899.0,15899,Ian,James,M,M,2026-01-04
15900.0,15900,Wyatt,Roberts,S,M,2026-01-04
15901.0,15901,Taylor,Bryant,S,F,2026-01-04
15902.0,15902,Robert,Diaz,M,M,2026-01-04
15903.0,15903,Abigail,Barnes,M,F,2026-01-04
15904.0,15904,Janice,Bennett,M,F,2026-01-04
15905.0,15905,Taylor,Taylor,S,F,2026-01-04
15906.0,15906,Kaitlyn,Lewis,S,F,2026-01-04
15907.0,15907,Steven,Bailey,M,M,2026-01-04
15908.0,15908,David,Wilson,M,M,2026-01-04
15909.0,15909,Cassidy,Ross,M,F,2026-01-04
15910.0,15910,Caleb,Hughes,M,M,2026-01-04
15911.0,15911,Maria,Baker,M,F,2026-01-04
15912.0,15912,Mya,Simmons,S,F,2026-01-04
15913.0,15913,Antonio,Hughes,M,M,2026-01-04
15914.0,15914,Logan,Bryant,S,M,2026-01-04
15915.0,15915,Alex,Cox,S,M,2026-01-04
15916.0,15916,Brandon,Walker,M,M,2026-01-04
15917.0,15917,Emily,White,M,F,2026-01-04
15918.0,15918,Roberto,Ruiz,S,M,2026-01-04
15919.0,15919,Rebekah,Prasad,M,F,2026-01-04
15920.0,15920,Colin,Wu,S,M,2026-01-04
15921.0,15921,Donald,Patel,S,M,2026-01-04
15922.0,15922,Roger,Kumar,M,M,2026-01-04
15923.0,15923,Ricardo,Raje,S,M,2026-01-04
15924.0,15924,Omar,Wang,M,M,2026-01-04
15925.0,15925,Stanley,Subram,M,M,2026-01-04
15926.0,15926,Donna,Deng,S,F,2026-01-04
15927.0,15927,Gilbert,Huang,S,M,2026-01-04
15928.0,15928,Priscilla,Pal,S,F,2026-01-04
15929.0,15929,Karla,Raji,M,F,2026-01-04
15930.0,15930,Tiffany,He,M,F,2026-01-04
15931.0,15931,Micah,Xu,M,M,2026-01-04
15932.0,15932,Tabitha,Jimenez,M,F,2026-01-04
15933.0,15933,Clinton,Dominguez,S,M,2026-01-04
15934.0,15934,Nichole,Raji,S,F,2026-01-04
15935.0,15935,Amber,King,M,F,2026-01-04
15936.0,15936,Abigail,Johnson,M,F,2026-01-04
15937.0,15937,Grace,Lewis,M,F,2026-01-04
15938.0,15938,Sean,Collins,M,M,2026-01-04
15939.0,15939,Jennifer,Brown,M,F,2026-01-04
15940.0,15940,Jack,Bryant,M,M,2026-01-04
15941.0,15941,Bailey,Brooks,S,F,2026-01-04
15942.0,15942,Lucas,Rodriguez,M,M,2026-01-04
15943.0,15943,Richard,Watson,M,M,2026-01-04
15944.0,15944,Damien,Lu,M,M,2026-01-04
15945.0,15945,Alexandria,Kelly,M,F,2026-01-04
15946.0,15946,Wyatt,Wilson,S,M,2026-01-04
15947.0,15947,Michelle,Blue,M,F,2026-01-04
15948.0,15948,Angela,Hughes,S,F,2026-01-04
15949.0,15949,Katherine,Green,M,F,2026-01-04
15950.0,15950,Erin,Peterson,M,F,2026-01-04
15951.0,15951,Jenna,Baker,M,F,2026-01-04
15952.0,15952,Evan,Cooper,M,M,2026-01-04
15953.0,15953,Julio,Moreno,M,M,2026-01-04
15954.0,15954,Marshall,Deng,M,M,2026-01-04
15955.0,15955,Neil,Ortega,M,M,2026-01-04
15956.0,15956,Ryan,Li,M,M,2026-01-04
15957.0,15957,Samuel,Ross,S,M,2026-01-04
15958.0,15958,Nicole,Ross,M,F,2026-01-04
15959.0,15959,Logan,Rodriguez,M,M,2026-01-04
15960.0,15960,Brianna,Bryant,M,F,2026-01-04
15961.0,15961,Ashley,Walker,S,F,2026-01-04
15962.0,15962,Benjamin,Winter,S,M,2026-01-04
15963.0,15963,Madison,Smith,S,F,2026-01-04
15964.0,15964,Steven,Cox,S,M,2026-01-04
15965.0,15965,Jennifer,Watson,S,F,2026-01-04
15966.0,15966,Natalie,Foster,M,F,2026-01-04
15967.0,15967,Dakota,Diaz,M,M,2026-01-04
15968.0,15968,Edward,Gonzalez,S,M,2026-01-04
15969.0,15969,Sean,Murphy,S,M,2026-01-04
15970.0,15970,Samuel,Thompson,S,M,2026-01-04
15971.0,15971,Ryan,Jenkins,M,M,2026-01-04
15972.0,15972,Caitlin,Bailey,M,F,2026-01-04
15973.0,15973,Christopher,Garcia,M,M,2026-01-04
15974.0,15974,Marcus,Green,M,M,2026-01-04
15975.0,15975,Gabrielle,Collins,S,F,2026-01-04
15976.0,15976,Kristopher,Patel,S,M,2026-01-04
15977.0,15977,Julia,Harris,M,F,2026-01-04
15978.0,15978,Xavier,Walker,M,M,2026-01-04
15979.0,15979,Nicole,Cook,M,F,2026-01-04
15980.0,15980,Gabrielle,Morgan,S,F,2026-01-04
15981.0,15981,Gabriel,Powell,S,M,2026-01-04
15982.0,15982,Jose,Evans,M,M,2026-01-04
15983.0,15983,Alexis,Ross,M,F,2026-01-04
15984.0,15984,Nathan,Wright,M,M,2026-01-04
15985.0,15985,Devin,Johnson,M,M,2026-01-04
15986.0,15986,Dalton,Sanchez,S,M,2026-01-04
15987.0,15987,Nicole,Kelly,M,F,2026-01-04
15988.0,15988,Edward,Moore,M,M,2026-01-04
15989.0,15989,Savannah,Campbell,M,F,2026-01-04
15990.0,15990,Eduardo,Richardson,S,M,2026-01-04
15991.0,15991,David,Taylor,M,M,2026-01-04
15992.0,15992,Isabelle,Alexander,S,F,2026-01-04
15993.0,15993,Spencer,Coleman,M,M,2026-01-04
15994.0,15994,Olivia,Blue,M,F,2026-01-04
15995.0,15995,Kaitlyn,Johnson,M,F,2026-01-04
15996.0,15996,Emily,Barnes,M,F,2026-01-04
15997.0,15997,Melissa,Jenkins,M,F,2026-01-04
15998.0,15998,Marissa,Flores,M,F,2026-01-04
15999.0,15999,Maria,Hill,M,F,2026-01-04
16000.0,16000,Gabrielle,Ramirez,M,F,2026-01-04
16001.0,16001,Ricardo,Pal,M,M,2026-01-04
16002.0,16002,Paige,Hayes,M,F,2026-01-04
16003.0,16003,Carol,Robinson,M,F,2026-01-04
16004.0,16004,Joe,Martinez,M,M,2026-01-04
16005.0,16005,Jordan,Hill,S,M,2026-01-04
16006.0,16006,Angelica,Henderson,M,F,2026-01-04
16007.0,16007,Janelle,Gonzalez,M,F,2026-01-04
16008.0,16008,Morgan,Allen,M,F,2026-01-04
16009.0,16009,Matthew,Martinez,S,M,2026-01-04
16010.0,16010,Nicole,Wood,M,F,2026-01-04
16011.0,16011,Maria,Murphy,M,F,2026-01-04
16012.0,16012,Grace,Cooper,S,F,2026-01-04
16013.0,16013,Xavier,Williams,S,M,2026-01-04
16014.0,16014,Christopher,Wilson,M,M,2026-01-04
16015.0,16015,Jessica,Cooper,S,F,2026-01-04
16016.0,16016,Bradley,She,M,M,2026-01-04
16017.0,16017,Jeremy,Ramirez,M,M,2026-01-04
16018.0,16018,Emma,Henderson,S,F,2026-01-04
16019.0,16019,Amber,Hernandez,S,F,2026-01-04
16020.0,16020,Thomas,Diaz,M,M,2026-01-04
16021.0,16021,Shelby,Sanchez,S,F,2026-01-04
16022.0,16022,Devin,Hernandez,S,M,2026-01-04
16023.0,16023,Willie,Zhang,S,M,2026-01-04
16024.0,16024,Isaac,Hill,M,M,2026-01-04
16025.0,16025,Jorge,Sun,M,M,2026-01-04
16026.0,16026,Byron,Jiménez,M,M,2026-01-04
16027.0,16027,Anne,Vazquez,M,F,2026-01-04
16028.0,16028,Cody,Cooper,M,M,2026-01-04
16029.0,16029,Abby,Patel,M,F,2026-01-04
16030.0,16030,Max,Martin,M,M,2026-01-04
16031.0,16031,Ian,Allen,M,M,2026-01-04
16032.0,16032,Colin,Chavez,M,M,2026-01-04
16033.0,16033,Erica,Lin,M,F,2026-01-04
16034.0,16034,Pamela,Suri,M,F,2026-01-04
16035.0,16035,Sebastian,Morgan,M,M,2026-01-04
16036.0,16036,Maria,Long,M,F,2026-01-04
16037.0,16037,Melissa,Kelly,M,F,2026-01-04
16038.0,16038,Roy,Sai,M,M,2026-01-04
16039.0,16039,Steve,Yang,M,M,2026-01-04
16040.0,16040,Casey,Gill,M,M,2026-01-04
16041.0,16041,Pedro,Raman,S,M,2026-01-04
16042.0,16042,Ian,Hall,S,M,2026-01-04
16043.0,16043,Mathew,Romero,S,M,2026-01-04
16044.0,16044,Connie,Rai,M,F,2026-01-04
16045.0,16045,Evelyn,Sara,M,F,2026-01-04
16046.0,16046,Robyn,Gomez,S,F,2026-01-04
16047.0,16047,Taylor,Johnson,M,F,2026-01-04
16048.0,16048,Kelli,Yang,S,F,2026-01-04
16049.0,16049,Ashlee,Nara,M,F,2026-01-04
16050.0,16050,Reginald,Moreno,M,M,2026-01-04
16051.0,16051,Leonard,Xu,M,M,2026-01-04
16052.0,16052,Danny,Gutierrez,M,M,2026-01-04
16053.0,16053,Frederick,Perez,M,M,2026-01-04
16054.0,16054,Hector,Ortega,S,M,2026-01-04
16055.0,16055,Ryan,Lee,M,M,2026-01-04
16056.0,16056,Alison,Shan,M,F,2026-01-04
16057.0,16057,Michele,Gomez,M,F,2026-01-04
16058.0,16058,Margaret,Zhang,M,F,2026-01-04
16059.0,16059,Jésus,Carlson,M,M,2026-01-04
16060.0,16060,Antonio,Griffin,M,M,2026-01-04
16061.0,16061,Miguel,Butler,M,M,2026-01-04
16062.0,16062,Katherine,Johnson,M,F,2026-01-04
16063.0,16063,Francisco,Kapoor,M,M,2026-01-04
16064.0,16064,Isabella,Griffin,M,F,2026-01-04
16065.0,16065,Makayla,Torres,S,F,2026-01-04
16066.0,16066,Alex,Ramirez,M,M,2026-01-04
16067.0,16067,Maria,Butler,S,F,2026-01-04
16068.0,16068,Jerry,Shen,S,M,2026-01-04
16069.0,16069,Brianna,Hall,S,F,2026-01-04
16070.0,16070,Sierra,Phillips,S,F,2026-01-04
16071.0,16071,Taylor,Rodriguez,M,F,2026-01-04
16072.0,16072,Caleb,Evans,M,M,2026-01-04
16073.0,16073,Miranda,Bryant,S,F,2026-01-04
16074.0,16074,Caleb,Roberts,M,M,2026-01-04
16075.0,16075,Alexis,Johnson,S,F,2026-01-04
16076.0,16076,Catherine,Rogers,M,F,2026-01-04
16077.0,16077,Stephanie,Rogers,M,F,2026-01-04
16078.0,16078,Nicole,James,M,F,2026-01-04
16079.0,16079,Natalie,Carter,M,F,2026-01-04
16080.0,16080,Oscar,Patterson,S,M,2026-01-04
16081.0,16081,Arturo,Cai,M,M,2026-01-04
16082.0,16082,Autumn,Zeng,S,F,2026-01-04
16083.0,16083,Mindy,Raje,M,F,2026-01-04
16084.0,16084,Allison,Wright,S,F,2026-01-04
16085.0,16085,Trevor,Gonzales,M,M,2026-01-04
16086.0,16086,Charles,Watson,M,M,2026-01-04
16087.0,16087,Micah,Chen,S,M,2026-01-04
16088.0,16088,Bryce,Sanders,S,M,2026-01-04
16089.0,16089,Lucas,Brooks,M,M,2026-01-04
16090.0,16090,Emma,White,S,F,2026-01-04
16091.0,16091,Alyssa,Lewis,S,F,2026-01-04
16092.0,16092,Jessica,Bryant,M,F,2026-01-04
16093.0,16093,Kaitlyn,Morris,S,F,2026-01-04
16094.0,16094,Kayla,Brown,S,F,2026-01-04
16095.0,16095,Marcus,Garcia,M,M,2026-01-04
16096.0,16096,Kenneth,She,M,M,2026-01-04
16097.0,16097,Jessica,Stewart,S,F,2026-01-04
16098.0,16098,Jasmine,Diaz,M,F,2026-01-04
16099.0,16099,Julian,Jenkins,M,M,2026-01-04
16100.0,16100,Jose,Johnson,S,M,2026-01-04
16101.0,16101,Mary,Lopez,M,F,2026-01-04
16102.0,16102,Marcus,Alexander,S,M,2026-01-04
16103.0,16103,Haley,Hill,S,F,2026-01-04
16104.0,16104,Jordan,Hernandez,S,F,2026-01-04
16105.0,16105,Kristy,Diaz,S,F,2026-01-04
16106.0,16106,Ian,Barnes,M,M,2026-01-04
16107.0,16107,Jordan,Edwards,S,F,2026-01-04
16108.0,16108,Bryce,Howard,S,M,2026-01-04
16109.0,16109,Adam,Turner,S,M,2026-01-04
16110.0,16110,Brandon,Long,M,M,2026-01-04
16111.0,16111,Allison,Green,S,F,2026-01-04
16112.0,16112,Frank,Munoz,S,M,2026-01-04
16113.0,16113,Roger,Lal,S,M,2026-01-04
16114.0,16114,Gavin,Ross,M,M,2026-01-04
16115.0,16115,Jennifer,Diaz,S,F,2026-01-04
16116.0,16116,Begoña,Hurtado,S,M,2026-01-04
16117.0,16117,Brad,Lal,M,M,2026-01-04
16118.0,16118,James,Wright,M,M,2026-01-04
16119.0,16119,Hailey,Watson,M,F,2026-01-04
16120.0,16120,Bryce,Ramirez,M,M,2026-01-04
16121.0,16121,Kaitlyn,Ross,M,F,2026-01-04
16122.0,16122,Jason,Phillips,M,M,2026-01-04
16123.0,16123,Natalie,Patterson,M,F,2026-01-04
16124.0,16124,Eduardo,Murphy,M,M,2026-01-04
16125.0,16125,Victoria,Watson,M,F,2026-01-04
16126.0,16126,Faith,Kelly,M,F,2026-01-04
16127.0,16127,Amanda,Edwards,M,F,2026-01-04
16128.0,16128,Destiny,Ward,M,F,2026-01-04
16129.0,16129,Jordyn,Russell,S,F,2026-01-04
16130.0,16130,Mike,Seamans,S,F,2026-01-04
16131.0,16131,Albert,Romero,S,M,2026-01-04
16132.0,16132,Sierra,Nelson,M,F,2026-01-04
16133.0,16133,Dylan,Simmons,S,M,2026-01-04
16134.0,16134,Roy,Hernandez,S,M,2026-01-04
16135.0,16135,Chelsea,Raman,S,F,2026-01-04
16136.0,16136,George,Srini,S,M,2026-01-04
16137.0,16137,Timothy,King,S,M,2026-01-04
16138.0,16138,David,Butler,S,M,2026-01-04
16139.0,16139,Jacqueline,Alexander,M,F,2026-01-04
16140.0,16140,Seth,Harris,M,M,2026-01-04
16141.0,16141,Shelby,Ramirez,M,F,2026-01-04
16142.0,16142,Sophia,King,S,F,2026-01-04
16143.0,16143,Sara,Evans,M,F,2026-01-04
16144.0,16144,Patrick,Kelly,M,M,2026-01-04
16145.0,16145,Sydney,Anderson,S,F,2026-01-04
16146.0,16146,Jacquelyn,Saunders,M,F,2026-01-04
16147.0,16147,Nathan,Griffin,M,M,2026-01-04
16148.0,16148,Karen,Walker,M,F,2026-01-04
16149.0,16149,Dalton,Perry,S,M,2026-01-04
16150.0,16150,Nicole,Thompson,M,F,2026-01-04
16151.0,16151,Chloe,Sanchez,M,F,2026-01-04
16152.0,16152,Katherine,Evans,M,F,2026-01-04
16153.0,16153,Eric,Jai,M,M,2026-01-04
16154.0,16154,Jennifer,Scott,M,F,2026-01-04
16155.0,16155,Joan,Jenkins,M,F,2026-01-04
16156.0,16156,Javier,Hernandez,M,M,2026-01-04
16157.0,16157,Cindy,Raman,M,F,2026-01-04
16158.0,16158,Kathleen,Gomez,M,F,2026-01-04
16159.0,16159,Mindy,Goldberg,M,F,2026-01-04
16160.0,16160,Erika,Hernandez,M,F,2026-01-04
16161.0,16161,Jodi,Deng,M,F,2026-01-04
16162.0,16162,Mackenzie,Morgan,S,F,2026-01-04
16163.0,16163,Willie,Chande,S,M,2026-01-04
16164.0,16164,Amy,Liang,S,F,2026-01-04
16165.0,16165,Jenny,Liu,M,F,2026-01-04
16166.0,16166,April,Goel,M,F,2026-01-04
16167.0,16167,Devin,Moore,M,M,2026-01-04
16168.0,16168,Kathryn,Ashe,M,F,2026-01-04
16169.0,16169,Dennis,Lin,S,M,2026-01-04
16170.0,16170,Juan,Rubio,S,M,2026-01-04
16171.0,16171,Bruce,Ruiz,M,M,2026-01-04
16172.0,16172,Janelle,Perez,S,F,2026-01-04
16173.0,16173,Cory,Rana,M,M,2026-01-04
16174.0,16174,Melinda,Hernandez,S,F,2026-01-04
16175.0,16175,Tony,Shan,S,M,2026-01-04
16176.0,16176,Michele,Torres,S,F,2026-01-04
16177.0,16177,Bethany,Nath,S,F,2026-01-04
16178.0,16178,Alfredo,Carlson,M,M,2026-01-04
16179.0,16179,Jamie,Zhao,S,F,2026-01-04
16180.0,16180,Kyle,Perez,S,M,2026-01-04
16181.0,16181,Daisy,Rubio,S,F,2026-01-04
16182.0,16182,Louis,Sun,M,M,2026-01-04
16183.0,16183,Tanya,Carlson,S,F,2026-01-04
16184.0,16184,Christine,She,M,F,2026-01-04
16185.0,16185,Grant,Raji,S,M,2026-01-04
16186.0,16186,Bethany,Raji,S,F,2026-01-04
16187.0,16187,Louis,Hu,S,M,2026-01-04
16188.0,16188,Teresa,Torres,S,F,2026-01-04
16189.0,16189,Amanda,Hughes,M,F,2026-01-04
16190.0,16190,Lance,Alvarez,S,M,2026-01-04
16191.0,16191,Margaret,Zeng,S,F,2026-01-04
16192.0,16192,Marie,Lopez,S,F,2026-01-04
16193.0,16193,Victor,Rubio,S,M,2026-01-04
16194.0,16194,Katie,Deng,S,F,2026-01-04
16195.0,16195,Abby,Perez,M,F,2026-01-04
16196.0,16196,Kurt,Raheem,M,M,2026-01-04
16197.0,16197,Heidi,Prasad,S,F,2026-01-04
16198.0,16198,Arthur,Navarro,S,M,2026-01-04
16199.0,16199,Terrence,Xie,S,M,2026-01-04
16200.0,16200,Julia,Edwards,S,F,2026-01-04
16201.0,16201,Ross,Martin,S,M,2026-01-04
16202.0,16202,Kenneth,Jai,S,M,2026-01-04
16203.0,16203,Warren,Raje,S,M,2026-01-04
16204.0,16204,Terrence,Anand,S,M,2026-01-04
16205.0,16205,Melanie,Sanders,S,F,2026-01-04
16206.0,16206,Cindy,Lewis,S,F,2026-01-04
16207.0,16207,Jordan,Shan,S,M,2026-01-04
16208.0,16208,Ruth,Chandra,S,F,2026-01-04
16209.0,16209,Carolyn,Alvarez,S,F,2026-01-04
16210.0,16210,Olivia,Cooper,S,F,2026-01-04
16211.0,16211,Jesse,Roberts,S,M,2026-01-04
16212.0,16212,Jacqueline,Rivera,M,F,2026-01-04
16213.0,16213,Kaylee,Turner,S,F,2026-01-04
16214.0,16214,Brett,Fernandez,M,M,2026-01-04
16215.0,16215,Thomas,Turner,M,M,2026-01-04
16216.0,16216,Charles,Mitchell,S,M,2026-01-04
16217.0,16217,Amanda,Gonzales,S,F,2026-01-04
16218.0,16218,Julia,Simmons,M,F,2026-01-04
16219.0,16219,Angel,Sanders,M,M,2026-01-04
16220.0,16220,Megan,Russell,M,F,2026-01-04
16221.0,16221,Darren,Saunders,M,M,2026-01-04
16222.0,16222,Brandon,Anderson,M,M,2026-01-04
16223.0,16223,Carlos,Collins,M,M,2026-01-04
16224.0,16224,Jacob,Martinez,M,M,2026-01-04
16225.0,16225,Wyatt,Nelson,M,M,2026-01-04
16226.0,16226,Maria,Blue,M,F,2026-01-04
16227.0,16227,Eric,Lopez,M,M,2026-01-04
16228.0,16228,Rafael,Zhu,M,M,2026-01-04
16229.0,16229,Wayne,Chande,M,M,2026-01-04
16230.0,16230,Craig,Blanco,M,M,2026-01-04
16231.0,16231,Dana,Martin,M,F,2026-01-04
16232.0,16232,Chase,Richardson,M,M,2026-01-04
16233.0,16233,Rebecca,King,S,F,2026-01-04
16234.0,16234,Wyatt,Martin,M,M,2026-01-04
16235.0,16235,Sebastian,Morris,M,M,2026-01-04
16236.0,16236,Nicholas,Martinez,M,M,2026-01-04
16237.0,16237,Erin,James,M,F,2026-01-04
16238.0,16238,Ann,Arun,M,F,2026-01-04
16239.0,16239,Gabriel,Nelson,M,M,2026-01-04
16240.0,16240,Madeline,Green,S,F,2026-01-04
16241.0,16241,Isabel,Butler,S,F,2026-01-04
16242.0,16242,Megan,Garcia,S,F,2026-01-04
16243.0,16243,Maria,James,S,F,2026-01-04
16244.0,16244,Gregory,Kumar,M,M,2026-01-04
16245.0,16245,Alexandra,Griffin,S,F,2026-01-04
16246.0,16246,Lucas,Simmons,S,M,2026-01-04
16247.0,16247,Anna,Brown,S,F,2026-01-04
16248.0,16248,Alyssa,Ross,S,F,2026-01-04
16249.0,16249,Jesse,Rivera,M,M,2026-01-04
16250.0,16250,Brendan,Raje,S,M,2026-01-04
16251.0,16251,Makayla,Howard,S,F,2026-01-04
16252.0,16252,Danny,Jiménez,S,M,2026-01-04
16253.0,16253,Bethany,Lal,S,F,2026-01-04
16254.0,16254,Maria,Morris,S,F,2026-01-04
16255.0,16255,Taylor,Russell,S,F,2026-01-04
16256.0,16256,Richard,Collins,M,M,2026-01-04
16257.0,16257,Michele,Chandra,M,F,2026-01-04
16258.0,16258,Deanna,Malhotra,S,F,2026-01-04
16259.0,16259,Ebony,Sai,S,F,2026-01-04
16260.0,16260,Gina,Schmidt,S,F,2026-01-04
16261.0,16261,Diana,Navarro,M,F,2026-01-04
16262.0,16262,Kathryn,Xie,M,F,2026-01-04
16263.0,16263,Eduardo,Robinson,M,M,2026-01-04
16264.0,16264,Jennifer,Howard,M,F,2026-01-04
16265.0,16265,Julie,Goel,M,F,2026-01-04
16266.0,16266,Alisha,Yang,M,F,2026-01-04
16267.0,16267,Edwin,Chen,M,M,2026-01-04
16268.0,16268,Lindsey,Kumar,M,F,2026-01-04
16269.0,16269,Tara,Nath,M,F,2026-01-04
16270.0,16270,Jerome,Hernandez,M,M,2026-01-04
16271.0,16271,Michele,Gutierrez,S,F,2026-01-04
16272.0,16272,Raul,Deng,S,M,2026-01-04
16273.0,16273,Marie,Martinez,M,F,2026-01-04
16274.0,16274,Ross,Diaz,M,M,2026-01-04
16275.0,16275,Deborah,McDonald,M,F,2026-01-04
16276.0,16276,Brandi,Carlson,S,F,2026-01-04
16277.0,16277,Christy,Luo,M,F,2026-01-04
16278.0,16278,Angel,Turner,M,M,2026-01-04
16279.0,16279,Victoria,Patterson,S,F,2026-01-04
16280.0,16280,Glenn,Ma,S,M,2026-01-04
16281.0,16281,Gilbert,Luo,S,M,2026-01-04
16282.0,16282,Kristine,Suarez,S,F,2026-01-04
16283.0,16283,Clayton,Raji,S,M,2026-01-04
16284.0,16284,Troy,Perez,S,M,2026-01-04
16285.0,16285,Mindy,Xie,M,F,2026-01-04
16286.0,16286,Billy,Torres,M,M,2026-01-04
16287.0,16287,Laura,Xu,M,F,2026-01-04
16288.0,16288,Edwin,Shen,M,M,2026-01-04
16289.0,16289,Julie,Pal,S,F,2026-01-04
16290.0,16290,Russell,Nath,S,M,2026-01-04
16291.0,16291,Lindsey,Lal,S,F,2026-01-04
16292.0,16292,Carly,Lal,M,F,2026-01-04
16293.0,16293,Sean,Adams,M,M,2026-01-04
16294.0,16294,Steve,Hu,M,M,2026-01-04
16295.0,16295,Roger,Xu,S,M,2026-01-04
16296.0,16296,Sydney,White,M,F,2026-01-04
16297.0,16297,Deanna,Garcia,M,F,2026-01-04
16298.0,16298,Adrienne,Sanz,M,F,2026-01-04
16299.0,16299,Alison,Tang,S,F,2026-01-04
16300.0,16300,Orlando,Martin,S,M,2026-01-04
16301.0,16301,Omar,Cai,S,M,2026-01-04
16302.0,16302,Rosa,Zeng,S,F,2026-01-04
16303.0,16303,Tracy,Yuan,S,F,2026-01-04
16304.0,16304,Justin,Moore,S,M,2026-01-04
16305.0,16305,Stanley,Gonzalez,S,M,2026-01-04
16306.0,16306,Kristine,Romero,M,F,2026-01-04
16307.0,16307,Kelli,Sun,M,F,2026-01-04
16308.0,16308,Sheena,Chander,M,F,2026-01-04
16309.0,16309,Desiree,Ortega,M,F,2026-01-04
16310.0,16310,Diana,Rubio,M,F,2026-01-04
16311.0,16311,Carl,Beck,M,M,2026-01-04
16312.0,16312,Bethany,Beck,S,F,2026-01-04
16313.0,16313,Hailey,Russell,S,F,2026-01-04
16314.0,16314,Gabriel,Ross,S,M,2026-01-04
16315.0,16315,Garrett,Richardson,S,M,2026-01-04
16316.0,16316,Kelli,Hu,S,F,2026-01-04
16317.0,16317,Joel,Raman,S,M,2026-01-04
16318.0,16318,Kellie,Moreno,S,F,2026-01-04
16319.0,16319,Joy,Ortega,S,F,2026-01-04
16320.0,16320,Rachel,Simmons,S,F,2026-01-04
16321.0,16321,Ruth,Malhotra,M,F,2026-01-04
16322.0,16322,Gloria,Dominguez,S,F,2026-01-04
16323.0,16323,Dustin,Raje,S,M,2026-01-04
16324.0,16324,Juan,Romero,M,M,2026-01-04
16325.0,16325,Emma,Williams,S,F,2026-01-04
16326.0,16326,Jésus,Romero,S,M,2026-01-04
16327.0,16327,Darren,Diaz,S,M,2026-01-04
16328.0,16328,Maurice,Rai,S,M,2026-01-04
16329.0,16329,Jamie,Ye,S,F,2026-01-04
16330.0,16330,Luke,Simmons,S,M,2026-01-04
16331.0,16331,Erin,Richardson,S,F,2026-01-04
16332.0,16332,Joan,Vazquez,M,F,2026-01-04
16333.0,16333,Caleb,Hill,M,M,2026-01-04
16334.0,16334,Natalie,Bailey,S,F,2026-01-04
16335.0,16335,Kristen,Lu,S,F,2026-01-04
16336.0,16336,Jonathan,Wright,M,M,2026-01-04
16337.0,16337,Jose,White,M,M,2026-01-04
16338.0,16338,Barbara,Zhang,M,F,2026-01-04
16339.0,16339,Seth,Davis,M,M,2026-01-04
16340.0,16340,Sean,Mitchell,S,M,2026-01-04
16341.0,16341,Lacey,Raji,M,F,2026-01-04
16342.0,16342,Gregory,Jai,M,M,2026-01-04
16343.0,16343,Joel,Malhotra,M,M,2026-01-04
16344.0,16344,Xavier,King,S,M,2026-01-04
16345.0,16345,Francis,Ramos,M,M,2026-01-04
16346.0,16346,Marc,Navarro,M,M,2026-01-04
16347.0,16347,Raul,Sharma,M,M,2026-01-04
16348.0,16348,Roy,Raman,M,M,2026-01-04
16349.0,16349,Levi,Sai,S,M,2026-01-04
16350.0,16350,Fernando,Thompson,S,M,2026-01-04
16351.0,16351,Martha,Xu,S,F,2026-01-04
16352.0,16352,Tiffany,Gao,S,F,2026-01-04
16353.0,16353,Alejandro,Xu,M,M,2026-01-04
16354.0,16354,Janet,Torres,S,F,2026-01-04
16355.0,16355,Sam,Foster,S,F,2026-01-04
16356.0,16356,Sophia,Baker,M,F,2026-01-04
16357.0,16357,Margaret,Russell,S,F,2026-01-04
16358.0,16358,Samuel,Jai,M,M,2026-01-04
16359.0,16359,Shelby,Richardson,M,F,2026-01-04
16360.0,16360,Justin,Garcia,M,M,2026-01-04
16361.0,16361,Wyatt,White,M,M,2026-01-04
16362.0,16362,Joshua,Smith,M,M,2026-01-04
16363.0,16363,Melanie,Ramirez,M,F,2026-01-04
16364.0,16364,Shawna,Yuan,M,F,2026-01-04
16365.0,16365,Jenna,Young,M,F,2026-01-04
16366.0,16366,Isabelle,Henderson,M,F,2026-01-04
16367.0,16367,Emily,Williams,S,F,2026-01-04
16368.0,16368,Lauren,Williams,S,F,2026-01-04
16369.0,16369,Isabel,Powell,M,F,2026-01-04
16370.0,16370,Molly,Gonzalez,M,F,2026-01-04
16371.0,16371,Caleb,Diaz,M,M,2026-01-04
16372.0,16372,Vanessa,Foster,M,F,2026-01-04
16373.0,16373,Sara,Cook,M,F,2026-01-04
16374.0,16374,Edward,Phillips,M,M,2026-01-04
16375.0,16375,Gabriella,Hernandez,M,F,2026-01-04
16376.0,16376,Maria,Wright,M,F,2026-01-04
16377.0,16377,Jordan,Adams,S,F,2026-01-04
16378.0,16378,Hailey,Baker,S,F,2026-01-04
16379.0,16379,Marc,Jimenez,M,M,2026-01-04
16380.0,16380,Mariah,Torres,S,F,2026-01-04
16381.0,16381,Kayla,Davis,S,F,2026-01-04
16382.0,16382,Jennifer,Davis,S,F,2026-01-04
16383.0,16383,Brian,Kelly,S,M,2026-01-04
16384.0,16384,Jada,Reed,S,F,2026-01-04
16385.0,16385,James,Perez,M,M,2026-01-04
16386.0,16386,Philip,Moyer,S,M,2026-01-04
16387.0,16387,Douglas,Vance,M,M,2026-01-04
16388.0,16388,Jay,Torres,M,M,2026-01-04
16389.0,16389,Arturo,Shen,S,M,2026-01-04
16390.0,16390,Mario,Nath,S,M,2026-01-04
16391.0,16391,Sergio,Suri,S,M,2026-01-04
16392.0,16392,Kari,Raman,M,F,2026-01-04
16393.0,16393,Xavier,Edwards,M,M,2026-01-04
16394.0,16394,Bryan,Bell,S,M,2026-01-04
16395.0,16395,Tara,Pal,M,F,2026-01-04
16396.0,16396,Keith,Rai,S,M,2026-01-04
16397.0,16397,Andy,Navarro,M,M,2026-01-04
16398.0,16398,Emmanuel,Rana,S,M,2026-01-04
16399.0,16399,Arturo,Xu,S,M,2026-01-04
16400.0,16400,Theodore,Ramos,M,M,2026-01-04
16401.0,16401,Margaret,Gao,S,F,2026-01-04
16402.0,16402,Alexander,Martin,S,M,2026-01-04
16403.0,16403,Byron,Suarez,M,M,2026-01-04
16404.0,16404,Raul,Nara,M,M,2026-01-04
16405.0,16405,Adriana,Sai,M,F,2026-01-04
16406.0,16406,Dakota,Henderson,M,M,2026-01-04
16407.0,16407,Colleen,Zhao,M,F,2026-01-04
16408.0,16408,Arthur,Madan,M,M,2026-01-04
16409.0,16409,Ebony,Moreno,M,F,2026-01-04
16410.0,16410,Joy,Navarro,S,F,2026-01-04
16411.0,16411,Stanley,Sanchez,S,M,2026-01-04
16412.0,16412,Leah,Liang,S,F,2026-01-04
16413.0,16413,Julia,Gonzalez,M,F,2026-01-04
16414.0,16414,Kelly,Flores,S,F,2026-01-04
16415.0,16415,Andre,Patel,S,M,2026-01-04
16416.0,16416,Brian,Rivera,S,M,2026-01-04
16417.0,16417,Noah,Bryant,S,M,2026-01-04
16418.0,16418,Katrina,Rai,S,F,2026-01-04
16419.0,16419,Lacey,Simpson,M,F,2026-01-04
16420.0,16420,Eddie,Alonso,S,M,2026-01-04
16421.0,16421,Natasha,Diaz,S,F,2026-01-04
16422.0,16422,Kurt,Xu,S,M,2026-01-04
16423.0,16423,Sergio,Madan,S,M,2026-01-04
16424.0,16424,Brandi,Diaz,M,F,2026-01-04
16425.0,16425,Lisa,Lu,M,F,2026-01-04
16426.0,16426,Jorge,Ye,M,M,2026-01-04
16427.0,16427,Kendra,Alonso,S,F,2026-01-04
16428.0,16428,Ryan,Ross,S,M,2026-01-04
16429.0,16429,Jaclyn,Luo,M,F,2026-01-04
16430.0,16430,Franklin,Rai,S,M,2026-01-04
16431.0,16431,Jermaine,Rodriguez,S,M,2026-01-04
16432.0,16432,John,Garcia,S,M,2026-01-04
16433.0,16433,Mathew,Dominguez,M,M,2026-01-04
16434.0,16434,Taylor,Bailey,M,F,2026-01-04
16435.0,16435,Steven,Cooper,M,M,2026-01-04
16436.0,16436,Ethan,Henderson,S,M,2026-01-04
16437.0,16437,Jésus,Gutierrez,S,M,2026-01-04
16438.0,16438,Kaitlin,Arthur,M,F,2026-01-04
16439.0,16439,Dawn,Deng,S,F,2026-01-04
16440.0,16440,Jimmy,Martin,S,M,2026-01-04
16441.0,16441,Jason,Young,M,M,2026-01-04
16442.0,16442,Luke,Gonzalez,S,M,2026-01-04
16443.0,16443,Dawn,Gao,S,F,2026-01-04
16444.0,16444,Erika,Carlson,M,F,2026-01-04
16445.0,16445,Caitlin,Ward,S,F,2026-01-04
16446.0,16446,Kristine,Munoz,M,F,2026-01-04
16447.0,16447,Kate,Becker,M,F,2026-01-04
16448.0,16448,Cheryl,Martin,M,F,2026-01-04
16449.0,16449,Casey,Browning,S,M,2026-01-04
16450.0,16450,Rebekah,Gutierrez,S,F,2026-01-04
16451.0,16451,Karl,Stone,S,M,2026-01-04
16452.0,16452,Cassie,Luo,S,F,2026-01-04
16453.0,16453,Mayra,Chandra,S,F,2026-01-04
16454.0,16454,Marco,Suri,M,M,2026-01-04
16455.0,16455,Deb,Moreno,M,F,2026-01-04
16456.0,16456,Larry,Navarro,S,M,2026-01-04
16457.0,16457,Kathleen,Martin,S,F,2026-01-04
16458.0,16458,Michele,Ruiz,S,F,2026-01-04
16459.0,16459,Carolyn,Kapoor,M,F,2026-01-04
16460.0,16460,Jodi,Xu,S,F,2026-01-04
16461.0,16461,Rosa,Wu,S,F,2026-01-04
16462.0,16462,Marissa,Gonzales,S,F,2026-01-04
16463.0,16463,Anna,Murphy,S,F,2026-01-04
16464.0,16464,Alan,Liu,S,M,2026-01-04
16465.0,16465,Kara,Goel,S,F,2026-01-04
16466.0,16466,Alisha,Kumar,S,F,2026-01-04
16467.0,16467,Ronald,Srini,S,M,2026-01-04
16468.0,16468,Orlando,Dominguez,S,M,2026-01-04
16469.0,16469,Michele,Tang,S,F,2026-01-04
16470.0,16470,Wesley,Guo,M,M,2026-01-04
16471.0,16471,Vanessa,Hayes,M,F,2026-01-04
16472.0,16472,Olivia,Robinson,S,F,2026-01-04
16473.0,16473,Dawn,Andersen,S,F,2026-01-04
16474.0,16474,Jay,Serrano,M,M,2026-01-04
16475.0,16475,Kurt,Anand,S,M,2026-01-04
16476.0,16476,Shawn,Xie,S,M,2026-01-04
16477.0,16477,Anna,Gonzales,S,F,2026-01-04
16478.0,16478,Adrian,Gray,S,M,2026-01-04
16479.0,16479,Victoria,Brooks,S,F,2026-01-04
16480.0,16480,Alan,Zhou,M,M,2026-01-04
16481.0,16481,Madison,Bryant,S,F,2026-01-04
16482.0,16482,Tabitha,Arthur,M,F,2026-01-04
16483.0,16483,Warren,Jai,M,M,2026-01-04
16484.0,16484,Dustin,Lal,M,M,2026-01-04
16485.0,16485,Ian,Foster,S,M,2026-01-04
16486.0,16486,Rachael,Madan,M,F,2026-01-04
16487.0,16487,Brianna,Griffin,S,F,2026-01-04
16488.0,16488,Joel,Rodriguez,M,M,2026-01-04
16489.0,16489,Frederick,Garcia,M,M,2026-01-04
16490.0,16490,Megan,Robinson,M,F,2026-01-04
16491.0,16491,Christian,Garcia,S,M,2026-01-04
16492.0,16492,Theodore,Sanz,M,M,2026-01-04
16493.0,16493,Brenda,Fernandez,M,F,2026-01-04
16494.0,16494,Jordyn,Simmons,S,F,2026-01-04
16495.0,16495,Monique,Ramos,S,F,2026-01-04
16496.0,16496,Dawn,Tang,S,F,2026-01-04
16497.0,16497,Julia,Peterson,S,F,2026-01-04
16498.0,16498,Hunter,Jones,S,M,2026-01-04
16499.0,16499,Danielle,Kelly,S,F,2026-01-04
16500.0,16500,Chloe,Perry,S,F,2026-01-04
16501.0,16501,Vanessa,Wood,S,F,2026-01-04
16502.0,16502,Jackson,Parker,S,M,2026-01-04
16503.0,16503,Christian,Anderson,M,M,2026-01-04
16504.0,16504,Justin,Russell,S,M,2026-01-04
16505.0,16505,Erin,Gray,S,F,2026-01-04
16506.0,16506,Catherine,Murphy,M,F,2026-01-04
16507.0,16507,Tracy,Nath,M,F,2026-01-04
16508.0,16508,Brent,Zhu,M,M,2026-01-04
16509.0,16509,Veronica,Sai,M,F,2026-01-04
16510.0,16510,Brad,Nara,M,M,2026-01-04
16511.0,16511,Joe,Raman,M,M,2026-01-04
16512.0,16512,Ricardo,Sharma,S,M,2026-01-04
16513.0,16513,Ronnie,Wagner,S,M,2026-01-04
16514.0,16514,Manuel,Fernandez,S,M,2026-01-04
16515.0,16515,Troy,Sai,M,M,2026-01-04
16516.0,16516,Melvin,She,M,M,2026-01-04
16517.0,16517,Katrina,Raji,M,F,2026-01-04
16518.0,16518,Krystal,Holt,S,F,2026-01-04
16519.0,16519,Yolanda,Chander,S,F,2026-01-04
16520.0,16520,Misty,Raji,M,F,2026-01-04
16521.0,16521,Tonya,She,S,F,2026-01-04
16522.0,16522,Casey,Pal,M,F,2026-01-04
16523.0,16523,Sandra,Huang,M,F,2026-01-04
16524.0,16524,Damien,Huang,M,M,2026-01-04
16525.0,16525,Martha,Liang,M,F,2026-01-04
16526.0,16526,Arthur,Perez,S,M,2026-01-04
16527.0,16527,Cory,Arun,S,M,2026-01-04
16528.0,16528,Dominique,Garcia,S,F,2026-01-04
16529.0,16529,Jonathon,Gutierrez,M,M,2026-01-04
16530.0,16530,Priscilla,Chander,M,F,2026-01-04
16531.0,16531,Lacey,Gao,S,F,2026-01-04
16532.0,16532,Tommy,Sharma,S,M,2026-01-04
16533.0,16533,Kristen,Cai,M,F,2026-01-04
16534.0,16534,Claudia,Holt,M,F,2026-01-04
16535.0,16535,Colin,Chen,S,M,2026-01-04
16536.0,16536,Meghan,Jimenez,S,F,2026-01-04
16537.0,16537,Arthur,Dominguez,S,M,2026-01-04
16538.0,16538,Stacey,Liang,S,F,2026-01-04
16539.0,16539,Christy,Li,S,F,2026-01-04
16540.0,16540,Theodore,Browning,M,M,2026-01-04
16541.0,16541,Micah,Hu,S,M,2026-01-04
16542.0,16542,Jésus,Ortega,M,M,2026-01-04
16543.0,16543,Jenny,McDonald,M,F,2026-01-04
16544.0,16544,Eduardo,Morgan,M,M,2026-01-04
16545.0,16545,Alicia,Pal,M,F,2026-01-04
16546.0,16546,Terrance,Jordan,M,M,2026-01-04
16547.0,16547,Jake,Yang,M,M,2026-01-04
16548.0,16548,Darren,Rubio,M,M,2026-01-04
16549.0,16549,Linda,Moreno,S,F,2026-01-04
16550.0,16550,Frederick,Madan,M,M,2026-01-04
16551.0,16551,Christy,Shan,S,F,2026-01-04
16552.0,16552,Joe,Sanchez,M,M,2026-01-04
16553.0,16553,Gabriella,Roberts,M,F,2026-01-04
16554.0,16554,Casey,Chander,S,F,2026-01-04
16555.0,16555,Mathew,Vazquez,M,M,2026-01-04
16556.0,16556,Angelica,Butler,S,F,2026-01-04
16557.0,16557,Derek,Chander,S,M,2026-01-04
16558.0,16558,Preston,Sara,S,M,2026-01-04
16559.0,16559,Candace,Martinez,S,F,2026-01-04
16560.0,16560,Kelvin,Sun,S,M,2026-01-04
16561.0,16561,Kurt,Yuan,M,M,2026-01-04
16562.0,16562,Colleen,Zhang,M,F,2026-01-04
16563.0,16563,Mackenzie,Baker,S,F,2026-01-04
16564.0,16564,Susan,Wu,S,F,2026-01-04
16565.0,16565,Corey,Anand,M,M,2026-01-04
16566.0,16566,Ashlee,Shen,S,F,2026-01-04
16567.0,16567,Erick,Lopez,S,M,2026-01-04
16568.0,16568,Caroline,Coleman,M,F,2026-01-04
16569.0,16569,Colleen,Li,S,F,2026-01-04
16570.0,16570,Julie,She,M,F,2026-01-04
16571.0,16571,Audrey,Torres,M,F,2026-01-04
16572.0,16572,Jon,Xu,S,M,2026-01-04
16573.0,16573,Ruben,Dominguez,S,M,2026-01-04
16574.0,16574,Joe,Gomez,S,M,2026-01-04
16575.0,16575,Veronica,Vance,S,F,2026-01-04
16576.0,16576,Corey,Beck,S,M,2026-01-04
16577.0,16577,Leah,Chen,S,F,2026-01-04
16578.0,16578,Stefanie,Weber,S,F,2026-01-04
16579.0,16579,Zachary,Davis,M,M,2026-01-04
16580.0,16580,Dawn,Chen,M,F,2026-01-04
16581.0,16581,Kenneth,Becker,S,M,2026-01-04
16582.0,16582,Frank,Torres,M,M,2026-01-04
16583.0,16583,Justin,Martinez,M,M,2026-01-04
16584.0,16584,Devin,Gray,S,M,2026-01-04
16585.0,16585,Vincent,Sun,M,M,2026-01-04
16586.0,16586,Leonard,Chander,M,M,2026-01-04
16587.0,16587,Zachary,Martinez,M,M,2026-01-04
16588.0,16588,Andre,Martinez,M,M,2026-01-04
16589.0,16589,Martin,Suri,M,M,2026-01-04
16590.0,16590,Shawn,Deng,M,M,2026-01-04
16591.0,16591,Clarence,He,M,M,2026-01-04
16592.0,16592,Jacquelyn,Gomez,M,F,2026-01-04
16593.0,16593,Suzanne,He,M,F,2026-01-04
16594.0,16594,Andrew,Jones,M,M,2026-01-04
16595.0,16595,Cameron,Anderson,M,M,2026-01-04
16596.0,16596,Gabrielle,Carter,S,F,2026-01-04
16597.0,16597,Kelli,Xu,S,F,2026-01-04
16598.0,16598,Kate,Rai,S,F,2026-01-04
16599.0,16599,Ramón,Cai,M,M,2026-01-04
16600.0,16600,Janet,Suarez,S,F,2026-01-04
16601.0,16601,Tabitha,Rana,S,F,2026-01-04
16602.0,16602,Jill,Travers,M,F,2026-01-04
16603.0,16603,Scott,Seely,M,F,2026-01-04
16604.0,16604,Roy,Serrano,M,M,2026-01-04
16605.0,16605,Toni,Randall,M,F,2026-01-04
16606.0,16606,Ricky,Blanco,S,M,2026-01-04
16607.0,16607,Logan,Gonzales,M,M,2026-01-04
16608.0,16608,Ricky,Martin,S,M,2026-01-04
16609.0,16609,Gary,Jimenez,S,M,2026-01-04
16610.0,16610,Sydney,Clark,M,F,2026-01-04
16611.0,16611,Dylan,Rodriguez,S,M,2026-01-04
16612.0,16612,Ebony,Ashe,S,F,2026-01-04
16613.0,16613,Cassie,Sutton,M,F,2026-01-04
16614.0,16614,Alison,Shen,M,F,2026-01-04
16615.0,16615,Kaitlin,Patel,S,F,2026-01-04
16616.0,16616,Kelvin,Liang,S,M,2026-01-04
16617.0,16617,Alvin,Xie,M,M,2026-01-04
16618.0,16618,Cassandra,Subram,M,F,2026-01-04
16619.0,16619,Whitney,Perez,M,F,2026-01-04
16620.0,16620,Cameron,Thompson,M,M,2026-01-04
16621.0,16621,Birgit,Seidel,M,F,2026-01-04
16622.0,16622,Byron,Navarro,S,M,2026-01-04
16623.0,16623,Andres,Lal,S,M,2026-01-04
16624.0,16624,Albert,Alvarez,S,M,2026-01-04
16625.0,16625,Grant,Deng,M,M,2026-01-04
16626.0,16626,Nathaniel,Morgan,S,M,2026-01-04
16627.0,16627,Claudia,Chen,M,F,2026-01-04
16628.0,16628,Francisco,Prasad,S,M,2026-01-04
16629.0,16629,Rosa,Zheng,S,F,2026-01-04
16630.0,16630,Jaime,Sutton,M,M,2026-01-04
16631.0,16631,Haley,Ward,S,F,2026-01-04
16632.0,16632,Ruben,Romero,S,M,2026-01-04
16633.0,16633,Kelli,Becker,M,F,2026-01-04
16634.0,16634,Jenny,Hu,M,F,2026-01-04
16635.0,16635,Erick,Suri,M,M,2026-01-04
16636.0,16636,Danny,Gomez,M,M,2026-01-04
16637.0,16637,Evan,King,M,M,2026-01-04
16638.0,16638,Dennis,Ye,M,M,2026-01-04
16639.0,16639,Renee,Romero,S,F,2026-01-04
16640.0,16640,Colin,Lal,M,M,2026-01-04
16641.0,16641,Julia,Bailey,S,F,2026-01-04
16642.0,16642,Mason,Mitchell,S,M,2026-01-04
16643.0,16643,Fernando,Wilson,S,M,2026-01-04
16644.0,16644,Leonard,Goel,M,M,2026-01-04
16645.0,16645,Chelsea,Subram,M,F,2026-01-04
16646.0,16646,Xavier,Collins,M,M,2026-01-04
16647.0,16647,Anna,Alexander,M,F,2026-01-04
16648.0,16648,Rachel,Coleman,M,F,2026-01-04
16649.0,16649,Makayla,Stewart,M,F,2026-01-04
16650.0,16650,Kaitlyn,Green,M,F,2026-01-04
16651.0,16651,Abigail,Martinez,M,F,2026-01-04
16652.0,16652,Nicole,Richardson,M,F,2026-01-04
16653.0,16653,Isabella,Phillips,M,F,2026-01-04
16654.0,16654,Heather,Zhang,M,F,2026-01-04
16655.0,16655,Destiny,Taylor,M,F,2026-01-04
16656.0,16656,Ronnie,Zhang,M,M,2026-01-04
16657.0,16657,Alvin,She,M,M,2026-01-04
16658.0,16658,Ashlee,Raje,S,F,2026-01-04
16659.0,16659,Emily,Jones,S,F,2026-01-04
16660.0,16660,Lee,Blanco,S,M,2026-01-04
16661.0,16661,Shane,Raman,S,M,2026-01-04
16662.0,16662,Stacey,Gao,S,F,2026-01-04
16663.0,16663,Rosa,Lu,S,F,2026-01-04
16664.0,16664,Sophia,Nelson,M,F,2026-01-04
16665.0,16665,Linda,Suarez,S,F,2026-01-04
16666.0,16666,Taylor,Torres,S,F,2026-01-04
16667.0,16667,Allison,Sanchez,S,F,2026-01-04
16668.0,16668,Levi,Malhotra,S,M,2026-01-04
16669.0,16669,Benjamin,Martinez,S,M,2026-01-04
16670.0,16670,Sarah,White,S,F,2026-01-04
16671.0,16671,Megan,Wood,S,F,2026-01-04
16672.0,16672,Nicole,Martinez,S,F,2026-01-04
16673.0,16673,Curtis,Guo,S,M,2026-01-04
16674.0,16674,Ricardo,Yuan,M,M,2026-01-04
16675.0,16675,Kristi,Arthur,S,F,2026-01-04
16676.0,16676,Amanda,Perry,M,F,2026-01-04
16677.0,16677,Jack,Hughes,M,M,2026-01-04
16678.0,16678,Ian,Ramirez,M,M,2026-01-04
16679.0,16679,Amber,Carter,S,F,2026-01-04
16680.0,16680,Carlos,Edwards,M,M,2026-01-04
16681.0,16681,Louis,Chande,S,M,2026-01-04
16682.0,16682,Kristy,Ramos,M,F,2026-01-04
16683.0,16683,Christy,Rai,M,F,2026-01-04
16684.0,16684,Joel,Perez,M,M,2026-01-04
16685.0,16685,Robin,Dominguez,S,F,2026-01-04
16686.0,16686,Kristine,Alonso,M,F,2026-01-04
16687.0,16687,Lawrence,Romero,S,M,2026-01-04
16688.0,16688,Tabitha,Gomez,S,F,2026-01-04
16689.0,16689,Rafael,Shen,M,M,2026-01-04
16690.0,16690,Aimee,Wu,M,F,2026-01-04
16691.0,16691,Paula,Romero,S,F,2026-01-04
16692.0,16692,Jay,Diaz,M,M,2026-01-04
16693.0,16693,Ethan,Coleman,M,M,2026-01-04
16694.0,16694,Mandy,Sun,M,F,2026-01-04
16695.0,16695,Dwayne,Serrano,M,M,2026-01-04
16696.0,16696,Claudia,Zeng,S,F,2026-01-04
16697.0,16697,Wyatt,Henderson,S,M,2026-01-04
16698.0,16698,Mallory,Gill,S,F,2026-01-04
16699.0,16699,Dominic,Kapoor,M,M,2026-01-04
16700.0,16700,Billy,Gill,S,M,2026-01-04
16701.0,16701,Laura,Zheng,S,F,2026-01-04
16702.0,16702,Patricia,Raman,M,F,2026-01-04
16703.0,16703,Denise,Sanchez,M,F,2026-01-04
16704.0,16704,Karla,Chavez,M,F,2026-01-04
16705.0,16705,Jacqueline,Wood,M,F,2026-01-04
16706.0,16706,Jenny,Shan,M,F,2026-01-04
16707.0,16707,Derrick,Serrano,S,M,2026-01-04
16708.0,16708,Kellie,Sanz,S,F,2026-01-04
16709.0,16709,Roy,Alvarez,M,M,2026-01-04
16710.0,16710,Carla,Arthur,M,F,2026-01-04
16711.0,16711,Jorge,Zhao,M,M,2026-01-04
16712.0,16712,Suzanne,Lu,S,F,2026-01-04
16713.0,16713,Tony,Nara,M,M,2026-01-04
16714.0,16714,Dalton,Nicholls,M,M,2026-01-04
16715.0,16715,Katelyn,Ramirez,M,F,2026-01-04
16716.0,16716,Jose,Henderson,S,M,2026-01-04
16717.0,16717,Masaki,Umeda,M,F,2026-01-04
16718.0,16718,Gavin,Stone,S,M,2026-01-04
16719.0,16719,Trevor,Russell,S,M,2026-01-04
16720.0,16720,Morgan,Perry,S,F,2026-01-04
16721.0,16721,Xavier,Sanders,M,M,2026-01-04
16722.0,16722,Sean,Gray,S,M,2026-01-04
16723.0,16723,Barbara,Zhao,M,F,2026-01-04
16724.0,16724,Gabriel,Yang,S,M,2026-01-04
16725.0,16725,Jacob,Williams,M,M,2026-01-04
16726.0,16726,Miguel,Wood,M,M,2026-01-04
16727.0,16727,Charles,Johnston,S,M,2026-01-04
16728.0,16728,Cole,Morris,M,M,2026-01-04
16729.0,16729,Tommy,Nara,M,M,2026-01-04
16730.0,16730,Mariah,Long,M,F,2026-01-04
16731.0,16731,Nicole,White,S,F,2026-01-04
16732.0,16732,Natalie,Flores,S,F,2026-01-04
16733.0,16733,Douglas,Srini,M,M,2026-01-04
16734.0,16734,Emma,Martinez,S,F,2026-01-04
16735.0,16735,Melissa,Hayes,S,F,2026-01-04
16736.0,16736,Kelly,Alexander,S,F,2026-01-04
16737.0,16737,Steven,Selikoff,S,F,2026-01-04
16738.0,16738,Ramon,Lu,M,M,2026-01-04
16739.0,16739,Cory,Weber,M,M,2026-01-04
16740.0,16740,Elijah,Li,M,M,2026-01-04
16741.0,16741,Alan,Xu,M,M,2026-01-04
16742.0,16742,Mitchell,Pal,M,M,2026-01-04
16743.0,16743,Ariana,Stewart,M,F,2026-01-04
16744.0,16744,Lacey,Guo,M,F,2026-01-04
16745.0,16745,Krista,Moreno,S,F,2026-01-04
16746.0,16746,Brianna,Peterson,S,F,2026-01-04
16747.0,16747,Alexander,Davis,S,M,2026-01-04
16748.0,16748,Patrick,Peterson,S,M,2026-01-04
16749.0,16749,Aaron,Coleman,S,M,2026-01-04
16750.0,16750,Seth,Sanders,M,M,2026-01-04
16751.0,16751,Aaron,Scott,M,M,2026-01-04
16752.0,16752,Mason,Wright,S,M,2026-01-04
16753.0,16753,Rachel,Harris,S,F,2026-01-04
16754.0,16754,Alex,Bell,S,M,2026-01-04
16755.0,16755,Olivia,James,M,F,2026-01-04
16756.0,16756,Richard,Allen,M,M,2026-01-04
16757.0,16757,Mackenzie,Cox,M,F,2026-01-04
16758.0,16758,Justin,Perry,M,M,2026-01-04
16759.0,16759,Jasmine,Bell,M,F,2026-01-04
16760.0,16760,Sydney,Alexander,S,F,2026-01-04
16761.0,16761,Angel,Ward,S,M,2026-01-04
16762.0,16762,Franklin,Ferrier,M,M,2026-01-04
16763.0,16763,Juan,Suarez,M,M,2026-01-04
16764.0,16764,Thomas,Davis,M,M,2026-01-04
16765.0,16765,Dalton,White,M,M,2026-01-04
16766.0,16766,Summer,Arun,S,F,2026-01-04
16767.0,16767,Rafael,Liu,M,M,2026-01-04
16768.0,16768,Eduardo,Barnes,M,M,2026-01-04
16769.0,16769,Tyler,Walker,M,M,2026-01-04
16770.0,16770,Charles,Rogers,M,M,2026-01-04
16771.0,16771,Ian,Walker,M,M,2026-01-04
16772.0,16772,Morgan,Parker,M,F,2026-01-04
16773.0,16773,David,Lal,M,M,2026-01-04
16774.0,16774,Eduardo,Perry,S,M,2026-01-04
16775.0,16775,Sarah,Russell,M,F,2026-01-04
16776.0,16776,Dalton,Lewis,M,M,2026-01-04
16777.0,16777,Cameron,Simmons,M,M,2026-01-04
16778.0,16778,Blake,Hayes,S,M,2026-01-04
16779.0,16779,Morgan,Watson,M,F,2026-01-04
16780.0,16780,Carlos,Bailey,M,M,2026-01-04
16781.0,16781,Dylan,Chen,M,M,2026-01-04
16782.0,16782,Lucas,Clark,M,M,2026-01-04
16783.0,16783,Grace,Barnes,M,F,2026-01-04
16784.0,16784,Chloe,Long,M,F,2026-01-04
16785.0,16785,Christian,Lee,M,M,2026-01-04
16786.0,16786,Lucas,Reed,M,M,2026-01-04
16787.0,16787,Nicole,Jackson,S,F,2026-01-04
16788.0,16788,Ronnie,Gao,M,M,2026-01-04
16789.0,16789,Jennifer,Harris,M,F,2026-01-04
16790.0,16790,Hunter,Lopez,M,M,2026-01-04
16791.0,16791,Leonard,Yuan,S,M,2026-01-04
16792.0,16792,Maria,Torres,M,F,2026-01-04
16793.0,16793,Savannah,Hernandez,S,F,2026-01-04
16794.0,16794,Taylor,Cook,M,F,2026-01-04
16795.0,16795,Regina,Garcia,M,F,2026-01-04
16796.0,16796,Kaitlyn,Martin,S,F,2026-01-04
16797.0,16797,Evan,Reed,M,M,2026-01-04
16798.0,16798,Latasha,Martin,M,F,2026-01-04
16799.0,16799,Stephanie,Gonzales,M,F,2026-01-04
16800.0,16800,Jordan,Roberts,M,F,2026-01-04
16801.0,16801,Jasmine,Henderson,S,F,2026-01-04
16802.0,16802,Lucas,Allen,S,M,2026-01-04
16803.0,16803,Marcus,Peterson,M,M,2026-01-04
16804.0,16804,Adam,Zhang,M,M,2026-01-04
16805.0,16805,Fernando,Allen,S,M,2026-01-04
16806.0,16806,Louis,Zhao,M,M,2026-01-04
16807.0,16807,Virginia,Suri,M,F,2026-01-04
16808.0,16808,Jessica,Long,M,F,2026-01-04
16809.0,16809,Bailey,Sanders,S,F,2026-01-04
16810.0,16810,Michael,Rodriguez,M,M,2026-01-04
16811.0,16811,Luis,Zhang,M,M,2026-01-04
16812.0,16812,Alexa,Richardson,M,F,2026-01-04
16813.0,16813,Carson,Diaz,M,M,2026-01-04
16814.0,16814,Isabella,Collins,S,F,2026-01-04
16815.0,16815,Jacob,Brown,M,M,2026-01-04
16816.0,16816,Julia,Miller,M,F,2026-01-04
16817.0,16817,Evan,Peterson,M,M,2026-01-04
16818.0,16818,Gabrielle,Reed,M,F,2026-01-04
16819.0,16819,Dalton,Cox,M,M,2026-01-04
16820.0,16820,Isabella,Gray,M,F,2026-01-04
16821.0,16821,Mary,Carter,M,F,2026-01-04
16822.0,16822,Marshall,Lin,M,M,2026-01-04
16823.0,16823,Stacy,Ruiz,M,F,2026-01-04
16824.0,16824,Randall,Munoz,M,M,2026-01-04
16825.0,16825,Susan,Zeng,M,F,2026-01-04
16826.0,16826,Roberto,Vazquez,M,M,2026-01-04
16827.0,16827,Jeffery,Chen,M,M,2026-01-04
16828.0,16828,Logan,Mitchell,M,M,2026-01-04
16829.0,16829,Wayne,Lal,M,M,2026-01-04
16830.0,16830,Alexandra,Hall,M,F,2026-01-04
16831.0,16831,Theodore,Vazquez,M,M,2026-01-04
16832.0,16832,Isaiah,Parker,S,M,2026-01-04
16833.0,16833,Richard,Cooper,M,M,2026-01-04
16834.0,16834,Morgan,Peterson,S,F,2026-01-04
16835.0,16835,Noah,Nelson,M,M,2026-01-04
16836.0,16836,David,Thomas,M,M,2026-01-04
16837.0,16837,Elizabeth,Jackson,M,F,2026-01-04
16838.0,16838,Jonathan,Griffin,S,M,2026-01-04
16839.0,16839,Julia,Ross,M,F,2026-01-04
16840.0,16840,Xavier,Torres,M,M,2026-01-04
16841.0,16841,James,Turner,M,M,2026-01-04
16842.0,16842,Jenny,Yang,M,F,2026-01-04
16843.0,16843,Jimmy,Ramos,S,M,2026-01-04
16844.0,16844,Emma,Robinson,M,F,2026-01-04
16845.0,16845,Andrea,Adams,S,F,2026-01-04
16846.0,16846,James,Phillips,S,M,2026-01-04
16847.0,16847,Eduardo,Hall,M,M,2026-01-04
16848.0,16848,Jessica,Thomas,S,F,2026-01-04
16849.0,16849,Jonathan,Collins,M,M,2026-01-04
16850.0,16850,Jessica,Jenkins,S,F,2026-01-04
16851.0,16851,Kevin,Hayes,S,M,2026-01-04
16852.0,16852,Kate,She,S,F,2026-01-04
16853.0,16853,Christina,Bailey,S,F,2026-01-04
16854.0,16854,Seth,Adams,M,M,2026-01-04
16855.0,16855,Evelyn,Srini,M,F,2026-01-04
16856.0,16856,Erin,Rivera,M,F,2026-01-04
16857.0,16857,Lawrence,Munoz,M,M,2026-01-04
16858.0,16858,Jan,Lopez,M,F,2026-01-04
16859.0,16859,Jack,Kumar,S,M,2026-01-04
16860.0,16860,Haley,Rogers,M,F,2026-01-04
16861.0,16861,Luis,Sharma,S,M,2026-01-04
16862.0,16862,Timothy,Nelson,M,M,2026-01-04
16863.0,16863,Kaitlyn,Clark,M,F,2026-01-04
16864.0,16864,Grace,Ramirez,S,F,2026-01-04
16865.0,16865,Jordyn,Diaz,M,F,2026-01-04
16866.0,16866,Alexandra,Parker,M,F,2026-01-04
16867.0,16867,Katelyn,King,S,F,2026-01-04
16868.0,16868,Xavier,Jackson,M,M,2026-01-04
16869.0,16869,Vanessa,Patterson,M,F,2026-01-04
16870.0,16870,Andrea,Morgan,M,F,2026-01-04
16871.0,16871,Anna,Clark,M,F,2026-01-04
16872.0,16872,Samuel,Taylor,M,M,2026-01-04
16873.0,16873,Damien,Deng,M,M,2026-01-04
16874.0,16874,Leslie,Munoz,S,F,2026-01-04
16875.0,16875,Samantha,Diaz,M,F,2026-01-04
16876.0,16876,Jackson,Sharma,M,M,2026-01-04
16877.0,16877,Katelyn,Adams,S,F,2026-01-04
16878.0,16878,Devin,Young,S,M,2026-01-04
16879.0,16879,Morgan,Taylor,S,F,2026-01-04
16880.0,16880,Edgar,Patel,M,M,2026-01-04
16881.0,16881,Ruben,Alonso,M,M,2026-01-04
16882.0,16882,Robert,Young,S,M,2026-01-04
16883.0,16883,Tyler,Davis,S,M,2026-01-04
16884.0,16884,Richard,Miller,M,M,2026-01-04
16885.0,16885,Garrett,Cook,M,M,2026-01-04
16886.0,16886,Aidan,Flores,M,M,2026-01-04
16887.0,16887,Cody,Rivera,M,M,2026-01-04
16888.0,16888,Arianna,Hughes,S,F,2026-01-04
16889.0,16889,Daniel,Rodriguez,S,M,2026-01-04
16890.0,16890,Timothy,Reed,M,M,2026-01-04
16891.0,16891,Natalie,Gonzales,M,F,2026-01-04
16892.0,16892,Rebecca,Evans,M,F,2026-01-04
16893.0,16893,Isaac,Howard,S,M,2026-01-04
16894.0,16894,Abigail,Walker,S,F,2026-01-04
16895.0,16895,Chloe,Gonzales,M,F,2026-01-04
16896.0,16896,Natalie,Perez,M,F,2026-01-04
16897.0,16897,Lauren,Torres,S,F,2026-01-04
16898.0,16898,Angel,Reed,M,M,2026-01-04
16899.0,16899,Whitney,Sanchez,M,F,2026-01-04
16900.0,16900,Miguel,Jones,M,M,2026-01-04
16901.0,16901,Ricky,Munoz,M,M,2026-01-04
16902.0,16902,Shawn,She,S,M,2026-01-04
16903.0,16903,Ian,Wright,S,M,2026-01-04
16904.0,16904,Arianna,Bailey,M,F,2026-01-04
16905.0,16905,Janet,Stewart,M,F,2026-01-04
16906.0,16906,Brittany,Flores,M,F,2026-01-04
16907.0,16907,Sarah,Hall,S,F,2026-01-04
16908.0,16908,Kristi,Patel,S,F,2026-01-04
16909.0,16909,Chloe,Walker,M,F,2026-01-04
16910.0,16910,Ryan,Diaz,M,M,2026-01-04
16911.0,16911,Caleb,Patterson,M,M,2026-01-04
16912.0,16912,Dalton,Patterson,M,M,2026-01-04
16913.0,16913,Marcus,Flores,S,M,2026-01-04
16914.0,16914,Alexandra,Campbell,M,F,2026-01-04
16915.0,16915,Mason,Phillips,M,M,2026-01-04
16916.0,16916,Cheryl,Dominguez,S,F,2026-01-04
16917.0,16917,Brett,Subram,M,M,2026-01-04
16918.0,16918,Alexandria,Cox,S,F,2026-01-04
16919.0,16919,Kaitlin,Sullivan,M,F,2026-01-04
16920.0,16920,Eduardo,Stewart,M,M,2026-01-04
16921.0,16921,Edwin,Jai,M,M,2026-01-04
16922.0,16922,Emma,Jackson,S,F,2026-01-04
16923.0,16923,Connor,Gonzales,S,M,2026-01-04
16924.0,16924,Julia,Price,S,F,2026-01-04
16925.0,16925,Spencer,Patterson,S,M,2026-01-04
16926.0,16926,Rodney,Sanz,M,M,2026-01-04
16927.0,16927,Rebekah,Gonzalez,M,F,2026-01-04
16928.0,16928,Bryan,Stewart,S,M,2026-01-04
16929.0,16929,Savannah,Scott,M,F,2026-01-04
16930.0,16930,Kristen,Zhao,S,F,2026-01-04
16931.0,16931,Dalton,Lee,S,M,2026-01-04
16932.0,16932,Adam,King,M,M,2026-01-04
16933.0,16933,Donald,Arun,S,M,2026-01-04
16934.0,16934,Michele,Vazquez,S,F,2026-01-04
16935.0,16935,Bruce,Perez,S,M,2026-01-04
16936.0,16936,Alice,Serventi,M,F,2026-01-04
16937.0,16937,Craig,Rubio,M,M,2026-01-04
16938.0,16938,Abigail,Williams,S,F,2026-01-04
16939.0,16939,Bailey,Evans,M,F,2026-01-04
16940.0,16940,Jenny,Zeng,S,F,2026-01-04
16941.0,16941,Amy,Yang,M,F,2026-01-04
16942.0,16942,Kaitlyn,Bennett,M,F,2026-01-04
16943.0,16943,Veronica,Garcia,M,F,2026-01-04
16944.0,16944,Alejandro,Raji,S,M,2026-01-04
16945.0,16945,Brianna,Kelly,S,F,2026-01-04
16946.0,16946,Teresa,Diaz,M,F,2026-01-04
16947.0,16947,Savannah,Stewart,M,F,2026-01-04
16948.0,16948,Emma,Lee,M,F,2026-01-04
16949.0,16949,Luis,Flores,M,M,2026-01-04
16950.0,16950,Connor,Edwards,M,M,2026-01-04
16951.0,16951,Cassidy,Bennett,M,F,2026-01-04
16952.0,16952,Thomas,Martin,M,M,2026-01-04
16953.0,16953,Paige,Ward,M,F,2026-01-04
16954.0,16954,Fernando,Davis,S,M,2026-01-04
16955.0,16955,Nathaniel,Bradley,M,M,2026-01-04
16956.0,16956,Austin,Flores,M,M,2026-01-04
16957.0,16957,Seth,Wilson,M,M,2026-01-04
16958.0,16958,Pedro,Torres,M,M,2026-01-04
16959.0,16959,Carson,Foster,M,M,2026-01-04
16960.0,16960,Paige,Gray,M,F,2026-01-04
16961.0,16961,Faith,Perry,M,F,2026-01-04
16962.0,16962,Zachary,Coleman,M,M,2026-01-04
16963.0,16963,Faith,Hughes,M,F,2026-01-04
16964.0,16964,Gavin,Wood,M,M,2026-01-04
16965.0,16965,Kristi,Romero,S,F,2026-01-04
16966.0,16966,Amanda,Diaz,M,F,2026-01-04
16967.0,16967,Noah,Hernandez,S,M,2026-01-04
16968.0,16968,Ian,Griffin,S,M,2026-01-04
16969.0,16969,Jackson,Turner,M,M,2026-01-04
16970.0,16970,Katherine,Foster,S,F,2026-01-04
16971.0,16971,Alexia,Bryant,S,F,2026-01-04
16972.0,16972,Lucas,Hernandez,S,M,2026-01-04
16973.0,16973,Katherine,Collins,S,F,2026-01-04
16974.0,16974,Paige,Rivera,S,F,2026-01-04
16975.0,16975,Benjamin,Lee,M,M,2026-01-04
16976.0,16976,Sandra,Xu,S,F,2026-01-04
16977.0,16977,Noah,Adams,S,M,2026-01-04
16978.0,16978,Jeremy,Rivera,M,M,2026-01-04
16979.0,16979,Kaitlyn,Rogers,S,F,2026-01-04
16980.0,16980,Jill,Moore,M,F,2026-01-04
16981.0,16981,Hunter,Simmons,M,M,2026-01-04
16982.0,16982,Jillian,Lopez,M,F,2026-01-04
16983.0,16983,Gabriel,Collins,M,M,2026-01-04
16984.0,16984,Rodney,Moreno,S,M,2026-01-04
16985.0,16985,Adam,Li,S,M,2026-01-04
16986.0,16986,Sara,Adams,S,F,2026-01-04
16987.0,16987,Miguel,Clark,S,M,2026-01-04
16988.0,16988,Brian,Bailey,S,M,2026-01-04
16989.0,16989,Emma,Richardson,S,F,2026-01-04
16990.0,16990,Zachary,Griffin,M,M,2026-01-04
16991.0,16991,Brianna,Henderson,S,F,2026-01-04
16992.0,16992,Lucas,Watson,S,M,2026-01-04
16993.0,16993,Russell,Rai,M,M,2026-01-04
16994.0,16994,Deanna,Torres,S,F,2026-01-04
16995.0,16995,Taylor,Hall,S,F,2026-01-04
16996.0,16996,Destiny,Walker,S,F,2026-01-04
16997.0,16997,Natalie,Allen,S,F,2026-01-04
16998.0,16998,Jennifer,Lopez,S,F,2026-01-04
16999.0,16999,Chloe,Kelly,S,F,2026-01-04
17000.0,17000,Miranda,Henderson,S,F,2026-01-04
17001.0,17001,Ashley,Moore,S,F,2026-01-04
17002.0,17002,Dylan,Martin,S,M,2026-01-04
17003.0,17003,Joanna,Dominguez,S,F,2026-01-04
17004.0,17004,Krista,Torres,S,F,2026-01-04
17005.0,17005,Priscilla,Anand,S,F,2026-01-04
17006.0,17006,Hunter,Williams,M,M,2026-01-04
17007.0,17007,Samuel,Hayes,S,M,2026-01-04
17008.0,17008,Connor,Turner,S,M,2026-01-04
17009.0,17009,Wyatt,Butler,S,M,2026-01-04
17010.0,17010,Brianna,James,S,F,2026-01-04
17011.0,17011,Sara,Hill,M,F,2026-01-04
17012.0,17012,Joan,Collins,M,F,2026-01-04
17013.0,17013,Gabriella,Mitchell,S,F,2026-01-04
17014.0,17014,Michael,Harris,S,M,2026-01-04
17015.0,17015,Kelly,Patterson,S,F,2026-01-04
17016.0,17016,Hailey,Hughes,S,F,2026-01-04
17017.0,17017,Jeremiah,Jones,M,M,2026-01-04
17018.0,17018,Mandy,Guo,M,F,2026-01-04
17019.0,17019,Andrea,Hall,M,F,2026-01-04
17020.0,17020,Ashley,Bryant,M,F,2026-01-04
17021.0,17021,Nicole,Reed,M,F,2026-01-04
17022.0,17022,Karen,Morgan,M,F,2026-01-04
17023.0,17023,Jeremiah,Harris,M,M,2026-01-04
17024.0,17024,Jacqueline,Diaz,M,F,2026-01-04
17025.0,17025,Ryan,Taylor,S,M,2026-01-04
17026.0,17026,Jordan,Li,S,M,2026-01-04
17027.0,17027,Brianna,Taylor,S,F,2026-01-04
17028.0,17028,Grace,Richardson,M,F,2026-01-04
17029.0,17029,Suzanne,Xu,M,F,2026-01-04
17030.0,17030,Emily,Russell,M,F,2026-01-04
17031.0,17031,Grace,Thomas,M,F,2026-01-04
17032.0,17032,Alexandria,Flores,M,F,2026-01-04
17033.0,17033,Carson,Long,S,M,2026-01-04
17034.0,17034,Lauren,Clark,S,F,2026-01-04
17035.0,17035,Jordan,Flores,M,M,2026-01-04
17036.0,17036,Savannah,Perez,M,F,2026-01-04
17037.0,17037,Kenneth,Nath,M,M,2026-01-04
17038.0,17038,Ernest,Wang,S,M,2026-01-04
17039.0,17039,Ariana,Watson,M,F,2026-01-04
17040.0,17040,Adam,Henderson,M,M,2026-01-04
17041.0,17041,Connor,Perry,M,M,2026-01-04
17042.0,17042,Tyler,Jackson,M,M,2026-01-04
17043.0,17043,Isabella,Bennett,M,F,2026-01-04
17044.0,17044,Ana,Hayes,M,F,2026-01-04
17045.0,17045,Derek,Goel,S,M,2026-01-04
17046.0,17046,Preston,Sai,M,M,2026-01-04
17047.0,17047,Kendra,Rubio,M,F,2026-01-04
17048.0,17048,Natasha,Gutierrez,S,F,2026-01-04
17049.0,17049,Krystal,Lu,M,F,2026-01-04
17050.0,17050,Cristina,Xie,M,F,2026-01-04
17051.0,17051,Jessie,Ortega,M,F,2026-01-04
17052.0,17052,Rafael,Nara,M,M,2026-01-04
17053.0,17053,Deanna,Raman,M,F,2026-01-04
17054.0,17054,Shawn,Raje,M,M,2026-01-04
17055.0,17055,Willie,She,S,M,2026-01-04
17056.0,17056,Shaun,Lal,S,M,2026-01-04
17057.0,17057,Tasha,Raji,M,F,2026-01-04
17058.0,17058,Destiny,Lee,M,F,2026-01-04
17059.0,17059,Louis,Chen,M,M,2026-01-04
17060.0,17060,Gerald,Sanz,M,M,2026-01-04
17061.0,17061,Brandi,Alonso,M,F,2026-01-04
17062.0,17062,Christy,Lu,M,F,2026-01-04
17063.0,17063,Jaclyn,Wang,M,F,2026-01-04
17064.0,17064,Stephanie,Gray,M,F,2026-01-04
17065.0,17065,Cedric,Chen,M,M,2026-01-04
17066.0,17066,Lori,Serrano,M,F,2026-01-04
17067.0,17067,Adrienne,Alvarez,S,F,2026-01-04
17068.0,17068,Thomas,Smith,S,M,2026-01-04
17069.0,17069,Christy,Zheng,S,F,2026-01-04
17070.0,17070,Margaret,Huang,M,F,2026-01-04
17071.0,17071,Tammy,Raji,S,F,2026-01-04
17072.0,17072,Kaitlin,Kapoor,M,F,2026-01-04
17073.0,17073,Jonathon,Carlson,M,M,2026-01-04
17074.0,17074,Ruben,Malhotra,M,M,2026-01-04
17075.0,17075,Aimee,Guo,M,F,2026-01-04
17076.0,17076,Neil,Serrano,M,M,2026-01-04
17077.0,17077,Ronald,Raman,S,M,2026-01-04
17078.0,17078,Jenny,Zhu,S,F,2026-01-04
17079.0,17079,Tracy,Rai,S,F,2026-01-04
17080.0,17080,Katelyn,Peterson,S,F,2026-01-04
17081.0,17081,Jennifer,Murphy,S,F,2026-01-04
17082.0,17082,Morgan,Smith,S,F,2026-01-04
17083.0,17083,Priscilla,Raje,S,F,2026-01-04
17084.0,17084,Byron,Serrano,S,M,2026-01-04
17085.0,17085,Edwin,Deng,M,M,2026-01-04
17086.0,17086,Xavier,Anderson,S,M,2026-01-04
17087.0,17087,Jésus,Dominguez,M,M,2026-01-04
17088.0,17088,Wayne,Yuan,S,M,2026-01-04
17089.0,17089,Crystal,Zhu,M,F,2026-01-04
17090.0,17090,Leslie,Alvarez,S,F,2026-01-04
17091.0,17091,Tammy,Patel,M,F,2026-01-04
17092.0,17092,Devon,Beck,M,M,2026-01-04
17093.0,17093,Seth,Sanchez,M,M,2026-01-04
17094.0,17094,Julio,Dominguez,S,M,2026-01-04
17095.0,17095,Logan,Garcia,S,M,2026-01-04
17096.0,17096,Samantha,Bennett,M,F,2026-01-04
17097.0,17097,Deanna,Kapoor,S,F,2026-01-04
17098.0,17098,Willie,Shan,S,M,2026-01-04
17099.0,17099,Joel,Fernandez,S,M,2026-01-04
17100.0,17100,Vincent,Wang,S,M,2026-01-04
17101.0,17101,Shannon,Gutierrez,S,M,2026-01-04
17102.0,17102,Andres,Goel,S,M,2026-01-04
17103.0,17103,Franklin,Xu,M,M,2026-01-04
17104.0,17104,Clifford,Rodriguez,S,M,2026-01-04
17105.0,17105,Madison,Walker,S,F,2026-01-04
17106.0,17106,Gina,Jiménez,S,F,2026-01-04
17107.0,17107,Priscilla,Yuan,S,F,2026-01-04
17108.0,17108,Susan,Xu,S,F,2026-01-04
17109.0,17109,Sydney,Wilson,S,F,2026-01-04
17110.0,17110,Meredith,Garcia,S,F,2026-01-04
17111.0,17111,Jenny,Chande,M,F,2026-01-04
17112.0,17112,Janet,Jimenez,M,F,2026-01-04
17113.0,17113,Clarence,Pal,S,M,2026-01-04
17114.0,17114,Jarrod,Mehta,S,M,2026-01-04
17115.0,17115,Karen,Xu,M,F,2026-01-04
17116.0,17116,Alison,Nath,S,F,2026-01-04
17117.0,17117,Lydia,Prasad,M,F,2026-01-04
17118.0,17118,Sara,Blue,S,F,2026-01-04
17119.0,17119,Isabella,Harris,S,F,2026-01-04
17120.0,17120,Michele,Raje,S,F,2026-01-04
17121.0,17121,Lucas,Bryant,S,M,2026-01-04
17122.0,17122,Gabrielle,Gonzalez,S,F,2026-01-04
17123.0,17123,Pedro,Romero,M,M,2026-01-04
17124.0,17124,Kaitlin,Madan,M,F,2026-01-04
17125.0,17125,Paige,Rogers,M,F,2026-01-04
17126.0,17126,Natalie,Perry,S,F,2026-01-04
17127.0,17127,Makayla,Gray,S,F,2026-01-04
17128.0,17128,Fernando,Alexander,S,M,2026-01-04
17129.0,17129,Gabrielle,Powell,S,F,2026-01-04
17130.0,17130,Janet,Turner,S,F,2026-01-04
17131.0,17131,Lauren,Henderson,S,F,2026-01-04
17132.0,17132,Isabella,James,S,F,2026-01-04
17133.0,17133,Lucas,Kelly,S,M,2026-01-04
17134.0,17134,Tabitha,Mehta,S,F,2026-01-04
17135.0,17135,Richard,Edwards,S,M,2026-01-04
17136.0,17136,Glenn,Ye,S,M,2026-01-04
17137.0,17137,Jason,Washington,S,M,2026-01-04
17138.0,17138,Melanie,Jenkins,S,F,2026-01-04
17139.0,17139,Jade,Rivera,S,F,2026-01-04
17140.0,17140,Sean,Peterson,M,M,2026-01-04
17141.0,17141,Makayla,Rogers,S,F,2026-01-04
17142.0,17142,Seth,Flores,M,M,2026-01-04
17143.0,17143,David,Ross,M,M,2026-01-04
17144.0,17144,Luis,Griffin,M,M,2026-01-04
17145.0,17145,Sarah,Bennett,S,F,2026-01-04
17146.0,17146,Juan,Cook,S,M,2026-01-04
17147.0,17147,Jennifer,Nelson,S,F,2026-01-04
17148.0,17148,Hailey,Henderson,S,F,2026-01-04
17149.0,17149,Steven,Richardson,M,M,2026-01-04
17150.0,17150,Wyatt,Wright,M,M,2026-01-04
17151.0,17151,Jasmine,Alexander,S,F,2026-01-04
17152.0,17152,Jack,Wang,S,M,2026-01-04
17153.0,17153,Devin,Butler,M,M,2026-01-04
17154.0,17154,Geoffrey,Martinez,M,M,2026-01-04
17155.0,17155,Samuel,Lewis,M,M,2026-01-04
17156.0,17156,Hailey,Gonzales,S,F,2026-01-04
17157.0,17157,Wyatt,Johnson,M,M,2026-01-04
17158.0,17158,Mitchell,Nara,M,M,2026-01-04
17159.0,17159,Kellie,Ruiz,S,F,2026-01-04
17160.0,17160,Louis,Andersen,M,M,2026-01-04
17161.0,17161,Katherine,Lopez,S,F,2026-01-04
17162.0,17162,Rachel,Blue,S,F,2026-01-04
17163.0,17163,Edward,Adams,M,M,2026-01-04
17164.0,17164,Ryan,Clark,M,M,2026-01-04
17165.0,17165,Isaac,Gonzalez,S,M,2026-01-04
17166.0,17166,Joshua,Several,M,M,2026-01-04
17167.0,17167,Thomas,Jenkins,M,M,2026-01-04
17168.0,17168,Jada,Perez,S,F,2026-01-04
17169.0,17169,Emily,Taylor,M,F,2026-01-04
17170.0,17170,Jasmine,James,M,F,2026-01-04
17171.0,17171,Katherine,Clark,S,F,2026-01-04
17172.0,17172,Jesse,Adams,M,M,2026-01-04
17173.0,17173,David,Bryant,S,M,2026-01-04
17174.0,17174,Angelica,Wood,S,F,2026-01-04
17175.0,17175,Amanda,Roberts,S,F,2026-01-04
17176.0,17176,Isaac,Ward,S,M,2026-01-04
17177.0,17177,Richard,Hayes,M,M,2026-01-04
17178.0,17178,Trisha,Liang,M,F,2026-01-04
17179.0,17179,James,Henderson,S,M,2026-01-04
17180.0,17180,Timothy,Rogers,M,M,2026-01-04
17181.0,17181,Jenny,Lal,M,F,2026-01-04
17182.0,17182,Jessica,Patterson,S,F,2026-01-04
17183.0,17183,Shane,Sanchez,M,M,2026-01-04
17184.0,17184,Eddie,Dominguez,M,M,2026-01-04
17185.0,17185,Karla,Anand,M,F,2026-01-04
17186.0,17186,Isaac,Evans,M,M,2026-01-04
17187.0,17187,Alejandro,Ma,S,M,2026-01-04
17188.0,17188,Alexa,Peterson,M,F,2026-01-04
17189.0,17189,Clarence,Goel,M,M,2026-01-04
17190.0,17190,Ebony,Rana,S,F,2026-01-04
17191.0,17191,Gilbert,Guo,S,M,2026-01-04
17192.0,17192,Warren,He,S,M,2026-01-04
17193.0,17193,Haley,Brooks,M,F,2026-01-04
17194.0,17194,Wyatt,Thompson,M,M,2026-01-04
17195.0,17195,Franklin,Sharma,M,M,2026-01-04
17196.0,17196,Douglas,Fernandez,S,M,2026-01-04
17197.0,17197,Mindy,Nara,S,F,2026-01-04
17198.0,17198,Cheryl,Jiménez,S,F,2026-01-04
17199.0,17199,Dennis,Zhou,M,M,2026-01-04
17200.0,17200,Russell,She,S,M,2026-01-04
17201.0,17201,Vincent,Yang,S,M,2026-01-04
17202.0,17202,Deanna,Martinez,M,F,2026-01-04
17203.0,17203,Christine,Raje,M,F,2026-01-04
17204.0,17204,Evelyn,Martinez,S,F,2026-01-04
17205.0,17205,Lisa,Wang,S,F,2026-01-04
17206.0,17206,Spencer,Gonzales,M,M,2026-01-04
17207.0,17207,Ian,Torres,S,M,2026-01-04
17208.0,17208,Jacob,Miller,M,M,2026-01-04
17209.0,17209,Jacqueline,James,M,F,2026-01-04
17210.0,17210,Karl,Deng,S,M,2026-01-04
17211.0,17211,Virginia,Rodriguez,M,F,2026-01-04
17212.0,17212,Jacqueline,Coleman,S,F,2026-01-04
17213.0,17213,Calvin,Goel,M,M,2026-01-04
17214.0,17214,Damien,Liu,M,M,2026-01-04
17215.0,17215,Juan,Bell,S,M,2026-01-04
17216.0,17216,Kathleen,Ramos,M,F,2026-01-04
17217.0,17217,Raquel,Gill,M,F,2026-01-04
17218.0,17218,Craig,Carlson,M,M,2026-01-04
17219.0,17219,Kelsey,Sharma,M,F,2026-01-04
17220.0,17220,Glenn,Wang,M,M,2026-01-04
17221.0,17221,Ricky,Navarro,M,M,2026-01-04
17222.0,17222,Carolyn,Serrano,M,F,2026-01-04
17223.0,17223,Francis,Torres,M,M,2026-01-04
17224.0,17224,Mandy,Li,M,F,2026-01-04
17225.0,17225,Lawrence,Dominguez,M,M,2026-01-04
17226.0,17226,Gilbert,McDonald,M,M,2026-01-04
17227.0,17227,Erika,Gutierrez,M,F,2026-01-04
17228.0,17228,Krystal,Zimmerman,S,F,2026-01-04
17229.0,17229,Maria,Watson,S,F,2026-01-04
17230.0,17230,Lance,Suarez,M,M,2026-01-04
17231.0,17231,Tina,Garcia,S,F,2026-01-04
17232.0,17232,Walter,Jimenez,M,M,2026-01-04
17233.0,17233,Michele,Raman,M,F,2026-01-04
17234.0,17234,Anna,Jenkins,S,F,2026-01-04
17235.0,17235,Joshua,Jackson,S,M,2026-01-04
17236.0,17236,Harold,Chandra,S,M,2026-01-04
17237.0,17237,Bridget,Shen,S,F,2026-01-04
17238.0,17238,Jordan,Patterson,S,M,2026-01-04
17239.0,17239,Desiree,Romero,M,F,2026-01-04
17240.0,17240,Dustin,Luo,M,M,2026-01-04
17241.0,17241,Omar,Chander,M,M,2026-01-04
17242.0,17242,Dale,Chande,M,M,2026-01-04
17243.0,17243,Miranda,Flores,M,F,2026-01-04
17244.0,17244,Kellie,Dominguez,M,F,2026-01-04
17245.0,17245,Regina,Mehta,M,F,2026-01-04
17246.0,17246,Micah,Wu,S,M,2026-01-04
17247.0,17247,Michael,Moore,M,M,2026-01-04
17248.0,17248,Alicia,Beck,M,F,2026-01-04
17249.0,17249,Carl,Goel,M,M,2026-01-04
17250.0,17250,Alicia,She,M,F,2026-01-04
17251.0,17251,Tonya,Nara,M,F,2026-01-04
17252.0,17252,Colleen,Zhu,M,F,2026-01-04
17253.0,17253,Roy,Suri,M,M,2026-01-04
17254.0,17254,Margaret,Liang,M,F,2026-01-04
17255.0,17255,Carly,Nath,M,F,2026-01-04
17256.0,17256,Noah,Flores,M,M,2026-01-04
17257.0,17257,Darren,Rana,M,M,2026-01-04
17258.0,17258,Fernando,Green,M,M,2026-01-04
17259.0,17259,Trisha,Wang,M,F,2026-01-04
17260.0,17260,Sean,King,M,M,2026-01-04
17261.0,17261,Kyle,Shan,M,M,2026-01-04
17262.0,17262,Kristy,Martin,M,F,2026-01-04
17263.0,17263,Julia,Flores,M,F,2026-01-04
17264.0,17264,Ian,Smith,S,M,2026-01-04
17265.0,17265,Grace,Flores,M,F,2026-01-04
17266.0,17266,Elijah,Hall,M,M,2026-01-04
17267.0,17267,Abigail,Stewart,M,F,2026-01-04
17268.0,17268,Alyssa,Hughes,M,F,2026-01-04
17269.0,17269,Kevin,Russell,S,M,2026-01-04
17270.0,17270,Jack,Parker,S,M,2026-01-04
17271.0,17271,Sarah,Griffin,M,F,2026-01-04
17272.0,17272,Mary,Hernandez,S,F,2026-01-04
17273.0,17273,Jonathon,Torres,M,M,2026-01-04
17274.0,17274,Arturo,Lu,M,M,2026-01-04
17275.0,17275,Ian,Sanders,M,M,2026-01-04
17276.0,17276,Elijah,Jenkins,S,M,2026-01-04
17277.0,17277,Nichole,Goel,M,F,2026-01-04
17278.0,17278,Isabella,Price,M,F,2026-01-04
17279.0,17279,Tanya,Alvarez,M,F,2026-01-04
17280.0,17280,Deanna,Mehta,M,F,2026-01-04
17281.0,17281,Francis,Vazquez,S,M,2026-01-04
17282.0,17282,Alyssa,Alexander,M,F,2026-01-04
17283.0,17283,Henry,Madan,S,M,2026-01-04
17284.0,17284,Gerald,Martin,S,M,2026-01-04
17285.0,17285,Clayton,Deng,M,M,2026-01-04
17286.0,17286,Randall,Rubio,M,M,2026-01-04
17287.0,17287,Billy,Suarez,M,M,2026-01-04
17288.0,17288,Dwayne,Torres,S,M,2026-01-04
17289.0,17289,Mallory,Diaz,M,F,2026-01-04
17290.0,17290,Jenny,Becker,S,F,2026-01-04
17291.0,17291,Jorge,Huang,S,M,2026-01-04
17292.0,17292,Kellie,Gill,S,F,2026-01-04
17293.0,17293,Alexandra,Allen,M,F,2026-01-04
17294.0,17294,Ruth,Arun,M,F,2026-01-04
17295.0,17295,Victor,Sanz,M,M,2026-01-04
17296.0,17296,Joanna,Johnston,S,F,2026-01-04
17297.0,17297,Tommy,Kumar,S,M,2026-01-04
17298.0,17298,Lucas,Peterson,S,M,2026-01-04
17299.0,17299,Jaclyn,Ferrier,S,F,2026-01-04
17300.0,17300,Ivan,Sai,S,M,2026-01-04
17301.0,17301,Nicolas,Raji,S,M,2026-01-04
17302.0,17302,Ruth,Vance,S,F,2026-01-04
17303.0,17303,Terrence,Tang,M,M,2026-01-04
17304.0,17304,Haley,Campbell,S,F,2026-01-04
17305.0,17305,Neil,Torres,M,M,2026-01-04
17306.0,17306,Edgar,Prasad,S,M,2026-01-04
17307.0,17307,Warren,Chande,M,M,2026-01-04
17308.0,17308,Deborah,Kumar,M,F,2026-01-04
17309.0,17309,Amy,Ma,S,F,2026-01-04
17310.0,17310,Alejandro,Wang,M,M,2026-01-04
17311.0,17311,Kimberly,Reed,S,F,2026-01-04
17312.0,17312,Mayra,Kovar,S,F,2026-01-04
17313.0,17313,Raquel,Alonso,S,F,2026-01-04
17314.0,17314,Lisa,Guo,S,F,2026-01-04
17315.0,17315,Carolyn,Munoz,M,F,2026-01-04
17316.0,17316,Marvin,Serrano,M,M,2026-01-04
17317.0,17317,Stacey,Zeng,S,F,2026-01-04
17318.0,17318,Tiffany,Zhang,M,F,2026-01-04
17319.0,17319,Brianna,Johnson,S,F,2026-01-04
17320.0,17320,Alan,Zhu,S,M,2026-01-04
17321.0,17321,Kate,Kumar,M,F,2026-01-04
17322.0,17322,Derek,Beck,S,M,2026-01-04
17323.0,17323,Rafael,Jai,M,M,2026-01-04
17324.0,17324,Tonya,Xu,M,F,2026-01-04
17325.0,17325,Paige,Henderson,M,F,2026-01-04
17326.0,17326,Paul,Shakespear,S,F,2026-01-04
17327.0,17327,Jamie,Zhou,S,F,2026-01-04
17328.0,17328,Michelle,Cox,S,F,2026-01-04
17329.0,17329,Jasmine,Wilson,M,F,2026-01-04
17330.0,17330,Latoya,Becker,M,F,2026-01-04
17331.0,17331,Keith,Stone,M,M,2026-01-04
17332.0,17332,Jonathan,Green,S,M,2026-01-04
17333.0,17333,Misty,Chander,S,F,2026-01-04
17334.0,17334,Luis,Lopez,M,M,2026-01-04
17335.0,17335,Miguel,Gonzales,M,M,2026-01-04
17336.0,17336,Chase,Sanchez,S,M,2026-01-04
17337.0,17337,Marcus,Davis,S,M,2026-01-04
17338.0,17338,Jordyn,Long,M,F,2026-01-04
17339.0,17339,Ian,Hayes,S,M,2026-01-04
17340.0,17340,Joy,Hernandez,S,F,2026-01-04
17341.0,17341,Andy,Alonso,S,M,2026-01-04
17342.0,17342,William,Jones,S,M,2026-01-04
17343.0,17343,Tristan,Price,S,M,2026-01-04
17344.0,17344,Timothy,Kelly,S,M,2026-01-04
17345.0,17345,Jeremiah,Martin,M,M,2026-01-04
17346.0,17346,Edgar,Lopez,M,M,2026-01-04
17347.0,17347,Sara,Stewart,S,F,2026-01-04
17348.0,17348,Ariana,Cooper,S,F,2026-01-04
17349.0,17349,Cassie,Kennedy,M,F,2026-01-04
17350.0,17350,Ebony,Dominguez,S,F,2026-01-04
17351.0,17351,Terrence,Sharma,M,M,2026-01-04
17352.0,17352,Drew,Goel,M,M,2026-01-04
17353.0,17353,Bruce,Navarro,M,M,2026-01-04
17354.0,17354,Ivan,Garcia,M,M,2026-01-04
17355.0,17355,Shaun,Black,M,M,2026-01-04
17356.0,17356,Mary,Evans,S,F,2026-01-04
17357.0,17357,Brandon,Miller,M,M,2026-01-04
17358.0,17358,Sydney,Bell,M,F,2026-01-04
17359.0,17359,María,Flores,M,F,2026-01-04
17360.0,17360,Kyle,Lal,M,M,2026-01-04
17361.0,17361,Blake,Harris,M,M,2026-01-04
17362.0,17362,Miguel,Collins,M,M,2026-01-04
17363.0,17363,Benjamin,Harris,M,M,2026-01-04
17364.0,17364,Ian,Perry,M,M,2026-01-04
17365.0,17365,Thomas,Patterson,M,M,2026-01-04
17366.0,17366,Devin,Harris,M,M,2026-01-04
17367.0,17367,Trinity,Cooper,M,F,2026-01-04
17368.0,17368,Alisha,Xie,S,F,2026-01-04
17369.0,17369,Ethan,Brown,S,M,2026-01-04
17370.0,17370,Edwin,Chander,M,M,2026-01-04
17371.0,17371,Kaylee,Reed,S,F,2026-01-04
17372.0,17372,Sarah,Long,M,F,2026-01-04
17373.0,17373,Ryan,Gonzales,M,M,2026-01-04
17374.0,17374,Jason,Diaz,S,M,2026-01-04
17375.0,17375,Sheila,Gill,M,F,2026-01-04
17376.0,17376,Jaclyn,She,S,F,2026-01-04
17377.0,17377,Isabel,Wood,S,F,2026-01-04
17378.0,17378,Zachary,Foster,M,M,2026-01-04
17379.0,17379,Alexandra,Morgan,S,F,2026-01-04
17380.0,17380,Nathan,Adams,S,M,2026-01-04
17381.0,17381,Krystal,Guo,M,F,2026-01-04
17382.0,17382,Blake,Allen,M,M,2026-01-04
17383.0,17383,Craig,Ortega,M,M,2026-01-04
17384.0,17384,Raymond,Prasad,M,M,2026-01-04
17385.0,17385,Grace,Martinez,M,F,2026-01-04
17386.0,17386,Alexandra,Scott,M,F,2026-01-04
17387.0,17387,Aidan,Alexander,M,M,2026-01-04
17388.0,17388,Garrett,Ramirez,M,M,2026-01-04
17389.0,17389,Abigail,Butler,M,F,2026-01-04
17390.0,17390,Blake,Lewis,M,M,2026-01-04
17391.0,17391,Angela,Bennett,S,F,2026-01-04
17392.0,17392,Dylan,Jones,M,M,2026-01-04
17393.0,17393,Jordan,Sharma,S,M,2026-01-04
17394.0,17394,Veronica,Mehta,S,F,2026-01-04
17395.0,17395,Katherine,Ramirez,S,F,2026-01-04
17396.0,17396,Eduardo,Rodriguez,M,M,2026-01-04
17397.0,17397,Alexandra,Cook,M,F,2026-01-04
17398.0,17398,Kaylee,Lopez,S,F,2026-01-04
17399.0,17399,Ian,Sanchez,M,M,2026-01-04
17400.0,17400,Emily,Wilson,M,F,2026-01-04
17401.0,17401,Noah,Wright,M,M,2026-01-04
17402.0,17402,Bryce,Rogers,M,M,2026-01-04
17403.0,17403,Greg,White,S,M,2026-01-04
17404.0,17404,Gabriella,Baker,S,F,2026-01-04
17405.0,17405,Tamara,Wu,S,F,2026-01-04
17406.0,17406,Mariah,Flores,M,F,2026-01-04
17407.0,17407,Elizabeth,Bryant,M,F,2026-01-04
17408.0,17408,Thomas,Miller,M,M,2026-01-04
17409.0,17409,Christina,James,S,F,2026-01-04
17410.0,17410,Morgan,Lewis,M,F,2026-01-04
17411.0,17411,Jennifer,Brooks,M,F,2026-01-04
17412.0,17412,Kaylee,Carter,M,F,2026-01-04
17413.0,17413,Hailey,Ramirez,S,F,2026-01-04
17414.0,17414,Nicholas,Garcia,M,M,2026-01-04
17415.0,17415,Dawn,Beck,M,F,2026-01-04
17416.0,17416,Raymond,Suri,M,M,2026-01-04
17417.0,17417,Lee,Munoz,M,M,2026-01-04
17418.0,17418,Victoria,Ramirez,M,F,2026-01-04
17419.0,17419,Brianna,Reed,M,F,2026-01-04
17420.0,17420,Thomas,Hughes,M,M,2026-01-04
17421.0,17421,Katherine,Henderson,M,F,2026-01-04
17422.0,17422,Hunter,Campbell,M,M,2026-01-04
17423.0,17423,Arianna,Alexander,S,F,2026-01-04
17424.0,17424,Spencer,Long,M,M,2026-01-04
17425.0,17425,Austin,Washington,M,M,2026-01-04
17426.0,17426,Donna,Shan,S,F,2026-01-04
17427.0,17427,Adam,Russell,M,M,2026-01-04
17428.0,17428,Xavier,Perez,S,M,2026-01-04
17429.0,17429,Wyatt,Carter,M,M,2026-01-04
17430.0,17430,Edward,King,M,M,2026-01-04
17431.0,17431,Grace,Kelly,M,F,2026-01-04
17432.0,17432,Mariah,Peterson,M,F,2026-01-04
17433.0,17433,Cameron,Lee,M,M,2026-01-04
17434.0,17434,Alyssa,Russell,M,F,2026-01-04
17435.0,17435,Edward,Mitchell,S,M,2026-01-04
17436.0,17436,Evan,Ramirez,M,M,2026-01-04
17437.0,17437,Natalie,Baker,M,F,2026-01-04
17438.0,17438,Marcus,Hughes,M,M,2026-01-04
17439.0,17439,Jasmine,Butler,M,F,2026-01-04
17440.0,17440,Richard,Cox,S,M,2026-01-04
17441.0,17441,Natalie,Turner,S,F,2026-01-04
17442.0,17442,Edward,Taylor,M,M,2026-01-04
17443.0,17443,Kristin,Shen,S,F,2026-01-04
17444.0,17444,Bailey,Cox,S,F,2026-01-04
17445.0,17445,Natasha,Hernandez,M,F,2026-01-04
17446.0,17446,Pamela,Rana,M,F,2026-01-04
17447.0,17447,Sydney,Lewis,M,F,2026-01-04
17448.0,17448,Zachary,Hayes,M,M,2026-01-04
17449.0,17449,Jackson,Adams,M,M,2026-01-04
17450.0,17450,Samuel,Coleman,M,M,2026-01-04
17451.0,17451,Isabelle,Wood,M,F,2026-01-04
17452.0,17452,Mitchell,Nath,M,M,2026-01-04
17453.0,17453,Hailey,Reed,S,F,2026-01-04
17454.0,17454,Edward,Perry,M,M,2026-01-04
17455.0,17455,Dylan,Hayes,M,M,2026-01-04
17456.0,17456,Trevor,Wood,M,M,2026-01-04
17457.0,17457,Katherine,Allen,M,F,2026-01-04
17458.0,17458,Jason,Collins,S,M,2026-01-04
17459.0,17459,Cassidy,Barnes,M,F,2026-01-04
17460.0,17460,Megan,Murphy,M,F,2026-01-04
17461.0,17461,Sara,Allen,M,F,2026-01-04
17462.0,17462,Jesse,Rogers,M,M,2026-01-04
17463.0,17463,Nicholas,Moore,M,M,2026-01-04
17464.0,17464,Jeremy,Rodriguez,M,M,2026-01-04
17465.0,17465,Arianna,Stewart,S,F,2026-01-04
17466.0,17466,Thomas,Perez,M,M,2026-01-04
17467.0,17467,Wyatt,Hayes,S,M,2026-01-04
17468.0,17468,Jeremiah,Gonzalez,M,M,2026-01-04
17469.0,17469,Ian,Perez,M,M,2026-01-04
17470.0,17470,Jaime,Carlson,M,F,2026-01-04
17471.0,17471,Grace,James,S,F,2026-01-04
17472.0,17472,Meredith,Torres,S,F,2026-01-04
17473.0,17473,Ebony,Blanco,M,F,2026-01-04
17474.0,17474,Jose,King,S,M,2026-01-04
17475.0,17475,Jackson,Green,M,M,2026-01-04
17476.0,17476,Alexandria,Stewart,M,F,2026-01-04
17477.0,17477,Miranda,Griffin,S,F,2026-01-04
17478.0,17478,Renee,Martin,M,F,2026-01-04
17479.0,17479,Kristine,Ramos,M,F,2026-01-04
17480.0,17480,Lucas,Gonzalez,S,M,2026-01-04
17481.0,17481,Emma,Watson,S,F,2026-01-04
17482.0,17482,Taylor,Alexander,S,F,2026-01-04
17483.0,17483,Logan,Gonzalez,S,M,2026-01-04
17484.0,17484,Armando,Carlson,M,M,2026-01-04
17485.0,17485,Blake,Davis,M,M,2026-01-04
17486.0,17486,Marissa,Foster,S,F,2026-01-04
17487.0,17487,Nathan,Green,S,M,2026-01-04
17488.0,17488,Jason,Adams,S,M,2026-01-04
17489.0,17489,Jack,Evans,S,M,2026-01-04
17490.0,17490,Grace,Moore,S,F,2026-01-04
17491.0,17491,Kyle,Hall,S,M,2026-01-04
17492.0,17492,Amanda,Price,S,F,2026-01-04
17493.0,17493,Candice,Gao,M,F,2026-01-04
17494.0,17494,Mathew,Alvarez,M,M,2026-01-04
17495.0,17495,Corey,Sharma,M,M,2026-01-04
17496.0,17496,Tabitha,Sanz,M,F,2026-01-04
17497.0,17497,Maria,Collins,S,F,2026-01-04
17498.0,17498,Daniel,Martin,S,M,2026-01-04
17499.0,17499,Marcus,Campbell,S,M,2026-01-04
17500.0,17500,Cesar,Lopez,S,M,2026-01-04
17501.0,17501,Marc,Carlson,M,M,2026-01-04
17502.0,17502,Wayne,Kumar,S,M,2026-01-04
17503.0,17503,Molly,Suri,M,F,2026-01-04
17504.0,17504,Anna,Williams,S,F,2026-01-04
17505.0,17505,Hunter,Mitchell,S,M,2026-01-04
17506.0,17506,Alexandria,Simmons,M,F,2026-01-04
17507.0,17507,Alexis,Robinson,M,F,2026-01-04
17508.0,17508,Caroline,Bennett,S,F,2026-01-04
17509.0,17509,Makayla,Ramirez,S,F,2026-01-04
17510.0,17510,Jason,Butler,S,M,2026-01-04
17511.0,17511,Tabitha,Subram,S,F,2026-01-04
17512.0,17512,Cesar,Suri,M,M,2026-01-04
17513.0,17513,Micheal,Saunders,S,M,2026-01-04
17514.0,17514,Cedric,Zhou,M,M,2026-01-04
17515.0,17515,Lacey,Li,S,F,2026-01-04
17516.0,17516,Thomas,Foster,S,M,2026-01-04
17517.0,17517,Daniel,Williams,S,M,2026-01-04
17518.0,17518,Wendy,Gill,S,F,2026-01-04
17519.0,17519,Taylor,Rivera,M,F,2026-01-04
17520.0,17520,Marcus,Baker,S,M,2026-01-04
17521.0,17521,Destiny,Jenkins,M,F,2026-01-04
17522.0,17522,Reginald,Sanz,M,M,2026-01-04
17523.0,17523,Jordan,West,M,M,2026-01-04
17524.0,17524,Lucas,Washington,S,M,2026-01-04
17525.0,17525,Adam,Wright,M,M,2026-01-04
17526.0,17526,Tristan,Gonzales,S,M,2026-01-04
17527.0,17527,Anna,Cook,S,F,2026-01-04
17528.0,17528,Whitney,Kapoor,M,F,2026-01-04
17529.0,17529,Chloe,Mitchell,M,F,2026-01-04
17530.0,17530,Devin,Wood,M,M,2026-01-04
17531.0,17531,Isaac,Ramirez,M,M,2026-01-04
17532.0,17532,Nathan,Patterson,M,M,2026-01-04
17533.0,17533,Fernando,Baker,M,M,2026-01-04
17534.0,17534,Robert,Griffin,S,M,2026-01-04
17535.0,17535,Colleen,Guo,S,F,2026-01-04
17536.0,17536,Benjamin,Robinson,S,M,2026-01-04
17537.0,17537,Courtney,Mitchell,S,F,2026-01-04
17538.0,17538,Brianna,Bell,S,F,2026-01-04
17539.0,17539,Grace,Wilson,M,F,2026-01-04
17540.0,17540,Gloria,Gutierrez,M,F,2026-01-04
17541.0,17541,Kristen,Zeng,M,F,2026-01-04
17542.0,17542,Bridget,Rai,S,F,2026-01-04
17543.0,17543,Meredith,Martin,S,F,2026-01-04
17544.0,17544,Eduardo,Rogers,M,M,2026-01-04
17545.0,17545,Wyatt,Ross,M,M,2026-01-04
17546.0,17546,Melanie,James,M,F,2026-01-04
17547.0,17547,Alejandro,Yuan,M,M,2026-01-04
17548.0,17548,Kaylee,Adams,M,F,2026-01-04
17549.0,17549,Jonathan,Taylor,M,M,2026-01-04
17550.0,17550,Mason,Edwards,S,M,2026-01-04
17551.0,17551,Victoria,Torres,M,F,2026-01-04
17552.0,17552,Julia,Howard,M,F,2026-01-04
17553.0,17553,Summer,Sanchez,M,F,2026-01-04
17554.0,17554,Emma,Harris,M,F,2026-01-04
17555.0,17555,William,Smith,M,M,2026-01-04
17556.0,17556,Emily,Powell,M,F,2026-01-04
17557.0,17557,Matthew,Davis,S,M,2026-01-04
17558.0,17558,Ian,Williams,S,M,2026-01-04
17559.0,17559,Kari,Suarez,S,F,2026-01-04
17560.0,17560,Kaylee,Richardson,M,F,2026-01-04
17561.0,17561,Samantha,White,M,F,2026-01-04
17562.0,17562,Zachary,Sharma,M,M,2026-01-04
17563.0,17563,Jeremiah,King,S,M,2026-01-04
17564.0,17564,Julia,West,M,F,2026-01-04
17565.0,17565,Alexandra,Murphy,M,F,2026-01-04
17566.0,17566,Rachel,Martinez,M,F,2026-01-04
17567.0,17567,Nathaniel,Cook,M,M,2026-01-04
17568.0,17568,Dylan,Perry,M,M,2026-01-04
17569.0,17569,Mya,Price,S,F,2026-01-04
17570.0,17570,Carlos,Sanchez,M,M,2026-01-04
17571.0,17571,James,Li,M,M,2026-01-04
17572.0,17572,Lucas,Edwards,S,M,2026-01-04
17573.0,17573,Caroline,Ross,S,F,2026-01-04
17574.0,17574,Punya,Palit,S,M,2026-01-04
17575.0,17575,Marcus,Brown,S,M,2026-01-04
17576.0,17576,Albert,Vazquez,M,M,2026-01-04
17577.0,17577,Justin,Lee,S,M,2026-01-04
17578.0,17578,Megan,Thompson,M,F,2026-01-04
17579.0,17579,Jack,Chen,M,M,2026-01-04
17580.0,17580,Noah,White,M,M,2026-01-04
17581.0,17581,Jack,Henderson,M,M,2026-01-04
17582.0,17582,Katherine,Wilson,S,F,2026-01-04
17583.0,17583,Stephanie,Cook,S,F,2026-01-04
17584.0,17584,Lisa,Liu,S,F,2026-01-04
17585.0,17585,Seth,Griffin,S,M,2026-01-04
17586.0,17586,Cassidy,Patterson,S,F,2026-01-04
17587.0,17587,Curtis,Liang,M,M,2026-01-04
17588.0,17588,Gavin,Bennett,M,M,2026-01-04
17589.0,17589,Melanie,Brooks,S,F,2026-01-04
17590.0,17590,Garrett,Cox,M,M,2026-01-04
17591.0,17591,Spencer,Hughes,M,M,2026-01-04
17592.0,17592,Bryan,Sanders,M,M,2026-01-04
17593.0,17593,Richard,Butler,M,M,2026-01-04
17594.0,17594,Michelle,Cook,M,F,2026-01-04
17595.0,17595,Benjamin,Garcia,M,M,2026-01-04
17596.0,17596,Adrienne,Vazquez,S,F,2026-01-04
17597.0,17597,Sarah,Diaz,S,F,2026-01-04
17598.0,17598,Cameron,Harris,M,M,2026-01-04
17599.0,17599,Sebastian,Cooper,M,M,2026-01-04
17600.0,17600,Timothy,Brooks,S,M,2026-01-04
17601.0,17601,Jose,Hall,M,M,2026-01-04
17602.0,17602,Dalton,Williams,M,M,2026-01-04
17603.0,17603,Anna,Patterson,M,F,2026-01-04
17604.0,17604,Noah,Robinson,S,M,2026-01-04
17605.0,17605,Jon,Ma,M,M,2026-01-04
17606.0,17606,Jacqueline,Peterson,M,F,2026-01-04
17607.0,17607,Frederick,Gonzalez,S,M,2026-01-04
17608.0,17608,Carlos,Cooper,S,M,2026-01-04
17609.0,17609,Charles,Davis,S,M,2026-01-04
17610.0,17610,Anna,White,S,F,2026-01-04
17611.0,17611,Luis,Butler,S,M,2026-01-04
17612.0,17612,Courtney,Parker,S,F,2026-01-04
17613.0,17613,Dakota,Bryant,S,M,2026-01-04
17614.0,17614,Mason,Cook,S,M,2026-01-04
17615.0,17615,Brittany,Long,S,F,2026-01-04
17616.0,17616,Daniel,Weisman,S,M,2026-01-04
17617.0,17617,Abigail,Simmons,S,F,2026-01-04
17618.0,17618,Ramon,Liu,M,M,2026-01-04
17619.0,17619,Chloe,Smith,M,F,2026-01-04
17620.0,17620,Miranda,Coleman,S,F,2026-01-04
17621.0,17621,Brianna,Price,S,F,2026-01-04
17622.0,17622,Courtney,Young,S,F,2026-01-04
17623.0,17623,Austin,Robinson,S,M,2026-01-04
17624.0,17624,Samantha,Alexander,S,F,2026-01-04
17625.0,17625,Mason,Allen,M,M,2026-01-04
17626.0,17626,Alfredo,Blanco,M,M,2026-01-04
17627.0,17627,Dennis,Chen,M,M,2026-01-04
17628.0,17628,Roberto,Munoz,S,M,2026-01-04
17629.0,17629,Tabitha,Torres,S,F,2026-01-04
17630.0,17630,Gilbert,Zhang,M,M,2026-01-04
17631.0,17631,Cara,He,M,F,2026-01-04
17632.0,17632,Jimmy,Serrano,M,M,2026-01-04
17633.0,17633,Gary,Dominguez,S,M,2026-01-04
17634.0,17634,Kaitlin,Rana,S,F,2026-01-04
17635.0,17635,Terry,Deng,S,M,2026-01-04
17636.0,17636,Ross,Srini,S,M,2026-01-04
17637.0,17637,Arturo,Tang,S,M,2026-01-04
17638.0,17638,Clarence,Zheng,S,M,2026-01-04
17639.0,17639,Heather,Ma,S,F,2026-01-04
17640.0,17640,Haley,Allen,M,F,2026-01-04
17641.0,17641,Lorrin,Smith-Bates,S,M,2026-01-04
17642.0,17642,Gregory,Luo,S,M,2026-01-04
17643.0,17643,Wesley,Cai,S,M,2026-01-04
17644.0,17644,Rebecca,Adams,S,F,2026-01-04
17645.0,17645,Albert,Alonso,S,M,2026-01-04
17646.0,17646,Leah,Xu,S,F,2026-01-04
17647.0,17647,Molly,Lopez,S,F,2026-01-04
17648.0,17648,Gilbert,Sharma,S,M,2026-01-04
17649.0,17649,Ronald,Mehta,S,M,2026-01-04
17650.0,17650,Jessica,Sanders,S,F,2026-01-04
17651.0,17651,Ethan,Butler,S,M,2026-01-04
17652.0,17652,Javier,Vazquez,M,M,2026-01-04
17653.0,17653,Linda,Vazquez,S,F,2026-01-04
17654.0,17654,Caroline,Alexander,S,F,2026-01-04
17655.0,17655,Angela,Sánchez,S,F,2026-01-04
17656.0,17656,Carol,Martinez,S,F,2026-01-04
17657.0,17657,Noah,Martin,M,M,2026-01-04
17658.0,17658,Jade,Howard,M,F,2026-01-04
17659.0,17659,Jodi,Tang,S,F,2026-01-04
17660.0,17660,Seth,Young,M,M,2026-01-04
17661.0,17661,Natalie,Smith,M,F,2026-01-04
17662.0,17662,Jose,Washington,M,M,2026-01-04
17663.0,17663,Elizabeth,Hayes,M,F,2026-01-04
17664.0,17664,Devin,Robinson,S,M,2026-01-04
17665.0,17665,Zachary,Jenkins,M,M,2026-01-04
17666.0,17666,Steven,Torres,M,M,2026-01-04
17667.0,17667,Jaime,Rai,M,M,2026-01-04
17668.0,17668,Eduardo,Peterson,S,M,2026-01-04
17669.0,17669,Olivia,Rivera,M,F,2026-01-04
17670.0,17670,Gabrielle,Alexander,M,F,2026-01-04
17671.0,17671,Emma,Stewart,M,F,2026-01-04
17672.0,17672,Thomas,Coleman,M,M,2026-01-04
17673.0,17673,Amber,Scott,M,F,2026-01-04
17674.0,17674,Kevin,Wang,M,M,2026-01-04
17675.0,17675,Rosa,Li,M,F,2026-01-04
17676.0,17676,Eugene,Yang,M,M,2026-01-04
17677.0,17677,Lawrence,Hernandez,S,M,2026-01-04
17678.0,17678,Julio,Blanco,S,M,2026-01-04
17679.0,17679,Joe,Mehta,M,M,2026-01-04
17680.0,17680,Mackenzie,Gray,M,F,2026-01-04
17681.0,17681,Robert,Carter,M,M,2026-01-04
17682.0,17682,Anna,Ramirez,S,F,2026-01-04
17683.0,17683,Jenna,Evans,S,F,2026-01-04
17684.0,17684,Leslie,Gomez,S,F,2026-01-04
17685.0,17685,Diana,Torres,S,F,2026-01-04
17686.0,17686,Jack,Griffin,S,M,2026-01-04
17687.0,17687,Miguel,Turner,M,M,2026-01-04
17688.0,17688,Pedro,Subram,M,M,2026-01-04
17689.0,17689,Mary,Young,S,F,2026-01-04
17690.0,17690,Jenna,Gonzalez,S,F,2026-01-04
17691.0,17691,Alexandria,Bradley,S,F,2026-01-04
17692.0,17692,Emily,Smith,S,F,2026-01-04
17693.0,17693,Justin,Jenkins,S,M,2026-01-04
17694.0,17694,Joan,Carter,S,F,2026-01-04
17695.0,17695,Hunter,Washington,S,M,2026-01-04
17696.0,17696,Madison,Simmons,S,F,2026-01-04
17697.0,17697,Nathaniel,Gray,S,M,2026-01-04
17698.0,17698,Xavier,Butler,M,M,2026-01-04
17699.0,17699,Jesse,Bell,M,M,2026-01-04
17700.0,17700,Hector,Torres,S,M,2026-01-04
17701.0,17701,Cassidy,Washington,M,F,2026-01-04
17702.0,17702,Jack,King,M,M,2026-01-04
17703.0,17703,Pamela,Fernandez,M,F,2026-01-04
17704.0,17704,Nelson,Moreno,M,M,2026-01-04
17705.0,17705,Kelvin,Guo,M,M,2026-01-04
17706.0,17706,Gabriel,Coleman,M,M,2026-01-04
17707.0,17707,Mindy,Deng,S,F,2026-01-04
17708.0,17708,Timothy,Sneath,M,M,2026-01-04
17709.0,17709,Martin,Raman,M,M,2026-01-04
17710.0,17710,Natalie,Stewart,M,F,2026-01-04
17711.0,17711,Kristin,Luo,M,F,2026-01-04
17712.0,17712,Gary,Blanco,S,M,2026-01-04
17713.0,17713,David,Johnson,S,M,2026-01-04
17714.0,17714,Tanya,Gutierrez,M,F,2026-01-04
17715.0,17715,Rafael,Pal,M,M,2026-01-04
17716.0,17716,Cesar,Gonzalez,M,M,2026-01-04
17717.0,17717,Jeremiah,Miller,S,M,2026-01-04
17718.0,17718,Lindsay,Jai,M,F,2026-01-04
17719.0,17719,Vincent,Gao,M,M,2026-01-04
17720.0,17720,Deanna,Diaz,S,F,2026-01-04
17721.0,17721,Cheryl,Alan,M,F,2026-01-04
17722.0,17722,Jerome,Serrano,M,M,2026-01-04
17723.0,17723,Johnathan,Malhotra,M,M,2026-01-04
17724.0,17724,Sheila,Blanco,M,F,2026-01-04
17725.0,17725,Daniel,Martinez,S,M,2026-01-04
17726.0,17726,Caroline,Griffin,S,F,2026-01-04
17727.0,17727,Monique,Gill,M,F,2026-01-04
17728.0,17728,Maria,Perry,S,F,2026-01-04
17729.0,17729,Edgar,Garcia,M,M,2026-01-04
17730.0,17730,Bridget,Tang,S,F,2026-01-04
17731.0,17731,Tracy,Sharma,M,F,2026-01-04
17732.0,17732,Allen,Rodriguez,M,M,2026-01-04
17733.0,17733,Alberto,Gill,M,M,2026-01-04
17734.0,17734,Leah,Sun,M,F,2026-01-04
17735.0,17735,Connor,Yang,S,M,2026-01-04
17736.0,17736,Kristine,Vazquez,S,F,2026-01-04
17737.0,17737,Nicole,Gonzales,M,F,2026-01-04
17738.0,17738,Nicolas,Deng,S,M,2026-01-04
17739.0,17739,Colin,Cai,S,M,2026-01-04
17740.0,17740,Colleen,Liang,S,F,2026-01-04
17741.0,17741,Alvin,Xu,M,M,2026-01-04
17742.0,17742,Randall,Romero,S,M,2026-01-04
17743.0,17743,Gerald,Gomez,S,M,2026-01-04
17744.0,17744,Chad,Nath,M,M,2026-01-04
17745.0,17745,Tanya,Suarez,M,F,2026-01-04
17746.0,17746,Cedric,Nath,M,M,2026-01-04
17747.0,17747,Franklin,Xie,M,M,2026-01-04
17748.0,17748,Geoffrey,Kapoor,S,M,2026-01-04
17749.0,17749,Leah,Wu,M,F,2026-01-04
17750.0,17750,Shawna,Jai,M,F,2026-01-04
17751.0,17751,Isaiah,Bailey,S,M,2026-01-04
17752.0,17752,Deanna,Hernandez,M,F,2026-01-04
17753.0,17753,Kendra,Sanz,S,F,2026-01-04
17754.0,17754,Stephanie,King,S,F,2026-01-04
17755.0,17755,Zoe,Cox,M,F,2026-01-04
17756.0,17756,Jill,Ashe,M,F,2026-01-04
17757.0,17757,Seth,Hayes,S,M,2026-01-04
17758.0,17758,Linda,Gill,M,F,2026-01-04
17759.0,17759,Kristopher,Sanchez,S,M,2026-01-04
17760.0,17760,Diana,Romero,S,F,2026-01-04
17761.0,17761,Kristopher,Sai,M,M,2026-01-04
17762.0,17762,Rachel,Rodriguez,S,F,2026-01-04
17763.0,17763,Jacquelyn,Martin,S,F,2026-01-04
17764.0,17764,Terrance,Garcia,M,M,2026-01-04
17765.0,17765,Valerie,Zhang,M,F,2026-01-04
17766.0,17766,Jake,Xu,M,M,2026-01-04
17767.0,17767,Tommy,Raje,M,M,2026-01-04
17768.0,17768,Luis,Parker,S,M,2026-01-04
17769.0,17769,Nathan,Martin,S,M,2026-01-04
17770.0,17770,Grant,Xie,S,M,2026-01-04
17771.0,17771,Holly,Chandra,M,F,2026-01-04
17772.0,17772,Leonard,Andersen,S,M,2026-01-04
17773.0,17773,Crystal,Lin,S,F,2026-01-04
17774.0,17774,Brandi,Gutierrez,M,F,2026-01-04
17775.0,17775,Ricky,Moreno,S,M,2026-01-04
17776.0,17776,Diana,Jimenez,S,F,2026-01-04
17777.0,17777,Armando,Alvarez,M,M,2026-01-04
17778.0,17778,Kari,Prasad,M,F,2026-01-04
17779.0,17779,Madison,Patterson,M,F,2026-01-04
17780.0,17780,Alisha,Huang,M,F,2026-01-04
17781.0,17781,Jake,She,M,M,2026-01-04
17782.0,17782,Casey,Shan,M,F,2026-01-04
17783.0,17783,Tracy,Jai,S,F,2026-01-04
17784.0,17784,Mayra,Patel,S,F,2026-01-04
17785.0,17785,Pedro,Chapman,M,M,2026-01-04
17786.0,17786,Kathleen,Gutierrez,S,F,2026-01-04
17787.0,17787,Alejandro,Zhao,S,M,2026-01-04
17788.0,17788,Jeffery,Liu,M,M,2026-01-04
17789.0,17789,Kari,Dominguez,S,F,2026-01-04
17790.0,17790,Darryl,Ye,S,M,2026-01-04
17791.0,17791,Sydney,Davis,M,F,2026-01-04
17792.0,17792,Bridget,Andersen,M,F,2026-01-04
17793.0,17793,Kathleen,Alvarez,M,F,2026-01-04
17794.0,17794,Theodore,Rowe,M,M,2026-01-04
17795.0,17795,Jaime,Diaz,M,F,2026-01-04
17796.0,17796,Eduardo,Taylor,S,M,2026-01-04
17797.0,17797,Ebony,Martinez,S,F,2026-01-04
17798.0,17798,Robin,Ortega,S,F,2026-01-04
17799.0,17799,Alejandro,Guo,S,M,2026-01-04
17800.0,17800,Robyn,Alonso,S,F,2026-01-04
17801.0,17801,Shannon,He,S,F,2026-01-04
17802.0,17802,Erick,Arun,S,M,2026-01-04
17803.0,17803,Renee,Hernandez,S,F,2026-01-04
17804.0,17804,Melody,Torres,S,F,2026-01-04
17805.0,17805,Carlos,Young,S,M,2026-01-04
17806.0,17806,Omar,Kumar,M,M,2026-01-04
17807.0,17807,Philip,Sanz,S,M,2026-01-04
17808.0,17808,Raquel,Alvarez,S,F,2026-01-04
17809.0,17809,Josue,Blanco,S,M,2026-01-04
17810.0,17810,Frederick,Prasad,M,M,2026-01-04
17811.0,17811,Stacy,Hernandez,M,F,2026-01-04
17812.0,17812,Casey,Nara,M,F,2026-01-04
17813.0,17813,Jay,Nicholls,M,M,2026-01-04
17814.0,17814,Michele,Pal,M,F,2026-01-04
17815.0,17815,Ronnie,Ma,S,M,2026-01-04
17816.0,17816,Kathryn,Raje,S,F,2026-01-04
17817.0,17817,Felicia,Gutierrez,M,F,2026-01-04
17818.0,17818,Dale,Yuan,M,M,2026-01-04
17819.0,17819,Arthur,Rana,M,M,2026-01-04
17820.0,17820,Emma,Morris,M,F,2026-01-04
17821.0,17821,Marvin,Gill,M,M,2026-01-04
17822.0,17822,Michelle,Cooper,S,F,2026-01-04
17823.0,17823,Ramon,Gao,M,M,2026-01-04
17824.0,17824,Mario,Pal,S,M,2026-01-04
17825.0,17825,Clayton,Li,M,M,2026-01-04
17826.0,17826,Paige,Morgan,S,F,2026-01-04
17827.0,17827,Maria,Coleman,S,F,2026-01-04
17828.0,17828,Valerie,Zhou,M,F,2026-01-04
17829.0,17829,Audrey,Gutierrez,M,F,2026-01-04
17830.0,17830,Carlos,Scott,M,M,2026-01-04
17831.0,17831,Noah,Long,M,M,2026-01-04
17832.0,17832,Cameron,Sharma,M,M,2026-01-04
17833.0,17833,Monique,Suarez,M,F,2026-01-04
17834.0,17834,Michele,Gill,M,F,2026-01-04
17835.0,17835,Francisco,Perez,M,M,2026-01-04
17836.0,17836,Jacquelyn,Ramos,S,F,2026-01-04
17837.0,17837,Mayra,Garcia,S,F,2026-01-04
17838.0,17838,Jill,Blanco,S,F,2026-01-04
17839.0,17839,Christine,Chander,S,F,2026-01-04
17840.0,17840,Larry,Hernandez,S,M,2026-01-04
17841.0,17841,Walter,Navarro,S,M,2026-01-04
17842.0,17842,Isaiah,Ward,S,M,2026-01-04
17843.0,17843,Kelli,Shan,S,F,2026-01-04
17844.0,17844,Martha,Zeng,S,F,2026-01-04
17845.0,17845,Ebony,Diaz,S,F,2026-01-04
17846.0,17846,Alejandro,Chavez,S,M,2026-01-04
17847.0,17847,Logan,Lee,S,M,2026-01-04
17848.0,17848,Jaime,Yuan,S,M,2026-01-04
17849.0,17849,Wesley,He,M,M,2026-01-04
17850.0,17850,Alvin,Shen,S,M,2026-01-04
17851.0,17851,Warren,Tang,S,M,2026-01-04
17852.0,17852,Lindsey,Shan,M,F,2026-01-04
17853.0,17853,Ernest,Chen,S,M,2026-01-04
17854.0,17854,Shannon,Gomez,S,M,2026-01-04
17855.0,17855,Ronald,Lopez,S,M,2026-01-04
17856.0,17856,Roger,Rai,S,M,2026-01-04
17857.0,17857,Albert,Cabello,S,F,2026-01-04
17858.0,17858,Dalton,Barnes,M,M,2026-01-04
17859.0,17859,Wyatt,Gonzalez,M,M,2026-01-04
17860.0,17860,Noah,Diaz,M,M,2026-01-04
17861.0,17861,Melanie,Blue,S,F,2026-01-04
17862.0,17862,Aaron,Baker,M,M,2026-01-04
17863.0,17863,Bailey,Cooper,S,F,2026-01-04
17864.0,17864,Emily,Martinez,M,F,2026-01-04
17865.0,17865,Blake,Barnes,M,M,2026-01-04
17866.0,17866,Jack,Baker,M,M,2026-01-04
17867.0,17867,Stephanie,Sanchez,S,F,2026-01-04
17868.0,17868,Richard,Blue,S,M,2026-01-04
17869.0,17869,Henry,Mehta,S,M,2026-01-04
17870.0,17870,Melissa,Price,S,F,2026-01-04
17871.0,17871,Sydney,Patterson,M,F,2026-01-04
17872.0,17872,Robert,Miller,M,M,2026-01-04
17873.0,17873,Alejandro,She,M,M,2026-01-04
17874.0,17874,Natasha,Alvarez,S,F,2026-01-04
17875.0,17875,Tommy,Anand,M,M,2026-01-04
17876.0,17876,Fernando,Harris,M,M,2026-01-04
17877.0,17877,Danny,Blanco,S,M,2026-01-04
17878.0,17878,Gabrielle,Sanders,M,F,2026-01-04
17879.0,17879,Seth,Rivera,M,M,2026-01-04
17880.0,17880,Sydney,Hall,M,F,2026-01-04
17881.0,17881,Tamara,Wang,M,F,2026-01-04
17882.0,17882,Drew,Deng,M,M,2026-01-04
17883.0,17883,Lori,Rubio,M,F,2026-01-04
17884.0,17884,Mayra,Schmidt,M,F,2026-01-04
17885.0,17885,Julio,Carlson,M,M,2026-01-04
17886.0,17886,Bianca,Harrison,M,F,2026-01-04
17887.0,17887,Joel,Madan,M,M,2026-01-04
17888.0,17888,Mandy,Liu,S,F,2026-01-04
17889.0,17889,Blake,Taylor,M,M,2026-01-04
17890.0,17890,Derrick,Jiménez,M,M,2026-01-04
17891.0,17891,Sharon,Lal,M,F,2026-01-04
17892.0,17892,Ronnie,Xu,M,M,2026-01-04
17893.0,17893,Omar,Rai,M,M,2026-01-04
17894.0,17894,Hailey,Simmons,M,F,2026-01-04
17895.0,17895,Allen,Subram,M,M,2026-01-04
17896.0,17896,Renee,Gutierrez,S,F,2026-01-04
17897.0,17897,Darrell,Kumar,S,M,2026-01-04
17898.0,17898,Janet,Sanz,S,F,2026-01-04
17899.0,17899,Theresa,Moreno,M,F,2026-01-04
17900.0,17900,Victoria,Snowden,S,F,2026-01-04
17901.0,17901,Keith,Tang,M,M,2026-01-04
17902.0,17902,Ruth,Lopez,M,F,2026-01-04
17903.0,17903,Bethany,Shen,M,F,2026-01-04
17904.0,17904,Gina,Torres,S,F,2026-01-04
17905.0,17905,Calvin,Yuan,M,M,2026-01-04
17906.0,17906,Jonathon,Vazquez,M,M,2026-01-04
17907.0,17907,Priscilla,Luo,M,F,2026-01-04
17908.0,17908,Warren,Yang,M,M,2026-01-04
17909.0,17909,Joanna,Ortega,S,F,2026-01-04
17910.0,17910,Dustin,Nara,M,M,2026-01-04
17911.0,17911,Pedro,Rodriguez,M,M,2026-01-04
17912.0,17912,Louis,Zhou,M,M,2026-01-04
17913.0,17913,Lacey,Xu,S,F,2026-01-04
17914.0,17914,Phillip,Suri,M,M,2026-01-04
17915.0,17915,Aimee,Li,S,F,2026-01-04
17916.0,17916,Tracy,Xu,S,F,2026-01-04
17917.0,17917,Cristina,Raje,S,F,2026-01-04
17918.0,17918,Suzanne,Zeng,M,F,2026-01-04
17919.0,17919,Bruce,Hernandez,S,M,2026-01-04
17920.0,17920,Bradley,Yuan,S,M,2026-01-04
17921.0,17921,Karen,Li,M,F,2026-01-04
17922.0,17922,Shane,Schmidt,M,M,2026-01-04
17923.0,17923,Cory,Malhotra,S,M,2026-01-04
17924.0,17924,Shawna,Lal,S,F,2026-01-04
17925.0,17925,Bradley,Raji,S,M,2026-01-04
17926.0,17926,Carolyn,Ramos,M,F,2026-01-04
17927.0,17927,Douglas,Patel,S,M,2026-01-04
17928.0,17928,Terrence,She,M,M,2026-01-04
17929.0,17929,Alfredo,Rubio,M,M,2026-01-04
17930.0,17930,Chelsea,Srini,M,F,2026-01-04
17931.0,17931,Jeffery,Zhao,M,M,2026-01-04
17932.0,17932,Barry,Srini,M,M,2026-01-04
17933.0,17933,Virginia,Prasad,M,F,2026-01-04
17934.0,17934,Nelson,Gill,S,M,2026-01-04
17935.0,17935,Misty,Jai,M,F,2026-01-04
17936.0,17936,Tonya,Deng,M,F,2026-01-04
17937.0,17937,Heidi,Kapoor,M,F,2026-01-04
17938.0,17938,Ruben,Gill,S,M,2026-01-04
17939.0,17939,Kelli,Wang,S,F,2026-01-04
17940.0,17940,Tommy,Yuan,M,M,2026-01-04
17941.0,17941,David,Jenkins,M,M,2026-01-04
17942.0,17942,Steven,Watson,M,M,2026-01-04
17943.0,17943,Joe,Romero,S,M,2026-01-04
17944.0,17944,Riley,Rivera,M,F,2026-01-04
17945.0,17945,Julio,Rubio,M,M,2026-01-04
17946.0,17946,Jocelyn,Washington,M,F,2026-01-04
17947.0,17947,Erick,Srini,S,M,2026-01-04
17948.0,17948,Cheryl,Vazquez,S,F,2026-01-04
17949.0,17949,Sophia,Mitchell,M,F,2026-01-04
17950.0,17950,Alberto,Ortega,M,M,2026-01-04
17951.0,17951,Frederick,Malhotra,M,M,2026-01-04
17952.0,17952,Brendan,Beck,S,M,2026-01-04
17953.0,17953,Latoya,Raje,S,F,2026-01-04
17954.0,17954,Shelby,Torres,S,F,2026-01-04
17955.0,17955,Ronnie,Zhao,S,M,2026-01-04
17956.0,17956,Jaime,Gomez,S,M,2026-01-04
17957.0,17957,Misty,Yuan,S,F,2026-01-04
17958.0,17958,Ricardo,Lal,M,M,2026-01-04
17959.0,17959,Ebony,Srini,M,F,2026-01-04
17960.0,17960,Marie,Rodriguez,M,F,2026-01-04
17961.0,17961,Meghan,Blanco,S,F,2026-01-04
17962.0,17962,Colin,Zhou,M,M,2026-01-04
17963.0,17963,Natalie,Collins,S,F,2026-01-04
17964.0,17964,Darren,Suri,M,M,2026-01-04
17965.0,17965,Warren,Chander,M,M,2026-01-04
17966.0,17966,Kellie,Gutierrez,S,F,2026-01-04
17967.0,17967,Cassandra,Gonzalez,M,F,2026-01-04
17968.0,17968,Nina,Black,M,F,2026-01-04
17969.0,17969,Jeffery,Li,M,M,2026-01-04
17970.0,17970,Erick,Martinez,S,M,2026-01-04
17971.0,17971,Mayra,Perez,S,F,2026-01-04
17972.0,17972,Alisha,Ma,S,F,2026-01-04
17973.0,17973,Johnathan,Rodriguez,M,M,2026-01-04
17974.0,17974,Kate,Raje,M,F,2026-01-04
17975.0,17975,Candace,Sai,S,F,2026-01-04
17976.0,17976,Daisy,Carlson,M,F,2026-01-04
17977.0,17977,Valerie,Zeng,M,F,2026-01-04
17978.0,17978,Armando,Diaz,M,M,2026-01-04
17979.0,17979,Lisa,Lin,M,F,2026-01-04
17980.0,17980,Paige,Hughes,S,F,2026-01-04
17981.0,17981,Fernando,Mitchell,M,M,2026-01-04
17982.0,17982,Francisco,Mehta,S,M,2026-01-04
17983.0,17983,Carol,Saunders,M,F,2026-01-04
17984.0,17984,Barbara,Andersen,M,F,2026-01-04
17985.0,17985,Cedric,Sun,M,M,2026-01-04
17986.0,17986,Monica,Malhotra,M,F,2026-01-04
17987.0,17987,Cara,Sun,M,F,2026-01-04
17988.0,17988,Alfredo,Diaz,S,M,2026-01-04
17989.0,17989,Tiffany,Sun,S,F,2026-01-04
17990.0,17990,Kristina,Patel,S,F,2026-01-04
17991.0,17991,Richard,Kelly,M,M,2026-01-04
17992.0,17992,Sandra,Ma,S,F,2026-01-04
17993.0,17993,Richard,Williams,M,M,2026-01-04
17994.0,17994,Bradley,Xu,S,M,2026-01-04
17995.0,17995,Sabrina,Jimenez,S,F,2026-01-04
17996.0,17996,Cedric,Raji,S,M,2026-01-04
17997.0,17997,April,Sharma,S,F,2026-01-04
17998.0,17998,Tammy,Weber,S,F,2026-01-04
17999.0,17999,Byron,Romero,S,M,2026-01-04
18000.0,18000,Ramon,She,S,M,2026-01-04
18001.0,18001,Ross,Suri,S,M,2026-01-04
18002.0,18002,Gina,Navarro,M,F,2026-01-04
18003.0,18003,Edwin,Chande,M,M,2026-01-04
18004.0,18004,Tonya,Shen,M,F,2026-01-04
18005.0,18005,Renee,Ramos,M,F,2026-01-04
18006.0,18006,Franklin,Chander,M,M,2026-01-04
18007.0,18007,Michele,Suri,M,F,2026-01-04
18008.0,18008,Deanna,Sai,S,F,2026-01-04
18009.0,18009,Deanna,Prasad,S,F,2026-01-04
18010.0,18010,Clarence,Jai,S,M,2026-01-04
18011.0,18011,Frank,Gomez,S,M,2026-01-04
18012.0,18012,Karen,Zhu,M,F,2026-01-04
18013.0,18013,Kathleen,Munoz,M,F,2026-01-04
18014.0,18014,Wayne,Xu,S,M,2026-01-04
18015.0,18015,Haley,Edwards,S,F,2026-01-04
18016.0,18016,Tiffany,Liu,M,F,2026-01-04
18017.0,18017,Kurt,Shan,S,M,2026-01-04
18018.0,18018,Peter,Xie,S,M,2026-01-04
18019.0,18019,Yolanda,Raji,M,F,2026-01-04
18020.0,18020,Armando,Ruiz,S,M,2026-01-04
18021.0,18021,Trisha,She,S,F,2026-01-04
18022.0,18022,Victor,Alvarez,S,M,2026-01-04
18023.0,18023,Terrence,Raji,S,M,2026-01-04
18024.0,18024,Nancy,Kapoor,S,F,2026-01-04
18025.0,18025,Benjamin,Flores,S,M,2026-01-04
18026.0,18026,Alisha,He,M,F,2026-01-04
18027.0,18027,Alexia,Griffin,M,F,2026-01-04
18028.0,18028,Jessie,Zheng,M,M,2026-01-04
18029.0,18029,Carmen,Malhotra,S,F,2026-01-04
18030.0,18030,Victor,Torres,S,M,2026-01-04
18031.0,18031,Shawna,Tang,S,F,2026-01-04
18032.0,18032,Cassie,Raji,M,F,2026-01-04
18033.0,18033,Evelyn,Patel,S,F,2026-01-04
18034.0,18034,Ethan,Robinson,M,M,2026-01-04
18035.0,18035,Karen,Zhang,S,F,2026-01-04
18036.0,18036,Bruce,Sanchez,S,M,2026-01-04
18037.0,18037,Bruce,Garcia,S,M,2026-01-04
18038.0,18038,Kelli,Kumar,S,F,2026-01-04
18039.0,18039,Logan,Clark,M,M,2026-01-04
18040.0,18040,Curtis,Liu,M,M,2026-01-04
18041.0,18041,Sheena,Xie,S,F,2026-01-04
18042.0,18042,Stanley,Srini,S,M,2026-01-04
18043.0,18043,Katie,Chande,S,F,2026-01-04
18044.0,18044,Kendra,Carlson,S,F,2026-01-04
18045.0,18045,Toni,Arun,S,F,2026-01-04
18046.0,18046,Terry,Jai,S,M,2026-01-04
18047.0,18047,Latasha,Alvarez,M,F,2026-01-04
18048.0,18048,Alisha,Sun,S,F,2026-01-04
18049.0,18049,Patrick,Watson,S,M,2026-01-04
18050.0,18050,Sara,Cooper,M,F,2026-01-04
18051.0,18051,Caroline,Price,M,F,2026-01-04
18052.0,18052,Maria,Young,M,F,2026-01-04
18053.0,18053,Stefanie,Smith,S,F,2026-01-04
18054.0,18054,Jake,Zeng,S,M,2026-01-04
18055.0,18055,Trevor,Harrison,S,M,2026-01-04
18056.0,18056,Haley,Price,S,F,2026-01-04
18057.0,18057,Logan,Washington,M,M,2026-01-04
18058.0,18058,Riley,Patterson,S,F,2026-01-04
18059.0,18059,Bailey,Gonzalez,M,F,2026-01-04
18060.0,18060,Sara,Carter,M,F,2026-01-04
18061.0,18061,Jesse,Bailey,M,M,2026-01-04
18062.0,18062,Dylan,Anderson,M,M,2026-01-04
18063.0,18063,Alexandria,Ward,S,F,2026-01-04
18064.0,18064,Catherine,Rivera,M,F,2026-01-04
18065.0,18065,Julia,Brown,S,F,2026-01-04
18066.0,18066,Steve,He,S,M,2026-01-04
18067.0,18067,Jackson,King,M,M,2026-01-04
18068.0,18068,Ethan,Walker,M,M,2026-01-04
18069.0,18069,Elijah,Hill,M,M,2026-01-04
18070.0,18070,Alyssa,Martinez,M,F,2026-01-04
18071.0,18071,Katelyn,Campbell,M,F,2026-01-04
18072.0,18072,Maria,Perez,S,F,2026-01-04
18073.0,18073,Robert,Chen,M,M,2026-01-04
18074.0,18074,Julia,Hall,S,F,2026-01-04
18075.0,18075,Courtney,Adams,S,F,2026-01-04
18076.0,18076,Andre,Mehta,M,M,2026-01-04
18077.0,18077,Philip,Ruiz,M,M,2026-01-04
18078.0,18078,Ruben,Srini,M,M,2026-01-04
18079.0,18079,Victoria,Martin,M,F,2026-01-04
18080.0,18080,Paige,Richardson,M,F,2026-01-04
18081.0,18081,Amanda,Parker,M,F,2026-01-04
18082.0,18082,Steven,Sanchez,M,M,2026-01-04
18083.0,18083,Osarumwense,Agbonile,M,M,2026-01-04
18084.0,18084,Jessica,Diaz,S,F,2026-01-04
18085.0,18085,Christy,Nath,S,F,2026-01-04
18086.0,18086,Jaclyn,Zeng,S,F,2026-01-04
18087.0,18087,Marcus,Long,S,M,2026-01-04
18088.0,18088,Seth,Stewart,M,M,2026-01-04
18089.0,18089,Melanie,Gonzales,M,F,2026-01-04
18090.0,18090,Lucas,Smith,M,M,2026-01-04
18091.0,18091,Chase,Bell,S,M,2026-01-04
18092.0,18092,Eduardo,Baker,M,M,2026-01-04
18093.0,18093,Grace,Johnson,S,F,2026-01-04
18094.0,18094,Roy,Alonso,S,M,2026-01-04
18095.0,18095,Thomas,Campbell,M,M,2026-01-04
18096.0,18096,Ariana,Kelly,M,F,2026-01-04
18097.0,18097,Sydney,Stewart,S,F,2026-01-04
18098.0,18098,Edward,Lee,M,M,2026-01-04
18099.0,18099,Marcus,Edwards,M,M,2026-01-04
18100.0,18100,Kyle,Li,M,M,2026-01-04
18101.0,18101,Bailey,Turner,M,F,2026-01-04
18102.0,18102,Nicholas,Lewis,M,M,2026-01-04
18103.0,18103,Chelsea,Gonzalez,S,F,2026-01-04
18104.0,18104,Taylor,Coleman,M,F,2026-01-04
18105.0,18105,Destiny,Brooks,M,F,2026-01-04
18106.0,18106,Carson,Alexander,M,M,2026-01-04
18107.0,18107,Laura,Liang,M,F,2026-01-04
18108.0,18108,Colin,Gao,M,M,2026-01-04
18109.0,18109,Samuel,Campbell,S,M,2026-01-04
18110.0,18110,Austin,Li,M,M,2026-01-04
18111.0,18111,Timothy,Morris,M,M,2026-01-04
18112.0,18112,Sophia,Gonzalez,M,F,2026-01-04
18113.0,18113,Abigail,Simmons,M,F,2026-01-04
18114.0,18114,Alexandria,Foster,S,F,2026-01-04
18115.0,18115,Richard,Young,M,M,2026-01-04
18116.0,18116,Thomas,Li,M,M,2026-01-04
18117.0,18117,Fernando,Washington,S,M,2026-01-04
18118.0,18118,Megan,Reed,M,F,2026-01-04
18119.0,18119,Shawn,Nath,M,M,2026-01-04
18120.0,18120,Isabella,Martin,M,F,2026-01-04
18121.0,18121,Madeline,Young,M,F,2026-01-04
18122.0,18122,Justin,Hughes,S,M,2026-01-04
18123.0,18123,Emily,Hughes,M,F,2026-01-04
18124.0,18124,Calvin,Chander,M,M,2026-01-04
18125.0,18125,Leah,Cai,M,F,2026-01-04
18126.0,18126,Larry,Ortega,M,M,2026-01-04
18127.0,18127,Franklin,He,M,M,2026-01-04
18128.0,18128,Roberto,Suarez,M,M,2026-01-04
18129.0,18129,Elizabeth,Rodriguez,M,F,2026-01-04
18130.0,18130,Kaitlyn,Mitchell,S,F,2026-01-04
18131.0,18131,Ann,Malhotra,S,F,2026-01-04
18132.0,18132,Adrienne,Blanco,M,F,2026-01-04
18133.0,18133,Karen,Smith,S,F,2026-01-04
18134.0,18134,Melody,Romero,M,F,2026-01-04
18135.0,18135,Blake,Diaz,M,M,2026-01-04
18136.0,18136,Carl,Xie,M,M,2026-01-04
18137.0,18137,Gabriel,Kumar,M,M,2026-01-04
18138.0,18138,Walter,Alonso,M,M,2026-01-04
18139.0,18139,Jennifer,Washington,M,F,2026-01-04
18140.0,18140,Anthony,White,M,M,2026-01-04
18141.0,18141,Deanna,Chandra,M,F,2026-01-04
18142.0,18142,Riley,Bradley,S,F,2026-01-04
18143.0,18143,Chad,Shen,S,M,2026-01-04
18144.0,18144,Katie,Chapman,M,F,2026-01-04
18145.0,18145,David,So,M,M,2026-01-04
18146.0,18146,Eugene,Wang,S,M,2026-01-04
18147.0,18147,Katrina,Luo,M,F,2026-01-04
18148.0,18148,Jaclyn,Huang,M,F,2026-01-04
18149.0,18149,Rebekah,Blanco,M,F,2026-01-04
18150.0,18150,Mitchell,Deng,S,M,2026-01-04
18151.0,18151,Brendan,She,S,M,2026-01-04
18152.0,18152,Bryant,Suri,S,M,2026-01-04
18153.0,18153,Karen,Gao,M,F,2026-01-04
18154.0,18154,Calvin,She,S,M,2026-01-04
18155.0,18155,Arianna,Morgan,M,F,2026-01-04
18156.0,18156,Trisha,Zhang,M,F,2026-01-04
18157.0,18157,Isabella,Hall,S,F,2026-01-04
18158.0,18158,Jeremiah,Griffin,M,M,2026-01-04
18159.0,18159,Jaime,Serrano,M,F,2026-01-04
18160.0,18160,Bryan,Rivera,M,M,2026-01-04
18161.0,18161,Tanya,Sanz,M,F,2026-01-04
18162.0,18162,Misty,Pal,M,F,2026-01-04
18163.0,18163,Gabriel,Zhang,M,M,2026-01-04
18164.0,18164,Alisha,Wang,M,F,2026-01-04
18165.0,18165,Randall,Gill,M,M,2026-01-04
18166.0,18166,Julian,Wood,M,M,2026-01-04
18167.0,18167,Raul,Chander,M,M,2026-01-04
18168.0,18168,Pedro,Sanz,S,M,2026-01-04
18169.0,18169,Alisha,Liang,S,F,2026-01-04
18170.0,18170,Adam,Perez,M,M,2026-01-04
18171.0,18171,Alejandro,Zeng,M,M,2026-01-04
18172.0,18172,Willie,Black,M,M,2026-01-04
18173.0,18173,Brent,Zhang,S,M,2026-01-04
18174.0,18174,Jill,Munoz,M,F,2026-01-04
18175.0,18175,Carrie,Hernandez,M,F,2026-01-04
18176.0,18176,Bradley,Kumar,M,M,2026-01-04
18177.0,18177,Reginald,Suarez,M,M,2026-01-04
18178.0,18178,Tracy,Goel,M,F,2026-01-04
18179.0,18179,Chelsea,McDonald,S,F,2026-01-04
18180.0,18180,Juan,Howard,M,M,2026-01-04
18181.0,18181,Neil,Diaz,M,M,2026-01-04
18182.0,18182,Kristi,Prasad,S,F,2026-01-04
18183.0,18183,Meagan,Schmidt,M,F,2026-01-04
18184.0,18184,Leonard,Chande,M,M,2026-01-04
18185.0,18185,Laura,Huang,M,F,2026-01-04
18186.0,18186,Lori,Hernandez,M,F,2026-01-04
18187.0,18187,Dennis,Gao,S,M,2026-01-04
18188.0,18188,Jeffery,Wang,M,M,2026-01-04
18189.0,18189,Nancy,Mehta,M,F,2026-01-04
18190.0,18190,Danny,Diaz,M,M,2026-01-04
18191.0,18191,Julie,Sharma,M,F,2026-01-04
18192.0,18192,Max,Hernandez,M,M,2026-01-04
18193.0,18193,Louis,Yuan,S,M,2026-01-04
18194.0,18194,Yolanda,Kumar,M,F,2026-01-04
18195.0,18195,Walter,Sanz,M,M,2026-01-04
18196.0,18196,Ivan,Rana,M,M,2026-01-04
18197.0,18197,Jenny,Zimmerman,M,F,2026-01-04
18198.0,18198,Cedric,Xu,S,M,2026-01-04
18199.0,18199,Brandy,Lopez,S,F,2026-01-04
18200.0,18200,Alfredo,Gomez,M,M,2026-01-04
18201.0,18201,Karla,Xie,M,F,2026-01-04
18202.0,18202,Erika,Gill,M,F,2026-01-04
18203.0,18203,Louis,Kumar,S,M,2026-01-04
18204.0,18204,Tiffany,Cai,M,F,2026-01-04
18205.0,18205,Lindsey,Raji,M,F,2026-01-04
18206.0,18206,Bruce,Madan,M,M,2026-01-04
18207.0,18207,Phillip,Gonzalez,M,M,2026-01-04
18208.0,18208,Latoya,Nara,M,F,2026-01-04
18209.0,18209,Ann,Chandra,S,F,2026-01-04
18210.0,18210,Katie,Lal,M,F,2026-01-04
18211.0,18211,Jaclyn,Sun,M,F,2026-01-04
18212.0,18212,Marc,Ramos,M,M,2026-01-04
18213.0,18213,Sheena,Raji,S,F,2026-01-04
18214.0,18214,Ronald,Suri,M,M,2026-01-04
18215.0,18215,Ashley,Taylor,S,F,2026-01-04
18216.0,18216,Susan,Zhang,M,F,2026-01-04
18217.0,18217,Danny,Alonso,M,M,2026-01-04
18218.0,18218,Thomas,Powell,M,M,2026-01-04
18219.0,18219,Felicia,Gomez,M,F,2026-01-04
18220.0,18220,Brent,Huang,M,M,2026-01-04
18221.0,18221,Marc,Alvarez,M,M,2026-01-04
18222.0,18222,Carolyn,Suarez,M,F,2026-01-04
18223.0,18223,Noah,Clark,M,M,2026-01-04
18224.0,18224,Vanessa,Perry,S,F,2026-01-04
18225.0,18225,Paige,Jenkins,S,F,2026-01-04
18226.0,18226,Joseph,Walker,M,M,2026-01-04
18227.0,18227,Miranda,Diaz,M,F,2026-01-04
18228.0,18228,Adam,Parker,M,M,2026-01-04
18229.0,18229,Gabriella,Ward,M,F,2026-01-04
18230.0,18230,Brianna,Perry,M,F,2026-01-04
18231.0,18231,Janet,Gutierrez,M,F,2026-01-04
18232.0,18232,Sophia,Edwards,M,F,2026-01-04
18233.0,18233,Mackenzie,Bailey,S,F,2026-01-04
18234.0,18234,Alexandria,Russell,M,F,2026-01-04
18235.0,18235,Vincent,Guo,M,M,2026-01-04
18236.0,18236,Andrew,Wilson,M,M,2026-01-04
18237.0,18237,Nicole,Russell,M,F,2026-01-04
18238.0,18238,Eduardo,Harris,M,M,2026-01-04
18239.0,18239,Alisha,Zhu,M,F,2026-01-04
18240.0,18240,Arthur,Smith,M,M,2026-01-04
18241.0,18241,Tony,Sharma,M,M,2026-01-04
18242.0,18242,Christine,Pal,M,F,2026-01-04
18243.0,18243,Cesar,Sai,M,M,2026-01-04
18244.0,18244,Lindsay,Chande,M,F,2026-01-04
18245.0,18245,Misty,Goel,S,F,2026-01-04
18246.0,18246,Terrence,Raje,M,M,2026-01-04
18247.0,18247,Donna,Beck,M,F,2026-01-04
18248.0,18248,Pedro,Moreno,M,M,2026-01-04
18249.0,18249,Alison,Chander,M,F,2026-01-04
18250.0,18250,Jeremiah,Hall,S,M,2026-01-04
18251.0,18251,Ricky,Sanz,S,M,2026-01-04
18252.0,18252,Alvin,Sun,M,M,2026-01-04
18253.0,18253,Trisha,Guo,M,F,2026-01-04
18254.0,18254,Larry,Martin,S,M,2026-01-04
18255.0,18255,Rachel,Griffin,S,F,2026-01-04
18256.0,18256,Gilbert,Cai,M,M,2026-01-04
18257.0,18257,Krista,Jimenez,M,F,2026-01-04
18258.0,18258,Cassie,Chander,S,F,2026-01-04
18259.0,18259,Bailey,Torres,S,F,2026-01-04
18260.0,18260,Jodi,Sharma,S,F,2026-01-04
18261.0,18261,Stacy,Ramos,S,F,2026-01-04
18262.0,18262,Evelyn,Rana,S,F,2026-01-04
18263.0,18263,Karla,Jai,M,F,2026-01-04
18264.0,18264,Jeffery,Ma,S,M,2026-01-04
18265.0,18265,Trisha,Cai,M,F,2026-01-04
18266.0,18266,Mandy,Huang,S,F,2026-01-04
18267.0,18267,Brad,Jai,M,M,2026-01-04
18268.0,18268,Preston,Chapman,M,M,2026-01-04
18269.0,18269,Wendy,Torres,S,F,2026-01-04
18270.0,18270,Rachael,Rana,S,F,2026-01-04
18271.0,18271,Darrell,Yuan,M,M,2026-01-04
18272.0,18272,Autumn,Lin,M,F,2026-01-04
18273.0,18273,Natalie,Moore,M,F,2026-01-04
18274.0,18274,Carla,Sanchez,M,F,2026-01-04
18275.0,18275,Heather,Yang,S,F,2026-01-04
18276.0,18276,Alexa,Murphy,S,F,2026-01-04
18277.0,18277,Terry,Lal,M,M,2026-01-04
18278.0,18278,Lucas,Powell,M,M,2026-01-04
18279.0,18279,Rachael,Suri,S,F,2026-01-04
18280.0,18280,Jimmy,Alonso,M,M,2026-01-04
18281.0,18281,Jaclyn,Li,S,F,2026-01-04
18282.0,18282,Candace,Kapoor,S,F,2026-01-04
18283.0,18283,Mallory,Vazquez,S,F,2026-01-04
18284.0,18284,Carl,Deng,S,M,2026-01-04
18285.0,18285,Roberto,Romero,M,M,2026-01-04
18286.0,18286,Holly,Suri,M,F,2026-01-04
18287.0,18287,Heather,Zeng,M,F,2026-01-04
18288.0,18288,Daisy,Suarez,S,F,2026-01-04
18289.0,18289,Jaclyn,Raji,M,F,2026-01-04
18290.0,18290,Audrey,Hernandez,S,F,2026-01-04
18291.0,18291,Jennifer,Hill,S,F,2026-01-04
18292.0,18292,Louis,Tang,S,M,2026-01-04
18293.0,18293,Austin,Butler,M,M,2026-01-04
18294.0,18294,Denise,Prasad,M,F,2026-01-04
18295.0,18295,Ajay,Solanki,M,F,2026-01-04
18296.0,18296,Trisha,Li,S,F,2026-01-04
18297.0,18297,Gloria,Alvarez,S,F,2026-01-04
18298.0,18298,Geoffrey,Malhotra,S,M,2026-01-04
18299.0,18299,Colin,Deng,M,M,2026-01-04
18300.0,18300,Diane,Ramos,M,F,2026-01-04
18301.0,18301,Julie,Xu,S,F,2026-01-04
18302.0,18302,Wayne,Xie,S,M,2026-01-04
18303.0,18303,Shannon,Serrano,S,M,2026-01-04
18304.0,18304,Yolanda,She,S,F,2026-01-04
18305.0,18305,Kelvin,Xu,M,M,2026-01-04
18306.0,18306,Margaret,Lin,M,F,2026-01-04
18307.0,18307,Amy,Zhang,S,F,2026-01-04
18308.0,18308,Erica,Chen,S,F,2026-01-04
18309.0,18309,Mandy,Wu,S,F,2026-01-04
18310.0,18310,Lance,Romero,M,M,2026-01-04
18311.0,18311,Jennifer,Mitchell,M,F,2026-01-04
18312.0,18312,Miguel,Moore,S,M,2026-01-04
18313.0,18313,Arianna,Foster,S,F,2026-01-04
18314.0,18314,Eric,Perry,S,M,2026-01-04
18315.0,18315,Melody,Dominguez,M,F,2026-01-04
18316.0,18316,Justin,Kumar,S,M,2026-01-04
18317.0,18317,Samantha,Jones,M,F,2026-01-04
18318.0,18318,Benjamin,Hughes,M,M,2026-01-04
18319.0,18319,Aimee,Sun,S,F,2026-01-04
18320.0,18320,Luis,Jai,M,M,2026-01-04
18321.0,18321,Sebastian,Cook,S,M,2026-01-04
18322.0,18322,Antonio,Ross,S,M,2026-01-04
18323.0,18323,Jeremy,Clark,S,M,2026-01-04
18324.0,18324,Jackson,Butler,S,M,2026-01-04
18325.0,18325,Colleen,Xu,M,F,2026-01-04
18326.0,18326,Jay,Srini,M,M,2026-01-04
18327.0,18327,Jon,Sharma,S,M,2026-01-04
18328.0,18328,Alvin,Rai,M,M,2026-01-04
18329.0,18329,Marcus,Bailey,S,M,2026-01-04
18330.0,18330,Kellie,Diaz,S,F,2026-01-04
18331.0,18331,Jerry,Chande,M,M,2026-01-04
18332.0,18332,Emmanuel,Malhotra,M,M,2026-01-04
18333.0,18333,Meredith,Patel,S,F,2026-01-04
18334.0,18334,Edwin,Ye,M,M,2026-01-04
18335.0,18335,Ricky,Diaz,M,M,2026-01-04
18336.0,18336,Carla,Gonzalez,M,F,2026-01-04
18337.0,18337,Audrey,Serrano,S,F,2026-01-04
18338.0,18338,Nina,Andersen,S,F,2026-01-04
18339.0,18339,Donna,Nath,S,F,2026-01-04
18340.0,18340,Arianna,Cooper,S,F,2026-01-04
18341.0,18341,Russell,Goel,S,M,2026-01-04
18342.0,18342,Victoria,James,S,F,2026-01-04
18343.0,18343,Dalton,Green,S,M,2026-01-04
18344.0,18344,Caleb,Turner,S,M,2026-01-04
18345.0,18345,Samantha,Bryant,M,F,2026-01-04
18346.0,18346,Anna,Flores,S,F,2026-01-04
18347.0,18347,Alyssa,Clark,S,F,2026-01-04
18348.0,18348,Katelyn,Roberts,S,F,2026-01-04
18349.0,18349,Jacob,Robinson,S,M,2026-01-04
18350.0,18350,Emma,Ross,M,F,2026-01-04
18351.0,18351,Alexander,Smith,M,M,2026-01-04
18352.0,18352,Noah,Thomas,M,M,2026-01-04
18353.0,18353,Robert,Anderson,M,M,2026-01-04
18354.0,18354,Alvin,Nara,M,M,2026-01-04
18355.0,18355,Edward,Foster,M,M,2026-01-04
18356.0,18356,Alexander,Lee,M,M,2026-01-04
18357.0,18357,Trinity,Reed,M,F,2026-01-04
18358.0,18358,Oscar,Coleman,M,M,2026-01-04
18359.0,18359,Alexandria,Bryant,S,F,2026-01-04
18360.0,18360,Eric,Li,M,M,2026-01-04
18361.0,18361,Marcus,Simmons,S,M,2026-01-04
18362.0,18362,Erin,Howard,M,F,2026-01-04
18363.0,18363,Lucas,Ward,M,M,2026-01-04
18364.0,18364,Eduardo,Gray,M,M,2026-01-04
18365.0,18365,Daniel,Lewis,M,M,2026-01-04
18366.0,18366,Alexandria,Richardson,M,F,2026-01-04
18367.0,18367,Edwin,Wu,M,M,2026-01-04
18368.0,18368,Austin,Hughes,M,M,2026-01-04
18369.0,18369,Mandy,He,M,F,2026-01-04
18370.0,18370,Tristan,Flores,M,M,2026-01-04
18371.0,18371,Jessica,Morgan,M,F,2026-01-04
18372.0,18372,Jeremiah,Thomas,M,M,2026-01-04
18373.0,18373,Stephanie,Roberts,M,F,2026-01-04
18374.0,18374,Logan,King,M,M,2026-01-04
18375.0,18375,Michelle,Morris,M,F,2026-01-04
18376.0,18376,Abigail,Diaz,M,F,2026-01-04
18377.0,18377,Madison,Robinson,S,F,2026-01-04
18378.0,18378,Dalton,Foster,M,M,2026-01-04
18379.0,18379,Abigail,Robinson,M,F,2026-01-04
18380.0,18380,Kaitlyn,Kelly,M,F,2026-01-04
18381.0,18381,Katherine,Ward,S,F,2026-01-04
18382.0,18382,Isabella,Garcia,M,F,2026-01-04
18383.0,18383,Natalie,Torres,S,F,2026-01-04
18384.0,18384,Nicole,Williams,S,F,2026-01-04
18385.0,18385,Miguel,Gonzalez,M,M,2026-01-04
18386.0,18386,Kevin,Shan,M,M,2026-01-04
18387.0,18387,Carlos,Green,M,M,2026-01-04
18388.0,18388,Julia,Russell,M,F,2026-01-04
18389.0,18389,Marcus,Gray,S,M,2026-01-04
18390.0,18390,Blake,Thompson,M,M,2026-01-04
18391.0,18391,Jacqueline,Russell,S,F,2026-01-04
18392.0,18392,Jasmine,Gonzales,S,F,2026-01-04
18393.0,18393,Angela,Ross,M,F,2026-01-04
18394.0,18394,Sean,Wright,M,M,2026-01-04
18395.0,18395,Xavier,Howard,M,M,2026-01-04
18396.0,18396,Luke,Parker,M,M,2026-01-04
18397.0,18397,Louis,Anand,M,M,2026-01-04
18398.0,18398,Geoffrey,Sanchez,S,M,2026-01-04
18399.0,18399,Sara,Torres,S,F,2026-01-04
18400.0,18400,Jeremiah,Jackson,S,M,2026-01-04
18401.0,18401,Joshua,Jones,S,M,2026-01-04
18402.0,18402,Kimberly,Kelly,M,F,2026-01-04
18403.0,18403,Madeline,Phillips,S,F,2026-01-04
18404.0,18404,Alicia,Raji,M,F,2026-01-04
18405.0,18405,Sheila,Gutierrez,M,F,2026-01-04
18406.0,18406,Zachary,Ross,S,M,2026-01-04
18407.0,18407,Maria,Griffin,M,F,2026-01-04
18408.0,18408,Cody,West,S,M,2026-01-04
18409.0,18409,Olivia,Washington,M,F,2026-01-04
18410.0,18410,Joshua,Davis,M,M,2026-01-04
18411.0,18411,Jack,Powell,M,M,2026-01-04
18412.0,18412,Mary,Parker,S,F,2026-01-04
18413.0,18413,Samuel,Jackson,M,M,2026-01-04
18414.0,18414,Gabrielle,Griffin,M,F,2026-01-04
18415.0,18415,Summer,Mehta,M,F,2026-01-04
18416.0,18416,Emma,Peterson,M,F,2026-01-04
18417.0,18417,Jonathan,Roberts,M,M,2026-01-04
18418.0,18418,Dawn,Sun,S,F,2026-01-04
18419.0,18419,Rachel,Johnson,M,F,2026-01-04
18420.0,18420,Riley,Stewart,M,F,2026-01-04
18421.0,18421,Megan,Morgan,M,F,2026-01-04
18422.0,18422,Taylor,Jones,S,F,2026-01-04
18423.0,18423,Christian,Jones,S,M,2026-01-04
18424.0,18424,Samuel,Williams,S,M,2026-01-04
18425.0,18425,Garrett,Brooks,M,M,2026-01-04
18426.0,18426,Luke,Gonzales,M,M,2026-01-04
18427.0,18427,Justin,Diaz,M,M,2026-01-04
18428.0,18428,Alexis,Henderson,S,F,2026-01-04
18429.0,18429,Faith,Gonzales,S,F,2026-01-04
18430.0,18430,Victoria,Morgan,M,F,2026-01-04
18431.0,18431,Cameron,Hayes,M,M,2026-01-04
18432.0,18432,Jordan,Lopez,M,F,2026-01-04
18433.0,18433,Seth,Ross,M,M,2026-01-04
18434.0,18434,Clayton,Stone,M,M,2026-01-04
18435.0,18435,Maria,Phillips,S,F,2026-01-04
18436.0,18436,Richard,Johnson,M,M,2026-01-04
18437.0,18437,Isabella,Butler,M,F,2026-01-04
18438.0,18438,Sheila,Sanz,M,F,2026-01-04
18439.0,18439,Angela,Coleman,M,F,2026-01-04
18440.0,18440,Joe,Ashe,M,M,2026-01-04
18441.0,18441,Tabitha,Munoz,M,F,2026-01-04
18442.0,18442,Mason,Hill,S,M,2026-01-04
18443.0,18443,Ross,Lopez,M,M,2026-01-04
18444.0,18444,Shannon,Chow,S,F,2026-01-04
18445.0,18445,Colin,Li,M,M,2026-01-04
18446.0,18446,Larry,Ramos,M,M,2026-01-04
18447.0,18447,Renee,Ortega,M,F,2026-01-04
18448.0,18448,Jennifer,Bailey,M,F,2026-01-04
18449.0,18449,Derrick,Ramos,M,M,2026-01-04
18450.0,18450,Willie,Shen,M,M,2026-01-04
18451.0,18451,Dale,Pal,M,M,2026-01-04
18452.0,18452,Bruce,Martinez,M,M,2026-01-04
18453.0,18453,Caroline,Patterson,S,F,2026-01-04
18454.0,18454,George,Perez,S,M,2026-01-04
18455.0,18455,Alejandro,Wu,M,M,2026-01-04
18456.0,18456,Timothy,Bailey,S,M,2026-01-04
18457.0,18457,Olivia,White,M,F,2026-01-04
18458.0,18458,Gregory,She,S,M,2026-01-04
18459.0,18459,Toni,Sai,S,F,2026-01-04
18460.0,18460,Faith,Butler,S,F,2026-01-04
18461.0,18461,Tina,Martinez,M,F,2026-01-04
18462.0,18462,Clarence,Zhu,M,M,2026-01-04
18463.0,18463,Adriana,Suri,M,F,2026-01-04
18464.0,18464,Toni,Suri,M,F,2026-01-04
18465.0,18465,Jamie,Yang,S,F,2026-01-04
18466.0,18466,Joy,Gutierrez,M,F,2026-01-04
18467.0,18467,Darren,Townsend,S,M,2026-01-04
18468.0,18468,Joel,Sanchez,S,M,2026-01-04
18469.0,18469,Robyn,Rubio,S,F,2026-01-04
18470.0,18470,Jennifer,Taylor,S,F,2026-01-04
18471.0,18471,Paige,Stewart,S,F,2026-01-04
18472.0,18472,Hannah,Ross,S,F,2026-01-04
18473.0,18473,Nathaniel,Rogers,M,M,2026-01-04
18474.0,18474,James,Smith,M,M,2026-01-04
18475.0,18475,Natalie,Brown,S,F,2026-01-04
18476.0,18476,Brooke,Rogers,S,F,2026-01-04
18477.0,18477,Angelica,Hughes,S,F,2026-01-04
18478.0,18478,Eduardo,Roberts,M,M,2026-01-04
18479.0,18479,Stacey,Chen,M,F,2026-01-04
18480.0,18480,Heidi,Suri,S,F,2026-01-04
18481.0,18481,Tanya,Romero,M,F,2026-01-04
18482.0,18482,Sharon,Nara,S,F,2026-01-04
18483.0,18483,Byron,Gill,S,M,2026-01-04
18484.0,18484,Dustin,Sharma,S,M,2026-01-04
18485.0,18485,Devin,Gonzalez,S,M,2026-01-04
18486.0,18486,Kari,Torres,S,F,2026-01-04
18487.0,18487,Tasha,Nath,S,F,2026-01-04
18488.0,18488,Clayton,Xu,M,M,2026-01-04
18489.0,18489,Johnny,Nara,M,M,2026-01-04
18490.0,18490,Brad,Rai,S,M,2026-01-04
18491.0,18491,Michele,Gonzalez,S,F,2026-01-04
18492.0,18492,Tamara,Johnston,S,F,2026-01-04
18493.0,18493,Kaitlin,McDonald,M,F,2026-01-04
18494.0,18494,Marcus,Young,M,M,2026-01-04
18495.0,18495,Jeremy,Phillips,S,M,2026-01-04
18496.0,18496,Vincent,Zheng,S,M,2026-01-04
18497.0,18497,Fernando,Evans,S,M,2026-01-04
18498.0,18498,Zachary,Russell,S,M,2026-01-04
18499.0,18499,Darren,Rodriguez,S,M,2026-01-04
18500.0,18500,Jose,Brown,M,M,2026-01-04
18501.0,18501,Alexandra,Powell,S,F,2026-01-04
18502.0,18502,Pamela,Madan,M,F,2026-01-04
18503.0,18503,Timothy,Peterson,S,M,2026-01-04
18504.0,18504,Angel,Adams,M,M,2026-01-04
18505.0,18505,Carol,Scott,M,F,2026-01-04
18506.0,18506,Evan,Bradley,M,M,2026-01-04
18507.0,18507,Edward,Baker,M,M,2026-01-04
18508.0,18508,Michele,Chander,S,F,2026-01-04
18509.0,18509,Xavier,Foster,M,M,2026-01-04
18510.0,18510,Samuel,Washington,S,M,2026-01-04
18511.0,18511,Mya,Jenkins,S,F,2026-01-04
18512.0,18512,Alex,Torres,M,M,2026-01-04
18513.0,18513,Edwin,Xu,M,M,2026-01-04
18514.0,18514,Anne,Romero,S,F,2026-01-04
18515.0,18515,Gabrielle,Patterson,M,F,2026-01-04
18516.0,18516,Juan,Brooks,S,M,2026-01-04
18517.0,18517,Tristan,Diaz,M,M,2026-01-04
18518.0,18518,Stephanie,Scott,S,F,2026-01-04
18519.0,18519,Alex,Cook,M,M,2026-01-04
18520.0,18520,Rafael,Huang,M,M,2026-01-04
18521.0,18521,Meghan,Rowe,M,F,2026-01-04
18522.0,18522,Jeremiah,Smith,M,M,2026-01-04
18523.0,18523,Samuel,Foster,M,M,2026-01-04
18524.0,18524,Edward,Alexander,M,M,2026-01-04
18525.0,18525,Jack,Lal,M,M,2026-01-04
18526.0,18526,Kevin,Hernandez,S,M,2026-01-04
18527.0,18527,Jonathan,Baker,M,M,2026-01-04
18528.0,18528,John,Rodriguez,M,M,2026-01-04
18529.0,18529,Albert,Castro,S,M,2026-01-04
18530.0,18530,Wyatt,Evans,M,M,2026-01-04
18531.0,18531,Thomas,Simmons,S,M,2026-01-04
18532.0,18532,Marcus,Russell,M,M,2026-01-04
18533.0,18533,Lucas,Martinez,M,M,2026-01-04
18534.0,18534,Hunter,Collins,M,M,2026-01-04
18535.0,18535,Donald,Kapoor,S,M,2026-01-04
18536.0,18536,Hailey,Coleman,M,F,2026-01-04
18537.0,18537,Kathryn,Carson,S,F,2026-01-04
18538.0,18538,Ian,Mitchell,S,M,2026-01-04
18539.0,18539,Riley,Russell,M,F,2026-01-04
18540.0,18540,Victoria,Perry,S,F,2026-01-04
18541.0,18541,Kayla,Jones,M,F,2026-01-04
18542.0,18542,Dustin,She,M,M,2026-01-04
18543.0,18543,Dalton,Wilson,M,M,2026-01-04
18544.0,18544,Riley,Washington,M,F,2026-01-04
18545.0,18545,Ian,Clark,M,M,2026-01-04
18546.0,18546,Pieter,Wycoff,M,F,2026-01-04
18547.0,18547,Ethan,Johnson,M,M,2026-01-04
18548.0,18548,Jordan,Powell,M,M,2026-01-04
18549.0,18549,Sierra,Collins,M,F,2026-01-04
18550.0,18550,Julia,Griffin,M,F,2026-01-04
18551.0,18551,Chloe,Hall,M,F,2026-01-04
18552.0,18552,Kelsey,Goel,M,F,2026-01-04
18553.0,18553,Alex,Roberts,M,M,2026-01-04
18554.0,18554,Isabelle,Ross,M,F,2026-01-04
18555.0,18555,Muniraju,Pulipalyam,M,F,2026-01-04
18556.0,18556,Ruben,Perez,M,M,2026-01-04
18557.0,18557,Bailey,Lopez,M,F,2026-01-04
18558.0,18558,Alexandra,Price,M,F,2026-01-04
18559.0,18559,Lucas,Adams,M,M,2026-01-04
18560.0,18560,Anna,Miller,M,F,2026-01-04
18561.0,18561,Carol,Torres,S,F,2026-01-04
18562.0,18562,Mary,Wright,M,F,2026-01-04
18563.0,18563,Evan,Sanchez,M,M,2026-01-04
18564.0,18564,John,Moore,S,M,2026-01-04
18565.0,18565,Dalton,Bryant,M,M,2026-01-04
18566.0,18566,Bryce,Peterson,M,M,2026-01-04
18567.0,18567,Madison,Barnes,S,F,2026-01-04
18568.0,18568,Mya,Bennett,S,F,2026-01-04
18569.0,18569,Emma,Bryant,M,F,2026-01-04
18570.0,18570,Mason,Peterson,S,M,2026-01-04
18571.0,18571,Cameron,Kumar,S,M,2026-01-04
18572.0,18572,Danielle,Watson,M,F,2026-01-04
18573.0,18573,Andrea,Phillips,M,F,2026-01-04
18574.0,18574,Kaitlyn,Taylor,M,F,2026-01-04
18575.0,18575,Erin,Stewart,M,F,2026-01-04
18576.0,18576,Emily,Coleman,M,F,2026-01-04
18577.0,18577,Isabelle,Winston,M,F,2026-01-04
18578.0,18578,Patrick,Rogers,S,M,2026-01-04
18579.0,18579,William,Brown,M,M,2026-01-04
18580.0,18580,Emma,Anderson,M,F,2026-01-04
18581.0,18581,Melinda,Dominguez,S,F,2026-01-04
18582.0,18582,Bryan,Morgan,M,M,2026-01-04
18583.0,18583,Luis,Kumar,S,M,2026-01-04
18584.0,18584,Haley,Evans,M,F,2026-01-04
18585.0,18585,Katherine,Blue,M,F,2026-01-04
18586.0,18586,Benjamin,Patterson,S,M,2026-01-04
18587.0,18587,Monica,Arun,S,F,2026-01-04
18588.0,18588,Isabella,Rogers,S,F,2026-01-04
18589.0,18589,Anna,Stewart,S,F,2026-01-04
18590.0,18590,Valerie,Sun,S,F,2026-01-04
18591.0,18591,Eduardo,Nelson,M,M,2026-01-04
18592.0,18592,Mackenzie,Evans,S,F,2026-01-04
18593.0,18593,Sydney,Martinez,S,F,2026-01-04
18594.0,18594,Kristi,Garcia,S,F,2026-01-04
18595.0,18595,Marcus,Hernandez,S,M,2026-01-04
18596.0,18596,Gabriella,Cooper,S,F,2026-01-04
18597.0,18597,Isabel,Perry,M,F,2026-01-04
18598.0,18598,Norimichi,Yonekura,S,M,2026-01-04
18599.0,18599,Kyle,Simmons,S,M,2026-01-04
18600.0,18600,Ashley,Gonzales,M,F,2026-01-04
18601.0,18601,Cynthia,Garcia,S,F,2026-01-04
18602.0,18602,Patrick,Ramirez,M,M,2026-01-04
18603.0,18603,Gabrielle,Henderson,S,F,2026-01-04
18604.0,18604,Paige,Alexander,M,F,2026-01-04
18605.0,18605,David,Wright,S,M,2026-01-04
18606.0,18606,Wyatt,Green,S,M,2026-01-04
18607.0,18607,Katherine,Taylor,S,F,2026-01-04
18608.0,18608,Ian,Phillips,M,M,2026-01-04
18609.0,18609,Alyssa,Cook,M,F,2026-01-04
18610.0,18610,Bailey,Rivera,S,F,2026-01-04
18611.0,18611,Taylor,Foster,M,F,2026-01-04
18612.0,18612,Alyssa,Flores,S,F,2026-01-04
18613.0,18613,Cody,Murphy,S,M,2026-01-04
18614.0,18614,Seth,Wright,S,M,2026-01-04
18615.0,18615,Charles,Peterson,S,M,2026-01-04
18616.0,18616,Spencer,Butler,S,M,2026-01-04
18617.0,18617,Carlos,Lopez,S,M,2026-01-04
18618.0,18618,Mitchell,Rai,S,M,2026-01-04
18619.0,18619,Dominic,Mehta,M,M,2026-01-04
18620.0,18620,Randall,Navarro,S,M,2026-01-04
18621.0,18621,Cassandra,Prasad,S,F,2026-01-04
18622.0,18622,Byron,Rubio,S,M,2026-01-04
18623.0,18623,Anne,Torres,M,F,2026-01-04
18624.0,18624,Jay,Perez,S,M,2026-01-04
18625.0,18625,Derrick,Moreno,S,M,2026-01-04
18626.0,18626,Tony,Pal,S,M,2026-01-04
18627.0,18627,Kristine,Gomez,S,F,2026-01-04
18628.0,18628,Suzanne,Yang,S,F,2026-01-04
18629.0,18629,Martin,Srini,S,M,2026-01-04
18630.0,18630,Priscilla,She,S,F,2026-01-04
18631.0,18631,Carly,Shan,S,F,2026-01-04
18632.0,18632,Russell,Tang,S,M,2026-01-04
18633.0,18633,Adam,Jenkins,M,M,2026-01-04
18634.0,18634,Veronica,Arun,S,F,2026-01-04
18635.0,18635,Toni,Martinez,S,F,2026-01-04
18636.0,18636,Edgar,Chapman,S,M,2026-01-04
18637.0,18637,Thomas,Sharma,S,M,2026-01-04
18638.0,18638,Alyssa,Thompson,S,F,2026-01-04
18639.0,18639,Maria,Scott,S,F,2026-01-04
18640.0,18640,Isaac,James,M,M,2026-01-04
18641.0,18641,Cameron,Garcia,S,M,2026-01-04
18642.0,18642,Brianna,Thompson,S,F,2026-01-04
18643.0,18643,Joshua,Thomas,M,M,2026-01-04
18644.0,18644,Carrie,Ruiz,S,F,2026-01-04
18645.0,18645,Jordan,Bryant,M,M,2026-01-04
18646.0,18646,Blake,Adams,M,M,2026-01-04
18647.0,18647,Christy,Huang,S,F,2026-01-04
18648.0,18648,Hailey,Torres,M,F,2026-01-04
18649.0,18649,Jackson,Patterson,S,M,2026-01-04
18650.0,18650,Kyle,Flores,S,M,2026-01-04
18651.0,18651,Isaiah,Mitchell,M,M,2026-01-04
18652.0,18652,Meredith,Diaz,M,F,2026-01-04
18653.0,18653,Emmanuel,Madan,M,M,2026-01-04
18654.0,18654,Thomas,Lopez,M,M,2026-01-04
18655.0,18655,Eric,Diaz,M,M,2026-01-04
18656.0,18656,Charles,Clark,S,M,2026-01-04
18657.0,18657,Alex,Morgan,M,M,2026-01-04
18658.0,18658,Dalton,Turner,M,M,2026-01-04
18659.0,18659,Jasmine,Thompson,M,F,2026-01-04
18660.0,18660,Cristina,Anand,M,F,2026-01-04
18661.0,18661,Daniel,Walker,M,M,2026-01-04
18662.0,18662,Kyle,Sharma,M,M,2026-01-04
18663.0,18663,Jason,Flores,M,M,2026-01-04
18664.0,18664,Robert,Long,M,M,2026-01-04
18665.0,18665,Olivia,Brooks,M,F,2026-01-04
18666.0,18666,Jordyn,Henderson,S,F,2026-01-04
18667.0,18667,Kelli,Ma,S,F,2026-01-04
18668.0,18668,Brian,Sanders,M,M,2026-01-04
18669.0,18669,Adam,Griffin,M,M,2026-01-04
18670.0,18670,Melanie,Bryant,M,F,2026-01-04
18671.0,18671,Melanie,Kelly,M,F,2026-01-04
18672.0,18672,Anthony,Lewis,M,M,2026-01-04
18673.0,18673,James,Green,M,M,2026-01-04
18674.0,18674,Isabelle,Bennett,S,F,2026-01-04
18675.0,18675,Abigail,Martin,M,F,2026-01-04
18676.0,18676,Jesse,Young,M,M,2026-01-04
18677.0,18677,Logan,Shan,M,M,2026-01-04
18678.0,18678,Sean,Watson,S,M,2026-01-04
18679.0,18679,Seth,Wood,S,M,2026-01-04
18680.0,18680,David,Shan,M,M,2026-01-04
18681.0,18681,Jacqueline,Griffin,M,F,2026-01-04
18682.0,18682,Emily,Bennett,M,F,2026-01-04
18683.0,18683,Robert,Walker,M,M,2026-01-04
18684.0,18684,Makayla,Watson,M,F,2026-01-04
18685.0,18685,Sean,Rogers,M,M,2026-01-04
18686.0,18686,Logan,Coleman,S,M,2026-01-04
18687.0,18687,Olivia,Smith,M,F,2026-01-04
18688.0,18688,Antonio,Barnes,M,M,2026-01-04
18689.0,18689,Miguel,Miller,M,M,2026-01-04
18690.0,18690,Carlos,Rivera,M,M,2026-01-04
18691.0,18691,Claudia,Zheng,M,F,2026-01-04
18692.0,18692,Preston,Mehta,M,M,2026-01-04
18693.0,18693,Ann,Subram,S,F,2026-01-04
18694.0,18694,Derrick,Gomez,M,M,2026-01-04
18695.0,18695,Aaron,Diaz,M,M,2026-01-04
18696.0,18696,Mindy,Black,M,F,2026-01-04
18697.0,18697,Tara,Lal,S,F,2026-01-04
18698.0,18698,Jaclyn,Chande,S,F,2026-01-04
18699.0,18699,Blake,Griffin,M,M,2026-01-04
18700.0,18700,Ernest,Zhao,S,M,2026-01-04
18701.0,18701,Kenneth,Lal,S,M,2026-01-04
18702.0,18702,Adriana,Smith,S,F,2026-01-04
18703.0,18703,Vincent,Huang,S,M,2026-01-04
18704.0,18704,Lacey,Goel,M,F,2026-01-04
18705.0,18705,Karl,Goel,M,M,2026-01-04
18706.0,18706,Darryl,Zheng,S,M,2026-01-04
18707.0,18707,Marshall,She,M,M,2026-01-04
18708.0,18708,Micah,Zhao,M,M,2026-01-04
18709.0,18709,Darren,Hernandez,M,M,2026-01-04
18710.0,18710,Ricardo,Xie,M,M,2026-01-04
18711.0,18711,Emma,Diaz,S,F,2026-01-04
18712.0,18712,Glenn,Guo,M,M,2026-01-04
18713.0,18713,Rosa,Yang,M,F,2026-01-04
18714.0,18714,Francisco,Lopez,M,M,2026-01-04
18715.0,18715,Rafael,Rai,M,M,2026-01-04
18716.0,18716,Seth,Campbell,M,M,2026-01-04
18717.0,18717,Cassandra,Suri,M,F,2026-01-04
18718.0,18718,Susan,Liu,S,F,2026-01-04
18719.0,18719,Alberto,Suarez,M,M,2026-01-04
18720.0,18720,Taylor,Miller,M,F,2026-01-04
18721.0,18721,Andy,Gomez,S,M,2026-01-04
18722.0,18722,Jonathon,Navarro,S,M,2026-01-04
18723.0,18723,Lacey,Ma,S,F,2026-01-04
18724.0,18724,Denise,Fernandez,M,F,2026-01-04
18725.0,18725,Denise,Kapoor,S,F,2026-01-04
18726.0,18726,Katrina,Anand,S,F,2026-01-04
18727.0,18727,Hailey,Hernandez,S,F,2026-01-04
18728.0,18728,Roger,Luo,M,M,2026-01-04
18729.0,18729,Evan,Parker,S,M,2026-01-04
18730.0,18730,Johnathan,Arthur,M,M,2026-01-04
18731.0,18731,Brett,Malhotra,S,M,2026-01-04
18732.0,18732,Zachary,Jai,M,M,2026-01-04
18733.0,18733,Rafael,Gao,S,M,2026-01-04
18734.0,18734,Barbara,Ashe,S,F,2026-01-04
18735.0,18735,Latasha,Moreno,S,F,2026-01-04
18736.0,18736,Ashley,Patterson,S,F,2026-01-04
18737.0,18737,Ricky,Gomez,S,M,2026-01-04
18738.0,18738,Tamara,Luo,S,F,2026-01-04
18739.0,18739,Christy,Pal,M,F,2026-01-04
18740.0,18740,Adam,Hill,M,M,2026-01-04
18741.0,18741,Edgar,Martinez,M,M,2026-01-04
18742.0,18742,Don,Guo,M,M,2026-01-04
18743.0,18743,Glenn,Xu,M,M,2026-01-04
18744.0,18744,April,Raje,M,F,2026-01-04
18745.0,18745,Brooke,James,M,F,2026-01-04
18746.0,18746,Reginald,Alvarez,S,M,2026-01-04
18747.0,18747,Jacquelyn,Diaz,S,F,2026-01-04
18748.0,18748,Gabrielle,Stewart,M,F,2026-01-04
18749.0,18749,Olivia,Stewart,M,F,2026-01-04
18750.0,18750,Alexandra,Perry,M,F,2026-01-04
18751.0,18751,Kari,Schmidt,S,F,2026-01-04
18752.0,18752,Samantha,Walker,S,F,2026-01-04
18753.0,18753,James,Moore,S,M,2026-01-04
18754.0,18754,Isabella,Mitchell,S,F,2026-01-04
18755.0,18755,Christopher,Lewis,S,M,2026-01-04
18756.0,18756,Isabella,Thompson,S,F,2026-01-04
18757.0,18757,Frederick,Srini,M,M,2026-01-04
18758.0,18758,Devin,Price,S,M,2026-01-04
18759.0,18759,Devin,Phillips,S,M,2026-01-04
18760.0,18760,Morgan,Wood,M,F,2026-01-04
18761.0,18761,Luis,Wright,S,M,2026-01-04
18762.0,18762,Arthur,Wilson,M,F,2026-01-04
18763.0,18763,Julie,Chander,M,F,2026-01-04
18764.0,18764,Natalie,Scott,M,F,2026-01-04
18765.0,18765,Noah,Shan,S,M,2026-01-04
18766.0,18766,Francisco,Sai,M,M,2026-01-04
18767.0,18767,Gary,Alonso,M,M,2026-01-04
18768.0,18768,Dalton,Garcia,M,M,2026-01-04
18769.0,18769,Theresa,Dominguez,M,F,2026-01-04
18770.0,18770,Aaron,Hernandez,S,M,2026-01-04
18771.0,18771,Robert,Green,S,M,2026-01-04
18772.0,18772,Julia,Hill,M,F,2026-01-04
18773.0,18773,Cassidy,Price,M,F,2026-01-04
18774.0,18774,Justin,Flores,S,M,2026-01-05
18775.0,18775,Andrea,Bell,M,F,2026-01-05
18776.0,18776,Connor,Allen,S,M,2026-01-05
18777.0,18777,Richard,Clark,S,M,2026-01-05
18778.0,18778,Miguel,Washington,M,M,2026-01-05
18779.0,18779,Jose,Hill,M,M,2026-01-05
18780.0,18780,Evan,Carter,S,M,2026-01-05
18781.0,18781,Hunter,Lewis,S,M,2026-01-05
18782.0,18782,Patrick,Reed,M,M,2026-01-05
18783.0,18783,Michael,Martin,S,M,2026-01-05
18784.0,18784,Trinity,Brooks,M,F,2026-01-05
18785.0,18785,Sara,Rivera,S,F,2026-01-05
18786.0,18786,Dustin,Chande,S,M,2026-01-05
18787.0,18787,Mya,Wood,M,F,2026-01-05
18788.0,18788,Madison,Thompson,S,F,2026-01-05
18789.0,18789,Seth,Robinson,S,M,2026-01-05
18790.0,18790,Julia,Martin,M,F,2026-01-05
18791.0,18791,Megan,Blue,S,F,2026-01-05
18792.0,18792,Gabriella,Peterson,M,F,2026-01-05
18793.0,18793,Angel,Cox,M,M,2026-01-05
18794.0,18794,Andrew,Davis,S,M,2026-01-05
18795.0,18795,Nathan,Alexander,S,M,2026-01-05
18796.0,18796,Marvin,Ruiz,M,M,2026-01-05
18797.0,18797,Evan,Murphy,S,M,2026-01-05
18798.0,18798,Andrea,Allen,M,F,2026-01-05
18799.0,18799,Jacob,Lewis,M,M,2026-01-05
18800.0,18800,Jennifer,Phillips,M,F,2026-01-05
18801.0,18801,Dawn,Yuan,M,F,2026-01-05
18802.0,18802,Mario,Shen,M,M,2026-01-05
18803.0,18803,Cedric,Zheng,M,M,2026-01-05
18804.0,18804,Aaron,Gonzales,M,M,2026-01-05
18805.0,18805,Tracy,Simpson,M,F,2026-01-05
18806.0,18806,Kaitlyn,Torres,M,F,2026-01-05
18807.0,18807,Spencer,Bennett,S,M,2026-01-05
18808.0,18808,Gabrielle,Perez,S,F,2026-01-05
18809.0,18809,Jason,King,M,M,2026-01-05
18810.0,18810,Casey,Dominguez,M,M,2026-01-05
18811.0,18811,Samuel,Perry,M,M,2026-01-05
18812.0,18812,Kyle,Adams,S,M,2026-01-05
18813.0,18813,Kristy,Hernandez,S,F,2026-01-05
18814.0,18814,Evan,Adams,S,M,2026-01-05
18815.0,18815,Abigail,Rogers,M,F,2026-01-05
18816.0,18816,Taylor,Smith,S,F,2026-01-05
18817.0,18817,Brittany,Russell,S,F,2026-01-05
18818.0,18818,Lucas,Torres,M,M,2026-01-05
18819.0,18819,Miranda,Bennett,M,F,2026-01-05
18820.0,18820,Alexandria,Cook,M,F,2026-01-05
18821.0,18821,Juan,Morgan,S,M,2026-01-05
18822.0,18822,Gregory,Ferrier,M,M,2026-01-05
18823.0,18823,Russell,Xu,S,M,2026-01-05
18824.0,18824,Elijah,Collins,M,M,2026-01-05
18825.0,18825,Brandon,Smith,M,M,2026-01-05
18826.0,18826,Allison,Stewart,M,F,2026-01-05
18827.0,18827,Carmen,Raman,S,F,2026-01-05
18828.0,18828,Morgan,Wright,M,F,2026-01-05
18829.0,18829,Jackson,Simmons,S,M,2026-01-05
18830.0,18830,Kristine,Ortega,M,F,2026-01-05
18831.0,18831,Andy,Hernandez,S,M,2026-01-05
18832.0,18832,Dylan,Jackson,M,M,2026-01-05
18833.0,18833,Morgan,Baker,M,F,2026-01-05
18834.0,18834,Ana,Foster,M,F,2026-01-05
18835.0,18835,Isabelle,Coleman,S,F,2026-01-05
18836.0,18836,Nicole,Cooper,S,F,2026-01-05
18837.0,18837,Amanda,Hernandez,M,F,2026-01-05
18838.0,18838,Natalie,Morris,M,F,2026-01-05
18839.0,18839,Don,Lee,M,M,2026-01-05
18840.0,18840,Alexandria,Barnes,M,F,2026-01-05
18841.0,18841,Gabriella,Campbell,M,F,2026-01-05
18842.0,18842,James,Gonzalez,S,M,2026-01-05
18843.0,18843,Luis,Perez,M,M,2026-01-05
18844.0,18844,Dalton,Hernandez,S,M,2026-01-05
18845.0,18845,Katherine,Hughes,M,F,2026-01-05
18846.0,18846,Deb,Hughes,S,M,2026-01-05
18847.0,18847,Ariana,Richardson,M,F,2026-01-05
18848.0,18848,Christian,Harris,M,M,2026-01-05
18849.0,18849,Faith,Flores,S,F,2026-01-05
18850.0,18850,Ethan,Hughes,M,M,2026-01-05
18851.0,18851,Dalton,Cook,M,M,2026-01-05
18852.0,18852,Allison,Sanders,M,F,2026-01-05
18853.0,18853,Jacqueline,Gray,M,F,2026-01-05
18854.0,18854,Hunter,Turner,M,M,2026-01-05
18855.0,18855,Robert,Zhang,S,M,2026-01-05
18856.0,18856,Thomas,Green,M,M,2026-01-05
18857.0,18857,Sebastian,Sanders,M,M,2026-01-05
18858.0,18858,Miguel,Parker,S,M,2026-01-05
18859.0,18859,Olivia,Henderson,M,F,2026-01-05
18860.0,18860,Sydney,Foster,M,F,2026-01-05
18861.0,18861,Ashley,Wood,M,F,2026-01-05
18862.0,18862,Luke,Zhang,M,M,2026-01-05
18863.0,18863,Charles,Scott,S,M,2026-01-05
18864.0,18864,Elijah,Long,M,M,2026-01-05
18865.0,18865,Ashley,Hayes,M,F,2026-01-05
18866.0,18866,Miguel,Scott,M,M,2026-01-05
18867.0,18867,Thomas,Perry,M,M,2026-01-05
18868.0,18868,Adam,Long,S,M,2026-01-05
18869.0,18869,Ashley,Flores,M,F,2026-01-05
18870.0,18870,Ana,Barnes,M,F,2026-01-05
18871.0,18871,Ruben,Rubio,M,M,2026-01-05
18872.0,18872,Miguel,Severino,M,M,2026-01-05
18873.0,18873,Austin,Rodriguez,S,M,2026-01-05
18874.0,18874,Julia,Green,M,F,2026-01-05
18875.0,18875,Devin,Watson,M,M,2026-01-05
18876.0,18876,Luke,Chen,M,M,2026-01-05
18877.0,18877,Evan,Hall,M,M,2026-01-05
18878.0,18878,Mallory,Ramos,M,F,2026-01-05
18879.0,18879,Garrett,Morgan,M,M,2026-01-05
18880.0,18880,Jarrod,Sanchez,M,M,2026-01-05
18881.0,18881,Kimberly,James,M,F,2026-01-05
18882.0,18882,Dalton,Hayes,M,M,2026-01-05
18883.0,18883,Jonathan,Garcia,S,M,2026-01-05
18884.0,18884,Bryan,Reed,S,M,2026-01-05
18885.0,18885,Cara,Ma,S,F,2026-01-05
18886.0,18886,Donald,McDonald,S,M,2026-01-05
18887.0,18887,Kari,Hernandez,S,F,2026-01-05
18888.0,18888,Devin,Powell,S,M,2026-01-05
18889.0,18889,Katelyn,Murphy,S,F,2026-01-05
18890.0,18890,Lauren,Blue,M,F,2026-01-05
18891.0,18891,Megan,James,M,F,2026-01-05
18892.0,18892,Chase,Howard,S,M,2026-01-05
18893.0,18893,Devin,White,S,M,2026-01-05
18894.0,18894,Eric,Allen,S,M,2026-01-05
18895.0,18895,Marco,Madan,M,M,2026-01-05
18896.0,18896,Jonathan,Russell,M,M,2026-01-05
18897.0,18897,Russell,Black,M,M,2026-01-05
18898.0,18898,Monica,Chandra,S,F,2026-01-05
18899.0,18899,Glenn,Liu,M,M,2026-01-05
18900.0,18900,Mathew,Torres,M,M,2026-01-05
18901.0,18901,Connor,Shan,S,M,2026-01-05
18902.0,18902,Steve,Chen,M,M,2026-01-05
18903.0,18903,Louis,Zeng,S,M,2026-01-05
18904.0,18904,Emma,Thomas,S,F,2026-01-05
18905.0,18905,Samuel,Adams,S,M,2026-01-05
18906.0,18906,Adrienne,Gutierrez,S,F,2026-01-05
18907.0,18907,Priscilla,Nara,M,F,2026-01-05
18908.0,18908,Krystal,Sun,S,F,2026-01-05
18909.0,18909,Jodi,Chavez,S,F,2026-01-05
18910.0,18910,Marco,Perez,S,M,2026-01-05
18911.0,18911,Elijah,McDonald,S,M,2026-01-05
18912.0,18912,Tyler,Williams,M,M,2026-01-05
18913.0,18913,Jesse,Stewart,M,M,2026-01-05
18914.0,18914,Felicia,Ruiz,S,F,2026-01-05
18915.0,18915,Sydney,Gonzalez,M,F,2026-01-05
18916.0,18916,Christian,Moore,S,M,2026-01-05
18917.0,18917,Jonathan,Nelson,M,M,2026-01-05
18918.0,18918,Jacqueline,Ross,M,F,2026-01-05
18919.0,18919,Eduardo,Hernandez,S,M,2026-01-05
18920.0,18920,Jonathan,Young,S,M,2026-01-05
18921.0,18921,Rachel,Bailey,S,F,2026-01-05
18922.0,18922,Madeline,Gonzalez,S,F,2026-01-05
18923.0,18923,Cassandra,Kapoor,M,F,2026-01-05
18924.0,18924,Rachel,Williams,S,F,2026-01-05
18925.0,18925,Haley,Griffin,M,F,2026-01-05
18926.0,18926,Alexandre,Lobao,M,M,2026-01-05
18927.0,18927,Arianna,Cox,S,F,2026-01-05
18928.0,18928,Carmen,Prasad,M,F,2026-01-05
18929.0,18929,Donald,Garcia,S,M,2026-01-05
18930.0,18930,Katelyn,Richardson,S,F,2026-01-05
18931.0,18931,Rosa,She,M,F,2026-01-05
18932.0,18932,Carl,Chande,M,M,2026-01-05
18933.0,18933,Kelli,Huang,S,F,2026-01-05
18934.0,18934,Jeremiah,Moore,S,M,2026-01-05
18935.0,18935,Jasmine,Jenkins,M,F,2026-01-05
18936.0,18936,Morgan,Collins,S,F,2026-01-05
18937.0,18937,Ian,Reed,S,M,2026-01-05
18938.0,18938,Lucas,Lopez,M,M,2026-01-05
18939.0,18939,Hunter,McDonald,S,M,2026-01-05
18940.0,18940,Seth,Bell,M,M,2026-01-05
18941.0,18941,Philip,Torres,M,M,2026-01-05
18942.0,18942,Billy,Ortega,M,M,2026-01-05
18943.0,18943,Kaitlyn,Hall,S,F,2026-01-05
18944.0,18944,Marcus,Taylor,S,M,2026-01-05
18945.0,18945,Marcus,Cox,M,M,2026-01-05
18946.0,18946,Brandon,Simmons,M,M,2026-01-05
18947.0,18947,Devin,Bryant,S,M,2026-01-05
18948.0,18948,Sydney,Bailey,M,F,2026-01-05
18949.0,18949,Jackson,Hall,S,M,2026-01-05
18950.0,18950,Lauren,Alexander,S,F,2026-01-05
18951.0,18951,Dalton,Jones,S,M,2026-01-05
18952.0,18952,Chloe,Hernandez,M,F,2026-01-05
18953.0,18953,Mya,Patterson,S,F,2026-01-05
18954.0,18954,Dalton,Young,S,M,2026-01-05
18955.0,18955,Justin,Jones,S,M,2026-01-05
18956.0,18956,Sara,Howard,S,F,2026-01-05
18957.0,18957,Mackenzie,Lopez,S,F,2026-01-05
18958.0,18958,Natalie,Sanchez,S,F,2026-01-05
18959.0,18959,Seth,Morris,S,M,2026-01-05
18960.0,18960,Marcus,Johnson,S,M,2026-01-05
18961.0,18961,Jeremiah,Henderson,S,M,2026-01-05
18962.0,18962,Seth,Parker,M,M,2026-01-05
18963.0,18963,Amber,Collins,M,F,2026-01-05
18964.0,18964,Thomas,Gonzalez,S,M,2026-01-05
18965.0,18965,Richard,Turner,M,M,2026-01-05
18966.0,18966,Carly,Rai,M,F,2026-01-05
18967.0,18967,Xavier,Clark,M,M,2026-01-05
18968.0,18968,Isaiah,Lopez,M,M,2026-01-05
18969.0,18969,Anna,Cox,M,F,2026-01-05
18970.0,18970,Jason,Roberts,M,M,2026-01-05
18971.0,18971,Wyatt,Moore,M,M,2026-01-05
18972.0,18972,Benjamin,Butler,M,M,2026-01-05
18973.0,18973,Kate,Yuan,M,F,2026-01-05
18974.0,18974,James,Rodriguez,M,M,2026-01-05
18975.0,18975,Samuel,Bryant,M,M,2026-01-05
18976.0,18976,Garrett,Howard,S,M,2026-01-05
18977.0,18977,Jackson,Wang,M,M,2026-01-05
18978.0,18978,Isaiah,Morgan,M,M,2026-01-05
18979.0,18979,Noah,Taylor,M,M,2026-01-05
18980.0,18980,Sophia,Hernandez,M,F,2026-01-05
18981.0,18981,Savannah,Watson,M,F,2026-01-05
18982.0,18982,Kyle,Baker,S,M,2026-01-05
18983.0,18983,Destiny,Price,M,F,2026-01-05
18984.0,18984,Shelby,Rivera,S,F,2026-01-05
18985.0,18985,Paige,Bailey,M,F,2026-01-05
18986.0,18986,Robert,Roberts,S,M,2026-01-05
18987.0,18987,Hunter,Adams,M,M,2026-01-05
18988.0,18988,Courtney,Baker,S,F,2026-01-05
18989.0,18989,Cindy,Suri,M,F,2026-01-05
18990.0,18990,Amanda,Henderson,M,F,2026-01-05
18991.0,18991,Evan,Cook,M,M,2026-01-05
18992.0,18992,David,Perry,M,M,2026-01-05
18993.0,18993,Kevin,Ross,M,M,2026-01-05
18994.0,18994,Jackson,Allen,M,M,2026-01-05
18995.0,18995,Melissa,Gray,S,F,2026-01-05
18996.0,18996,Katherine,Turner,M,F,2026-01-05
18997.0,18997,Eric,King,M,M,2026-01-05
18998.0,18998,Aidan,Bennett,M,M,2026-01-05
18999.0,18999,Mackenzie,Watson,M,F,2026-01-05
19000.0,19000,Makayla,Blue,M,F,2026-01-05
19001.0,19001,Fernando,Brown,M,M,2026-01-05
19002.0,19002,Alexis,Thompson,M,F,2026-01-05
19003.0,19003,Jared,Stewart,M,M,2026-01-05
19004.0,19004,Ian,Rogers,M,M,2026-01-05
19005.0,19005,Lauren,Peterson,S,F,2026-01-05
19006.0,19006,Leslie,Martin,M,F,2026-01-05
19007.0,19007,Mackenzie,Sanchez,M,F,2026-01-05
19008.0,19008,Hailey,Murphy,S,F,2026-01-05
19009.0,19009,Arianna,Watson,M,F,2026-01-05
19010.0,19010,Naomi,Ortega,M,F,2026-01-05
19011.0,19011,Maria,Cook,M,F,2026-01-05
19012.0,19012,Oscar,Bryant,M,M,2026-01-05
19013.0,19013,Amanda,Phillips,S,F,2026-01-05
19014.0,19014,Jonathan,Hernandez,M,M,2026-01-05
19015.0,19015,Thomas,Griffin,M,M,2026-01-05
19016.0,19016,Sierra,Wright,M,F,2026-01-05
19017.0,19017,Zoe,Brooks,M,F,2026-01-05
19018.0,19018,Nicole,Gray,M,F,2026-01-05
19019.0,19019,Jackson,Gonzales,M,M,2026-01-05
19020.0,19020,Jack,Flores,S,M,2026-01-05
19021.0,19021,Melissa,Russell,S,F,2026-01-05
19022.0,19022,Samantha,Wood,M,F,2026-01-05
19023.0,19023,Arianna,Powell,M,F,2026-01-05
19024.0,19024,Dalton,Russell,S,M,2026-01-05
19025.0,19025,Aaron,Roberts,S,M,2026-01-05
19026.0,19026,Logan,Hayes,S,M,2026-01-05
19027.0,19027,Mayra,Madan,S,F,2026-01-05
19028.0,19028,Cedric,Wang,M,M,2026-01-05
19029.0,19029,Alicia,Andersen,M,F,2026-01-05
19030.0,19030,Marco,Arun,M,M,2026-01-05
19031.0,19031,Regina,Perez,M,F,2026-01-05
19032.0,19032,Katrina,Andersen,S,F,2026-01-05
19033.0,19033,Omar,Lin,S,M,2026-01-05
19034.0,19034,Tabitha,Diaz,S,F,2026-01-05
19035.0,19035,Stanley,Schmidt,M,M,2026-01-05
19036.0,19036,Allen,Rana,M,M,2026-01-05
19037.0,19037,Marshall,Chen,M,M,2026-01-05
19038.0,19038,Joe,Patel,S,M,2026-01-05
19039.0,19039,Melvin,Pal,M,M,2026-01-05
19040.0,19040,Eugene,Sun,M,M,2026-01-05
19041.0,19041,Autumn,Zheng,S,F,2026-01-05
19042.0,19042,Ronnie,Cai,M,M,2026-01-05
19043.0,19043,Jessica,Jones,M,F,2026-01-05
19044.0,19044,Cesar,Rana,M,M,2026-01-05
19045.0,19045,Ross,Rodriguez,S,M,2026-01-05
19046.0,19046,Shawna,Raje,M,F,2026-01-05
19047.0,19047,Sydney,Walker,M,F,2026-01-05
19048.0,19048,Bryant,Raman,M,M,2026-01-05
19049.0,19049,Craig,Gutierrez,M,M,2026-01-05
19050.0,19050,Joel,Chapman,M,M,2026-01-05
19051.0,19051,Taylor,Henderson,S,F,2026-01-05
19052.0,19052,Kristi,Kapoor,M,F,2026-01-05
19053.0,19053,Gerald,Jordan,S,M,2026-01-05
19054.0,19054,Arthur,Alonso,S,M,2026-01-05
19055.0,19055,Garrett,Bailey,M,M,2026-01-05
19056.0,19056,Carla,Van,M,F,2026-01-05
19057.0,19057,Joanna,Ramos,M,F,2026-01-05
19058.0,19058,Shawn,Goel,M,M,2026-01-05
19059.0,19059,George,Rodriguez,M,M,2026-01-05
19060.0,19060,Stephanie,Stone,M,F,2026-01-05
19061.0,19061,Heather,Gao,S,F,2026-01-05
19062.0,19062,Erica,Zhou,M,F,2026-01-05
19063.0,19063,Gabrielle,Kelly,M,F,2026-01-05
19064.0,19064,Veronica,Madan,M,F,2026-01-05
19065.0,19065,Michele,Arun,M,F,2026-01-05
19066.0,19066,Dylan,Sharma,M,M,2026-01-05
19067.0,19067,Misty,Luo,M,F,2026-01-05
19068.0,19068,Alma,Son,M,F,2026-01-05
19069.0,19069,Thomas,Hall,M,M,2026-01-05
19070.0,19070,Kristopher,Garcia,M,M,2026-01-05
19071.0,19071,Joe,Jimenez,M,M,2026-01-05
19072.0,19072,Tamara,Lu,M,F,2026-01-05
19073.0,19073,Lolan,Song,M,M,2026-01-05
19074.0,19074,Colleen,Shen,M,F,2026-01-05
19075.0,19075,Brent,Wu,M,M,2026-01-05
19076.0,19076,Jaclyn,Pal,M,F,2026-01-05
19077.0,19077,Pedro,Prasad,M,M,2026-01-05
19078.0,19078,Misty,She,S,F,2026-01-05
19079.0,19079,Brett,Lopez,M,M,2026-01-05
19080.0,19080,Ross,Vance,S,M,2026-01-05
19081.0,19081,Leslie,Rubio,M,F,2026-01-05
19082.0,19082,Alvin,Zhang,M,M,2026-01-05
19083.0,19083,Steven,Rivera,S,M,2026-01-05
19084.0,19084,Colleen,Raje,S,F,2026-01-05
19085.0,19085,Shawna,Kumar,M,F,2026-01-05
19086.0,19086,Tommy,Chander,S,M,2026-01-05
19087.0,19087,Erica,Gao,M,F,2026-01-05
19088.0,19088,Rafael,Kumar,S,M,2026-01-05
19089.0,19089,Regina,Arthur,S,F,2026-01-05
19090.0,19090,Marshall,Chander,S,M,2026-01-05
19091.0,19091,Warren,Yuan,S,M,2026-01-05
19092.0,19092,Eric,Gonzalez,S,M,2026-01-05
19093.0,19093,Tara,Ashe,S,F,2026-01-05
19094.0,19094,Todd,Yang,S,M,2026-01-05
19095.0,19095,Meredith,Martinez,S,F,2026-01-05
19096.0,19096,Douglas,Suri,S,M,2026-01-05
19097.0,19097,Mindy,Pal,S,F,2026-01-05
19098.0,19098,Xavier,Evans,M,M,2026-01-05
19099.0,19099,Sheena,Deng,M,F,2026-01-05
19100.0,19100,Bradley,Rai,M,M,2026-01-05
19101.0,19101,Susan,Cai,S,F,2026-01-05
19102.0,19102,Claudia,Ye,S,F,2026-01-05
19103.0,19103,Johnathan,Raman,M,M,2026-01-05
19104.0,19104,Mariah,James,M,F,2026-01-05
19105.0,19105,Stacy,Dominguez,S,F,2026-01-05
19106.0,19106,Terrance,Sai,M,M,2026-01-05
19107.0,19107,Franklin,Liu,M,M,2026-01-05
19108.0,19108,Haley,Stewart,S,F,2026-01-05
19109.0,19109,Jade,Brooks,M,F,2026-01-05
19110.0,19110,Jesse,Kelly,M,M,2026-01-05
19111.0,19111,Mariah,Kelly,M,F,2026-01-05
19112.0,19112,Victoria,Hughes,M,F,2026-01-05
19113.0,19113,Aaron,Patterson,M,M,2026-01-05
19114.0,19114,Natalie,Richardson,M,F,2026-01-05
19115.0,19115,Bailey,Sanchez,M,F,2026-01-05
19116.0,19116,Logan,Alexander,S,M,2026-01-05
19117.0,19117,Kaitlyn,Coleman,S,F,2026-01-05
19118.0,19118,Ian,Thomas,M,M,2026-01-05
19119.0,19119,Connor,Simmons,M,M,2026-01-05
19120.0,19120,Caleb,Sharma,M,M,2026-01-05
19121.0,19121,Kaitlyn,Blue,M,F,2026-01-05
19122.0,19122,Abigail,Hughes,S,F,2026-01-05
19123.0,19123,Emma,Washington,M,F,2026-01-05
19124.0,19124,Cody,Bailey,M,M,2026-01-05
19125.0,19125,Cameron,Russell,S,M,2026-01-05
19126.0,19126,Kristopher,Kapoor,M,M,2026-01-05
19127.0,19127,Alexa,Sanchez,S,F,2026-01-05
19128.0,19128,Madison,Jackson,M,F,2026-01-05
19129.0,19129,Carson,Simmons,M,M,2026-01-05
19130.0,19130,Madeline,Baker,M,F,2026-01-05
19131.0,19131,Mason,Blue,S,M,2026-01-05
19132.0,19132,Benjamin,Washington,S,M,2026-01-05
19133.0,19133,Logan,Martinez,S,M,2026-01-05
19134.0,19134,Sierra,Allen,S,F,2026-01-05
19135.0,19135,Logan,Brown,M,M,2026-01-05
19136.0,19136,Richard,Cook,M,M,2026-01-05
19137.0,19137,Eric,Russell,S,M,2026-01-05
19138.0,19138,Eric,Coleman,M,M,2026-01-05
19139.0,19139,Oscar,Simmons,M,M,2026-01-05
19140.0,19140,Melanie,Rogers,S,F,2026-01-05
19141.0,19141,Samuel,Martinez,S,M,2026-01-05
19142.0,19142,Dalton,Washington,M,M,2026-01-05
19143.0,19143,Lauren,Long,S,F,2026-01-05
19144.0,19144,Edwin,He,S,M,2026-01-05
19145.0,19145,Adriana,Malhotra,M,F,2026-01-05
19146.0,19146,Mariah,Morgan,S,F,2026-01-05
19147.0,19147,Edward,Thomas,M,M,2026-01-05
19148.0,19148,Cody,Ramirez,S,M,2026-01-05
19149.0,19149,Sean,Parker,S,M,2026-01-05
19150.0,19150,Maria,Bailey,M,F,2026-01-05
19151.0,19151,Ian,Cooper,S,M,2026-01-05
19152.0,19152,Jonathan,Walker,M,M,2026-01-05
19153.0,19153,Dylan,Griffin,M,M,2026-01-05
19154.0,19154,William,Sotelo,M,F,2026-01-05
19155.0,19155,Caroline,Flores,M,F,2026-01-05
19156.0,19156,Julia,Jenkins,S,F,2026-01-05
19157.0,19157,Eduardo,Thompson,S,M,2026-01-05
19158.0,19158,Destiny,Griffin,S,F,2026-01-05
19159.0,19159,Richard,Gonzalez,M,M,2026-01-05
19160.0,19160,Sara,Perez,S,F,2026-01-05
19161.0,19161,Jeremiah,Hughes,S,M,2026-01-05
19162.0,19162,Peter,Raji,M,M,2026-01-05
19163.0,19163,Riley,Bailey,M,F,2026-01-05
19164.0,19164,Danielle,Morgan,S,F,2026-01-05
19165.0,19165,Miranda,Russell,S,F,2026-01-05
19166.0,19166,Olivia,Jenkins,S,F,2026-01-05
19167.0,19167,Caitlin,Morgan,S,F,2026-01-05
19168.0,19168,Nathan,Kumar,S,M,2026-01-05
19169.0,19169,Arianna,Bryant,S,F,2026-01-05
19170.0,19170,Luis,Campbell,S,M,2026-01-05
19171.0,19171,Melanie,Torres,M,F,2026-01-05
19172.0,19172,Calvin,Luo,M,M,2026-01-05
19173.0,19173,Kelli,Lal,M,F,2026-01-05
19174.0,19174,Katelyn,Howard,S,F,2026-01-05
19175.0,19175,Wayne,Sharma,S,M,2026-01-05
19176.0,19176,Ebony,Vazquez,S,F,2026-01-05
19177.0,19177,Donna,Chander,M,F,2026-01-05
19178.0,19178,Sarah,Miller,S,F,2026-01-05
19179.0,19179,Gloria,Sanz,S,F,2026-01-05
19180.0,19180,Joan,Navarro,S,F,2026-01-05
19181.0,19181,Chad,Pal,S,M,2026-01-05
19182.0,19182,Lance,Dominguez,S,M,2026-01-05
19183.0,19183,Edwin,Raje,S,M,2026-01-05
19184.0,19184,Emily,Hayes,S,F,2026-01-05
19185.0,19185,Jacqueline,Bradley,S,F,2026-01-05
19186.0,19186,Bob,Garcia,M,M,2026-01-05
19187.0,19187,Karl,Pal,S,M,2026-01-05
19188.0,19188,Dalton,Anderson,S,M,2026-01-05
19189.0,19189,Morgan,Price,S,F,2026-01-05
19190.0,19190,Carl,Shen,S,M,2026-01-05
19191.0,19191,Keith,Chande,S,M,2026-01-05
19192.0,19192,Erika,Ruiz,S,F,2026-01-05
19193.0,19193,Omar,Lal,S,M,2026-01-05
19194.0,19194,Cesar,Garcia,S,M,2026-01-05
19195.0,19195,Darren,Romero,S,M,2026-01-05
19196.0,19196,April,She,S,F,2026-01-05
19197.0,19197,Briana,Sandoval,S,F,2026-01-05
19198.0,19198,Melissa,Brooks,S,F,2026-01-05
19199.0,19199,David,Williams,S,M,2026-01-05
19200.0,19200,Luke,Henderson,M,M,2026-01-05
19201.0,19201,Charles,Brooks,M,M,2026-01-05
19202.0,19202,Brianna,Lee,M,F,2026-01-05
19203.0,19203,Darren,Navarro,S,M,2026-01-05
19204.0,19204,Sydney,Evans,S,F,2026-01-05
19205.0,19205,James,Perry,M,M,2026-01-05
19206.0,19206,Destiny,Cooper,M,F,2026-01-05
19207.0,19207,Jeremiah,Turner,M,M,2026-01-05
19208.0,19208,Angelica,Diaz,M,F,2026-01-05
19209.0,19209,Alexandra,Nelson,M,F,2026-01-05
19210.0,19210,Alexis,Price,M,F,2026-01-05
19211.0,19211,Anna,Lee,M,F,2026-01-05
19212.0,19212,Brianna,Clark,M,F,2026-01-05
19213.0,19213,Amanda,Simmons,M,F,2026-01-05
19214.0,19214,Cassidy,Powell,S,F,2026-01-05
19215.0,19215,Edward,Hall,S,M,2026-01-05
19216.0,19216,Gabriel,Lopez,S,M,2026-01-05
19217.0,19217,Jose,Nelson,M,M,2026-01-05
19218.0,19218,Nathaniel,Brooks,M,M,2026-01-05
19219.0,19219,Mary,Peterson,M,F,2026-01-05
19220.0,19220,Mariah,Sanchez,M,F,2026-01-05
19221.0,19221,Kaitlyn,Williams,M,F,2026-01-05
19222.0,19222,Jordan,Hall,M,M,2026-01-05
19223.0,19223,Jacqueline,Cook,M,F,2026-01-05
19224.0,19224,Stephanie,Henderson,M,F,2026-01-05
19225.0,19225,Jeremy,Watson,M,M,2026-01-05
19226.0,19226,Neil,Carlson,M,M,2026-01-05
19227.0,19227,Logan,Nelson,M,M,2026-01-05
19228.0,19228,Morgan,Ramirez,M,F,2026-01-05
19229.0,19229,David,Robinson,S,M,2026-01-05
19230.0,19230,Joy,Moreno,M,F,2026-01-05
19231.0,19231,Meghan,Gill,M,F,2026-01-05
19232.0,19232,Candice,Chow,S,F,2026-01-05
19233.0,19233,Omar,Andersen,M,M,2026-01-05
19234.0,19234,Micah,Zheng,S,M,2026-01-05
19235.0,19235,Kayla,Bennett,M,F,2026-01-05
19236.0,19236,Chloe,Phillips,M,F,2026-01-05
19237.0,19237,Kristy,Gomez,M,F,2026-01-05
19238.0,19238,Isabella,West,M,F,2026-01-05
19239.0,19239,Jeremy,Alexander,M,M,2026-01-05
19240.0,19240,Theresa,Jimenez,M,F,2026-01-05
19241.0,19241,Diane,Dominguez,M,F,2026-01-05
19242.0,19242,Devin,Baker,M,M,2026-01-05
19243.0,19243,James,Thomas,M,M,2026-01-05
19244.0,19244,Sebastian,Ward,M,M,2026-01-05
19245.0,19245,Isaiah,King,M,M,2026-01-05
19246.0,19246,Carlos,Campbell,M,M,2026-01-05
19247.0,19247,Michele,Martinez,M,F,2026-01-05
19248.0,19248,Sheena,Black,M,F,2026-01-05
19249.0,19249,Chad,Andersen,M,M,2026-01-05
19250.0,19250,Lacey,Wu,M,F,2026-01-05
19251.0,19251,Brett,Sai,M,M,2026-01-05
19252.0,19252,Jasmine,Brooks,M,F,2026-01-05
19253.0,19253,Gabrielle,Ross,S,F,2026-01-05
19254.0,19254,Anibal,Sousa,S,M,2026-01-05
19255.0,19255,Terrance,Sara,S,M,2026-01-05
19256.0,19256,Abigail,Griffin,M,F,2026-01-05
19257.0,19257,Dana,Jiménez,M,F,2026-01-05
19258.0,19258,Douglas,Mehta,M,M,2026-01-05
19259.0,19259,Barbara,Lin,M,F,2026-01-05
19260.0,19260,Latoya,Sharma,S,F,2026-01-05
19261.0,19261,Heather,Wu,M,F,2026-01-05
19262.0,19262,Kari,Sanchez,M,F,2026-01-05
19263.0,19263,Nina,Chande,M,F,2026-01-05
19264.0,19264,Kristopher,Gonzalez,S,M,2026-01-05
19265.0,19265,Dale,Raji,M,M,2026-01-05
19266.0,19266,Grant,Xu,M,M,2026-01-05
19267.0,19267,Marshall,Raje,M,M,2026-01-05
19268.0,19268,Alyssa,Ward,M,F,2026-01-05
19269.0,19269,Kathleen,Navarro,S,F,2026-01-05
19270.0,19270,Shawn,Shen,M,M,2026-01-05
19271.0,19271,Kristopher,Fernandez,M,M,2026-01-05
19272.0,19272,Shaun,Andersen,M,M,2026-01-05
19273.0,19273,Natalie,Henderson,M,F,2026-01-05
19274.0,19274,Karen,Yang,M,F,2026-01-05
19275.0,19275,Gregory,Rai,M,M,2026-01-05
19276.0,19276,Ruben,Sai,S,M,2026-01-05
19277.0,19277,Billy,Jiménez,M,M,2026-01-05
19278.0,19278,Willie,Sun,S,M,2026-01-05
19279.0,19279,Omar,Xu,S,M,2026-01-05
19280.0,19280,Darrell,Andersen,M,M,2026-01-05
19281.0,19281,Mallory,Carlson,S,F,2026-01-05
19282.0,19282,Hailey,Wood,M,F,2026-01-05
19283.0,19283,Adrian,Sanders,M,M,2026-01-05
19284.0,19284,Briana,Romero,M,F,2026-01-05
19285.0,19285,Jacqueline,Howard,M,F,2026-01-05
19286.0,19286,Kaitlyn,Butler,M,F,2026-01-05
19287.0,19287,Shane,Chandra,M,M,2026-01-05
19288.0,19288,Candice,Wang,M,F,2026-01-05
19289.0,19289,Johnathan,Patel,M,M,2026-01-05
19290.0,19290,Sergio,Prasad,S,M,2026-01-05
19291.0,19291,Colleen,Wu,S,F,2026-01-05
19292.0,19292,Micah,Lin,M,M,2026-01-05
19293.0,19293,Chloe,Watson,M,F,2026-01-05
19294.0,19294,Stanley,Garcia,M,M,2026-01-05
19295.0,19295,Katelyn,Green,S,F,2026-01-05
19296.0,19296,Jake,Zheng,S,M,2026-01-05
19297.0,19297,Cedric,Xie,S,M,2026-01-05
19298.0,19298,Priscilla,Andersen,S,F,2026-01-05
19299.0,19299,Carrie,Browning,M,F,2026-01-05
19300.0,19300,Clarence,Hu,M,M,2026-01-05
19301.0,19301,Jamie,Liu,M,F,2026-01-05
19302.0,19302,Brad,Xie,S,M,2026-01-05
19303.0,19303,Sylvia,Spencer,M,M,2026-01-05
19304.0,19304,Sara,Nelson,S,F,2026-01-05
19305.0,19305,Gabriella,Young,S,F,2026-01-05
19306.0,19306,Candace,Perez,M,F,2026-01-05
19307.0,19307,Micheal,Alonso,M,M,2026-01-05
19308.0,19308,Casey,Rai,M,F,2026-01-05
19309.0,19309,Frank,Suarez,M,M,2026-01-05
19310.0,19310,Evelyn,Raman,M,F,2026-01-05
19311.0,19311,Dana,Rubio,M,F,2026-01-05
19312.0,19312,Valerie,Zheng,M,F,2026-01-05
19313.0,19313,Charles,Baker,S,M,2026-01-05
19314.0,19314,Alvin,Beck,S,M,2026-01-05
19315.0,19315,Devon,Sharma,S,M,2026-01-05
19316.0,19316,Raymond,Srini,M,M,2026-01-05
19317.0,19317,Sara,Scott,S,F,2026-01-05
19318.0,19318,Jamie,Dominguez,S,M,2026-01-05
19319.0,19319,Darryl,Guo,S,M,2026-01-05
19320.0,19320,Bethany,Deng,S,F,2026-01-05
19321.0,19321,Clifford,Weber,M,M,2026-01-05
19322.0,19322,Gerald,Romero,S,M,2026-01-05
19323.0,19323,Jeremy,Rogers,M,M,2026-01-05
19324.0,19324,Tanya,Blanco,M,F,2026-01-05
19325.0,19325,Kelli,Chen,M,F,2026-01-05
19326.0,19326,Marcus,Robinson,M,M,2026-01-05
19327.0,19327,Candace,Gonzalez,M,F,2026-01-05
19328.0,19328,Shawn,Xu,S,M,2026-01-05
19329.0,19329,Nancy,Srini,S,F,2026-01-05
19330.0,19330,Johnny,Shen,S,M,2026-01-05
19331.0,19331,Jessie,Hu,S,M,2026-01-05
19332.0,19332,Kelvin,Alan,M,M,2026-01-05
19333.0,19333,Candace,Malhotra,M,F,2026-01-05
19334.0,19334,Katherine,Baker,S,F,2026-01-05
19335.0,19335,Cedric,Ye,S,M,2026-01-05
19336.0,19336,Ricardo,Andersen,S,M,2026-01-05
19337.0,19337,Bonnie,Luo,S,F,2026-01-05
19338.0,19338,Paula,Dominguez,M,F,2026-01-05
19339.0,19339,Lance,Gomez,M,M,2026-01-05
19340.0,19340,Renee,Dominguez,M,F,2026-01-05
19341.0,19341,Clarence,Huang,M,M,2026-01-05
19342.0,19342,Aimee,Zeng,S,F,2026-01-05
19343.0,19343,Louis,Ye,S,M,2026-01-05
19344.0,19344,Mandy,Ma,S,F,2026-01-05
19345.0,19345,Kaitlin,Prasad,M,F,2026-01-05
19346.0,19346,Donna,She,M,F,2026-01-05
19347.0,19347,Alvin,Zhao,M,M,2026-01-05
19348.0,19348,Ebony,Raman,M,F,2026-01-05
19349.0,19349,Warren,Anand,S,M,2026-01-05
19350.0,19350,Bethany,Ashe,M,F,2026-01-05
19351.0,19351,Edgar,Vance,S,M,2026-01-05
19352.0,19352,Arturo,Chen,S,M,2026-01-05
19353.0,19353,Desiree,Gill,S,F,2026-01-05
19354.0,19354,Abby,Madan,S,F,2026-01-05
19355.0,19355,Danny,Munoz,S,M,2026-01-05
19356.0,19356,Francis,Ortega,M,M,2026-01-05
19357.0,19357,Ryan,Flores,S,M,2026-01-05
19358.0,19358,Jonathan,Bryant,S,M,2026-01-05
19359.0,19359,Roberto,Townsend,M,M,2026-01-05
19360.0,19360,Joanna,Hernandez,M,F,2026-01-05
19361.0,19361,Stacey,Sun,M,F,2026-01-05
19362.0,19362,Karl,Raje,M,M,2026-01-05
19363.0,19363,Regina,Raman,S,F,2026-01-05
19364.0,19364,Alejandro,Nara,M,M,2026-01-05
19365.0,19365,Wayne,Shan,M,M,2026-01-05
19366.0,19366,Christy,Beck,M,F,2026-01-05
19367.0,19367,Johnathan,Gonzalez,S,M,2026-01-05
19368.0,19368,Lindsay,Anand,S,F,2026-01-05
19369.0,19369,Clifford,Suri,S,M,2026-01-05
19370.0,19370,Gilbert,Yang,S,M,2026-01-05
19371.0,19371,Roy,Mehta,S,M,2026-01-05
19372.0,19372,Cassidy,Long,S,F,2026-01-05
19373.0,19373,Rebekah,Suri,S,F,2026-01-05
19374.0,19374,Paula,Ashe,S,F,2026-01-05
19375.0,19375,Omar,Anand,S,M,2026-01-05
19376.0,19376,Paige,Wood,S,F,2026-01-05
19377.0,19377,Dominic,Chandra,S,M,2026-01-05
19378.0,19378,Lucas,Davis,S,M,2026-01-05
19379.0,19379,Crystal,Guo,S,F,2026-01-05
19380.0,19380,Marshall,Luo,S,M,2026-01-05
19381.0,19381,Brandi,Romero,S,F,2026-01-05
19382.0,19382,Jerry,Shan,M,M,2026-01-05
19383.0,19383,Roger,Nath,S,M,2026-01-05
19384.0,19384,Gilbert,Rai,S,M,2026-01-05
19385.0,19385,Alisha,Lin,S,F,2026-01-05
19386.0,19386,Allen,Martinez,S,M,2026-01-05
19387.0,19387,Ruth,Rana,M,F,2026-01-05
19388.0,19388,Alberto,Martin,S,M,2026-01-05
19389.0,19389,Terrence,Goel,S,M,2026-01-05
19390.0,19390,Terrance,Perez,S,M,2026-01-05
19391.0,19391,Sergio,Rana,S,M,2026-01-05
19392.0,19392,Sergio,Kapoor,S,M,2026-01-05
19393.0,19393,Miguel,Anderson,M,M,2026-01-05
19394.0,19394,Henry,Nelson,M,M,2026-01-05
19395.0,19395,Austin,Zhang,S,M,2026-01-05
19396.0,19396,Tammy,Prasad,S,F,2026-01-05
19397.0,19397,Terry,Shen,S,M,2026-01-05
19398.0,19398,Dylan,Gonzales,S,M,2026-01-05
19399.0,19399,Anthony,Brown,S,M,2026-01-05
19400.0,19400,Gavin,Hayes,S,M,2026-01-05
19401.0,19401,Kyle,Hernandez,S,M,2026-01-05
19402.0,19402,Jeremiah,Scott,S,M,2026-01-05
19403.0,19403,Morgan,Cook,S,F,2026-01-05
19404.0,19404,Nicole,Moore,M,F,2026-01-05
19405.0,19405,Abigail,Smith,M,F,2026-01-05
19406.0,19406,Brooke,Travers,M,F,2026-01-05
19407.0,19407,Sarah,Perry,M,F,2026-01-05
19408.0,19408,Taylor,Richardson,M,F,2026-01-05
19409.0,19409,Savannah,Allen,M,F,2026-01-05
19410.0,19410,Chloe,Adams,M,F,2026-01-05
19411.0,19411,Sarah,Alexander,M,F,2026-01-05
19412.0,19412,Jaime,Chander,M,M,2026-01-05
19413.0,19413,Xavier,Kelly,S,M,2026-01-05
19414.0,19414,Alexis,Ashe,M,F,2026-01-05
19415.0,19415,Devin,Collins,M,M,2026-01-05
19416.0,19416,Caitlin,Morris,M,F,2026-01-05
19417.0,19417,Alexis,Foster,M,F,2026-01-05
19418.0,19418,Nathan,Miller,S,M,2026-01-05
19419.0,19419,Allison,Adams,S,F,2026-01-05
19420.0,19420,Stanley,Raman,S,M,2026-01-05
19421.0,19421,Jay,Rana,S,M,2026-01-05
19422.0,19422,Paula,Gutierrez,S,F,2026-01-05
19423.0,19423,Maria,Price,S,F,2026-01-05
19424.0,19424,Terrance,Smith,S,M,2026-01-05
19425.0,19425,Arturo,Zhao,M,M,2026-01-05
19426.0,19426,Brian,Stewart,S,M,2026-01-05
19427.0,19427,Troy,Lopez,S,M,2026-01-05
19428.0,19428,Eric,Turner,M,M,2026-01-05
19429.0,19429,Jared,Kelly,S,M,2026-01-05
19430.0,19430,Sharon,Goel,M,F,2026-01-05
19431.0,19431,Bonnie,She,S,F,2026-01-05
19432.0,19432,Armando,Dominguez,S,M,2026-01-05
19433.0,19433,Bridget,Raje,M,F,2026-01-05
19434.0,19434,Geoffrey,Ashe,S,M,2026-01-05
19435.0,19435,Benjamin,Thompson,M,M,2026-01-05
19436.0,19436,Gregory,Pal,M,M,2026-01-05
19437.0,19437,Kelsey,Rai,S,F,2026-01-05
19438.0,19438,Shannon,Hu,M,F,2026-01-05
19439.0,19439,Franklin,Xu,S,M,2026-01-05
19440.0,19440,Alicia,Sharma,M,F,2026-01-05
19441.0,19441,Dale,She,S,M,2026-01-05
19442.0,19442,Connor,Hill,S,M,2026-01-05
19443.0,19443,Dominic,Raman,M,M,2026-01-05
19444.0,19444,Kayla,Thomas,M,F,2026-01-05
19445.0,19445,Emma,Thompson,M,F,2026-01-05
19446.0,19446,Bridget,Nath,M,F,2026-01-05
19447.0,19447,Yolanda,Simpson,M,F,2026-01-05
19448.0,19448,Meagan,Fernandez,S,F,2026-01-05
19449.0,19449,Nuan,Yuan,M,M,2026-01-05
19450.0,19450,Keith,Lal,M,M,2026-01-05
19451.0,19451,Pedro,Sara,S,M,2026-01-05
19452.0,19452,Jacob,Anderson,M,M,2026-01-05
19453.0,19453,Veronica,Rana,M,F,2026-01-05
19454.0,19454,Roger,Sharma,M,M,2026-01-05
19455.0,19455,Jack,Perez,S,M,2026-01-05
19456.0,19456,Jesse,Perez,M,M,2026-01-05
19457.0,19457,Jennifer,Williams,S,F,2026-01-05
19458.0,19458,Tyrone,Blanco,M,M,2026-01-05
19459.0,19459,Katie,Yuan,M,F,2026-01-05
19460.0,19460,Arthur,Diaz,M,M,2026-01-05
19461.0,19461,Nichole,Shan,S,F,2026-01-05
19462.0,19462,Paige,Travers,S,F,2026-01-05
19463.0,19463,Cassandra,Chandra,M,F,2026-01-05
19464.0,19464,Tyrone,Alonso,M,M,2026-01-05
19465.0,19465,Sierra,Baker,S,F,2026-01-05
19466.0,19466,Morgan,Lopez,M,F,2026-01-05
19467.0,19467,Krista,Alvarez,S,F,2026-01-05
19468.0,19468,Ramon,Lin,S,M,2026-01-05
19469.0,19469,Valerie,Cai,S,F,2026-01-05
19470.0,19470,Kelli,Ye,S,F,2026-01-05
19471.0,19471,Bryant,Martinez,S,M,2026-01-05
19472.0,19472,Heidi,Sara,S,F,2026-01-05
19473.0,19473,Roger,Chande,S,M,2026-01-05
19474.0,19474,Jenny,Luo,S,F,2026-01-05
19475.0,19475,Mandy,Ye,M,F,2026-01-05
19476.0,19476,Sarah,Anderson,M,F,2026-01-05
19477.0,19477,Lance,Rubio,M,M,2026-01-05
19478.0,19478,Tasha,Goel,M,F,2026-01-05
19479.0,19479,Jessica,Gray,S,F,2026-01-05
19480.0,19480,Lisa,Zeng,M,F,2026-01-05
19481.0,19481,Darren,Suarez,M,M,2026-01-05
19482.0,19482,Andy,Ortega,M,M,2026-01-05
19483.0,19483,Michele,Serrano,M,F,2026-01-05
19484.0,19484,Willie,Liang,M,M,2026-01-05
19485.0,19485,Raul,Shan,S,M,2026-01-05
19486.0,19486,Melanie,Price,M,F,2026-01-05
19487.0,19487,Dwayne,Gutierrez,M,M,2026-01-05
19488.0,19488,Jamie,Lin,S,F,2026-01-05
19489.0,19489,Alexandra,Patterson,S,F,2026-01-05
19490.0,19490,Kristina,Smith,S,F,2026-01-05
19491.0,19491,Stanley,Prasad,S,M,2026-01-05
19492.0,19492,Andres,Andersen,S,M,2026-01-05
19493.0,19493,Karla,Shan,M,F,2026-01-05
19494.0,19494,Sergio,Martinez,S,M,2026-01-05
19495.0,19495,Francis,Gill,S,M,2026-01-05
19496.0,19496,Edgar,Subram,S,M,2026-01-05
19497.0,19497,Raul,She,S,M,2026-01-05
19498.0,19498,Christy,Wang,S,F,2026-01-05
19499.0,19499,Shawn,Black,M,M,2026-01-05
19500.0,19500,Russell,Shan,M,M,2026-01-05
19501.0,19501,Allison,Edwards,M,F,2026-01-05
19502.0,19502,Felicia,Carlson,M,F,2026-01-05
19503.0,19503,Bridget,Luo,M,F,2026-01-05
19504.0,19504,Dominic,Garcia,M,M,2026-01-05
19505.0,19505,Gilbert,She,S,M,2026-01-05
19506.0,19506,Candice,Lin,S,F,2026-01-05
19507.0,19507,Raul,Shen,S,M,2026-01-05
19508.0,19508,Troy,Rana,M,M,2026-01-05
19509.0,19509,Nancy,Suri,S,F,2026-01-05
19510.0,19510,Renee,Torres,S,F,2026-01-05
19511.0,19511,Marcus,Ward,S,M,2026-01-05
19512.0,19512,Marco,Kapoor,M,M,2026-01-05
19513.0,19513,Jessie,Liang,M,M,2026-01-05
19514.0,19514,Kari,Rodriguez,S,F,2026-01-05
19515.0,19515,Nancy,Garcia,S,F,2026-01-05
19516.0,19516,Kaitlyn,Griffin,S,F,2026-01-05
19517.0,19517,Max,Gomez,S,M,2026-01-05
19518.0,19518,Clifford,Arun,S,M,2026-01-05
19519.0,19519,Bianca,Zhu,S,F,2026-01-05
19520.0,19520,Kari,Muñoz,M,F,2026-01-05
19521.0,19521,Jaime,Dominguez,S,F,2026-01-05
19522.0,19522,Christian,Powell,M,M,2026-01-05
19523.0,19523,Brittney,Holt,S,F,2026-01-05
19524.0,19524,Denise,Malhotra,S,F,2026-01-05
19525.0,19525,Hannah,Flores,S,F,2026-01-05
19526.0,19526,Angela,Cooper,S,F,2026-01-05
19527.0,19527,Gabriel,Adams,S,M,2026-01-05
19528.0,19528,Bailey,Hall,S,F,2026-01-05
19529.0,19529,Bailey,Parker,S,F,2026-01-05
19530.0,19530,Lisa,Liang,S,F,2026-01-05
19531.0,19531,John,Robinson,S,M,2026-01-05
19532.0,19532,Victoria,Brown,S,F,2026-01-05
19533.0,19533,Vanessa,Long,S,F,2026-01-05
19534.0,19534,Adrian,Torres,S,M,2026-01-05
19535.0,19535,Alex,Mitchell,S,M,2026-01-05
19536.0,19536,Brooke,Cooper,M,F,2026-01-05
19537.0,19537,Michelle,Brooks,M,F,2026-01-05
19538.0,19538,Connor,Hall,M,M,2026-01-05
19539.0,19539,Latoya,Raji,M,F,2026-01-05
19540.0,19540,Jade,Richardson,M,F,2026-01-05
19541.0,19541,Alexandra,Cooper,M,F,2026-01-05
19542.0,19542,Robert,Allen,M,M,2026-01-05
19543.0,19543,Evan,Torres,M,M,2026-01-05
19544.0,19544,Katherine,Price,M,F,2026-01-05
19545.0,19545,Garrett,Watson,S,M,2026-01-05
19546.0,19546,Angel,Campbell,S,M,2026-01-05
19547.0,19547,Lauren,Patterson,M,F,2026-01-05
19548.0,19548,Kaitlyn,Howard,M,F,2026-01-05
19549.0,19549,Kevin,Sharma,M,M,2026-01-05
19550.0,19550,Lucas,Perez,M,M,2026-01-05
19551.0,19551,Samuel,Alexander,M,M,2026-01-05
19552.0,19552,Margaret,Zhu,M,F,2026-01-05
19553.0,19553,Karen,Wang,M,F,2026-01-05
19554.0,19554,Emmanuel,Raman,S,M,2026-01-05
19555.0,19555,Alejandro,Liu,M,M,2026-01-05
19556.0,19556,Shawna,Andersen,M,F,2026-01-05
19557.0,19557,Bridget,She,S,F,2026-01-05
19558.0,19558,Gloria,Ortega,M,F,2026-01-05
19559.0,19559,Cedric,Cai,M,M,2026-01-05
19560.0,19560,Randall,Martin,M,M,2026-01-05
19561.0,19561,Orlando,Serrano,M,M,2026-01-05
19562.0,19562,Leah,Guo,S,F,2026-01-05
19563.0,19563,Robin,Moreno,M,F,2026-01-05
19564.0,19564,Lawrence,Gutierrez,M,M,2026-01-05
19565.0,19565,Patricia,Saunders,M,F,2026-01-05
19566.0,19566,Ruben,Sara,S,M,2026-01-05
19567.0,19567,Barbara,Hu,M,F,2026-01-05
19568.0,19568,Candice,Sun,M,F,2026-01-05
19569.0,19569,Kellie,Torres,M,F,2026-01-05
19570.0,19570,Kristy,Navarro,M,F,2026-01-05
19571.0,19571,Sydney,Johnson,S,F,2026-01-05
19572.0,19572,Melissa,Bailey,M,F,2026-01-05
19573.0,19573,Deanna,Rubio,M,F,2026-01-05
19574.0,19574,Michele,Ramos,S,F,2026-01-05
19575.0,19575,Marco,Patel,S,M,2026-01-05
19576.0,19576,Mackenzie,Hill,S,F,2026-01-05
19577.0,19577,Martin,Perez,M,M,2026-01-05
19578.0,19578,Max,Rubio,M,M,2026-01-05
19579.0,19579,Dawn,Zheng,M,F,2026-01-05
19580.0,19580,Eddie,Sanz,M,M,2026-01-05
19581.0,19581,Todd,Ma,M,M,2026-01-05
19582.0,19582,Bethany,Luo,S,F,2026-01-05
19583.0,19583,Jake,Li,M,M,2026-01-05
19584.0,19584,Terrance,Sanchez,S,M,2026-01-05
19585.0,19585,Kristi,Fernandez,S,F,2026-01-05
19586.0,19586,Alvin,Sharma,S,M,2026-01-05
19587.0,19587,Alyssa,Martin,M,F,2026-01-05
19588.0,19588,Raymond,Raman,M,M,2026-01-05
19589.0,19589,Jake,Huang,M,M,2026-01-05
19590.0,19590,Martin,Subram,M,M,2026-01-05
19591.0,19591,Derek,Raji,S,M,2026-01-05
19592.0,19592,Tara,Xu,S,F,2026-01-05
19593.0,19593,Carla,Rana,S,F,2026-01-05
19594.0,19594,Suzanne,Liu,S,F,2026-01-05
19595.0,19595,Carl,Raji,S,M,2026-01-05
19596.0,19596,Allen,Fernandez,S,M,2026-01-05
19597.0,19597,Jay,Martin,M,M,2026-01-05
19598.0,19598,Kaitlyn,Powell,M,F,2026-01-05
19599.0,19599,Alvin,Jai,M,M,2026-01-05
19600.0,19600,Lacey,Andersen,M,F,2026-01-05
19601.0,19601,Alfredo,Suarez,M,M,2026-01-05
19602.0,19602,Stanley,Madan,S,M,2026-01-05
19603.0,19603,Tabitha,Hernandez,S,F,2026-01-05
19604.0,19604,Wendy,Blanco,S,F,2026-01-05
19605.0,19605,Brad,Shan,M,M,2026-01-05
19606.0,19606,Gabriel,Parker,S,M,2026-01-05
19607.0,19607,Troy,Subram,S,M,2026-01-05
19608.0,19608,Harold,Prasad,M,M,2026-01-05
19609.0,19609,Kari,Martinez,S,F,2026-01-05
19610.0,19610,Deborah,Andersen,M,F,2026-01-05
19611.0,19611,Meagan,Prasad,S,F,2026-01-05
19612.0,19612,Marvin,Sanz,S,M,2026-01-05
19613.0,19613,Ruben,Garcia,S,M,2026-01-05
19614.0,19614,Wyatt,Williams,S,M,2026-01-05
19615.0,19615,Franklin,Sun,S,M,2026-01-05
19616.0,19616,Stefanie,Rana,M,F,2026-01-05
19617.0,19617,Keith,Nath,M,M,2026-01-05
19618.0,19618,Ross,Johnsen,M,M,2026-01-05
19619.0,19619,Eduardo,Morris,M,M,2026-01-05
19620.0,19620,Andy,Vazquez,S,M,2026-01-05
19621.0,19621,Mariah,Barnes,M,F,2026-01-05
19622.0,19622,Roger,Yuan,M,M,2026-01-05
19623.0,19623,Cristina,Tang,M,F,2026-01-05
19624.0,19624,Wesley,Zhu,M,M,2026-01-05
19625.0,19625,Ivan,Gonzalez,S,M,2026-01-05
19626.0,19626,Bradley,Anand,M,M,2026-01-05
19627.0,19627,Kari,Blanco,M,F,2026-01-05
19628.0,19628,Holly,Martinez,S,F,2026-01-05
19629.0,19629,Theresa,Carlson,M,F,2026-01-05
19630.0,19630,Jodi,Raje,M,F,2026-01-05
19631.0,19631,Timothy,Scott,M,M,2026-01-05
19632.0,19632,Lawrence,Vazquez,S,M,2026-01-05
19633.0,19633,Destiny,Gray,S,F,2026-01-05
19634.0,19634,Gregory,Nath,M,M,2026-01-05
19635.0,19635,Dawn,Shan,S,F,2026-01-05
19636.0,19636,Jessica,Lee,M,F,2026-01-05
19637.0,19637,Eduardo,Long,S,M,2026-01-05
19638.0,19638,Kimberly,Peterson,M,F,2026-01-05
19639.0,19639,Victor,Gill,S,M,2026-01-05
19640.0,19640,Richard,Walker,M,M,2026-01-05
19641.0,19641,Richard,Evans,S,M,2026-01-05
19642.0,19642,Kaylee,Evans,S,F,2026-01-05
19643.0,19643,Jacqueline,Watson,M,F,2026-01-05
19644.0,19644,Gloria,Gill,S,F,2026-01-05
19645.0,19645,Carlos,Rogers,M,M,2026-01-05
19646.0,19646,Ian,Lee,S,M,2026-01-05
19647.0,19647,Hailey,Sanders,S,F,2026-01-05
19648.0,19648,Lauren,Hall,S,F,2026-01-05
19649.0,19649,Elizabeth,Martin,S,F,2026-01-05
19650.0,19650,Sabrina,Sanz,M,F,2026-01-05
19651.0,19651,Jarrod,Perez,M,M,2026-01-05
19652.0,19652,Douglas,Rodriguez,S,M,2026-01-05
19653.0,19653,Tina,Gonzalez,M,F,2026-01-05
19654.0,19654,Richard,Alexander,M,M,2026-01-05
19655.0,19655,Cindy,Murphy,S,F,2026-01-05
19656.0,19656,Sydney,Travers,M,F,2026-01-05
19657.0,19657,Emily,Griffin,S,F,2026-01-05
19658.0,19658,Dylan,Russell,S,M,2026-01-05
19659.0,19659,Wyatt,Robinson,S,M,2026-01-05
19660.0,19660,Devin,Hill,M,M,2026-01-05
19661.0,19661,Nathaniel,Cox,S,M,2026-01-05
19662.0,19662,Lauren,Powell,M,F,2026-01-05
19663.0,19663,Alex,Allen,M,M,2026-01-05
19664.0,19664,Ethan,Alexander,S,M,2026-01-05
19665.0,19665,Eduardo,Gonzales,M,M,2026-01-05
19666.0,19666,Hailey,Alexander,M,F,2026-01-05
19667.0,19667,Billy,Carlson,M,M,2026-01-05
19668.0,19668,Erick,Patel,M,M,2026-01-05
19669.0,19669,Hailey,Hill,S,F,2026-01-05
19670.0,19670,Erik,Gutierrez,S,M,2026-01-05
19671.0,19671,Michael,Davis,M,M,2026-01-05
19672.0,19672,Rosa,Zhao,M,F,2026-01-05
19673.0,19673,Mathew,Navarro,M,M,2026-01-05
19674.0,19674,Casey,Deng,S,F,2026-01-05
19675.0,19675,Dwayne,Gill,M,M,2026-01-05
19676.0,19676,Diana,Gutierrez,M,F,2026-01-05
19677.0,19677,Dylan,Shan,M,M,2026-01-05
19678.0,19678,Martin,Rodriguez,M,M,2026-01-05
19679.0,19679,Erick,Rana,M,M,2026-01-05
19680.0,19680,Jan,King,M,F,2026-01-05
19681.0,19681,Morgan,King,M,F,2026-01-05
19682.0,19682,Eric,Kumar,M,M,2026-01-05
19683.0,19683,Marcus,Parker,M,M,2026-01-05
19684.0,19684,Alexandra,Lee,S,F,2026-01-05
19685.0,19685,Brandy,Perez,M,F,2026-01-05
19686.0,19686,Charles,Hernandez,M,M,2026-01-05
19687.0,19687,Connor,Coleman,M,M,2026-01-05
19688.0,19688,Timothy,Baker,M,M,2026-01-05
19689.0,19689,Elizabeth,Gonzales,S,F,2026-01-05
19690.0,19690,Robert,White,S,M,2026-01-05
19691.0,19691,Gabriella,Cox,S,F,2026-01-05
19692.0,19692,Aaron,Edwards,M,M,2026-01-05
19693.0,19693,Kayla,Foster,M,F,2026-01-05
19694.0,19694,Stephanie,Perez,M,F,2026-01-05
19695.0,19695,Angel,Gonzalez,M,M,2026-01-05
19696.0,19696,Adam,Patterson,M,M,2026-01-05
19697.0,19697,Isabella,Wood,S,F,2026-01-05
19698.0,19698,Stephanie,Barnes,M,F,2026-01-05
19699.0,19699,Stephanie,James,M,F,2026-01-05
19700.0,19700,Gabriel,Hall,M,M,2026-01-05
19701.0,19701,Arianna,Wood,M,F,2026-01-05
19702.0,19702,Edward,Diaz,M,M,2026-01-05
19703.0,19703,Katelyn,Baker,M,F,2026-01-05
19704.0,19704,Nathan,Collins,M,M,2026-01-05
19705.0,19705,Anna,Hughes,S,F,2026-01-05
19706.0,19706,Benjamin,Diaz,S,M,2026-01-05
19707.0,19707,Cole,Cooper,M,M,2026-01-05
19708.0,19708,April,Luo,M,F,2026-01-05
19709.0,19709,Christian,Martin,M,M,2026-01-05
19710.0,19710,Arianna,Gonzales,S,F,2026-01-05
19711.0,19711,Devin,Cooper,S,M,2026-01-05
19712.0,19712,Eric,Phillips,M,M,2026-01-05
19713.0,19713,Morgan,Stewart,M,F,2026-01-05
19714.0,19714,Angela,Price,S,F,2026-01-05
19715.0,19715,Elijah,Parker,M,M,2026-01-05
19716.0,19716,Logan,Martin,S,M,2026-01-05
19717.0,19717,Edward,Hill,S,M,2026-01-05
19718.0,19718,Taylor,Butler,M,F,2026-01-05
19719.0,19719,Hunter,Baker,S,M,2026-01-05
19720.0,19720,Kaitlyn,Phillips,M,F,2026-01-05
19721.0,19721,Noah,Allen,S,M,2026-01-05
19722.0,19722,Dalton,Bailey,M,M,2026-01-05
19723.0,19723,Olivia,Russell,M,F,2026-01-05
19724.0,19724,Bryce,Morris,S,M,2026-01-05
19725.0,19725,Alexandria,Ramirez,M,F,2026-01-05
19726.0,19726,Javier,Rubio,M,M,2026-01-05
19727.0,19727,Natasha,Vazquez,M,F,2026-01-05
19728.0,19728,Wyatt,Edwards,M,M,2026-01-05
19729.0,19729,Nicole,Patterson,M,F,2026-01-05
19730.0,19730,Ricardo,Black,M,M,2026-01-05
19731.0,19731,Jonathan,Allen,M,M,2026-01-05
19732.0,19732,Kyle,Hill,S,M,2026-01-05
19733.0,19733,Caitlin,Watson,M,F,2026-01-05
19734.0,19734,Natalie,Weisman,M,F,2026-01-05
19735.0,19735,Mackenzie,Reed,M,F,2026-01-05
19736.0,19736,Rachel,Kelly,M,F,2026-01-05
19737.0,19737,Erin,Ramirez,S,F,2026-01-05
19738.0,19738,Henry,Martinez,M,M,2026-01-05
19739.0,19739,Lucas,Perry,M,M,2026-01-05
19740.0,19740,Connie,Liang,S,F,2026-01-05
19741.0,19741,María,Rivera,S,F,2026-01-05
19742.0,19742,Alexia,Russell,M,F,2026-01-05
19743.0,19743,Holly,Rana,S,F,2026-01-05
19744.0,19744,Tamara,Cai,M,F,2026-01-05
19745.0,19745,Kayla,Simmons,M,F,2026-01-05
19746.0,19746,Stephanie,Sanders,M,F,2026-01-05
19747.0,19747,Louis,Rai,M,M,2026-01-05
19748.0,19748,Cory,Prasad,M,M,2026-01-05
19749.0,19749,Natalie,Jackson,S,F,2026-01-05
19750.0,19750,Miguel,Flores,S,M,2026-01-05
19751.0,19751,Kaylee,Hall,S,F,2026-01-05
19752.0,19752,Ebony,Madan,M,F,2026-01-05
19753.0,19753,Lisa,Gao,M,F,2026-01-05
19754.0,19754,Francisco,Rana,S,M,2026-01-05
19755.0,19755,Lauren,Foster,M,F,2026-01-05
19756.0,19756,Nicolas,Yuan,S,M,2026-01-05
19757.0,19757,Allison,Allen,M,F,2026-01-05
19758.0,19758,Alex,Wright,S,M,2026-01-05
19759.0,19759,Sydney,Barnes,M,F,2026-01-05
19760.0,19760,Sydney,Russell,S,F,2026-01-05
19761.0,19761,Alan,Lu,M,M,2026-01-05
19762.0,19762,Warren,Ma,S,M,2026-01-05
19763.0,19763,Roger,Lu,M,M,2026-01-05
19764.0,19764,Wayne,Pal,M,M,2026-01-05
19765.0,19765,Ruben,Patel,M,M,2026-01-05
19766.0,19766,Edwin,Lin,M,M,2026-01-05
19767.0,19767,Ross,Serrano,S,M,2026-01-05
19768.0,19768,Christopher,Jackson,S,M,2026-01-05
19769.0,19769,Andrea,Peterson,M,F,2026-01-05
19770.0,19770,Rosa,Liang,M,F,2026-01-05
19771.0,19771,Tasha,Jai,M,F,2026-01-05
19772.0,19772,Hector,Vazquez,S,M,2026-01-05
19773.0,19773,Ricky,Gutierrez,M,M,2026-01-05
19774.0,19774,Brianna,Davis,M,F,2026-01-05
19775.0,19775,Alisha,Cai,S,F,2026-01-05
19776.0,19776,Judith,Murphy,M,F,2026-01-05
19777.0,19777,Jonathan,Thomas,M,M,2026-01-05
19778.0,19778,Isabella,Jones,M,F,2026-01-05
19779.0,19779,Emily,Foster,S,F,2026-01-05
19780.0,19780,Brianna,White,S,F,2026-01-05
19781.0,19781,Alexis,Washington,M,F,2026-01-05
19782.0,19782,Derek,Shan,S,M,2026-01-05
19783.0,19783,Tony,Kumar,S,M,2026-01-05
19784.0,19784,Christy,Liu,M,F,2026-01-05
19785.0,19785,Olivia,Ramirez,M,F,2026-01-05
19786.0,19786,Robin,Carlson,M,F,2026-01-05
19787.0,19787,Alex,Hill,S,M,2026-01-05
19788.0,19788,Kristen,Hu,S,F,2026-01-05
19789.0,19789,Gloria,Munoz,M,F,2026-01-05
19790.0,19790,Amy,Wu,S,F,2026-01-05
19791.0,19791,Warren,Zhou,S,M,2026-01-05
19792.0,19792,Cristina,Nara,S,F,2026-01-05
19793.0,19793,Tina,Smith,S,F,2026-01-05
19794.0,19794,Danny,Ortega,S,M,2026-01-05
19795.0,19795,Casey,Navarro,M,M,2026-01-05
19796.0,19796,Marshall,Xie,S,M,2026-01-05
19797.0,19797,Clarence,Liu,S,M,2026-01-05
19798.0,19798,Bianca,Ma,M,F,2026-01-05
19799.0,19799,Austin,Taylor,S,M,2026-01-05
19800.0,19800,Lauren,White,S,F,2026-01-05
19801.0,19801,John,Lee,S,M,2026-01-05
19802.0,19802,Sara,James,S,F,2026-01-05
19803.0,19803,Jermaine,Mehta,S,M,2026-01-05
19804.0,19804,Cameron,Foster,S,M,2026-01-05
19805.0,19805,Mariah,Butler,S,F,2026-01-05
19806.0,19806,Nancy,Perez,S,F,2026-01-05
19807.0,19807,Shannon,Zhao,M,F,2026-01-05
19808.0,19808,Brooke,Kelly,M,F,2026-01-05
19809.0,19809,Eric,Sharma,M,M,2026-01-05
19810.0,19810,Oscar,Long,S,M,2026-01-05
19811.0,19811,Evan,Allen,M,M,2026-01-05
19812.0,19812,Sydney,Morgan,S,F,2026-01-05
19813.0,19813,Rebecca,Perez,M,F,2026-01-05
19814.0,19814,Blake,Washington,M,M,2026-01-05
19815.0,19815,Christian,Thompson,M,M,2026-01-05
19816.0,19816,Lucas,Brown,M,M,2026-01-05
19817.0,19817,Morgan,Flores,S,F,2026-01-05
19818.0,19818,Brianna,Anderson,M,F,2026-01-05
19819.0,19819,Andrew,Brown,M,M,2026-01-05
19820.0,19820,Alexandra,Coleman,M,F,2026-01-05
19821.0,19821,Tabitha,Vazquez,M,F,2026-01-05
19822.0,19822,Carlos,Adams,M,M,2026-01-05
19823.0,19823,Abigail,Foster,M,F,2026-01-05
19824.0,19824,Jordan,Perry,S,M,2026-01-05
19825.0,19825,Gilbert,Ferrier,M,M,2026-01-05
19826.0,19826,Clarence,Zhao,S,M,2026-01-05
19827.0,19827,Justin,Smith,M,M,2026-01-05
19828.0,19828,Madison,Wilson,M,F,2026-01-05
19829.0,19829,Lucas,Mitchell,S,M,2026-01-05
19830.0,19830,Gabrielle,Long,S,F,2026-01-05
19831.0,19831,Charles,Green,M,M,2026-01-05
19832.0,19832,Sheila,Hernandez,M,F,2026-01-05
19833.0,19833,Michelle,Kelly,M,F,2026-01-05
19834.0,19834,Johnny,Sharma,M,M,2026-01-05
19835.0,19835,Jordan,Allen,M,F,2026-01-05
19836.0,19836,Kevin,Jai,M,M,2026-01-05
19837.0,19837,Philip,Jimenez,M,M,2026-01-05
19838.0,19838,Jared,Ramirez,M,M,2026-01-05
19839.0,19839,Carly,Yuan,M,F,2026-01-05
19840.0,19840,Jessica,James,M,F,2026-01-05
19841.0,19841,Alexandria,Jenkins,M,F,2026-01-05
19842.0,19842,Katherine,Phillips,M,F,2026-01-05
19843.0,19843,Connor,Kumar,S,M,2026-01-05
19844.0,19844,Emma,Murphy,M,F,2026-01-05
19845.0,19845,Fernando,Hernandez,M,M,2026-01-05
19846.0,19846,Seth,Patterson,M,M,2026-01-05
19847.0,19847,Brendan,Anand,S,M,2026-01-05
19848.0,19848,Bryant,Malhotra,M,M,2026-01-05
19849.0,19849,Jorge,Wu,M,M,2026-01-05
19850.0,19850,Jeremiah,Hill,M,M,2026-01-05
19851.0,19851,Louis,Pal,S,M,2026-01-05
19852.0,19852,Eric,Carter,S,M,2026-01-05
19853.0,19853,Ricky,Ramos,M,M,2026-01-05
19854.0,19854,Katherine,Hall,S,F,2026-01-05
19855.0,19855,John,Smith,M,M,2026-01-05
19856.0,19856,Tammy,Madan,M,F,2026-01-05
19857.0,19857,Megan,Rogers,S,F,2026-01-05
19858.0,19858,Jenna,Collins,M,F,2026-01-05
19859.0,19859,Lisa,Zhao,M,F,2026-01-05
19860.0,19860,Sara,Young,S,F,2026-01-05
19861.0,19861,Caroline,Perry,M,F,2026-01-05
19862.0,19862,Emily,Harris,M,F,2026-01-05
19863.0,19863,Paige,Powell,M,F,2026-01-05
19864.0,19864,Isaiah,Brooks,M,M,2026-01-05
19865.0,19865,Hailey,Butler,M,F,2026-01-05
19866.0,19866,Martin,Patel,M,M,2026-01-05
19867.0,19867,Juan,Sanchez,M,M,2026-01-05
19868.0,19868,Kyle,Jenkins,S,M,2026-01-05
19869.0,19869,Carol,Brooks,M,F,2026-01-05
19870.0,19870,James,Martin,M,M,2026-01-05
19871.0,19871,Bryce,Rivera,S,M,2026-01-05
19872.0,19872,Faith,Foster,M,F,2026-01-05
19873.0,19873,Dylan,Thomas,S,M,2026-01-05
19874.0,19874,Sara,Rogers,M,F,2026-01-05
19875.0,19875,Patrick,James,M,M,2026-01-05
19876.0,19876,Nathan,Edwards,M,M,2026-01-05
19877.0,19877,Steve,Zheng,M,M,2026-01-05
19878.0,19878,Morgan,Jackson,M,F,2026-01-05
19879.0,19879,Ian,Green,M,M,2026-01-05
19880.0,19880,Emma,Bennett,M,F,2026-01-05
19881.0,19881,Aidan,Long,M,M,2026-01-05
19882.0,19882,Richard,Phillips,S,M,2026-01-05
19883.0,19883,Kevin,Young,M,M,2026-01-05
19884.0,19884,James,Simmons,M,M,2026-01-05
19885.0,19885,Isaac,Turner,S,M,2026-01-05
19886.0,19886,Marcus,Butler,M,M,2026-01-05
19887.0,19887,Olivia,Walker,M,F,2026-01-05
19888.0,19888,Carson,Washington,S,M,2026-01-05
19889.0,19889,Catherine,Sanders,S,F,2026-01-05
19890.0,19890,Lee,Alvarez,S,M,2026-01-05
19891.0,19891,Jennifer,Morgan,M,F,2026-01-05
19892.0,19892,Richard,Campbell,M,M,2026-01-05
19893.0,19893,Evan,Baker,S,M,2026-01-05
19894.0,19894,Elijah,Sharma,S,M,2026-01-05
19895.0,19895,Ricky,Jimenez,M,M,2026-01-05
19896.0,19896,Kaitlyn,Thomas,M,F,2026-01-05
19897.0,19897,Gabriella,Nelson,S,F,2026-01-05
19898.0,19898,Desiree,Serrano,S,F,2026-01-05
19899.0,19899,Marcus,Richardson,M,M,2026-01-05
19900.0,19900,Zoe,Richardson,M,F,2026-01-05
19901.0,19901,Ronald,Sara,M,M,2026-01-05
19902.0,19902,Johnny,Pal,M,M,2026-01-05
19903.0,19903,Marcus,Nelson,S,M,2026-01-05
19904.0,19904,Jasmine,Gray,M,F,2026-01-05
19905.0,19905,Chelsea,Fernandez,S,F,2026-01-05
19906.0,19906,Armando,Muñoz,M,M,2026-01-05
19907.0,19907,Bruce,Diaz,M,M,2026-01-05
19908.0,19908,Pamela,Prasad,S,F,2026-01-05
19909.0,19909,Geoffrey,Chandra,M,M,2026-01-05
19910.0,19910,Orlando,Rubio,M,M,2026-01-05
19911.0,19911,Valerie,Chen,S,F,2026-01-05
19912.0,19912,Tara,Xie,M,F,2026-01-05
19913.0,19913,Jennifer,Perez,M,F,2026-01-05
19914.0,19914,Willie,Ma,M,M,2026-01-05
19915.0,19915,Claudia,McDonald,M,F,2026-01-05
19916.0,19916,Katie,Xie,M,F,2026-01-05
19917.0,19917,Jenny,Chander,M,F,2026-01-05
19918.0,19918,Joy,Alonso,M,F,2026-01-05
19919.0,19919,Rebekah,Johnsen,M,F,2026-01-05
19920.0,19920,Meredith,Sanchez,S,F,2026-01-05
19921.0,19921,Cara,Cai,S,F,2026-01-05
19922.0,19922,Nancy,Gonzalez,S,F,2026-01-05
19923.0,19923,Joe,Prasad,M,M,2026-01-05
19924.0,19924,Douglas,Perez,M,M,2026-01-05
19925.0,19925,Madison,Jenkins,M,F,2026-01-05
19926.0,19926,Alexandria,Diaz,M,F,2026-01-05
19927.0,19927,Ruben,Fernandez,M,M,2026-01-05
19928.0,19928,Jaime,Sanz,M,F,2026-01-05
19929.0,19929,Dale,Chander,M,M,2026-01-05
19930.0,19930,Tony,Tang,M,M,2026-01-05
19931.0,19931,Darryl,Xu,M,M,2026-01-05
19932.0,19932,Javier,Sanz,S,M,2026-01-05
19933.0,19933,Nichole,Deng,M,F,2026-01-05
19934.0,19934,Neil,Blanco,M,M,2026-01-05
19935.0,19935,Clinton,Navarro,M,M,2026-01-05
19936.0,19936,Corey,Luo,M,M,2026-01-05
19937.0,19937,Jimmy,Gomez,S,M,2026-01-05
19938.0,19938,Chelsea,Patel,M,F,2026-01-05
19939.0,19939,Alvin,Wang,M,M,2026-01-05
19940.0,19940,Rosa,Ye,M,F,2026-01-05
19941.0,19941,Cedric,Liang,S,M,2026-01-05
19942.0,19942,Armando,Navarro,S,M,2026-01-05
19943.0,19943,Walter,Carlson,M,M,2026-01-05
19944.0,19944,Jonathon,Suarez,M,M,2026-01-05
19945.0,19945,Phillip,Garcia,M,M,2026-01-05
19946.0,19946,Tamara,Raje,S,F,2026-01-05
19947.0,19947,Darryl,Liu,S,M,2026-01-05
19948.0,19948,Lacey,Hu,S,F,2026-01-05
19949.0,19949,Niñia,Anand,M,F,2026-01-05
19950.0,19950,Ronnie,Lu,M,M,2026-01-05
19951.0,19951,Roy,Moreno,S,M,2026-01-05
19952.0,19952,Adrienne,Martin,S,F,2026-01-05
19953.0,19953,Darrell,Lal,S,M,2026-01-05
19954.0,19954,Jose,Carlson,M,M,2026-01-05
19955.0,19955,Jake,Gao,S,M,2026-01-05
19956.0,19956,Susan,She,M,F,2026-01-05
19957.0,19957,Arthur,Mehta,S,M,2026-01-05
19958.0,19958,Erika,Romero,M,F,2026-01-05
19959.0,19959,Tabitha,Moreno,S,F,2026-01-05
19960.0,19960,Phil,Spencer,M,M,2026-01-05
19961.0,19961,Kristin,She,M,F,2026-01-05
19962.0,19962,Dominic,Prasad,M,M,2026-01-05
19963.0,19963,Geoffrey,Fernandez,M,M,2026-01-05
19964.0,19964,Gloria,Alonso,S,F,2026-01-05
19965.0,19965,Jay,Lopez,M,M,2026-01-05
19966.0,19966,Abby,Sanchez,M,F,2026-01-05
19967.0,19967,Devon,Deng,S,M,2026-01-05
19968.0,19968,Katrina,Chande,M,F,2026-01-05
19969.0,19969,Jake,Guo,S,M,2026-01-05
19970.0,19970,Tanya,Jimenez,S,F,2026-01-05
19971.0,19971,Jeffery,Lu,S,M,2026-01-05
19972.0,19972,Lindsay,Chander,M,F,2026-01-05
19973.0,19973,Colin,Zhu,M,M,2026-01-05
19974.0,19974,George,Fernandez,M,M,2026-01-05
19975.0,19975,Brittney,Zhang,S,F,2026-01-05
19976.0,19976,Tamara,Sun,M,F,2026-01-05
19977.0,19977,Kristine,Gill,S,F,2026-01-05
19978.0,19978,Marshall,Yuan,M,M,2026-01-05
19979.0,19979,Janet,Browning,M,F,2026-01-05
19980.0,19980,Alexandra,Carter,M,F,2026-01-05
19981.0,19981,Kelly,Russell,M,F,2026-01-05
19982.0,19982,Charles,Cox,S,M,2026-01-05
19983.0,19983,Michael,Martinez,M,M,2026-01-05
19984.0,19984,Sara,Morris,M,F,2026-01-05
19985.0,19985,Tamara,Ma,S,F,2026-01-05
19986.0,19986,Jamie,Huang,S,F,2026-01-05
19987.0,19987,Taylor,Moore,S,F,2026-01-05
19988.0,19988,Jordan,Long,M,M,2026-01-05
19989.0,19989,Ethan,Thompson,M,M,2026-01-05
19990.0,19990,Peter,Rai,M,M,2026-01-05
19991.0,19991,Jacob,Thomas,M,M,2026-01-05
19992.0,19992,Stephanie,Hill,M,F,2026-01-05
19993.0,19993,Nathan,Russell,M,M,2026-01-05
19994.0,19994,Madeline,King,S,F,2026-01-05
19995.0,19995,Jordyn,Gonzales,M,F,2026-01-05
19996.0,19996,Grant,She,S,M,2026-01-05
19997.0,19997,Beth,Gill,M,F,2026-01-05
19998.0,19998,Laura,Liu,S,F,2026-01-05
19999.0,19999,Danielle,Brooks,S,F,2026-01-05
20000.0,20000,Elijah,Diaz,M,M,2026-01-05
20001.0,20001,Jordan,Hill,S,F,2026-01-05
20002.0,20002,Elizabeth,White,M,F,2026-01-05
20003.0,20003,Dalton,Gonzalez,S,M,2026-01-05
20004.0,20004,Kaitlin,Perez,M,F,2026-01-05
20005.0,20005,Kevin,Zhang,S,M,2026-01-05
20006.0,20006,Grace,Morris,S,F,2026-01-05
20007.0,20007,Ashley,Alexander,S,F,2026-01-05
20008.0,20008,Jack,Foster,M,M,2026-01-05
20009.0,20009,Noah,Walker,S,M,2026-01-05
20010.0,20010,Jackson,Carter,M,M,2026-01-05
20011.0,20011,Eduardo,Sanders,M,M,2026-01-05
20012.0,20012,Jessica,Robinson,M,F,2026-01-05
20013.0,20013,Jocelyn,Hughes,S,F,2026-01-05
20014.0,20014,Anne,Blanco,M,F,2026-01-05
20015.0,20015,Jenna,King,M,F,2026-01-05
20016.0,20016,Katherine,Kelly,S,F,2026-01-05
20017.0,20017,Anna,Sanders,S,F,2026-01-05
20018.0,20018,Lauren,Gray,M,F,2026-01-05
20019.0,20019,Brittany,Diaz,M,F,2026-01-05
20020.0,20020,Jacqueline,Foster,S,F,2026-01-05
20021.0,20021,Alexander,Jones,M,M,2026-01-05
20022.0,20022,Arthur,Perry,M,F,2026-01-05
20023.0,20023,Edward,Hughes,S,M,2026-01-05
20024.0,20024,Fernando,Miller,S,M,2026-01-05
20025.0,20025,Bryce,Bell,S,M,2026-01-05
20026.0,20026,Jasmine,Richardson,S,F,2026-01-05
20027.0,20027,Danielle,Murphy,M,F,2026-01-05
20028.0,20028,Angela,Flores,S,F,2026-01-05
20029.0,20029,Jan,Evans,M,F,2026-01-05
20030.0,20030,Alexander,Harris,M,M,2026-01-05
20031.0,20031,Devin,James,S,M,2026-01-05
20032.0,20032,Marcus,Walker,S,M,2026-01-05
20033.0,20033,Carlos,Turner,M,M,2026-01-05
20034.0,20034,Wyatt,Turner,S,M,2026-01-05
20035.0,20035,Cesar,Fernandez,M,M,2026-01-05
20036.0,20036,Kate,Tang,M,F,2026-01-05
20037.0,20037,Alyssa,Sanchez,S,F,2026-01-05
20038.0,20038,Taylor,Price,S,F,2026-01-05
20039.0,20039,Stephanie,Evans,S,F,2026-01-05
20040.0,20040,Victoria,Rivera,S,F,2026-01-05
20041.0,20041,Joe,Alvarez,S,M,2026-01-05
20042.0,20042,Brad,Deng,M,M,2026-01-05
20043.0,20043,Brent,Zheng,S,M,2026-01-05
20044.0,20044,Jillian,Rana,S,F,2026-01-05
20045.0,20045,Andres,Shen,M,M,2026-01-05
20046.0,20046,Peter,She,M,M,2026-01-05
20047.0,20047,Ronnie,Huang,M,M,2026-01-05
20048.0,20048,Virginia,Srini,S,F,2026-01-05
20049.0,20049,Colleen,Chavez,S,F,2026-01-05
20050.0,20050,Adriana,Prasad,S,F,2026-01-05
20051.0,20051,Linda,Dominguez,S,F,2026-01-05
20052.0,20052,Theodore,Ruiz,S,M,2026-01-05
20053.0,20053,Jessie,Yang,S,M,2026-01-05
20054.0,20054,Clarence,Nara,S,M,2026-01-05
20055.0,20055,Ruben,Ruiz,S,M,2026-01-05
20056.0,20056,Johnny,She,S,M,2026-01-05
20057.0,20057,Ramon,Zhou,S,M,2026-01-05
20058.0,20058,Roger,Liu,S,M,2026-01-05
20059.0,20059,Madison,Washington,M,F,2026-01-05
20060.0,20060,Kayla,Jackson,S,F,2026-01-05
20061.0,20061,Sharon,Nath,S,F,2026-01-05
20062.0,20062,Russell,Carson,S,M,2026-01-05
20063.0,20063,Kristy,Ortega,S,F,2026-01-05
20064.0,20064,Whitney,Prasad,S,F,2026-01-05
20065.0,20065,Grant,Lal,M,M,2026-01-05
20066.0,20066,Marcus,White,S,M,2026-01-05
20067.0,20067,Destiny,Thompson,S,F,2026-01-05
20068.0,20068,Alexandria,Peterson,S,F,2026-01-05
20069.0,20069,Jessica,Smith,S,F,2026-01-05
20070.0,20070,Richard,Morris,M,M,2026-01-05
20071.0,20071,Sean,Campbell,M,M,2026-01-05
20072.0,20072,Kaitlyn,Martinez,M,F,2026-01-05
20073.0,20073,Melissa,Cooper,M,F,2026-01-05
20074.0,20074,Preston,Madan,S,M,2026-01-05
20075.0,20075,Aaron,Allen,S,M,2026-01-05
20076.0,20076,Beth,Vazquez,S,F,2026-01-05
20077.0,20077,Aidan,Coleman,M,M,2026-01-05
20078.0,20078,Jose,Lee,M,M,2026-01-05
20079.0,20079,Alexandra,Taylor,M,F,2026-01-05
20080.0,20080,Maria,Stewart,M,F,2026-01-05
20081.0,20081,Jerry,Xie,M,M,2026-01-05
20082.0,20082,Caroline,Henderson,S,F,2026-01-05
20083.0,20083,Terry,Kumar,M,M,2026-01-05
20084.0,20084,Alex,Stewart,M,M,2026-01-05
20085.0,20085,Jessica,Moore,M,F,2026-01-05
20086.0,20086,Jeremiah,Hayes,M,M,2026-01-05
20087.0,20087,Seth,Gray,M,M,2026-01-05
20088.0,20088,Jose,Lewis,M,M,2026-01-05
20089.0,20089,Luis,Powell,M,M,2026-01-05
20090.0,20090,Blake,Edwards,M,M,2026-01-05
20091.0,20091,Andrea,Parker,M,F,2026-01-05
20092.0,20092,Ethan,Sharma,M,M,2026-01-05
20093.0,20093,Megan,Clark,M,F,2026-01-05
20094.0,20094,Lindsey,Chande,M,F,2026-01-05
20095.0,20095,Ana,Flores,M,F,2026-01-05
20096.0,20096,Jonathan,Lal,M,M,2026-01-05
20097.0,20097,Brittany,Griffin,M,F,2026-01-05
20098.0,20098,Alexis,Lewis,M,F,2026-01-05
20099.0,20099,Devon,Xie,M,M,2026-01-05
20100.0,20100,Jesse,Watson,S,M,2026-01-05
20101.0,20101,Devin,Hayes,M,M,2026-01-05
20102.0,20102,Arianna,Jenkins,M,F,2026-01-05
20103.0,20103,William,Robinson,M,M,2026-01-05
20104.0,20104,Louis,Xu,M,M,2026-01-05
20105.0,20105,Alexis,Taylor,M,F,2026-01-05
20106.0,20106,Amber,Hall,M,F,2026-01-05
20107.0,20107,Danielle,Morris,M,F,2026-01-05
20108.0,20108,Glenn,Gao,M,M,2026-01-05
20109.0,20109,Katelyn,Stewart,S,F,2026-01-05
20110.0,20110,Austin,Perry,M,M,2026-01-05
20111.0,20111,Brittney,Zhu,M,F,2026-01-05
20112.0,20112,Shelby,James,S,F,2026-01-05
20113.0,20113,Christina,Murphy,M,F,2026-01-05
20114.0,20114,Joseph,Thompson,M,M,2026-01-05
20115.0,20115,Megan,Jones,M,F,2026-01-05
20116.0,20116,Hannah,Bryant,M,F,2026-01-05
20117.0,20117,Brandon,Jenkins,M,M,2026-01-05
20118.0,20118,Jacqueline,Henderson,M,F,2026-01-05
20119.0,20119,Carlos,Hernandez,M,M,2026-01-05
20120.0,20120,Fernando,Hughes,S,M,2026-01-05
20121.0,20121,Dylan,Butler,M,M,2026-01-05
20122.0,20122,Jeremy,Bailey,M,M,2026-01-05
20123.0,20123,Aaron,Gonzalez,M,M,2026-01-05
20124.0,20124,Natalie,Coleman,M,F,2026-01-05
20125.0,20125,Natalie,Clark,M,F,2026-01-05
20126.0,20126,Seth,Carter,M,M,2026-01-05
20127.0,20127,Carlos,Sanders,M,M,2026-01-05
20128.0,20128,Ian,Miller,M,M,2026-01-05
20129.0,20129,Nicole,Stewart,S,F,2026-01-05
20130.0,20130,Jordan,Nelson,M,M,2026-01-05
20131.0,20131,Carolyn,Gutierrez,M,F,2026-01-05
20132.0,20132,Jenny,Shen,M,F,2026-01-05
20133.0,20133,Jorge,Li,M,M,2026-01-05
20134.0,20134,Franklin,Zhao,M,M,2026-01-05
20135.0,20135,Grace,Price,M,F,2026-01-05
20136.0,20136,Bonnie,Kennedy,M,F,2026-01-05
20137.0,20137,Jarrod,Fernandez,M,M,2026-01-05
20138.0,20138,Kendra,Moreno,M,F,2026-01-05
20139.0,20139,Connor,Wright,M,M,2026-01-05
20140.0,20140,Joe,Navarro,M,M,2026-01-05
20141.0,20141,Angelica,Flores,M,F,2026-01-05
20142.0,20142,Lydia,Lopez,M,F,2026-01-05
20143.0,20143,Jimmy,Suarez,M,M,2026-01-05
20144.0,20144,Roger,Lin,M,M,2026-01-05
20145.0,20145,Fernando,Lee,M,M,2026-01-05
20146.0,20146,Mackenzie,Hall,M,F,2026-01-05
20147.0,20147,Tabitha,Ramos,M,F,2026-01-05
20148.0,20148,Terry,Nath,M,M,2026-01-05
20149.0,20149,Heidi,Arun,M,F,2026-01-05
20150.0,20150,Gary,Rubio,M,M,2026-01-05
20151.0,20151,Jamie,Guo,M,F,2026-01-05
20152.0,20152,Rafael,She,M,M,2026-01-05
20153.0,20153,Diane,Sanz,M,F,2026-01-05
20154.0,20154,Raul,Luo,S,M,2026-01-05
20155.0,20155,Jay,Fernandez,M,M,2026-01-05
20156.0,20156,Jay,Madan,S,M,2026-01-05
20157.0,20157,Riley,Reed,M,F,2026-01-05
20158.0,20158,Rodney,Blanco,S,M,2026-01-05
20159.0,20159,Ernest,Zhu,M,M,2026-01-05
20160.0,20160,George,Garcia,S,M,2026-01-05
20161.0,20161,Albert,Sanz,S,M,2026-01-05
20162.0,20162,Kelsey,Nath,M,F,2026-01-05
20163.0,20163,Krystal,Zhang,M,F,2026-01-05
20164.0,20164,Carol Ann,Rockne,M,M,2026-01-05
20165.0,20165,Kristina,Mehta,M,F,2026-01-05
20166.0,20166,Monique,Gutierrez,S,F,2026-01-05
20167.0,20167,Joe,Serrano,S,M,2026-01-05
20168.0,20168,Jessie,Serrano,M,F,2026-01-05
20169.0,20169,Garrett,Gray,S,M,2026-01-05
20170.0,20170,Jerome,Martin,M,M,2026-01-05
20171.0,20171,Bailey,King,M,F,2026-01-05
20172.0,20172,Kelli,Gao,S,F,2026-01-05
20173.0,20173,Dennis,Zhao,M,M,2026-01-05
20174.0,20174,Douglas,Gonzalez,M,M,2026-01-05
20175.0,20175,Alisha,Lu,S,F,2026-01-05
20176.0,20176,Antonio,Alexander,S,M,2026-01-05
20177.0,20177,Kelvin,Li,S,M,2026-01-05
20178.0,20178,Deborah,Anand,S,F,2026-01-05
20179.0,20179,Denise,Patel,S,F,2026-01-05
20180.0,20180,Amanda,Sanders,M,F,2026-01-05
20181.0,20181,Catherine,Brooks,M,F,2026-01-05
20182.0,20182,Isabelle,Price,M,F,2026-01-05
20183.0,20183,Sophia,Allen,M,F,2026-01-05
20184.0,20184,Jessica,Richardson,M,F,2026-01-05
20185.0,20185,Xavier,Cooper,S,M,2026-01-05
20186.0,20186,Connor,Li,M,M,2026-01-05
20187.0,20187,Robert,King,M,M,2026-01-05
20188.0,20188,Kimberly,Watson,M,F,2026-01-05
20189.0,20189,Grace,Hall,S,F,2026-01-05
20190.0,20190,Angela,Reed,S,F,2026-01-05
20191.0,20191,Chad,Rai,S,M,2026-01-05
20192.0,20192,Amber,Campbell,S,F,2026-01-05
20193.0,20193,Alyssa,Gray,S,F,2026-01-05
20194.0,20194,Connor,Campbell,M,M,2026-01-05
20195.0,20195,Blake,Wilson,M,M,2026-01-05
20196.0,20196,Cameron,Perry,M,M,2026-01-05
20197.0,20197,Olivia,Johnson,M,F,2026-01-05
20198.0,20198,Sierra,Evans,S,F,2026-01-05
20199.0,20199,Hailey,Cook,M,F,2026-01-05
20200.0,20200,Noah,Gonzales,M,M,2026-01-05
20201.0,20201,Chloe,Harris,M,F,2026-01-05
20202.0,20202,Alexandra,Jones,M,F,2026-01-05
20203.0,20203,Roy,Blanco,M,M,2026-01-05
20204.0,20204,Renee,Carlson,M,F,2026-01-05
20205.0,20205,Bryce,Cox,S,M,2026-01-05
20206.0,20206,Olivia,Murphy,M,F,2026-01-05
20207.0,20207,Angel,Bailey,M,M,2026-01-05
20208.0,20208,Austin,Hayes,M,M,2026-01-05
20209.0,20209,Andrea,Turner,M,F,2026-01-05
20210.0,20210,Stephanie,Powell,M,F,2026-01-05
20211.0,20211,Scott,Rodgers,M,M,2026-01-05
20212.0,20212,Krista,Alonso,M,F,2026-01-05
20213.0,20213,Gina,Dominguez,S,F,2026-01-05
20214.0,20214,Trisha,Liu,S,F,2026-01-05
20215.0,20215,Ioannis,Xylaras,S,F,2026-01-05
20216.0,20216,Shawn,Chander,M,M,2026-01-05
20217.0,20217,Valerie,Wang,M,F,2026-01-05
20218.0,20218,Drew,Xie,M,M,2026-01-05
20219.0,20219,Colleen,Harrison,M,F,2026-01-05
20220.0,20220,Wendy,Carlson,S,F,2026-01-05
20221.0,20221,Kaylee,Sanders,M,F,2026-01-05
20222.0,20222,Melissa,Morgan,M,F,2026-01-05
20223.0,20223,Terrance,Malhotra,M,M,2026-01-05
20224.0,20224,Lawrence,Gill,M,M,2026-01-05
20225.0,20225,Sharon,Rai,S,F,2026-01-05
20226.0,20226,Valerie,She,M,F,2026-01-05
20227.0,20227,Louis,Zhang,M,M,2026-01-05
20228.0,20228,Raymond,Arthur,M,M,2026-01-05
20229.0,20229,Austin,Walker,M,M,2026-01-05
20230.0,20230,Gary,Munoz,M,M,2026-01-05
20231.0,20231,Kelvin,Zhou,S,M,2026-01-05
20232.0,20232,Franklin,Chande,M,M,2026-01-05
20233.0,20233,Jenny,Raje,S,F,2026-01-05
20234.0,20234,Gerald,Mehta,S,M,2026-01-05
20235.0,20235,Kenneth,Deng,S,M,2026-01-05
20236.0,20236,Cesar,Chandra,S,M,2026-01-05
20237.0,20237,Hunter,Yang,M,M,2026-01-05
20238.0,20238,Anna,Watson,S,F,2026-01-05
20239.0,20239,Jill,Ortega,M,F,2026-01-05
20240.0,20240,Beth,Rubio,M,F,2026-01-05
20241.0,20241,Cesar,Mehta,M,M,2026-01-05
20242.0,20242,Christopher,Thomas,M,M,2026-01-05
20243.0,20243,Tamara,Ye,S,F,2026-01-05
20244.0,20244,Dawn,Raji,S,F,2026-01-05
20245.0,20245,Darren,Malhotra,S,M,2026-01-05
20246.0,20246,Mindy,Xu,M,F,2026-01-05
20247.0,20247,Kristina,Lopez,S,F,2026-01-05
20248.0,20248,Gina,Suarez,M,F,2026-01-05
20249.0,20249,Tasha,Kumar,S,F,2026-01-05
20250.0,20250,Charles,Garcia,M,M,2026-01-05
20251.0,20251,Luis,Li,M,M,2026-01-05
20252.0,20252,Darrell,Raje,M,M,2026-01-05
20253.0,20253,Veronica,Kapoor,S,F,2026-01-05
20254.0,20254,Dana,Gutierrez,S,F,2026-01-05
20255.0,20255,Stephanie,Russell,M,F,2026-01-05
20256.0,20256,Javier,Serrano,S,M,2026-01-05
20257.0,20257,Roy,Carlson,S,M,2026-01-05
20258.0,20258,Katelyn,Ward,S,F,2026-01-05
20259.0,20259,Jenny,Andersen,S,F,2026-01-05
20260.0,20260,Ethan,Martinez,S,M,2026-01-05
20261.0,20261,Mariah,Rivera,M,F,2026-01-05
20262.0,20262,Brett,Prasad,M,M,2026-01-05
20263.0,20263,Steve,Zhou,S,M,2026-01-05
20264.0,20264,Jay,Carlson,S,M,2026-01-05
20265.0,20265,Clarence,Guo,M,M,2026-01-05
20266.0,20266,Summer,Gonzalez,M,F,2026-01-05
20267.0,20267,Monica,Garcia,M,F,2026-01-05
20268.0,20268,Jorge,He,M,M,2026-01-05
20269.0,20269,Hunter,Foster,M,M,2026-01-05
20270.0,20270,Kevin,Phillips,M,M,2026-01-05
20271.0,20271,Barry,Fernandez,S,M,2026-01-05
20272.0,20272,Seth,James,S,M,2026-01-05
20273.0,20273,Katherine,Martin,S,F,2026-01-05
20274.0,20274,Brent,Wang,M,M,2026-01-05
20275.0,20275,Angela,Kelly,M,F,2026-01-05
20276.0,20276,Haley,Sanchez,S,F,2026-01-05
20277.0,20277,Mary,Hall,M,F,2026-01-05
20278.0,20278,Alisha,Oliver,M,F,2026-01-05
20279.0,20279,Trevor,Henderson,S,M,2026-01-05
20280.0,20280,Joshua,Harris,S,M,2026-01-05
20281.0,20281,Karl,Xie,S,M,2026-01-05
20282.0,20282,Trisha,Xu,S,F,2026-01-05
20283.0,20283,Katie,Shen,M,F,2026-01-05
20284.0,20284,Deanna,Ashe,S,F,2026-01-05
20285.0,20285,Aaron,Alexander,M,M,2026-01-05
20286.0,20286,Stacey,Wu,S,F,2026-01-05
20287.0,20287,Destiny,Simmons,S,F,2026-01-05
20288.0,20288,Jeremiah,Edwards,S,M,2026-01-05
20289.0,20289,Jada,Richardson,S,F,2026-01-05
20290.0,20290,Austin,Simmons,S,M,2026-01-05
20291.0,20291,Alexis,Walker,S,F,2026-01-05
20292.0,20292,Katherine,Ross,S,F,2026-01-05
20293.0,20293,Rachel,Jackson,S,F,2026-01-05
20294.0,20294,Julia,Davis,S,F,2026-01-05
20295.0,20295,Christopher,Brown,M,M,2026-01-05
20296.0,20296,Morgan,Diaz,S,F,2026-01-05
20297.0,20297,Valerie,Wu,S,F,2026-01-05
20298.0,20298,Edgar,Arun,S,M,2026-01-05
20299.0,20299,Megan,Cook,M,F,2026-01-05
20300.0,20300,Xavier,Garcia,S,M,2026-01-05
20301.0,20301,Gloria,Bradley,M,F,2026-01-05
20302.0,20302,Tasha,Andersen,S,F,2026-01-05
20303.0,20303,Bryce,Morgan,M,M,2026-01-05
20304.0,20304,Jesse,Edwards,S,M,2026-01-05
20305.0,20305,Caleb,Ross,S,M,2026-01-05
20306.0,20306,Mary,Baker,S,F,2026-01-05
20307.0,20307,Natalie,Blue,S,F,2026-01-05
20308.0,20308,Pieter,Uittenbogaard,M,F,2026-01-05
20309.0,20309,Cristina,Sharma,M,F,2026-01-05
20310.0,20310,Timothy,Ramirez,S,M,2026-01-05
20311.0,20311,Cole,Bell,M,M,2026-01-05
20312.0,20312,Ryan,Lewis,M,M,2026-01-05
20313.0,20313,Oscar,Bennett,S,M,2026-01-05
20314.0,20314,Russell,Deng,M,M,2026-01-05
20315.0,20315,Devin,Ramirez,S,M,2026-01-05
20316.0,20316,Suzanne,Zhang,S,F,2026-01-05
20317.0,20317,Alex,Green,M,M,2026-01-05
20318.0,20318,Amanda,Turner,M,F,2026-01-05
20319.0,20319,Dylan,Alexander,M,M,2026-01-05
20320.0,20320,Mindy,Nath,M,F,2026-01-05
20321.0,20321,Colleen,Chen,M,F,2026-01-05
20322.0,20322,Rachel,Wood,S,F,2026-01-05
20323.0,20323,Justin,Coleman,S,M,2026-01-05
20324.0,20324,Ashley,Rodriguez,M,F,2026-01-05
20325.0,20325,Charles,Williams,S,M,2026-01-05
20326.0,20326,Paige,Blue,M,F,2026-01-05
20327.0,20327,Sophia,Perez,M,F,2026-01-05
20328.0,20328,Sierra,Carter,M,F,2026-01-05
20329.0,20329,Jose,Yang,M,M,2026-01-05
20330.0,20330,Nathan,Thomas,M,M,2026-01-05
20331.0,20331,Jeremy,Cox,M,M,2026-01-05
20332.0,20332,Danny,Navarro,M,M,2026-01-05
20333.0,20333,Abigail,Gonzales,S,F,2026-01-05
20334.0,20334,Jeremiah,Mitchell,M,M,2026-01-05
20335.0,20335,Adam,Gonzales,S,M,2026-01-05
20336.0,20336,Ian,Young,M,M,2026-01-05
20337.0,20337,Xavier,Hall,M,M,2026-01-05
20338.0,20338,Anna,James,S,F,2026-01-05
20339.0,20339,Kaitlyn,Hughes,M,F,2026-01-05
20340.0,20340,Makayla,Kelly,M,F,2026-01-05
20341.0,20341,Tyler,Smith,M,M,2026-01-05
20342.0,20342,Aimee,Lu,M,F,2026-01-05
20343.0,20343,Sierra,Hill,M,F,2026-01-05
20344.0,20344,Ashlee,Anand,M,F,2026-01-05
20345.0,20345,Regina,Martinez,S,F,2026-01-05
20346.0,20346,Angelica,Washington,S,F,2026-01-05
20347.0,20347,Savannah,Roberts,M,F,2026-01-05
20348.0,20348,Chloe,Evans,S,F,2026-01-05
20349.0,20349,Nicole,Harris,M,F,2026-01-05
20350.0,20350,Isabella,Campbell,M,F,2026-01-05
20351.0,20351,Maria,Gonzalez,M,F,2026-01-05
20352.0,20352,Melissa,Foster,M,F,2026-01-05
20353.0,20353,Allison,Phillips,S,F,2026-01-05
20354.0,20354,Austin,Williams,M,M,2026-01-05
20355.0,20355,Melanie,Gray,S,F,2026-01-05
20356.0,20356,Louis,Lu,M,M,2026-01-05
20357.0,20357,Julian,Price,M,F,2026-01-05
20358.0,20358,Brian,Murphy,M,M,2026-01-05
20359.0,20359,Rachel,Blue,M,F,2026-01-05
20360.0,20360,Brianna,Russell,M,F,2026-01-05
20361.0,20361,Jonathon,Moreno,M,M,2026-01-05
20362.0,20362,Seth,Gonzalez,M,M,2026-01-05
20363.0,20363,Alexander,Brown,S,M,2026-01-05
20364.0,20364,Anna,Jackson,M,F,2026-01-05
20365.0,20365,Isaac,Scott,M,M,2026-01-05
20366.0,20366,Marcus,Powell,M,M,2026-01-05
20367.0,20367,Jessica,Anderson,M,F,2026-01-05
20368.0,20368,Thomas,Jackson,S,M,2026-01-05
20369.0,20369,Trevor,Barnes,S,M,2026-01-05
20370.0,20370,Blake,Young,M,M,2026-01-05
20371.0,20371,Grace,Bryant,M,F,2026-01-05
20372.0,20372,Kaitlyn,Edwards,M,F,2026-01-05
20373.0,20373,Morgan,Williams,M,F,2026-01-05
20374.0,20374,Fernando,Adams,M,M,2026-01-05
20375.0,20375,Olivia,Perry,S,F,2026-01-05
20376.0,20376,Destiny,Lewis,S,F,2026-01-05
20377.0,20377,Brian,Reed,M,M,2026-01-05
20378.0,20378,Nathan,Jai,M,M,2026-01-05
20379.0,20379,Brittney,Chen,S,F,2026-01-05
20380.0,20380,Catherine,Reed,M,F,2026-01-05
20381.0,20381,Blake,Bennett,M,M,2026-01-05
20382.0,20382,Jack,Hernandez,M,M,2026-01-05
20383.0,20383,Richard,Hernandez,S,M,2026-01-05
20384.0,20384,Luis,Gonzalez,M,M,2026-01-05
20385.0,20385,Jason,Patterson,M,M,2026-01-05
20386.0,20386,Anna,Russell,M,F,2026-01-05
20387.0,20387,Jordan,Adams,M,M,2026-01-05
20388.0,20388,Natasha,Gill,M,F,2026-01-05
20389.0,20389,Lee,Romero,M,M,2026-01-05
20390.0,20390,Ross,Ramos,S,M,2026-01-05
20391.0,20391,Meghan,Serrano,M,F,2026-01-05
20392.0,20392,Destiny,Ramirez,M,F,2026-01-05
20393.0,20393,Kaitlyn,White,S,F,2026-01-05
20394.0,20394,Emma,Butler,M,F,2026-01-05
20395.0,20395,Katherine,Rogers,S,F,2026-01-05
20396.0,20396,Jason,Simmons,S,M,2026-01-05
20397.0,20397,Isaiah,Gray,M,M,2026-01-05
20398.0,20398,Jordan,Collins,S,F,2026-01-05
20399.0,20399,Benjamin,Rodriguez,M,M,2026-01-05
20400.0,20400,Sydney,Henderson,M,F,2026-01-05
20401.0,20401,Hannah,Jenkins,M,F,2026-01-05
20402.0,20402,Vincent,Liang,M,M,2026-01-05
20403.0,20403,Mitchell,Lal,M,M,2026-01-05
20404.0,20404,Jorge,Yang,S,M,2026-01-05
20405.0,20405,Isaiah,Campbell,S,M,2026-01-05
20406.0,20406,Felicia,Munoz,M,F,2026-01-05
20407.0,20407,Kristopher,Vance,M,M,2026-01-05
20408.0,20408,Isaac,Morgan,S,M,2026-01-05
20409.0,20409,Sophia,Young,S,F,2026-01-05
20410.0,20410,Richard,Jackson,M,M,2026-01-05
20411.0,20411,Cole,James,M,M,2026-01-05
20412.0,20412,David,Jackson,M,M,2026-01-05
20413.0,20413,Taylor,Powell,M,F,2026-01-05
20414.0,20414,Amanda,Bailey,M,F,2026-01-05
20415.0,20415,Evelyn,Sai,M,F,2026-01-05
20416.0,20416,Dale,Goel,S,M,2026-01-05
20417.0,20417,Bruce,Vazquez,M,M,2026-01-05
20418.0,20418,Joe,Vazquez,M,M,2026-01-05
20419.0,20419,Billy,Romero,M,M,2026-01-05
20420.0,20420,Evelyn,Mehta,M,F,2026-01-05
20421.0,20421,Victoria,Alexander,S,F,2026-01-05
20422.0,20422,Maria,Brooks,S,F,2026-01-05
20423.0,20423,Alicia,Goel,S,F,2026-01-05
20424.0,20424,Marie,Romero,M,F,2026-01-05
20425.0,20425,Sabrina,Torres,M,F,2026-01-05
20426.0,20426,Johnathan,Perez,M,M,2026-01-05
20427.0,20427,Mario,Raje,S,M,2026-01-05
20428.0,20428,Brent,Ma,M,M,2026-01-05
20429.0,20429,Curtis,Gao,M,M,2026-01-05
20430.0,20430,Maurice,Ashe,M,M,2026-01-05
20431.0,20431,Corey,Raje,S,M,2026-01-05
20432.0,20432,Juan,Sanders,S,M,2026-01-05
20433.0,20433,Chloe,Taylor,M,F,2026-01-05
20434.0,20434,Nathan,Sharma,S,M,2026-01-05
20435.0,20435,Natalie,Green,M,F,2026-01-05
20436.0,20436,Anna,Barnes,S,F,2026-01-05
20437.0,20437,Gabriella,Howard,S,F,2026-01-05
20438.0,20438,Robert,Scott,S,M,2026-01-05
20439.0,20439,Chloe,Rogers,M,F,2026-01-05
20440.0,20440,Alexandra,Hughes,S,F,2026-01-05
20441.0,20441,Abigail,Henderson,M,F,2026-01-05
20442.0,20442,Jorge,Chen,M,M,2026-01-05
20443.0,20443,Adrian,Cox,S,M,2026-01-05
20444.0,20444,Cara,Zeng,S,F,2026-01-05
20445.0,20445,Barbara,Deng,M,F,2026-01-05
20446.0,20446,Clayton,Rai,M,M,2026-01-05
20447.0,20447,Jodi,Goel,S,F,2026-01-05
20448.0,20448,Jésus,Blanco,M,M,2026-01-05
20449.0,20449,Rachel,Walker,S,F,2026-01-05
20450.0,20450,Edwin,Tang,S,M,2026-01-05
20451.0,20451,Kelli,Anand,S,F,2026-01-05
20452.0,20452,Kelli,Xie,S,F,2026-01-05
20453.0,20453,Bryant,Arun,M,M,2026-01-05
20454.0,20454,Fernando,Martinez,S,M,2026-01-05
20455.0,20455,Bruce,Blanco,M,M,2026-01-05
20456.0,20456,Alfredo,Ramos,S,M,2026-01-05
20457.0,20457,Alexandra,Morris,M,F,2026-01-05
20458.0,20458,Erick,Subram,M,M,2026-01-05
20459.0,20459,Maria,Barnes,M,F,2026-01-05
20460.0,20460,Wesley,Zeng,M,M,2026-01-05
20461.0,20461,Mackenzie,Nelson,S,F,2026-01-05
20462.0,20462,Haley,Mitchell,S,F,2026-01-05
20463.0,20463,Jasmine,Bryant,M,F,2026-01-05
20464.0,20464,Amy,Lu,M,F,2026-01-05
20465.0,20465,Isabel,Henderson,M,F,2026-01-05
20466.0,20466,Benjamin,Jai,M,M,2026-01-05
20467.0,20467,Gabrielle,Bennett,M,F,2026-01-05
20468.0,20468,Olivia,Richardson,M,F,2026-01-05
20469.0,20469,Manuel,Suri,M,M,2026-01-05
20470.0,20470,Melissa,Gonzales,S,F,2026-01-05
20471.0,20471,Carlos,Gonzalez,M,M,2026-01-05
20472.0,20472,Edward,Coleman,S,M,2026-01-05
20473.0,20473,Mason,Rivera,M,M,2026-01-05
20474.0,20474,Edward,Turner,M,M,2026-01-05
20475.0,20475,Blake,Martinez,M,M,2026-01-05
20476.0,20476,Destiny,Long,S,F,2026-01-05
20477.0,20477,Brandon,Washington,S,M,2026-01-05
20478.0,20478,Jonathan,Moore,M,M,2026-01-05
20479.0,20479,Andrew,Jackson,M,M,2026-01-05
20480.0,20480,Carlos,Cox,S,M,2026-01-05
20481.0,20481,Jordan,Edwards,M,M,2026-01-05
20482.0,20482,Gina,Diaz,S,F,2026-01-05
20483.0,20483,Austin,Kumar,M,M,2026-01-05
20484.0,20484,Gabriella,Morgan,S,F,2026-01-05
20485.0,20485,Richard,Reed,M,M,2026-01-05
20486.0,20486,Jack,Butler,M,M,2026-01-05
20487.0,20487,Alexander,White,M,M,2026-01-05
20488.0,20488,Cassidy,Foster,M,F,2026-01-05
20489.0,20489,Jacob,Davis,S,M,2026-01-05
20490.0,20490,Kaylee,Roberts,M,F,2026-01-05
20491.0,20491,Dakota,Perry,M,M,2026-01-05
20492.0,20492,Madison,Martin,M,F,2026-01-05
20493.0,20493,Matthew,Jackson,M,M,2026-01-05
20494.0,20494,Jesse,Peterson,M,M,2026-01-05
20495.0,20495,Wesley,Wang,M,M,2026-01-05
20496.0,20496,Jada,Roberts,M,F,2026-01-05
20497.0,20497,Francisco,Javier Castrejón,M,F,2026-01-05
20498.0,20498,Miguel,Phillips,M,M,2026-01-05
20499.0,20499,Christian,Robinson,S,M,2026-01-05
20500.0,20500,Morgan,Butler,M,F,2026-01-05
20501.0,20501,Morgan,Nelson,M,F,2026-01-05
20502.0,20502,John,Harris,M,M,2026-01-05
20503.0,20503,Tony,Jai,M,M,2026-01-05
20504.0,20504,Rakesh,Tangirala,M,F,2026-01-05
20505.0,20505,Alexa,Cox,M,F,2026-01-05
20506.0,20506,Paige,Bradley,M,F,2026-01-05
20507.0,20507,Joshua,Anderson,M,M,2026-01-05
20508.0,20508,Logan,Robinson,S,M,2026-01-05
20509.0,20509,Alexandria,Murphy,M,F,2026-01-05
20510.0,20510,Caitlin,Cox,M,F,2026-01-05
20511.0,20511,Matthew,Taylor,M,M,2026-01-05
20512.0,20512,Sydney,Parker,M,F,2026-01-05
20513.0,20513,Joseph,Smith,S,M,2026-01-05
20514.0,20514,Hannah,Griffin,M,F,2026-01-05
20515.0,20515,Jenna,Edwards,S,F,2026-01-05
20516.0,20516,Gabriel,Russell,M,M,2026-01-05
20517.0,20517,Amber,Edwards,M,F,2026-01-05
20518.0,20518,Desiree,Sanz,M,F,2026-01-05
20519.0,20519,Trevor,Diaz,M,M,2026-01-05
20520.0,20520,Cassandra,Srini,S,F,2026-01-05
20521.0,20521,Gina,Carlson,M,F,2026-01-05
20522.0,20522,Kevin,Parker,M,M,2026-01-05
20523.0,20523,Emma,Howard,M,F,2026-01-05
20524.0,20524,Angelica,Jenkins,S,F,2026-01-05
20525.0,20525,James,Kumar,M,M,2026-01-05
20526.0,20526,Brittany,Alexander,S,F,2026-01-05
20527.0,20527,Sydney,Harris,M,F,2026-01-05
20528.0,20528,Mason,Adams,M,M,2026-01-05
20529.0,20529,Destiny,Jackson,S,F,2026-01-05
20530.0,20530,Mariah,Jenkins,M,F,2026-01-05
20531.0,20531,James,Young,M,M,2026-01-05
20532.0,20532,Joan,Watson,M,F,2026-01-05
20533.0,20533,Luis,Perry,M,M,2026-01-05
20534.0,20534,Dalton,Lopez,M,M,2026-01-05
20535.0,20535,Riley,Torres,M,F,2026-01-05
20536.0,20536,Taylor,Gray,S,F,2026-01-05
20537.0,20537,Thomas,Evans,S,M,2026-01-05
20538.0,20538,Hailey,Bennett,M,F,2026-01-05
20539.0,20539,Luis,Baker,M,M,2026-01-05
20540.0,20540,Jasmine,Flores,M,F,2026-01-05
20541.0,20541,Allison,Hernandez,M,F,2026-01-05
20542.0,20542,Hailey,Green,M,F,2026-01-05
20543.0,20543,Seth,Miller,M,M,2026-01-05
20544.0,20544,Dalton,Hall,M,M,2026-01-05
20545.0,20545,Vanessa,Butler,S,F,2026-01-05
20546.0,20546,Ruth,Fernandez,M,F,2026-01-05
20547.0,20547,Ethan,Chen,M,M,2026-01-05
20548.0,20548,Phillip,Rodriguez,M,M,2026-01-05
20549.0,20549,Jennifer,Morris,M,F,2026-01-05
20550.0,20550,Mohamed,Pal,M,F,2026-01-05
20551.0,20551,Daisy,Blanco,M,F,2026-01-05
20552.0,20552,Heather,Liang,M,F,2026-01-05
20553.0,20553,Damien,Xie,M,M,2026-01-05
20554.0,20554,Donna,Tang,M,F,2026-01-05
20555.0,20555,Kelvin,Raje,M,M,2026-01-05
20556.0,20556,Glenn,Sun,M,M,2026-01-05
20557.0,20557,Lindsay,Lal,M,F,2026-01-05
20558.0,20558,Brianna,Stewart,M,F,2026-01-05
20559.0,20559,Isabella,Diaz,M,F,2026-01-05
20560.0,20560,Mindy,Raji,M,F,2026-01-05
20561.0,20561,Willie,Liu,S,M,2026-01-05
20562.0,20562,Jim,Rodman,M,F,2026-01-05
20563.0,20563,Kendra,Blanco,M,F,2026-01-05
20564.0,20564,Jessie,Gao,S,M,2026-01-05
20565.0,20565,Tasha,Yuan,M,F,2026-01-05
20566.0,20566,George,Mehta,M,M,2026-01-05
20567.0,20567,Nicolas,Anand,M,M,2026-01-05
20568.0,20568,Dustin,Raji,M,M,2026-01-05
20569.0,20569,Patricia,Patel,M,F,2026-01-05
20570.0,20570,George,Martinez,M,M,2026-01-05
20571.0,20571,Allison,Gray,S,F,2026-01-05
20572.0,20572,Caroline,Diaz,M,F,2026-01-05
20573.0,20573,Megan,Ward,M,F,2026-01-05
20574.0,20574,Brett,Patel,M,M,2026-01-05
20575.0,20575,Stacey,Cai,M,F,2026-01-05
20576.0,20576,Johnathan,Kapoor,S,M,2026-01-05
20577.0,20577,Sheila,Romero,M,F,2026-01-05
20578.0,20578,Martin,Kapoor,M,M,2026-01-05
20579.0,20579,Alexandra,King,M,F,2026-01-05
20580.0,20580,Ernest,Huang,S,M,2026-01-05
20581.0,20581,Ruth,Sanchez,M,F,2026-01-05
20582.0,20582,Desiree,Bradley,S,F,2026-01-05
20583.0,20583,Kristen,Wang,M,F,2026-01-05
20584.0,20584,Molly,Schmidt,S,F,2026-01-05
20585.0,20585,Emily,Lee,M,F,2026-01-05
20586.0,20586,Clayton,Zhao,M,M,2026-01-05
20587.0,20587,Shannon,Johnston,M,M,2026-01-05
20588.0,20588,Nancy,Raman,M,F,2026-01-05
20589.0,20589,Mackenzie,Rogers,M,F,2026-01-05
20590.0,20590,Todd,Zhang,M,M,2026-01-05
20591.0,20591,Kara,Tang,M,F,2026-01-05
20592.0,20592,Jorge,Liu,M,M,2026-01-05
20593.0,20593,Joel,Jordan,M,M,2026-01-05
20594.0,20594,Arthur,Torres,M,M,2026-01-05
20595.0,20595,Karla,Andersen,S,F,2026-01-05
20596.0,20596,Janet,Ramos,M,F,2026-01-05
20597.0,20597,Carly,Beck,M,F,2026-01-05
20598.0,20598,Jackson,Powell,M,M,2026-01-05
20599.0,20599,Kyle,Wang,M,M,2026-01-05
20600.0,20600,Dennis,Hu,S,M,2026-01-05
20601.0,20601,Carrie,Munoz,M,F,2026-01-05
20602.0,20602,Casey,Moreno,S,M,2026-01-05
20603.0,20603,Henry,Sullivan,S,M,2026-01-05
20604.0,20604,Harold,Martinez,S,M,2026-01-05
20605.0,20605,Kevin,Yang,S,M,2026-01-05
20606.0,20606,Jocelyn,Coleman,M,F,2026-01-05
20607.0,20607,Donna,Raje,S,F,2026-01-05
20608.0,20608,Cara,Hu,S,F,2026-01-05
20609.0,20609,Fernando,Bryant,M,M,2026-01-05
20610.0,20610,Jessie,Zhou,M,M,2026-01-05
20611.0,20611,Carla,Sullivan,M,F,2026-01-05
20612.0,20612,Colin,Yang,M,M,2026-01-05
20613.0,20613,Lindsay,Raje,M,F,2026-01-05
20614.0,20614,Gregory,Shan,S,M,2026-01-05
20615.0,20615,Laura,Wu,S,F,2026-01-05
20616.0,20616,Kristi,Serrano,S,F,2026-01-05
20617.0,20617,Chloe,Johnson,S,F,2026-01-05
20618.0,20618,Marie,Rubio,S,F,2026-01-05
20619.0,20619,Maurice,Raji,S,M,2026-01-05
20620.0,20620,Victoria,Cook,S,F,2026-01-05
20621.0,20621,Meredith,Alonso,M,F,2026-01-05
20622.0,20622,Jerome,Suarez,M,M,2026-01-05
20623.0,20623,Ruth,Garcia,M,F,2026-01-05
20624.0,20624,Deborah,Shan,S,F,2026-01-05
20625.0,20625,Rafael,Yuan,M,M,2026-01-05
20626.0,20626,Jarrod,Sara,M,M,2026-01-05
20627.0,20627,Theresa,Navarro,M,F,2026-01-05
20628.0,20628,Rodney,Gutierrez,S,M,2026-01-05
20629.0,20629,Bonnie,Raje,M,F,2026-01-05
20630.0,20630,Diane,Alonso,M,F,2026-01-05
20631.0,20631,Gerald,Dominguez,S,M,2026-01-05
20632.0,20632,Marcus,Stewart,S,M,2026-01-05
20633.0,20633,Luke,Collins,M,M,2026-01-05
20634.0,20634,Stephanie,Bryant,M,F,2026-01-05
20635.0,20635,Nathan,Young,M,M,2026-01-05
20636.0,20636,Olivia,Patterson,M,F,2026-01-05
20637.0,20637,John,Brown,M,M,2026-01-05
20638.0,20638,Thomas,Collins,S,M,2026-01-05
20639.0,20639,Emily,Ross,M,F,2026-01-05
20640.0,20640,Noah,Turner,M,M,2026-01-05
20641.0,20641,Isabella,Robinson,S,F,2026-01-05
20642.0,20642,Patricia,Prasad,S,F,2026-01-05
20643.0,20643,Abigail,Patterson,M,F,2026-01-05
20644.0,20644,Patrick,Brooks,S,M,2026-01-05
20645.0,20645,Xavier,Stewart,M,M,2026-01-05
20646.0,20646,Ryan,Chen,M,M,2026-01-05
20647.0,20647,Jared,Bailey,M,M,2026-01-05
20648.0,20648,Jordan,Mitchell,M,M,2026-01-05
20649.0,20649,Natalie,Ramirez,S,F,2026-01-05
20650.0,20650,Bryan,Gray,M,M,2026-01-05
20651.0,20651,Timothy,Cooper,M,M,2026-01-05
20652.0,20652,Amanda,Scott,M,F,2026-01-05
20653.0,20653,Jessica,White,M,F,2026-01-05
20654.0,20654,Taylor,Murphy,M,F,2026-01-05
20655.0,20655,Edward,Butler,M,M,2026-01-05
20656.0,20656,Marcus,Perry,M,M,2026-01-05
20657.0,20657,Blake,Russell,S,M,2026-01-05
20658.0,20658,Kaylee,Campbell,M,F,2026-01-05
20659.0,20659,Xavier,Baker,M,M,2026-01-05
20660.0,20660,Christina,Cox,M,F,2026-01-05
20661.0,20661,Taylor,Diaz,M,F,2026-01-05
20662.0,20662,Taylor,Perry,M,F,2026-01-05
20663.0,20663,Kaitlyn,Stewart,S,F,2026-01-05
20664.0,20664,Isaiah,Watson,M,M,2026-01-05
20665.0,20665,James,Evans,S,M,2026-01-05
20666.0,20666,Lacey,Rai,S,F,2026-01-05
20667.0,20667,Jodi,Pal,S,F,2026-01-05
20668.0,20668,Eric,Rothenberg,S,F,2026-01-05
20669.0,20669,Rachel,Ross,S,F,2026-01-05
20670.0,20670,Julia,Cox,M,F,2026-01-05
20671.0,20671,Ronald,Sanchez,M,M,2026-01-05
20672.0,20672,Fernando,Ross,S,M,2026-01-05
20673.0,20673,Dylan,Washington,M,M,2026-01-05
20674.0,20674,Samuel,Butler,S,M,2026-01-05
20675.0,20675,Natalie,Martin,S,F,2026-01-05
20676.0,20676,Carlos,Parker,M,M,2026-01-05
20677.0,20677,Trinity,Bailey,S,F,2026-01-05
20678.0,20678,Martha,Lin,S,F,2026-01-05
20679.0,20679,Dakota,Jenkins,M,M,2026-01-05
20680.0,20680,Ashley,Anderson,S,F,2026-01-05
20681.0,20681,Walter,Moreno,S,M,2026-01-05
20682.0,20682,John,Davis,M,M,2026-01-05
20683.0,20683,Amanda,Mitchell,M,F,2026-01-05
20684.0,20684,Olivia,Lee,M,F,2026-01-05
20685.0,20685,Mariah,Powell,M,F,2026-01-05
20686.0,20686,Lucas,Nelson,S,M,2026-01-05
20687.0,20687,Rebecca,Campbell,S,F,2026-01-05
20688.0,20688,Steven,Ramirez,M,M,2026-01-05
20689.0,20689,Connor,Green,M,M,2026-01-05
20690.0,20690,Nathaniel,Torres,M,M,2026-01-05
20691.0,20691,Eduardo,Smith,M,M,2026-01-05
20692.0,20692,John,Lewis,M,M,2026-01-05
20693.0,20693,Zachary,Perry,S,M,2026-01-05
20694.0,20694,Daniel,Anderson,M,M,2026-01-05
20695.0,20695,Joshua,Brown,M,M,2026-01-05
20696.0,20696,Ethan,Gonzales,M,M,2026-01-05
20697.0,20697,Stefanie,Schmidt,M,F,2026-01-05
20698.0,20698,Darren,Chandra,M,M,2026-01-05
20699.0,20699,Hunter,Wang,S,M,2026-01-05
20700.0,20700,Marcus,Scott,M,M,2026-01-05
20701.0,20701,Liz,Anderson,S,F,2026-01-05
20702.0,20702,Oscar,Ross,S,M,2026-01-05
20703.0,20703,Seth,White,S,M,2026-01-05
20704.0,20704,Shane,Rodriguez,M,M,2026-01-05
20705.0,20705,Kevin,Roberts,M,M,2026-01-05
20706.0,20706,Haley,Gonzalez,S,F,2026-01-05
20707.0,20707,Danielle,Stewart,S,F,2026-01-05
20708.0,20708,Devin,Thompson,S,M,2026-01-05
20709.0,20709,Samuel,Evans,M,M,2026-01-05
20710.0,20710,Andres,Raje,M,M,2026-01-05
20711.0,20711,Ebony,Sanz,M,F,2026-01-05
20712.0,20712,Colin,Huang,M,M,2026-01-05
20713.0,20713,Kathleen,Gill,S,F,2026-01-05
20714.0,20714,Christine,Beck,S,F,2026-01-05
20715.0,20715,Henry,Kapoor,S,M,2026-01-05
20716.0,20716,Kristina,Arun,M,F,2026-01-05
20717.0,20717,Chelsea,Ray,S,F,2026-01-05
20718.0,20718,Ricky,Ruiz,S,M,2026-01-05
20719.0,20719,Lawrence,Alvarez,S,M,2026-01-05
20720.0,20720,Regina,Subram,S,F,2026-01-05
20721.0,20721,Hailey,Perry,S,F,2026-01-05
20722.0,20722,Kellie,Serrano,S,F,2026-01-05
20723.0,20723,Cedric,Zhu,S,M,2026-01-05
20724.0,20724,Ebony,Vance,S,F,2026-01-05
20725.0,20725,Linda,Romero,S,F,2026-01-05
20726.0,20726,Beth,Romero,S,F,2026-01-05
20727.0,20727,Arturo,Ye,S,M,2026-01-05
20728.0,20728,Cedric,Chande,S,M,2026-01-05
20729.0,20729,Aimee,Zhou,M,F,2026-01-05
20730.0,20730,Aaron,Shan,S,M,2026-01-05
20731.0,20731,Andre,Kovár,S,M,2026-01-05
20732.0,20732,Joshua,Walker,S,M,2026-01-05
20733.0,20733,Sheena,Luo,S,F,2026-01-05
20734.0,20734,Luis,Phillips,M,M,2026-01-05
20735.0,20735,Caitlin,Cooper,M,F,2026-01-05
20736.0,20736,Alexandra,Howard,S,F,2026-01-05
20737.0,20737,Victoria,Griffin,M,F,2026-01-05
20738.0,20738,Alex,Kelly,M,M,2026-01-05
20739.0,20739,Kaitlyn,Carter,S,F,2026-01-05
20740.0,20740,Kathryn,Sharma,M,F,2026-01-05
20741.0,20741,Jocelyn,Foster,S,F,2026-01-05
20742.0,20742,Isabella,Stewart,M,F,2026-01-05
20743.0,20743,Arianna,Howard,M,F,2026-01-05
20744.0,20744,Amanda,Barnes,M,F,2026-01-05
20745.0,20745,Mariah,Price,M,F,2026-01-05
20746.0,20746,Christina,Torres,M,F,2026-01-05
20747.0,20747,Melody,Vazquez,M,F,2026-01-05
20748.0,20748,Stephanie,Watson,S,F,2026-01-05
20749.0,20749,Joan,Morgan,M,F,2026-01-05
20750.0,20750,Katherine,King,M,F,2026-01-05
20751.0,20751,Jermaine,Arthur,M,M,2026-01-05
20752.0,20752,Christian,Simmons,M,M,2026-01-05
20753.0,20753,Taylor,Kelly,M,F,2026-01-05
20754.0,20754,Ian,Davis,M,M,2026-01-05
20755.0,20755,Alex,Lopez,M,M,2026-01-05
20756.0,20756,Marcus,Griffin,M,M,2026-01-05
20757.0,20757,Alexia,Powell,M,F,2026-01-05
20758.0,20758,Jesse,Sanders,M,M,2026-01-05
20759.0,20759,Teresa,Serrano,M,F,2026-01-05
20760.0,20760,Thomas,Alexander,M,M,2026-01-05
20761.0,20761,Jonathan,Washington,M,M,2026-01-05
20762.0,20762,Jennifer,King,M,F,2026-01-05
20763.0,20763,Lucas,Carter,M,M,2026-01-05
20764.0,20764,Christian,Taylor,M,M,2026-01-05
20765.0,20765,Wyatt,Lopez,M,M,2026-01-05
20766.0,20766,Charles,Morgan,M,M,2026-01-05
20767.0,20767,Rachel,Thomas,S,F,2026-01-05
20768.0,20768,Marshall,Nara,S,M,2026-01-05
20769.0,20769,Michelle,Sanders,M,F,2026-01-05
20770.0,20770,Carlos,Mitchell,M,M,2026-01-05
20771.0,20771,Madeline,Edwards,M,F,2026-01-05
20772.0,20772,Samantha,Garcia,S,F,2026-01-05
20773.0,20773,Natalie,Rodriguez,S,F,2026-01-05
20774.0,20774,Anthony,Miller,S,M,2026-01-05
20775.0,20775,Bruce,Alonso,M,M,2026-01-05
20776.0,20776,Haley,Long,M,F,2026-01-05
20777.0,20777,Carly,Sharma,M,F,2026-01-05
20778.0,20778,Seth,Ramirez,M,M,2026-01-05
20779.0,20779,Maria,Russell,M,F,2026-01-05
20780.0,20780,Michael,White,M,M,2026-01-05
20781.0,20781,Kayla,Lee,M,F,2026-01-05
20782.0,20782,Alan,Ye,M,M,2026-01-05
20783.0,20783,Amanda,Collins,M,F,2026-01-05
20784.0,20784,Eduardo,Walker,M,M,2026-01-05
20785.0,20785,Isabella,Taylor,S,F,2026-01-05
20786.0,20786,Marcus,Perez,M,M,2026-01-05
20787.0,20787,Bridget,Pal,M,F,2026-01-05
20788.0,20788,Sara,Gonzalez,S,F,2026-01-05
20789.0,20789,Miguel,Williams,M,M,2026-01-05
20790.0,20790,Kayla,Harrison,M,F,2026-01-05
20791.0,20791,Ryan,Patterson,M,M,2026-01-05
20792.0,20792,Hailey,Rivera,M,F,2026-01-05
20793.0,20793,Gary,Martin,S,M,2026-01-05
20794.0,20794,Brenda,Rana,M,F,2026-01-05
20795.0,20795,Emmanuel,Subram,S,M,2026-01-05
20796.0,20796,Claudia,Guo,S,F,2026-01-05
20797.0,20797,Dawn,Hu,M,F,2026-01-05
20798.0,20798,Mathew,Munoz,M,M,2026-01-05
20799.0,20799,Peter,Raje,M,M,2026-01-05
20800.0,20800,Connor,Jenkins,M,M,2026-01-05
20801.0,20801,Ronald,Chandra,S,M,2026-01-05
20802.0,20802,Jon,Li,S,M,2026-01-05
20803.0,20803,Nicole,Rodriguez,S,F,2026-01-05
20804.0,20804,Katelyn,Torres,M,F,2026-01-05
20805.0,20805,Brandon,Williams,M,M,2026-01-05
20806.0,20806,James,Lopez,M,M,2026-01-05
20807.0,20807,Jordan,Foster,M,M,2026-01-05
20808.0,20808,Julie,Jai,M,F,2026-01-05
20809.0,20809,Benjamin,Anderson,M,M,2026-01-05
20810.0,20810,Brittney,He,M,F,2026-01-05
20811.0,20811,Calvin,Shan,S,M,2026-01-05
20812.0,20812,Preston,Prasad,S,M,2026-01-05
20813.0,20813,Michael,Rothkugel,M,M,2026-01-05
20814.0,20814,Margaret,Lu,S,F,2026-01-05
20815.0,20815,Tracy,Andersen,S,F,2026-01-05
20816.0,20816,Connor,Ross,M,M,2026-01-05
20817.0,20817,Geoffrey,Rodriguez,S,M,2026-01-05
20818.0,20818,Rachel,Powell,S,F,2026-01-05
20819.0,20819,Raymond,Madan,S,M,2026-01-05
20820.0,20820,Kathleen,Rubio,M,F,2026-01-05
20821.0,20821,Hany,Morcos,M,M,2026-01-05
20822.0,20822,Shannon,Ruiz,S,M,2026-01-05
20823.0,20823,Troy,Martinez,M,M,2026-01-05
20824.0,20824,Derek,Xu,S,M,2026-01-05
20825.0,20825,Pamela,Kapoor,M,F,2026-01-05
20826.0,20826,Jillian,Raman,S,F,2026-01-05
20827.0,20827,Jillian,Perez,S,F,2026-01-05
20828.0,20828,Jaclyn,Shan,M,F,2026-01-05
20829.0,20829,Andy,Diaz,M,M,2026-01-05
20830.0,20830,Whitney,Martinez,M,F,2026-01-05
20831.0,20831,Drew,Xu,M,M,2026-01-05
20832.0,20832,Kelvin,Tang,S,M,2026-01-05
20833.0,20833,Douglas,Sai,S,M,2026-01-05
20834.0,20834,Brenda,Kapoor,S,F,2026-01-05
20835.0,20835,Ruben,Gutierrez,M,M,2026-01-05
20836.0,20836,Stanley,Chandra,M,M,2026-01-05
20837.0,20837,Jimmy,Rubio,M,M,2026-01-05
20838.0,20838,Chloe,Jones,S,F,2026-01-05
20839.0,20839,Courtney,Lopez,S,F,2026-01-05
20840.0,20840,Alison,Xie,S,F,2026-01-05
20841.0,20841,Jésus,Alonso,S,M,2026-01-05
20842.0,20842,Tyrone,Moreno,S,M,2026-01-05
20843.0,20843,Jose,Shan,M,M,2026-01-05
20844.0,20844,Nicolas,Pal,M,M,2026-01-05
20845.0,20845,Barry,Malhotra,M,M,2026-01-05
20846.0,20846,Lee,Alonso,M,M,2026-01-05
20847.0,20847,Kyle,Young,M,M,2026-01-05
20848.0,20848,Vincent,Liu,M,M,2026-01-05
20849.0,20849,Faith,Washington,S,F,2026-01-05
20850.0,20850,Lance,Navarro,M,M,2026-01-05
20851.0,20851,Frank,Sanz,S,M,2026-01-05
20852.0,20852,Yolanda,Raje,M,F,2026-01-05
20853.0,20853,Jarrod,Rana,M,M,2026-01-05
20854.0,20854,Kara,Raji,S,F,2026-01-05
20855.0,20855,Abigail,Ross,M,F,2026-01-05
20856.0,20856,Tiffany,Hu,S,F,2026-01-05
20857.0,20857,Jerry,Becker,S,M,2026-01-05
20858.0,20858,Damien,Stone,M,M,2026-01-05
20859.0,20859,Roy,Romero,S,M,2026-01-05
20860.0,20860,Preston,Lopez,S,M,2026-01-05
20861.0,20861,Nicolas,Nara,M,M,2026-01-05
20862.0,20862,Marshall,Sutton,M,M,2026-01-05
20863.0,20863,Erica,Xu,M,F,2026-01-05
20864.0,20864,Grace,Howard,M,F,2026-01-05
20865.0,20865,Luis,Ross,M,M,2026-01-05
20866.0,20866,David,Jones,M,M,2026-01-05
20867.0,20867,Noah,Johnson,M,M,2026-01-05
20868.0,20868,Misty,Shan,M,F,2026-01-05
20869.0,20869,David,Martinez,S,M,2026-01-05
20870.0,20870,Jaime,Moreno,S,F,2026-01-05
20871.0,20871,Adriana,Arthur,S,F,2026-01-05
20872.0,20872,Theodore,Moreno,S,M,2026-01-05
20873.0,20873,Joel,Subram,M,M,2026-01-05
20874.0,20874,Edwin,Lal,S,M,2026-01-05
20875.0,20875,Julia,Washington,M,F,2026-01-05
20876.0,20876,Jackson,Alexander,S,M,2026-01-05
20877.0,20877,Richard,Ross,S,M,2026-01-05
20878.0,20878,Erika,Ortega,M,F,2026-01-05
20879.0,20879,Pamela,Sanchez,M,F,2026-01-05
20880.0,20880,Isabella,Washington,S,F,2026-01-05
20881.0,20881,Wendy,Navarro,S,F,2026-01-05
20882.0,20882,Sabrina,Suarez,M,F,2026-01-05
20883.0,20883,Latoya,Rai,M,F,2026-01-05
20884.0,20884,Darren,Schmidt,S,M,2026-01-05
20885.0,20885,Terry,Xie,S,M,2026-01-05
20886.0,20886,Bruce,Raman,M,M,2026-01-05
20887.0,20887,Damien,Li,S,M,2026-01-05
20888.0,20888,Clayton,Raje,S,M,2026-01-05
20889.0,20889,Manuel,Patel,S,M,2026-01-05
20890.0,20890,Clayton,Anand,S,M,2026-01-05
20891.0,20891,Darrell,Anand,M,M,2026-01-05
20892.0,20892,Henry,Sara,M,M,2026-01-05
20893.0,20893,Robert,Hall,M,M,2026-01-05
20894.0,20894,Alyssa,Thomas,S,F,2026-01-05
20895.0,20895,Ruben,Jimenez,S,M,2026-01-05
20896.0,20896,Arthur,Sai,M,M,2026-01-05
20897.0,20897,Mayra,Sai,M,F,2026-01-05
20898.0,20898,Grant,Ferrier,M,M,2026-01-05
20899.0,20899,Angela,Cook,S,F,2026-01-05
20900.0,20900,Natalie,Russell,S,F,2026-01-05
20901.0,20901,Chad,Xu,S,M,2026-01-05
20902.0,20902,Shane,Subram,M,M,2026-01-05
20903.0,20903,Robyn,Diaz,M,F,2026-01-05
20904.0,20904,Ebony,Gomez,M,F,2026-01-05
20905.0,20905,Jessie,Munoz,S,F,2026-01-05
20906.0,20906,Briana,Ruiz,S,F,2026-01-05
20907.0,20907,Terrence,Shan,S,M,2026-01-05
20908.0,20908,Wyatt,Foster,S,M,2026-01-05
20909.0,20909,Kelly,Weadock,S,F,2026-01-05
20910.0,20910,Carolyn,Malhotra,M,F,2026-01-05
20911.0,20911,Katrina,Raje,M,F,2026-01-05
20912.0,20912,Christy,Hu,M,F,2026-01-05
20913.0,20913,Wesley,Liu,S,M,2026-01-05
20914.0,20914,Gilbert,Zeng,M,M,2026-01-05
20915.0,20915,Latasha,Carlson,S,F,2026-01-05
20916.0,20916,Kathleen,Carlson,S,F,2026-01-05
20917.0,20917,Tonya,Tang,M,F,2026-01-05
20918.0,20918,Neil,Ramos,M,M,2026-01-05
20919.0,20919,Gretchen,Rivas,S,F,2026-01-05
20920.0,20920,Jaclyn,Rai,S,F,2026-01-05
20921.0,20921,Melinda,Carlson,M,F,2026-01-05
20922.0,20922,Clayton,Wagner,M,M,2026-01-05
20923.0,20923,Isabella,Powell,M,F,2026-01-05
20924.0,20924,Alberto,Sanz,S,M,2026-01-05
20925.0,20925,Kristin,Xu,S,F,2026-01-05
20926.0,20926,Jeffery,Guo,S,M,2026-01-05
20927.0,20927,Tammy,Martinez,S,F,2026-01-05
20928.0,20928,Raymond,Kapoor,S,M,2026-01-05
20929.0,20929,Darryl,Zeng,S,M,2026-01-05
20930.0,20930,Drew,Chande,M,M,2026-01-05
20931.0,20931,Brian,Sanchez,M,M,2026-01-05
20932.0,20932,Cole,Kelly,S,M,2026-01-05
20933.0,20933,Laura,Li,S,F,2026-01-05
20934.0,20934,Haley,Young,S,F,2026-01-05
20935.0,20935,Desiree,Jimenez,S,F,2026-01-05
20936.0,20936,Christy,Cai,S,F,2026-01-05
20937.0,20937,Natalie,Williams,S,F,2026-01-05
20938.0,20938,Carolyn,Rowe,S,F,2026-01-05
20939.0,20939,Joshua,Johnson,S,M,2026-01-05
20940.0,20940,Jillian,Rodriguez,S,F,2026-01-05
20941.0,20941,Arturo,Guo,M,M,2026-01-05
20942.0,20942,Tasha,Sharma,S,F,2026-01-05
20943.0,20943,Brett,Rana,S,M,2026-01-05
20944.0,20944,Rebecca,Hernandez,S,F,2026-01-05
20945.0,20945,Roger,Tang,S,M,2026-01-05
20946.0,20946,Abby,Chandra,S,F,2026-01-05
20947.0,20947,Marie,Alvarez,S,F,2026-01-05
20948.0,20948,Xavier,White,S,M,2026-01-05
20949.0,20949,Sandra,Liang,S,F,2026-01-05
20950.0,20950,Albert,Suarez,S,M,2026-01-05
20951.0,20951,Darrell,Jai,S,M,2026-01-05
20952.0,20952,Micah,Ye,S,M,2026-01-05
20953.0,20953,Neil,Rubio,S,M,2026-01-05
20954.0,20954,Nathan,Foster,S,M,2026-01-05
20955.0,20955,Dawn,Pal,S,F,2026-01-05
20956.0,20956,Kristy,Alonso,S,F,2026-01-05
20957.0,20957,Darren,Kapoor,S,M,2026-01-05
20958.0,20958,Gerald,Alonso,S,M,2026-01-05
20959.0,20959,Ruben,Arun,M,M,2026-01-05
20960.0,20960,Darrell,Beck,S,M,2026-01-05
20961.0,20961,Keith,Goldberg,M,M,2026-01-05
20962.0,20962,Sharon,Xie,M,F,2026-01-05
20963.0,20963,Teresa,Dominguez,M,F,2026-01-05
20964.0,20964,Emily,Butler,S,F,2026-01-05
20965.0,20965,Cynthia,Subram,M,F,2026-01-05
20966.0,20966,Virginia,Madan,M,F,2026-01-05
20967.0,20967,Casey,Rowe,M,M,2026-01-05
20968.0,20968,Arturo,Yuan,M,M,2026-01-05
20969.0,20969,Ashley,Foster,M,F,2026-01-05
20970.0,20970,Isaiah,Richardson,S,M,2026-01-05
20971.0,20971,Preston,Suri,S,M,2026-01-05
20972.0,20972,Francisco,Vance,M,M,2026-01-05
20973.0,20973,April,Andersen,M,F,2026-01-05
20974.0,20974,George,Subram,M,M,2026-01-05
20975.0,20975,Jerry,Andersen,M,M,2026-01-05
20976.0,20976,Jaclyn,Kumar,M,F,2026-01-05
20977.0,20977,Mario,Andersen,M,M,2026-01-05
20978.0,20978,Bruce,Srini,M,M,2026-01-05
20979.0,20979,Diane,Jimenez,M,F,2026-01-05
20980.0,20980,Matthew,Miller,S,M,2026-01-05
20981.0,20981,Craig,Romero,M,M,2026-01-05
20982.0,20982,Arthur,Jiménez,S,M,2026-01-05
20983.0,20983,Meredith,Vance,S,F,2026-01-05
20984.0,20984,Sabrina,Rubio,M,F,2026-01-05
20985.0,20985,Autumn,Liu,M,F,2026-01-05
20986.0,20986,Brandi,Blanco,M,F,2026-01-05
20987.0,20987,Marshall,Zeng,S,M,2026-01-05
20988.0,20988,Anna,Martin,M,F,2026-01-05
20989.0,20989,Cassandra,Sara,M,F,2026-01-05
20990.0,20990,Mayra,Raman,M,F,2026-01-05
20991.0,20991,Frederick,Sai,M,M,2026-01-05
20992.0,20992,Julio,Serrano,M,M,2026-01-05
20993.0,20993,Mitchell,Xie,S,M,2026-01-05
20994.0,20994,Autumn,Ma,M,F,2026-01-05
20995.0,20995,Danny,Suarez,S,M,2026-01-05
20996.0,20996,Keith,Shan,S,M,2026-01-05
20997.0,20997,Joanna,Ashe,M,F,2026-01-05
20998.0,20998,Eugene,She,M,M,2026-01-05
20999.0,20999,Carolyn,Garcia,M,F,2026-01-05
21000.0,21000,Geoffrey,Perez,M,M,2026-01-05
21001.0,21001,Clinton,Gutierrez,S,M,2026-01-05
21002.0,21002,Carolyn,Rodriguez,S,F,2026-01-05
21003.0,21003,Jimmy,Hernandez,M,M,2026-01-05
21004.0,21004,Kaitlyn,Campbell,M,F,2026-01-05
21005.0,21005,Barbara,Zhu,M,F,2026-01-05
21006.0,21006,Sydney,Young,S,F,2026-01-05
21007.0,21007,Nuan,Ma,M,M,2026-01-05
21008.0,21008,Melody,Carlson,S,F,2026-01-05
21009.0,21009,Clinton,Sandberg,S,M,2026-01-05
21010.0,21010,Ruben,Navarro,M,M,2026-01-05
21011.0,21011,Aimee,Wang,S,F,2026-01-05
21012.0,21012,Marie,Vance,M,F,2026-01-05
21013.0,21013,Connor,Nelson,M,M,2026-01-05
21014.0,21014,Diana,Carlson,M,F,2026-01-05
21015.0,21015,Diane,Hernandez,M,F,2026-01-05
21016.0,21016,Michele,Kapoor,M,F,2026-01-05
21017.0,21017,Leslie,Romero,M,F,2026-01-05
21018.0,21018,Sheila,Serrano,M,F,2026-01-05
21019.0,21019,Monica,Prasad,S,F,2026-01-05
21020.0,21020,Omar,Ye,M,M,2026-01-05
21021.0,21021,Gary,Serrano,M,M,2026-01-05
21022.0,21022,Bianca,Huang,M,F,2026-01-05
21023.0,21023,Cara,Wang,M,F,2026-01-05
21024.0,21024,Lori,Jimenez,S,F,2026-01-05
21025.0,21025,Cedric,Wu,S,M,2026-01-05
21026.0,21026,Clifford,Fernandez,S,M,2026-01-05
21027.0,21027,Luke,Nelson,S,M,2026-01-05
21028.0,21028,Joe,Suri,S,M,2026-01-05
21029.0,21029,Kristi,Martin,S,F,2026-01-05
21030.0,21030,Lindsay,Xu,S,F,2026-01-05
21031.0,21031,Cassie,She,S,F,2026-01-05
21032.0,21032,Brendan,Shan,S,M,2026-01-05
21033.0,21033,Preston,Subram,S,M,2026-01-05
21034.0,21034,Jacqueline,Kelly,S,F,2026-01-05
21035.0,21035,Roy,Sanchez,M,M,2026-01-05
21036.0,21036,Ruben,Hernandez,M,M,2026-01-05
21037.0,21037,Bruce,Arun,M,M,2026-01-05
21038.0,21038,Pedro,Lopez,M,M,2026-01-05
21039.0,21039,Jill,Ramos,S,F,2026-01-05
21040.0,21040,Chad,Luo,S,M,2026-01-05
21041.0,21041,Eddie,Serrano,M,M,2026-01-05
21042.0,21042,Jon,Liang,M,M,2026-01-05
21043.0,21043,Johnathan,McDonald,M,M,2026-01-05
21044.0,21044,Franklin,Zheng,M,M,2026-01-05
21045.0,21045,Evelyn,Prasad,S,F,2026-01-05
21046.0,21046,Terrance,Suri,M,M,2026-01-05
21047.0,21047,Sheena,Andersen,S,F,2026-01-05
21048.0,21048,Karen,Liang,M,F,2026-01-05
21049.0,21049,James,Sharma,S,M,2026-01-05
21050.0,21050,Alan,Cai,M,M,2026-01-05
21051.0,21051,Sabrina,Alonso,M,F,2026-01-05
21052.0,21052,Sheena,Xu,S,F,2026-01-05
21053.0,21053,Jamie,Vazquez,M,M,2026-01-05
21054.0,21054,Keith,Jai,M,M,2026-01-05
21055.0,21055,Kristi,Carlson,M,F,2026-01-05
21056.0,21056,Walter,Munoz,M,M,2026-01-05
21057.0,21057,Elizabeth,Butler,M,F,2026-01-05
21058.0,21058,Meredith,Suri,S,F,2026-01-05
21059.0,21059,Misty,Chande,M,F,2026-01-05
21060.0,21060,Jaclyn,Tang,S,F,2026-01-05
21061.0,21061,Desiree,Suarez,M,F,2026-01-05
21062.0,21062,Miranda,Barnes,S,F,2026-01-05
21063.0,21063,Louis,Li,M,M,2026-01-05
21064.0,21064,Colleen,Sun,S,F,2026-01-05
21065.0,21065,Robert,Thompson,M,M,2026-01-05
21066.0,21066,Ebony,Arun,M,F,2026-01-05
21067.0,21067,Frank,Jimenez,S,M,2026-01-05
21068.0,21068,Lawrence,Jimenez,S,M,2026-01-05
21069.0,21069,Colin,Lu,M,M,2026-01-05
21070.0,21070,Latoya,Yuan,M,F,2026-01-05
21071.0,21071,Lindsey,Pal,S,F,2026-01-05
21072.0,21072,Dominic,Sanchez,S,M,2026-01-05
21073.0,21073,Catherine,Kelly,S,F,2026-01-05
21074.0,21074,Diane,Carlson,M,F,2026-01-05
21075.0,21075,Manuel,Rana,M,M,2026-01-05
21076.0,21076,Terrence,Nath,S,M,2026-01-05
21077.0,21077,Rachel,James,S,F,2026-01-05
21078.0,21078,Grace,Gray,S,F,2026-01-05
21079.0,21079,Lee,Carlson,S,M,2026-01-05
21080.0,21080,Ebony,Lopez,M,F,2026-01-05
21081.0,21081,Xavier,Smith,S,M,2026-01-05
21082.0,21082,Jason,Edwards,S,M,2026-01-05
21083.0,21083,Trisha,Chen,S,F,2026-01-05
21084.0,21084,Clarence,Deng,M,M,2026-01-05
21085.0,21085,Leslie,Vazquez,M,F,2026-01-05
21086.0,21086,Katelyn,Bell,M,F,2026-01-05
21087.0,21087,Rebecca,Scott,S,F,2026-01-05
21088.0,21088,Alvin,Anand,S,M,2026-01-05
21089.0,21089,Yiroyuki,Sato,S,F,2026-01-05
21090.0,21090,Thomas,Garcia,S,M,2026-01-05
21091.0,21091,Ashley,Jenkins,S,F,2026-01-05
21092.0,21092,Gina,Gutierrez,M,F,2026-01-05
21093.0,21093,Jacquelyn,Castro,M,F,2026-01-05
21094.0,21094,Alison,Sharma,S,F,2026-01-05
21095.0,21095,Lance,Munoz,S,M,2026-01-05
21096.0,21096,Jon,Lin,S,M,2026-01-05
21097.0,21097,Gary,Ruiz,M,M,2026-01-05
21098.0,21098,Steve,Ma,M,M,2026-01-05
21099.0,21099,Sandra,Liu,S,F,2026-01-05
21100.0,21100,Sandra,Zhang,S,F,2026-01-05
21101.0,21101,Meagan,Perez,S,F,2026-01-05
21102.0,21102,Willie,Zheng,M,M,2026-01-05
21103.0,21103,Francis,Hernandez,M,M,2026-01-05
21104.0,21104,Robin,Gutierrez,M,F,2026-01-05
21105.0,21105,Cory,Sara,M,M,2026-01-05
21106.0,21106,Katie,Sharma,M,F,2026-01-05
21107.0,21107,Kaitlin,Rodriguez,M,F,2026-01-05
21108.0,21108,Kristine,Martin,M,F,2026-01-05
21109.0,21109,Katie,Pal,S,F,2026-01-05
21110.0,21110,Brent,Zeng,M,M,2026-01-05
21111.0,21111,Ricardo,Deng,S,M,2026-01-05
21112.0,21112,Johnathan,Prasad,M,M,2026-01-05
21113.0,21113,Laura,Cai,S,F,2026-01-05
21114.0,21114,Savannah,Murphy,M,F,2026-01-05
21115.0,21115,Bobby,Raman,S,M,2026-01-05
21116.0,21116,Carson,Russell,M,M,2026-01-05
21117.0,21117,Bryant,Sara,S,M,2026-01-05
21118.0,21118,Lisa,Hu,S,F,2026-01-05
21119.0,21119,Edward,Campbell,S,M,2026-01-05
21120.0,21120,Roger,Chen,M,M,2026-01-05
21121.0,21121,Garrett,Reed,S,M,2026-01-05
21122.0,21122,Julie,Xie,M,F,2026-01-05
21123.0,21123,Carl,Luo,S,M,2026-01-05
21124.0,21124,Mallory,Alvarez,S,F,2026-01-05
21125.0,21125,Bruce,Rana,S,M,2026-01-05
21126.0,21126,Kaitlin,Gonzalez,S,F,2026-01-05
21127.0,21127,Crystal,Zheng,S,F,2026-01-05
21128.0,21128,Kenneth,Andersen,S,M,2026-01-05
21129.0,21129,Rafael,Wang,S,M,2026-01-05
21130.0,21130,Mackenzie,Ward,M,F,2026-01-05
21131.0,21131,Gilbert,Nath,S,M,2026-01-05
21132.0,21132,Jeffery,Hu,S,M,2026-01-05
21133.0,21133,April,Kumar,S,F,2026-01-05
21134.0,21134,Bob,Chapman,S,M,2026-01-05
21135.0,21135,Raul,Raji,M,M,2026-01-05
21136.0,21136,Natasha,Carlson,M,F,2026-01-05
21137.0,21137,Steve,Li,S,M,2026-01-05
21138.0,21138,Kaylee,Phillips,M,F,2026-01-05
21139.0,21139,Alex,Adams,M,M,2026-01-05
21140.0,21140,Byron,Diaz,M,M,2026-01-05
21141.0,21141,Omar,Li,S,M,2026-01-05
21142.0,21142,Mason,Brooks,M,M,2026-01-05
21143.0,21143,Allison,Campbell,M,F,2026-01-05
21144.0,21144,Lucas,Richardson,M,M,2026-01-05
21145.0,21145,Mindy,Lal,M,F,2026-01-05
21146.0,21146,Robert,Taylor,M,M,2026-01-05
21147.0,21147,Angel,Rogers,M,M,2026-01-05
21148.0,21148,Brianna,Gonzales,S,F,2026-01-05
21149.0,21149,Miguel,Diaz,S,M,2026-01-05
21150.0,21150,Alyssa,Ramirez,S,F,2026-01-05
21151.0,21151,Aaron,Campbell,S,M,2026-01-05
21152.0,21152,Amanda,Hill,S,F,2026-01-05
21153.0,21153,James,Thompson,M,M,2026-01-05
21154.0,21154,Michael,Clark,M,M,2026-01-05
21155.0,21155,Jeremiah,Flores,M,M,2026-01-05
21156.0,21156,Maria,Lopez,M,F,2026-01-05
21157.0,21157,Robert,Perry,M,M,2026-01-05
21158.0,21158,Trevor,Patterson,S,M,2026-01-05
21159.0,21159,Kaitlyn,Rodriguez,M,F,2026-01-05
21160.0,21160,April,Xie,M,F,2026-01-05
21161.0,21161,Megan,Johnson,M,F,2026-01-05
21162.0,21162,Brooke,Sanchez,S,F,2026-01-05
21163.0,21163,William,Williams,M,M,2026-01-05
21164.0,21164,Troy,Raman,M,M,2026-01-05
21165.0,21165,Sheila,Gomez,S,F,2026-01-05
21166.0,21166,Tamara,Yuan,S,F,2026-01-05
21167.0,21167,Kara,Becker,S,F,2026-01-05
21168.0,21168,Clifford,Chapman,M,M,2026-01-05
21169.0,21169,Nancy,Arun,M,F,2026-01-05
21170.0,21170,Edwin,Sun,M,M,2026-01-05
21171.0,21171,Christopher,Taylor,S,M,2026-01-05
21172.0,21172,Francisco,Sanchez,M,M,2026-01-05
21173.0,21173,Chad,Yuan,M,M,2026-01-05
21174.0,21174,Andre,Smith,M,M,2026-01-05
21175.0,21175,Armando,Gomez,S,M,2026-01-05
21176.0,21176,Raul,Chande,M,M,2026-01-05
21177.0,21177,Kara,Nath,M,F,2026-01-05
21178.0,21178,Jillian,Saunders,M,F,2026-01-05
21179.0,21179,Jaclyn,Zhou,M,F,2026-01-05
21180.0,21180,Katherine,Flores,S,F,2026-01-05
21181.0,21181,Summer,Sullivan,S,F,2026-01-05
21182.0,21182,Lori,Navarro,M,F,2026-01-05
21183.0,21183,Hector,Moreno,M,M,2026-01-05
21184.0,21184,Harold,Rodriguez,S,M,2026-01-05
21185.0,21185,Gilbert,Jai,M,M,2026-01-05
21186.0,21186,Randall,Vazquez,S,M,2026-01-05
21187.0,21187,Darrell,Luo,M,M,2026-01-05
21188.0,21188,Clifford,Sanchez,M,M,2026-01-05
21189.0,21189,Desiree,Rubio,M,F,2026-01-05
21190.0,21190,Pablo,Rovira Diez,S,M,2026-01-05
21191.0,21191,Willie,Lu,M,M,2026-01-05
21192.0,21192,Regina,Sai,M,F,2026-01-05
21193.0,21193,Philip,Hernandez,M,M,2026-01-05
21194.0,21194,Tara,Nara,M,F,2026-01-05
21195.0,21195,Rafael,Xu,M,M,2026-01-05
21196.0,21196,Kathleen,Alonso,M,F,2026-01-05
21197.0,21197,Sheena,Pal,S,F,2026-01-05
21198.0,21198,Madison,Williams,M,F,2026-01-05
21199.0,21199,Ruth,Raman,S,F,2026-01-05
21200.0,21200,Alison,Kumar,S,F,2026-01-05
21201.0,21201,Anna,Rogers,S,F,2026-01-05
21202.0,21202,Theresa,Torres,S,F,2026-01-05
21203.0,21203,Mary,Allen,M,F,2026-01-05
21204.0,21204,Candice,Lu,S,F,2026-01-05
21205.0,21205,Denise,Vance,S,F,2026-01-05
21206.0,21206,Roberto,Moreno,S,M,2026-01-05
21207.0,21207,Vincent,Li,M,M,2026-01-05
21208.0,21208,Olivia,Griffin,S,F,2026-01-05
21209.0,21209,Randall,Moreno,S,M,2026-01-05
21210.0,21210,Colin,Luo,S,M,2026-01-05
21211.0,21211,Louis,He,S,M,2026-01-05
21212.0,21212,Nicolas,Lal,S,M,2026-01-05
21213.0,21213,Peter,Black,S,M,2026-01-05
21214.0,21214,Corey,She,S,M,2026-01-05
21215.0,21215,Tiffany,Yang,S,F,2026-01-05
21216.0,21216,Larry,Blanco,S,M,2026-01-05
21217.0,21217,Casey,Xie,S,F,2026-01-05
21218.0,21218,Wyatt,Rodriguez,S,M,2026-01-05
21219.0,21219,Candice,Zhu,S,F,2026-01-05
21220.0,21220,Meghan,Moyer,M,F,2026-01-05
21221.0,21221,Martin,Sai,M,M,2026-01-05
21222.0,21222,Kelvin,Xu,M,M,2026-01-05
21223.0,21223,Evelyn,Suri,S,F,2026-01-05
21224.0,21224,Jamie,Alan,M,M,2026-01-05
21225.0,21225,Michele,Jai,S,F,2026-01-05
21226.0,21226,Dale,Nara,S,M,2026-01-05
21227.0,21227,Melanie,Morgan,M,F,2026-01-05
21228.0,21228,Cassidy,Henderson,M,F,2026-01-05
21229.0,21229,Latoya,Jai,S,F,2026-01-05
21230.0,21230,Carla,Rodriguez,M,F,2026-01-05
21231.0,21231,Christine,Goel,M,F,2026-01-05
21232.0,21232,Levi,Garcia,M,M,2026-01-05
21233.0,21233,Christopher,Smith,M,M,2026-01-05
21234.0,21234,Brianna,Rivera,S,F,2026-01-05
21235.0,21235,Stephanie,Hernandez,S,F,2026-01-05
21236.0,21236,Adrian,Peterson,S,M,2026-01-05
21237.0,21237,Luke,Washington,M,M,2026-01-05
21238.0,21238,Carl,Tang,S,M,2026-01-05
21239.0,21239,Christy,Liang,M,F,2026-01-05
21240.0,21240,Aaron,Jenkins,S,M,2026-01-05
21241.0,21241,Carson,Griffin,S,M,2026-01-05
21242.0,21242,Morgan,Patterson,S,F,2026-01-05
21243.0,21243,Juan,Bailey,M,M,2026-01-05
21244.0,21244,Allison,Torres,M,F,2026-01-05
21245.0,21245,Samantha,Rodriguez,M,F,2026-01-05
21246.0,21246,Samuel,Nelson,S,M,2026-01-05
21247.0,21247,Alex,Sanders,M,M,2026-01-05
21248.0,21248,Ramon,Li,M,M,2026-01-05
21249.0,21249,Alvin,Xu,S,M,2026-01-05
21250.0,21250,Fernando,Coleman,M,M,2026-01-05
21251.0,21251,Erika,Dominguez,S,F,2026-01-05
21252.0,21252,Luis,Chen,S,M,2026-01-05
21253.0,21253,Victoria,Williams,S,F,2026-01-05
21254.0,21254,Tonya,Black,M,F,2026-01-05
21255.0,21255,Martha,Lu,M,F,2026-01-05
21256.0,21256,Meghan,Torres,M,F,2026-01-05
21257.0,21257,Evelyn,Subram,M,F,2026-01-05
21258.0,21258,Alfredo,Serrano,S,M,2026-01-05
21259.0,21259,Curtis,Cai,S,M,2026-01-05
21260.0,21260,Ariana,Howard,S,F,2026-01-05
21261.0,21261,Jessica,Kelly,S,F,2026-01-05
21262.0,21262,Sara,Edwards,S,F,2026-01-05
21263.0,21263,Gail,Russell,S,F,2026-01-05
21264.0,21264,Caleb,Butler,S,M,2026-01-05
21265.0,21265,Richard,Stone,S,M,2026-01-05
21266.0,21266,Taylor,Washington,S,F,2026-01-05
21267.0,21267,Charles,Parker,M,M,2026-01-05
21268.0,21268,Elizabeth,Lewis,M,F,2026-01-05
21269.0,21269,Blake,Clark,S,M,2026-01-05
21270.0,21270,Daniel,Jackson,S,M,2026-01-05
21271.0,21271,Thomas,Wang,M,M,2026-01-05
21272.0,21272,Nicole,Ward,S,F,2026-01-05
21273.0,21273,Jennifer,Thomas,M,F,2026-01-05
21274.0,21274,Seth,Scott,S,M,2026-01-05
21275.0,21275,Abigail,Cox,M,F,2026-01-05
21276.0,21276,Ian,Coleman,M,M,2026-01-05
21277.0,21277,Lucas,Thompson,S,M,2026-01-05
21278.0,21278,Julia,King,S,F,2026-01-05
21279.0,21279,Linda,Rousey,M,F,2026-01-05
21280.0,21280,Justin,Walker,S,M,2026-01-05
21281.0,21281,Andrea,Hill,S,F,2026-01-05
21282.0,21282,Julia,Smith,M,F,2026-01-05
21283.0,21283,Orlando,Jiménez,M,M,2026-01-05
21284.0,21284,Cody,Stewart,M,M,2026-01-05
21285.0,21285,Mackenzie,Rivera,M,F,2026-01-05
21286.0,21286,Luke,Roy,S,M,2026-01-05
21287.0,21287,Kendra,Jimenez,M,F,2026-01-05
21288.0,21288,Hunter,Hall,S,M,2026-01-05
21289.0,21289,Warren,Wang,S,M,2026-01-05
21290.0,21290,Angel,Torres,S,M,2026-01-05
21291.0,21291,Rachel,Morris,M,F,2026-01-05
21292.0,21292,Austin,Martinez,M,M,2026-01-05
21293.0,21293,Ashley,Garcia,S,F,2026-01-05
21294.0,21294,David,Foster,M,M,2026-01-05
21295.0,21295,Benjamin,Thomas,M,M,2026-01-05
21296.0,21296,Luis,Hall,M,M,2026-01-05
21297.0,21297,Melanie,Murphy,S,F,2026-01-05
21298.0,21298,Noah,Collins,M,M,2026-01-05
21299.0,21299,Hannah,Gonzales,M,F,2026-01-05
21300.0,21300,Kaylee,Morgan,M,F,2026-01-05
21301.0,21301,Sierra,Gonzalez,S,F,2026-01-05
21302.0,21302,Logan,Foster,M,M,2026-01-05
21303.0,21303,Sydney,Jenkins,M,F,2026-01-05
21304.0,21304,Jada,Cooper,M,F,2026-01-05
21305.0,21305,Hunter,Garcia,M,M,2026-01-05
21306.0,21306,Jackson,Perry,S,M,2026-01-05
21307.0,21307,Olivia,Jones,M,F,2026-01-05
21308.0,21308,Kayla,Garcia,M,F,2026-01-05
21309.0,21309,Julia,Anderson,M,F,2026-01-05
21310.0,21310,Mariah,Hayes,M,F,2026-01-05
21311.0,21311,Jennifer,Ramirez,S,F,2026-01-05
21312.0,21312,Connor,Scott,M,M,2026-01-05
21313.0,21313,Beth,Diaz,M,F,2026-01-05
21314.0,21314,Devin,Patterson,M,M,2026-01-05
21315.0,21315,Audrey,Sanz,M,F,2026-01-05
21316.0,21316,John,Thompson,M,M,2026-01-05
21317.0,21317,Lauren,Rivera,M,F,2026-01-05
21318.0,21318,Devin,Richardson,S,M,2026-01-05
21319.0,21319,Zachary,Lee,M,M,2026-01-05
21320.0,21320,Hannah,Coleman,M,F,2026-01-05
21321.0,21321,Jon,Jai,S,M,2026-01-05
21322.0,21322,Carlos,Ramirez,M,M,2026-01-05
21323.0,21323,Robert,Jackson,M,M,2026-01-05
21324.0,21324,Chloe,Baker,M,F,2026-01-05
21325.0,21325,Angela,Hayes,M,F,2026-01-05
21326.0,21326,Andrea,Green,M,F,2026-01-05
21327.0,21327,Connor,Washington,S,M,2026-01-05
21328.0,21328,Xavier,Nelson,S,M,2026-01-05
21329.0,21329,Wyatt,Brown,M,M,2026-01-05
21330.0,21330,Isabella,Clark,S,F,2026-01-05
21331.0,21331,Timothy,James,S,M,2026-01-05
21332.0,21332,Bailey,Carter,M,F,2026-01-05
21333.0,21333,Mackenzie,Allen,M,F,2026-01-05
21334.0,21334,Mason,Nelson,S,M,2026-01-05
21335.0,21335,Ana,Coleman,M,F,2026-01-05
21336.0,21336,Angel,Perez,M,M,2026-01-05
21337.0,21337,Jennifer,Smith,S,F,2026-01-05
21338.0,21338,Victoria,Price,M,F,2026-01-05
21339.0,21339,Haley,Barnes,S,F,2026-01-05
21340.0,21340,Adam,Wang,M,M,2026-01-05
21341.0,21341,Louis,Liu,M,M,2026-01-05
21342.0,21342,Tonya,Xie,M,F,2026-01-05
21343.0,21343,Colin,Zeng,M,M,2026-01-05
21344.0,21344,Trevor,Perry,M,M,2026-01-05
21345.0,21345,Kristina,Martinez,M,F,2026-01-05
21346.0,21346,Christian,Rodriguez,M,M,2026-01-05
21347.0,21347,Alisha,Raji,S,F,2026-01-05
21348.0,21348,Alexis,Patterson,M,F,2026-01-05
21349.0,21349,Bryan,Kelly,M,M,2026-01-05
21350.0,21350,Mindy,Sharma,M,F,2026-01-05
21351.0,21351,James,Coleman,M,M,2026-01-05
21352.0,21352,Morgan,Long,M,F,2026-01-05
21353.0,21353,Karen,Wu,S,F,2026-01-05
21354.0,21354,Morgan,Bailey,S,F,2026-01-05
21355.0,21355,Mya,Diaz,M,F,2026-01-05
21356.0,21356,Gabriella,Evans,S,F,2026-01-05
21357.0,21357,Jada,Nelson,S,F,2026-01-05
21358.0,21358,Cody,Reed,M,M,2026-01-05
21359.0,21359,Johnny,Luo,M,M,2026-01-05
21360.0,21360,Orlando,Gill,M,M,2026-01-05
21361.0,21361,Ricky,Romero,M,M,2026-01-05
21362.0,21362,Angel,Evans,M,M,2026-01-05
21363.0,21363,Tammy,Arthur,M,F,2026-01-05
21364.0,21364,Charles,Gray,S,M,2026-01-05
21365.0,21365,Gloria,Ramos,M,F,2026-01-05
21366.0,21366,Kelvin,Andersen,M,M,2026-01-05
21367.0,21367,Cindy,Rana,M,F,2026-01-05
21368.0,21368,Mason,Collins,M,M,2026-01-05
21369.0,21369,Sarah,Rodriguez,M,F,2026-01-05
21370.0,21370,Emmanuel,Martinez,M,M,2026-01-05
21371.0,21371,Ann,Patel,M,F,2026-01-05
21372.0,21372,Wayne,Raje,S,M,2026-01-05
21373.0,21373,Clayton,Liu,M,M,2026-01-05
21374.0,21374,Stacey,Zhou,M,F,2026-01-05
21375.0,21375,Carl,Sharma,S,M,2026-01-05
21376.0,21376,Paula,Ramos,M,F,2026-01-05
21377.0,21377,Allison,Bailey,S,F,2026-01-05
21378.0,21378,Rebekah,Diaz,M,F,2026-01-05
21379.0,21379,Colleen,Huang,M,F,2026-01-05
21380.0,21380,Candace,Sara,M,F,2026-01-05
21381.0,21381,Francis,Ruiz,M,M,2026-01-05
21382.0,21382,Brad,Chander,M,M,2026-01-05
21383.0,21383,Ricardo,Anand,M,M,2026-01-05
21384.0,21384,Ronnie,Lin,M,M,2026-01-05
21385.0,21385,Nicole,Peterson,S,F,2026-01-05
21386.0,21386,Abigail,Wood,S,F,2026-01-05
21387.0,21387,Nelson,Diaz,S,M,2026-01-05
21388.0,21388,Nicole,Lee,S,F,2026-01-05
21389.0,21389,Jamie,Sun,M,F,2026-01-05
21390.0,21390,Grant,Becker,M,M,2026-01-05
21391.0,21391,Dawn,Xie,M,F,2026-01-05
21392.0,21392,Kelli,Lin,M,F,2026-01-05
21393.0,21393,Candace,Arun,S,F,2026-01-05
21394.0,21394,Gabriella,Parker,S,F,2026-01-05
21395.0,21395,Alexia,Hughes,M,F,2026-01-05
21396.0,21396,Megan,Martinez,S,F,2026-01-05
21397.0,21397,Mason,Howard,M,M,2026-01-05
21398.0,21398,Ethan,Diaz,M,M,2026-01-05
21399.0,21399,Ian,Hughes,M,M,2026-01-05
21400.0,21400,Adam,Campbell,S,M,2026-01-05
21401.0,21401,Eric,Powell,S,M,2026-01-05
21402.0,21402,Kevin,King,M,M,2026-01-05
21403.0,21403,Lisa,Roy,S,M,2026-01-05
21404.0,21404,Julio,Sanz,S,M,2026-01-05
21405.0,21405,Bonnie,Shen,M,F,2026-01-05
21406.0,21406,Troy,Chandra,M,M,2026-01-05
21407.0,21407,Wesley,Lin,M,M,2026-01-05
21408.0,21408,Autumn,Chen,M,F,2026-01-05
21409.0,21409,Johnny,Deng,M,M,2026-01-05
21410.0,21410,Eric,Zhang,M,M,2026-01-05
21411.0,21411,Maria,Kelly,S,F,2026-01-05
21412.0,21412,Jordan,Alexander,M,M,2026-01-05
21413.0,21413,Dalton,Robinson,M,M,2026-01-05
21414.0,21414,Aaron,Butler,M,M,2026-01-05
21415.0,21415,Sydney,Sanchez,S,F,2026-01-05
21416.0,21416,Ryan,Butler,S,M,2026-01-05
21417.0,21417,Gabrielle,Torres,S,F,2026-01-05
21418.0,21418,Alicia,Chapman,M,F,2026-01-05
21419.0,21419,Gilbert,Ma,M,M,2026-01-05
21420.0,21420,Isabella,Carter,S,F,2026-01-05
21421.0,21421,Ashley,Ross,M,F,2026-01-05
21422.0,21422,Karen,Wood,M,F,2026-01-05
21423.0,21423,Connor,Adams,S,M,2026-01-05
21424.0,21424,Emily,Alexander,M,F,2026-01-05
21425.0,21425,Carlos,Hall,M,M,2026-01-05
21426.0,21426,Jon,Raje,M,M,2026-01-05
21427.0,21427,Kelly,Foster,M,F,2026-01-05
21428.0,21428,Jada,Brooks,M,F,2026-01-05
21429.0,21429,Isabella,Sandberg,M,F,2026-01-05
21430.0,21430,Savannah,Morgan,M,F,2026-01-05
21431.0,21431,Preston,Kapoor,S,M,2026-01-05
21432.0,21432,Melanie,Ward,M,F,2026-01-05
21433.0,21433,Gerald,Martinez,M,M,2026-01-05
21434.0,21434,Isabella,Smith,S,F,2026-01-05
21435.0,21435,Connor,Alexander,S,M,2026-01-05
21436.0,21436,Brandi,Serrano,S,F,2026-01-05
21437.0,21437,Whitney,Sara,S,F,2026-01-05
21438.0,21438,Edward,Price,S,M,2026-01-05
21439.0,21439,Thomas,Clark,S,M,2026-01-05
21440.0,21440,Ian,Morgan,S,M,2026-01-05
21441.0,21441,Edward,Nelson,M,M,2026-01-05
21442.0,21442,Savannah,Cook,S,F,2026-01-05
21443.0,21443,Zoe,Morgan,M,F,2026-01-05
21444.0,21444,Blake,Lopez,M,M,2026-01-05
21445.0,21445,Madeline,Evans,M,F,2026-01-05
21446.0,21446,Jeremy,Barnes,M,M,2026-01-05
21447.0,21447,Anthony,Harris,M,M,2026-01-05
21448.0,21448,Jenna,Nelson,M,F,2026-01-05
21449.0,21449,Devon,Raheem,M,M,2026-01-05
21450.0,21450,Nathan,Bryant,M,M,2026-01-05
21451.0,21451,Jocelyn,Ross,M,F,2026-01-05
21452.0,21452,Seth,Bailey,M,M,2026-01-05
21453.0,21453,Wayne,Deng,M,M,2026-01-05
21454.0,21454,Alvin,Goldstein,M,M,2026-01-05
21455.0,21455,Samuel,Shan,M,M,2026-01-05
21456.0,21456,Dalton,Gonzales,M,M,2026-01-05
21457.0,21457,Jamie,Serrano,M,M,2026-01-05
21458.0,21458,Carson,Price,M,M,2026-01-05
21459.0,21459,Luis,Alexander,M,M,2026-01-05
21460.0,21460,Jack,Carter,M,M,2026-01-05
21461.0,21461,Elizabeth,Simmons,M,F,2026-01-05
21462.0,21462,Katelyn,Nelson,S,F,2026-01-05
21463.0,21463,Logan,Roberts,M,M,2026-01-05
21464.0,21464,Miguel,Griffin,M,M,2026-01-05
21465.0,21465,Austin,Shan,M,M,2026-01-05
21466.0,21466,Austin,Jones,M,M,2026-01-05
21467.0,21467,David,Harris,M,M,2026-01-05
21468.0,21468,Ethan,Yang,M,M,2026-01-05
21469.0,21469,Caitlin,Bell,S,F,2026-01-05
21470.0,21470,Stephanie,Jenkins,S,F,2026-01-05
21471.0,21471,Marcus,Carter,M,M,2026-01-05
21472.0,21472,Patrick,Ward,M,M,2026-01-05
21473.0,21473,Stacy,Rubio,M,F,2026-01-05
21474.0,21474,Lucas,Gray,M,M,2026-01-05
21475.0,21475,Cassidy,Alexander,M,F,2026-01-05
21476.0,21476,Hunter,Jenkins,M,M,2026-01-05
21477.0,21477,Katelyn,Watson,M,F,2026-01-05
21478.0,21478,Abigail,Reed,M,F,2026-01-05
21479.0,21479,Noah,Foster,M,M,2026-01-05
21480.0,21480,Alfredo,Martin,M,M,2026-01-05
21481.0,21481,Jose,Diaz,M,M,2026-01-05
21482.0,21482,Haley,Flores,S,F,2026-01-05
21483.0,21483,Michelle,Bailey,M,F,2026-01-05
21484.0,21484,Abigail,Coleman,M,F,2026-01-05
21485.0,21485,Brandon,Clark,M,M,2026-01-05
21486.0,21486,Suzanne,Gao,S,F,2026-01-05
21487.0,21487,Jacqueline,Ramirez,S,F,2026-01-05
21488.0,21488,Madison,Henderson,M,F,2026-01-05
21489.0,21489,Neil,Gutierrez,M,M,2026-01-05
21490.0,21490,Cole,Ward,M,M,2026-01-05
21491.0,21491,Joseph,Lewis,M,M,2026-01-05
21492.0,21492,Robert,Jai,S,M,2026-01-05
21493.0,21493,Carson,Coleman,S,M,2026-01-05
21494.0,21494,Kayla,Gonzales,S,F,2026-01-05
21495.0,21495,James,Hughes,M,M,2026-01-05
21496.0,21496,Nichole,Rai,M,F,2026-01-05
21497.0,21497,Patrick,Cox,M,M,2026-01-05
21498.0,21498,Cameron,Wilson,M,M,2026-01-05
21499.0,21499,Bailey,Ramirez,M,F,2026-01-05
21500.0,21500,Devin,Long,M,M,2026-01-05
21501.0,21501,Deb,Foster,S,M,2026-01-05
21502.0,21502,Morgan,Clark,S,F,2026-01-05
21503.0,21503,Melanie,Long,M,F,2026-01-05
21504.0,21504,Chloe,Torres,M,F,2026-01-05
21505.0,21505,Ronald,Gonzalez,S,M,2026-01-05
21506.0,21506,Randall,Gutierrez,M,M,2026-01-05
21507.0,21507,Hunter,Smith,M,M,2026-01-05
21508.0,21508,Suzanne,Li,M,F,2026-01-05
21509.0,21509,Michele,Lopez,M,F,2026-01-05
21510.0,21510,Carol,Perry,M,F,2026-01-05
21511.0,21511,Richard,Sanders,M,M,2026-01-05
21512.0,21512,Emma,Russell,M,F,2026-01-05
21513.0,21513,Stacey,Xu,M,F,2026-01-05
21514.0,21514,Krystal,Zhu,M,F,2026-01-05
21515.0,21515,Barbara,Yuan,M,F,2026-01-05
21516.0,21516,Larry,Serrano,M,M,2026-01-05
21517.0,21517,Gerald,Subram,M,M,2026-01-05
21518.0,21518,Ruben,Madan,M,M,2026-01-05
21519.0,21519,Franklin,Becker,S,M,2026-01-05
21520.0,21520,Seth,Baker,M,M,2026-01-05
21521.0,21521,Joanna,Romero,S,F,2026-01-05
21522.0,21522,Morgan,Bryant,S,F,2026-01-05
21523.0,21523,Timothy,Green,M,M,2026-01-05
21524.0,21524,Faith,Wood,S,F,2026-01-05
21525.0,21525,Victoria,Howard,M,F,2026-01-05
21526.0,21526,Jonathon,Munoz,S,M,2026-01-05
21527.0,21527,Sergio,Patel,S,M,2026-01-05
21528.0,21528,Jay,Moreno,M,M,2026-01-05
21529.0,21529,Kristi,Martinez,S,F,2026-01-05
21530.0,21530,Toni,Raman,M,F,2026-01-05
21531.0,21531,Kari,Vance,M,F,2026-01-05
21532.0,21532,Sierra,Turner,M,F,2026-01-05
21533.0,21533,Gilbert,Tang,M,M,2026-01-05
21534.0,21534,Warren,Rai,S,M,2026-01-05
21535.0,21535,Alfredo,Sandberg,S,M,2026-01-05
21536.0,21536,Billy,Rubio,M,M,2026-01-05
21537.0,21537,Gloria,Navarro,M,F,2026-01-05
21538.0,21538,Tara,Luo,M,F,2026-01-05
21539.0,21539,Phillip,Raman,M,M,2026-01-05
21540.0,21540,Ross,Rubio,S,M,2026-01-05
21541.0,21541,Daisy,Gutierrez,M,F,2026-01-05
21542.0,21542,Patricia,Vance,M,F,2026-01-05
21543.0,21543,Naomi,Romero,M,F,2026-01-05
21544.0,21544,Gary,Moreno,M,M,2026-01-05
21545.0,21545,Michele,Schmidt,M,F,2026-01-05
21546.0,21546,Cory,Garcia,M,M,2026-01-05
21547.0,21547,Brad,Raje,S,M,2026-01-05
21548.0,21548,Christy,Chander,M,F,2026-01-05
21549.0,21549,Jerome,Ruiz,S,M,2026-01-05
21550.0,21550,Kara,Deng,M,F,2026-01-05
21551.0,21551,Elijah,Butler,S,M,2026-01-05
21552.0,21552,Francis,Alvarez,M,M,2026-01-05
21553.0,21553,Allen,Suri,M,M,2026-01-05
21554.0,21554,Molly,Rana,S,F,2026-01-05
21555.0,21555,Jarrod,Madan,S,M,2026-01-05
21556.0,21556,Gloria,Serrano,S,F,2026-01-05
21557.0,21557,Kate,Lal,S,F,2026-01-05
21558.0,21558,Nicole,Coleman,S,F,2026-01-05
21559.0,21559,Pedro,Malhotra,M,M,2026-01-05
21560.0,21560,Kristopher,Lopez,M,M,2026-01-05
21561.0,21561,Albert,Navarro,S,M,2026-01-05
21562.0,21562,Drew,Jai,S,M,2026-01-05
21563.0,21563,Carla,Mehta,S,F,2026-01-05
21564.0,21564,Erica,Liu,S,F,2026-01-05
21565.0,21565,Sheena,Shan,M,F,2026-01-05
21566.0,21566,Jermaine,Garcia,M,M,2026-01-05
21567.0,21567,Candace,Sanchez,M,F,2026-01-05
21568.0,21568,Jacquelyn,Hernandez,M,F,2026-01-05
21569.0,21569,Brendan,Rai,S,M,2026-01-05
21570.0,21570,Barry,Kovár,M,M,2026-01-05
21571.0,21571,Darryl,Yang,M,M,2026-01-05
21572.0,21572,Randall,Ramos,M,M,2026-01-05
21573.0,21573,Jimmy,Munoz,S,M,2026-01-05
21574.0,21574,Fernando,Lewis,M,M,2026-01-05
21575.0,21575,Justin,Foster,M,M,2026-01-05
21576.0,21576,Benjamin,Gonzales,M,M,2026-01-05
21577.0,21577,Tiffany,Ma,M,F,2026-01-05
21578.0,21578,Jordan,Green,M,M,2026-01-05
21579.0,21579,Wyatt,Jackson,M,M,2026-01-05
21580.0,21580,Mariah,Ward,S,F,2026-01-05
21581.0,21581,Rachel,Russell,M,F,2026-01-05
21582.0,21582,Amber,Roberts,M,F,2026-01-05
21583.0,21583,Jaclyn,Lal,M,F,2026-01-05
21584.0,21584,Gavin,Bryant,M,M,2026-01-05
21585.0,21585,Trinity,Gray,M,F,2026-01-05
21586.0,21586,Stephanie,Foster,M,F,2026-01-05
21587.0,21587,Jenna,Roberts,M,F,2026-01-05
21588.0,21588,Theodore,Martin,M,M,2026-01-05
21589.0,21589,Vanessa,Coleman,M,F,2026-01-05
21590.0,21590,Taylor,Gonzales,M,F,2026-01-05
21591.0,21591,Clayton,Goel,M,M,2026-01-05
21592.0,21592,Christina,Reed,M,F,2026-01-05
21593.0,21593,Marcus,Roberts,S,M,2026-01-05
21594.0,21594,Brianna,Moore,M,F,2026-01-05
21595.0,21595,Juan,Ward,M,M,2026-01-05
21596.0,21596,Luke,Wright,M,M,2026-01-05
21597.0,21597,Jose,Jones,M,M,2026-01-05
21598.0,21598,Chloe,Perez,M,F,2026-01-05
21599.0,21599,Sara,Lopez,M,F,2026-01-05
21600.0,21600,Alexa,Bell,M,F,2026-01-05
21601.0,21601,Jacqueline,Bell,M,F,2026-01-05
21602.0,21602,Manuel,Malhotra,M,M,2026-01-05
21603.0,21603,Seth,Barnes,M,M,2026-01-05
21604.0,21604,Melanie,Howard,S,F,2026-01-05
21605.0,21605,Brittney,Ye,M,F,2026-01-05
21606.0,21606,Connor,Roberts,M,M,2026-01-05
21607.0,21607,Bryce,Torres,M,M,2026-01-05
21608.0,21608,David,Griffin,M,M,2026-01-05
21609.0,21609,Tabitha,Blanco,S,F,2026-01-05
21610.0,21610,Caleb,Edwards,M,M,2026-01-05
21611.0,21611,Ethan,Wilson,M,M,2026-01-05
21612.0,21612,Spencer,Foster,S,M,2026-01-05
21613.0,21613,Caleb,Powell,S,M,2026-01-05
21614.0,21614,William,Thomas,M,M,2026-01-05
21615.0,21615,Grace,Torres,S,F,2026-01-05
21616.0,21616,Carson,Wood,M,M,2026-01-05
21617.0,21617,Jennifer,Miller,S,F,2026-01-05
21618.0,21618,Elijah,Carter,M,M,2026-01-05
21619.0,21619,Angela,Patterson,S,F,2026-01-05
21620.0,21620,Mariah,Brooks,M,F,2026-01-05
21621.0,21621,Jordan,Parker,M,M,2026-01-05
21622.0,21622,Ethan,Winston,M,M,2026-01-05
21623.0,21623,Connor,Diaz,M,M,2026-01-05
21624.0,21624,Faith,Price,S,F,2026-01-05
21625.0,21625,Jennifer,Hall,M,F,2026-01-05
21626.0,21626,Brianna,Garcia,M,F,2026-01-05
21627.0,21627,Bailey,Roberts,M,F,2026-01-05
21628.0,21628,Kelli,Xu,S,F,2026-01-05
21629.0,21629,Thomas,Thomas,S,M,2026-01-05
21630.0,21630,Faith,Jenkins,M,F,2026-01-05
21631.0,21631,Martin,Sanchez,M,M,2026-01-05
21632.0,21632,Jaclyn,Liang,M,F,2026-01-05
21633.0,21633,Cameron,Zhang,M,M,2026-01-05
21634.0,21634,Arianna,Cook,M,F,2026-01-05
21635.0,21635,Christian,Lewis,M,M,2026-01-05
21636.0,21636,Katherine,Rivera,M,F,2026-01-05
21637.0,21637,Richard,Lewis,S,M,2026-01-05
21638.0,21638,Olivia,Harris,S,F,2026-01-05
21639.0,21639,Anthony,Wilson,M,M,2026-01-05
21640.0,21640,Charles,Cooper,M,M,2026-01-05
21641.0,21641,Kaylee,Perez,M,F,2026-01-05
21642.0,21642,Alexandra,Rodriguez,M,F,2026-01-05
21643.0,21643,Wyatt,Diaz,M,M,2026-01-05
21644.0,21644,Sydney,Howard,M,F,2026-01-05
21645.0,21645,Spencer,Alexander,M,M,2026-01-05
21646.0,21646,Luis,Bryant,M,M,2026-01-05
21647.0,21647,Blake,Brown,S,M,2026-01-05
21648.0,21648,Ronnie,Sun,S,M,2026-01-05
21649.0,21649,Keith,Nara,M,M,2026-01-05
21650.0,21650,Cedric,Zeng,M,M,2026-01-05
21651.0,21651,Sean,Cooper,M,M,2026-01-05
21652.0,21652,Julia,Bell,M,F,2026-01-05
21653.0,21653,Jose,Anderson,S,M,2026-01-05
21654.0,21654,Aidan,Barnes,S,M,2026-01-05
21655.0,21655,Zachary,Bryant,M,M,2026-01-05
21656.0,21656,Hannah,Hayes,M,F,2026-01-05
21657.0,21657,Sara,Green,S,F,2026-01-05
21658.0,21658,Jocelyn,Powell,M,F,2026-01-05
21659.0,21659,Gabrielle,Jenkins,M,F,2026-01-05
21660.0,21660,Allison,Watson,M,F,2026-01-05
21661.0,21661,Terry,Champion,S,M,2026-01-05
21662.0,21662,Orlando,Muñoz,S,M,2026-01-05
21663.0,21663,Kenneth,Goel,S,M,2026-01-05
21664.0,21664,Edwin,Yuan,S,M,2026-01-05
21665.0,21665,Karl,Jai,S,M,2026-01-05
21666.0,21666,Leslie,Jimenez,M,F,2026-01-05
21667.0,21667,Crystal,Zhang,M,F,2026-01-05
21668.0,21668,Christina,Rogers,M,F,2026-01-05
21669.0,21669,Jessica,Rodriguez,M,F,2026-01-05
21670.0,21670,Benjamin,Lal,S,M,2026-01-05
21671.0,21671,Nicolas,Jai,S,M,2026-01-05
21672.0,21672,Craig,Gomez,S,M,2026-01-05
21673.0,21673,Jésus,Gill,S,M,2026-01-05
21674.0,21674,Jada,Morris,M,F,2026-01-05
21675.0,21675,Adriana,Rana,S,F,2026-01-05
21676.0,21676,Valerie,Guo,S,F,2026-01-05
21677.0,21677,Cedric,Chander,S,M,2026-01-05
21678.0,21678,Alvin,Tang,S,M,2026-01-05
21679.0,21679,Drew,Yuan,S,M,2026-01-05
21680.0,21680,Ricky,Torres,S,M,2026-01-05
21681.0,21681,Casey,Ortega,S,M,2026-01-05
21682.0,21682,Katrina,Goel,S,F,2026-01-05
21683.0,21683,Henry,Suri,S,M,2026-01-05
21684.0,21684,Mariah,Bennett,M,F,2026-01-05
21685.0,21685,Bailey,Green,S,F,2026-01-05
21686.0,21686,Albert,Ortega,M,M,2026-01-05
21687.0,21687,Sarah,Brown,S,F,2026-01-05
21688.0,21688,Jesse,Morris,S,M,2026-01-05
21689.0,21689,Olivia,Simmons,M,F,2026-01-05
21690.0,21690,Samantha,Thomas,S,F,2026-01-05
21691.0,21691,Brandon,Martin,S,M,2026-01-05
21692.0,21692,Savannah,Ward,S,F,2026-01-05
21693.0,21693,Alyssa,Ashe,S,F,2026-01-05
21694.0,21694,Bobby,Sai,S,M,2026-01-05
21695.0,21695,Ethan,Rodriguez,M,M,2026-01-05
21696.0,21696,Gabrielle,Watson,M,F,2026-01-05
21697.0,21697,Dalton,Powell,M,M,2026-01-05
21698.0,21698,Tracy,She,M,F,2026-01-05
21699.0,21699,Logan,Sharma,M,M,2026-01-05
21700.0,21700,Juan,Ramirez,M,M,2026-01-05
21701.0,21701,Abigail,Sanders,M,F,2026-01-05
21702.0,21702,Paige,Gonzales,M,F,2026-01-05
21703.0,21703,Paige,Blue,M,F,2026-01-05
21704.0,21704,Charles,Martinez,M,M,2026-01-05
21705.0,21705,Warren,Sharma,M,M,2026-01-05
21706.0,21706,Haley,Murphy,M,F,2026-01-05
21707.0,21707,Cassidy,Simmons,M,F,2026-01-05
21708.0,21708,Andrea,Brooks,M,F,2026-01-05
21709.0,21709,Katherine,Torres,S,F,2026-01-05
21710.0,21710,Brittany,Gonzales,M,F,2026-01-05
21711.0,21711,Hailey,Gray,S,F,2026-01-05
21712.0,21712,Megan,Ross,M,F,2026-01-05
21713.0,21713,Jose,Parker,S,M,2026-01-05
21714.0,21714,Carmen,Patel,S,F,2026-01-05
21715.0,21715,Jonathan,Ross,M,M,2026-01-05
21716.0,21716,Gerald,Sara,M,M,2026-01-05
21717.0,21717,Angel,King,M,M,2026-01-05
21718.0,21718,Devin,Roberts,S,M,2026-01-05
21719.0,21719,Morgan,Torres,S,F,2026-01-05
21720.0,21720,Raul,Jai,S,M,2026-01-05
21721.0,21721,Sara,Campbell,S,F,2026-01-05
21722.0,21722,Spencer,Wood,M,M,2026-01-05
21723.0,21723,Tiffany,Huang,M,F,2026-01-05
21724.0,21724,Mandy,Yang,S,F,2026-01-05
21725.0,21725,Gabrielle,Cannata,S,F,2026-01-05
21726.0,21726,Morgan,Hall,S,F,2026-01-05
21727.0,21727,Arianna,Flores,M,F,2026-01-05
21728.0,21728,Madison,Harris,S,F,2026-01-05
21729.0,21729,Alexandria,Morgan,S,F,2026-01-05
21730.0,21730,Noah,Campbell,M,M,2026-01-05
21731.0,21731,Alexandra,Diaz,M,F,2026-01-05
21732.0,21732,Ian,Johnson,S,M,2026-01-05
21733.0,21733,Ian,Simmons,S,M,2026-01-05
21734.0,21734,Grace,Garcia,M,F,2026-01-05
21735.0,21735,Grace,Diaz,M,F,2026-01-05
21736.0,21736,Thomas,Thompson,M,M,2026-01-05
21737.0,21737,Timothy,Rivera,S,M,2026-01-05
21738.0,21738,Francis,Alonso,M,M,2026-01-05
21739.0,21739,Dale,Rai,S,M,2026-01-05
21740.0,21740,Taylor,Walker,M,F,2026-01-05
21741.0,21741,Alexa,Sanders,M,F,2026-01-05
21742.0,21742,Katelyn,Cox,M,F,2026-01-05
21743.0,21743,Theresa,Rubio,M,F,2026-01-05
21744.0,21744,Emma,Perry,M,F,2026-01-05
21745.0,21745,Isabel,Foster,S,F,2026-01-05
21746.0,21746,Xavier,Hernandez,M,M,2026-01-05
21747.0,21747,Derrick,Munoz,M,M,2026-01-05
21748.0,21748,Wyatt,Harris,S,M,2026-01-05
21749.0,21749,Ashley,Williams,S,F,2026-01-05
21750.0,21750,Carlos,Reed,M,M,2026-01-05
21751.0,21751,Logan,Jackson,M,M,2026-01-05
21752.0,21752,Rafael,Li,M,M,2026-01-05
21753.0,21753,Morgan,Robinson,M,F,2026-01-05
21754.0,21754,Kaitlyn,Lopez,M,F,2026-01-05
21755.0,21755,Lucas,White,M,M,2026-01-05
21756.0,21756,Allison,Carter,M,F,2026-01-05
21757.0,21757,Elijah,Wang,M,M,2026-01-05
21758.0,21758,Patricia,Malhotra,M,F,2026-01-05
21759.0,21759,Jennifer,Moore,M,F,2026-01-05
21760.0,21760,Margaret,She,M,F,2026-01-05
21761.0,21761,Makayla,Sanders,S,F,2026-01-05
21762.0,21762,Andrea,Hernandez,M,F,2026-01-05
21763.0,21763,Madison,Brown,M,F,2026-01-05
21764.0,21764,Nathan,Smith,M,M,2026-01-05
21765.0,21765,Nathaniel,Kelly,M,M,2026-01-05
21766.0,21766,Jesse,Baker,M,M,2026-01-05
21767.0,21767,Mariah,Ramirez,M,F,2026-01-05
21768.0,21768,Cole,Watson,S,M,2026-01-05
21769.0,21769,Michele,Rubio,S,F,2026-01-05
21770.0,21770,Brandon,Thomas,M,M,2026-01-05
21771.0,21771,Sheena,Shen,M,F,2026-01-05
21772.0,21772,Sarah,Patterson,M,F,2026-01-05
21773.0,21773,Alyssa,Rogers,M,F,2026-01-05
21774.0,21774,Brian,James,M,M,2026-01-05
21775.0,21775,Sean,Ramirez,S,M,2026-01-05
21776.0,21776,Daniel,Thompson,M,M,2026-01-05
21777.0,21777,Emily,Gonzales,M,F,2026-01-05
21778.0,21778,Louis,Shen,M,M,2026-01-05
21779.0,21779,Maurice,Black,S,M,2026-01-05
21780.0,21780,Pedro,Gonzalez,M,M,2026-01-05
21781.0,21781,Jared,Rivera,M,M,2026-01-05
21782.0,21782,Blake,Martin,S,M,2026-01-05
21783.0,21783,Kate,Goel,S,F,2026-01-05
21784.0,21784,Mackenzie,Hernandez,S,F,2026-01-05
21785.0,21785,Tabitha,Rodriguez,S,F,2026-01-05
21786.0,21786,Alexis,Bennett,M,F,2026-01-05
21787.0,21787,Rebecca,Allen,M,F,2026-01-05
21788.0,21788,Spencer,Barnes,M,M,2026-01-05
21789.0,21789,Lauren,Griffin,M,F,2026-01-05
21790.0,21790,James,Diaz,M,M,2026-01-05
21791.0,21791,Richard,Price,M,M,2026-01-05
21792.0,21792,Cassidy,Butler,M,F,2026-01-05
21793.0,21793,Kaylee,Scott,M,F,2026-01-05
21794.0,21794,Alyssa,James,M,F,2026-01-05
21795.0,21795,Tristan,Bennett,S,M,2026-01-05
21796.0,21796,Emma,Ward,M,F,2026-01-05
21797.0,21797,Kelvin,Gao,M,M,2026-01-05
21798.0,21798,Jade,Sanders,M,F,2026-01-05
21799.0,21799,Angel,Cook,M,M,2026-01-05
21800.0,21800,Heidi,Raman,M,F,2026-01-05
21801.0,21801,Kaylee,Cooper,M,F,2026-01-05
21802.0,21802,Lucas,Roberts,M,M,2026-01-05
21803.0,21803,Emily,Thomas,M,F,2026-01-05
21804.0,21804,Brooke,Cook,M,F,2026-01-05
21805.0,21805,Lucas,Russell,M,M,2026-01-05
21806.0,21806,Kelvin,Xie,S,M,2026-01-05
21807.0,21807,Amanda,Campbell,M,F,2026-01-05
21808.0,21808,Amanda,Green,M,F,2026-01-05
21809.0,21809,Sydney,Thompson,M,F,2026-01-05
21810.0,21810,Justin,Miller,M,M,2026-01-05
21811.0,21811,Olivia,Williams,M,F,2026-01-05
21812.0,21812,Adrian,Bailey,M,M,2026-01-05
21813.0,21813,Dalton,Brown,M,M,2026-01-05
21814.0,21814,Noah,Edwards,M,M,2026-01-05
21815.0,21815,Gabrielle,Green,S,F,2026-01-05
21816.0,21816,Jackson,Roberts,S,M,2026-01-05
21817.0,21817,Jerome,Carlson,M,M,2026-01-05
21818.0,21818,Willie,Chander,M,M,2026-01-05
21819.0,21819,Chloe,Howard,M,F,2026-01-05
21820.0,21820,Priscilla,Nath,M,F,2026-01-05
21821.0,21821,Clayton,Tang,S,M,2026-01-05
21822.0,21822,Gregory,Yuan,S,M,2026-01-05
21823.0,21823,Lacey,She,S,F,2026-01-05
21824.0,21824,Warren,She,M,M,2026-01-05
21825.0,21825,Randy,Zhou,M,M,2026-01-05
21826.0,21826,Abigail,Russell,M,F,2026-01-05
21827.0,21827,Mallory,Gutierrez,M,F,2026-01-05
21828.0,21828,Megan,Gonzales,S,F,2026-01-05
21829.0,21829,Carolyn,Rana,M,F,2026-01-05
21830.0,21830,Briana,Alonso,M,F,2026-01-05
21831.0,21831,Yolanda,Anand,M,F,2026-01-05
21832.0,21832,Pedro,Gill,M,M,2026-01-05
21833.0,21833,Terrance,Gonzalez,S,M,2026-01-05
21834.0,21834,Jillian,Mehta,M,F,2026-01-05
21835.0,21835,Susan,Sun,M,F,2026-01-05
21836.0,21836,Kristi,Raman,M,F,2026-01-05
21837.0,21837,Megan,Alexander,M,F,2026-01-05
21838.0,21838,Gerald,Ruiz,M,M,2026-01-05
21839.0,21839,Billy,Diaz,M,M,2026-01-05
21840.0,21840,Stacey,Ma,M,F,2026-01-05
21841.0,21841,Lindsay,Nath,M,F,2026-01-05
21842.0,21842,Neil,Navarro,M,M,2026-01-05
21843.0,21843,Erica,He,S,F,2026-01-05
21844.0,21844,James,Long,M,M,2026-01-05
21845.0,21845,Cameron,Miller,M,M,2026-01-05
21846.0,21846,Kevin,Patterson,M,M,2026-01-05
21847.0,21847,Dominic,Madan,S,M,2026-01-05
21848.0,21848,Jerry,Raje,M,M,2026-01-05
21849.0,21849,Todd,Chow,M,M,2026-01-05
21850.0,21850,Bruce,Subram,M,M,2026-01-05
21851.0,21851,Stuart,Railson,M,M,2026-01-05
21852.0,21852,Eduardo,Johnson,M,M,2026-01-05
21853.0,21853,Stacy,Gutierrez,M,F,2026-01-05
21854.0,21854,Theresa,Schmidt,M,F,2026-01-05
21855.0,21855,Paula,Martin,M,F,2026-01-05
21856.0,21856,Emmanuel,Sanchez,M,M,2026-01-05
21857.0,21857,Jay,Dominguez,S,M,2026-01-05
21858.0,21858,Curtis,Lin,S,M,2026-01-05
21859.0,21859,Monica,Kim,S,F,2026-01-05
21860.0,21860,Jacquelyn,Gill,M,F,2026-01-05
21861.0,21861,Kari,Romero,M,F,2026-01-05
21862.0,21862,Michele,Prasad,M,F,2026-01-05
21863.0,21863,Shawna,Anand,S,F,2026-01-05
21864.0,21864,Martin,Lopez,S,M,2026-01-05
21865.0,21865,Kathryn,Andersen,M,F,2026-01-05
21866.0,21866,Shannon,Zhu,M,F,2026-01-05
21867.0,21867,Michael,Ruggiero,M,M,2026-01-05
21868.0,21868,Aimee,Ma,M,F,2026-01-05
21869.0,21869,Tina,Prasad,M,F,2026-01-05
21870.0,21870,Jenny,Raji,M,F,2026-01-05
21871.0,21871,Devin,Adams,S,M,2026-01-05
21872.0,21872,Alisha,Lal,S,F,2026-01-05
21873.0,21873,Kellie,Navarro,M,F,2026-01-05
21874.0,21874,Brandi,Suarez,M,F,2026-01-05
21875.0,21875,Cedric,Nara,S,M,2026-01-05
21876.0,21876,Philip,Rubio,S,M,2026-01-05
21877.0,21877,Clarence,Xu,S,M,2026-01-05
21878.0,21878,Bryant,Rana,M,M,2026-01-05
21879.0,21879,Louis,Ma,S,M,2026-01-05
21880.0,21880,Marc,Gomez,M,M,2026-01-05
21881.0,21881,Nicole,Lewis,S,F,2026-01-05
21882.0,21882,Jay,Ramos,S,M,2026-01-05
21883.0,21883,Patricia,Kapoor,S,F,2026-01-05
21884.0,21884,Tabitha,Gutierrez,M,F,2026-01-05
21885.0,21885,Rafael,Xu,S,M,2026-01-05
21886.0,21886,Jill,Carlson,S,F,2026-01-05
21887.0,21887,Ashley,White,M,F,2026-01-05
21888.0,21888,Evan,Edwards,S,M,2026-01-05
21889.0,21889,Sheila,Navarro,M,F,2026-01-05
21890.0,21890,Tiffany,Zeng,M,F,2026-01-05
21891.0,21891,Dawn,Nara,M,F,2026-01-05
21892.0,21892,Joan,Hernandez,M,F,2026-01-05
21893.0,21893,Brandi,Hernandez,S,F,2026-01-05
21894.0,21894,David,Li,S,M,2026-01-05
21895.0,21895,Kaylee,Gonzalez,S,F,2026-01-05
21896.0,21896,Roy,Subram,M,M,2026-01-05
21897.0,21897,Francisco,Subram,M,M,2026-01-05
21898.0,21898,Devon,Raji,M,M,2026-01-05
21899.0,21899,Marie,Vazquez,M,F,2026-01-05
21900.0,21900,Robert,Jones,S,M,2026-01-05
21901.0,21901,Elizabeth,Taylor,M,F,2026-01-05
21902.0,21902,Natalie,James,S,F,2026-01-05
21903.0,21903,Fernando,Jenkins,S,M,2026-01-05
21904.0,21904,Chase,Sandberg,M,M,2026-01-05
21905.0,21905,Pedro,Hernandez,M,M,2026-01-05
21906.0,21906,Miranda,Simmons,M,F,2026-01-05
21907.0,21907,Jordan,Hall,M,F,2026-01-05
21908.0,21908,Isabel,Hayes,M,F,2026-01-05
21909.0,21909,Allison,Ward,M,F,2026-01-05
21910.0,21910,Rebekah,Perez,S,F,2026-01-05
21911.0,21911,Joan,Ross,S,F,2026-01-05
21912.0,21912,Colleen,Kumar,S,F,2026-01-05
21913.0,21913,Arthur,Blanco,S,M,2026-01-05
21914.0,21914,Emily,Brown,S,F,2026-01-05
21915.0,21915,Tristan,Wood,M,M,2026-01-05
21916.0,21916,Jesse,Evans,M,M,2026-01-05
21917.0,21917,Dalton,Johnson,M,M,2026-01-05
21918.0,21918,Carol,Serrano,S,F,2026-01-05
21919.0,21919,Melissa,Howard,M,F,2026-01-05
21920.0,21920,Destiny,Bennett,M,F,2026-01-05
21921.0,21921,Lucas,Collins,M,M,2026-01-05
21922.0,21922,Bailey,Ward,M,F,2026-01-05
21923.0,21923,Justin,Williams,M,M,2026-01-05
21924.0,21924,Eduardo,Cook,M,M,2026-01-05
21925.0,21925,Tabitha,Dominguez,S,F,2026-01-05
21926.0,21926,Melanie,Henderson,S,F,2026-01-05
21927.0,21927,Meredith,Browning,S,F,2026-01-05
21928.0,21928,Karl,Luo,S,M,2026-01-05
21929.0,21929,Karen,Perry,S,F,2026-01-05
21930.0,21930,Marissa,Perry,S,F,2026-01-05
21931.0,21931,Marcus,Wood,M,M,2026-01-05
21932.0,21932,Leonard,Kumar,M,M,2026-01-05
21933.0,21933,Nicole,Martin,M,F,2026-01-05
21934.0,21934,Jennifer,Cox,M,F,2026-01-05
21935.0,21935,Victoria,Simmons,M,F,2026-01-05
21936.0,21936,Emma,Reed,M,F,2026-01-05
21937.0,21937,Morgan,Ross,S,F,2026-01-05
21938.0,21938,Savannah,Hall,M,F,2026-01-05
21939.0,21939,Thomas,Roberts,M,M,2026-01-05
21940.0,21940,Alejandro,Sharma,M,M,2026-01-05
21941.0,21941,Gail,Moore,S,F,2026-01-05
21942.0,21942,Julia,Roberts,M,F,2026-01-05
21943.0,21943,Cindy,Mehta,S,F,2026-01-05
21944.0,21944,Daisy,Jiménez,M,F,2026-01-05
21945.0,21945,Pearlie,Rusek,S,F,2026-01-05
21946.0,21946,Michele,Deng,M,F,2026-01-05
21947.0,21947,Diane,Romero,M,F,2026-01-05
21948.0,21948,Ann,Madan,M,F,2026-01-05
21949.0,21949,Clayton,Chavez,S,M,2026-01-05
21950.0,21950,Armando,Hernandez,S,M,2026-01-05
21951.0,21951,Orlando,Hernandez,S,M,2026-01-05
21952.0,21952,Latasha,Vazquez,S,F,2026-01-05
21953.0,21953,Marvin,Vazquez,M,M,2026-01-05
21954.0,21954,Yolanda,Andersen,S,F,2026-01-05
21955.0,21955,Jenny,Ferrier,S,F,2026-01-05
21956.0,21956,Jay,Kapoor,S,M,2026-01-05
21957.0,21957,Kathryn,Shen,M,F,2026-01-05
21958.0,21958,Mallory,Blanco,S,F,2026-01-05
21959.0,21959,Jimmy,Dominguez,M,M,2026-01-05
21960.0,21960,Dawn,Liu,M,F,2026-01-05
21961.0,21961,Chelsea,Garcia,M,F,2026-01-05
21962.0,21962,Kristi,Smith,S,F,2026-01-05
21963.0,21963,Jacquelyn,Serrano,M,F,2026-01-05
21964.0,21964,Devon,Nara,M,M,2026-01-05
21965.0,21965,Bethany,Raheem,M,F,2026-01-05
21966.0,21966,Ross,Sai,M,M,2026-01-05
21967.0,21967,Charles,Sanders,M,M,2026-01-05
21968.0,21968,Jaime,Deng,S,M,2026-01-05
21969.0,21969,Latoya,Deng,S,F,2026-01-05
21970.0,21970,Jada,Rivera,S,F,2026-01-05
21971.0,21971,Warren,Shan,M,M,2026-01-05
21972.0,21972,Mandy,She,M,F,2026-01-05
21973.0,21973,Janet,Vazquez,M,F,2026-01-05
21974.0,21974,Whitney,Suri,S,F,2026-01-05
21975.0,21975,Alfredo,Ruiz,M,M,2026-01-05
21976.0,21976,Jacqueline,Torres,S,F,2026-01-05
21977.0,21977,Phillip,Malhotra,S,M,2026-01-05
21978.0,21978,Tracy,Deng,M,F,2026-01-05
21979.0,21979,Philip,Gutierrez,M,M,2026-01-05
21980.0,21980,Beth,Moreno,S,F,2026-01-05
21981.0,21981,Isabella,Henderson,M,F,2026-01-05
21982.0,21982,Deborah,Lal,M,F,2026-01-05
21983.0,21983,Glenn,Liang,M,M,2026-01-05
21984.0,21984,Kristy,Suarez,S,F,2026-01-05
21985.0,21985,Eddie,Torres,M,M,2026-01-05
21986.0,21986,Kristi,Chapman,S,F,2026-01-05
21987.0,21987,Theodore,Dominguez,S,M,2026-01-05
21988.0,21988,Alisha,Zhao,M,F,2026-01-05
21989.0,21989,Erik,Jimenez,M,M,2026-01-05
21990.0,21990,Alejandro,Rai,S,M,2026-01-05
21991.0,21991,Teresa,Gill,M,F,2026-01-05
21992.0,21992,Alejandro,Zhang,S,M,2026-01-05
21993.0,21993,Craig,Sanz,M,M,2026-01-05
21994.0,21994,Natasha,Ruiz,S,F,2026-01-05
21995.0,21995,Kathryn,Raji,S,F,2026-01-05
21996.0,21996,Amy,Gao,M,F,2026-01-05
21997.0,21997,Dennis,Xu,M,M,2026-01-05
21998.0,21998,Erik,Hernandez,M,M,2026-01-05
21999.0,21999,Julia,Barnes,M,F,2026-01-05
22000.0,22000,Cynthia,Chandra,M,F,2026-01-05
22001.0,22001,Gregory,Chander,S,M,2026-01-05
22002.0,22002,Kristen,Chen,M,F,2026-01-05
22003.0,22003,Jill,Navarro,M,F,2026-01-05
22004.0,22004,Meghan,Ortega,M,F,2026-01-05
22005.0,22005,Pamela,Mehta,M,F,2026-01-05
22006.0,22006,Jon,Nara,M,M,2026-01-05
22007.0,22007,Kaylee,Hernandez,S,F,2026-01-05
22008.0,22008,Alisha,Ye,S,F,2026-01-05
22009.0,22009,Ross,Alvarez,S,M,2026-01-05
22010.0,22010,Henry,Lopez,S,M,2026-01-05
22011.0,22011,Richard,Patterson,S,M,2026-01-05
22012.0,22012,Regina,Malhotra,S,F,2026-01-05
22013.0,22013,Marcus,Jenkins,S,M,2026-01-05
22014.0,22014,Jose,Gonzales,S,M,2026-01-05
22015.0,22015,Mary,Turner,M,F,2026-01-05
22016.0,22016,Terrence,Andersen,S,M,2026-01-05
22017.0,22017,Sharon,She,M,F,2026-01-05
22018.0,22018,Todd,Sun,M,M,2026-01-05
22019.0,22019,Rachel,Bryant,M,F,2026-01-05
22020.0,22020,Jaime,Shan,M,M,2026-01-05
22021.0,22021,Ethan,White,S,M,2026-01-05
22022.0,22022,Christopher,Davis,S,M,2026-01-05
22023.0,22023,Rafael,Chen,S,M,2026-01-05
22024.0,22024,Samuel,Chen,S,M,2026-01-05
22025.0,22025,Riley,Peterson,S,F,2026-01-05
22026.0,22026,Bridget,Kennedy,M,F,2026-01-05
22027.0,22027,Franklin,Luo,S,M,2026-01-05
22028.0,22028,Jodi,Shen,M,F,2026-01-05
22029.0,22029,Laura,Gao,M,F,2026-01-05
22030.0,22030,Barbara,Shen,M,F,2026-01-05
22031.0,22031,Jorge,Cai,M,M,2026-01-05
22032.0,22032,Ivan,Fernandez,M,M,2026-01-05
22033.0,22033,Marshall,Zhao,S,M,2026-01-05
22034.0,22034,Seth,Clark,M,M,2026-01-05
22035.0,22035,Ryan,Wilson,M,M,2026-01-05
22036.0,22036,Gabriella,Hall,S,F,2026-01-05
22037.0,22037,Angela,Gonzales,M,F,2026-01-05
22038.0,22038,Isabella,Jackson,S,F,2026-01-05
22039.0,22039,Marissa,Simmons,S,F,2026-01-05
22040.0,22040,Devin,Brown,M,M,2026-01-05
22041.0,22041,Paige,Morris,S,F,2026-01-05
22042.0,22042,Abigail,Bryant,M,F,2026-01-05
22043.0,22043,Trinity,Cox,S,F,2026-01-05
22044.0,22044,Connor,Young,S,M,2026-01-05
22045.0,22045,Cameron,Chen,S,M,2026-01-05
22046.0,22046,Jasmine,Sanders,S,F,2026-01-05
22047.0,22047,David,Gonzales,M,M,2026-01-05
22048.0,22048,Grace,Washington,M,F,2026-01-05
22049.0,22049,Allen,Patel,S,M,2026-01-05
22050.0,22050,Richard,Bailey,S,M,2026-01-05
22051.0,22051,Lauren,Rogers,S,F,2026-01-05
22052.0,22052,Zachary,Butler,M,M,2026-01-05
22053.0,22053,Jaime,Goel,S,M,2026-01-05
22054.0,22054,Russell,Raji,S,M,2026-01-05
22055.0,22055,Hannah,Clark,M,F,2026-01-05
22056.0,22056,Alex,Howard,M,M,2026-01-05
22057.0,22057,Kyle,Ross,S,M,2026-01-05
22058.0,22058,Jake,Zukowski,S,M,2026-01-05
22059.0,22059,Jonathan,Johnson,M,M,2026-01-05
22060.0,22060,Evan,Hill,M,M,2026-01-05
22061.0,22061,Jenny,Goel,S,F,2026-01-05
22062.0,22062,Cameron,Flores,S,M,2026-01-05
22063.0,22063,Joanna,Suarez,M,F,2026-01-05
22064.0,22064,Lawrence,Carlson,M,M,2026-01-05
22065.0,22065,Roy,Martin,M,M,2026-01-05
22066.0,22066,Paula,Munoz,M,F,2026-01-05
22067.0,22067,Julia,Jackson,M,F,2026-01-05
22068.0,22068,Sean,James,S,M,2026-01-05
22069.0,22069,Bailey,Reed,S,F,2026-01-05
22070.0,22070,Eduardo,Brown,M,M,2026-01-05
22071.0,22071,Gabriel,Carter,S,M,2026-01-05
22072.0,22072,Devin,Russell,S,M,2026-01-05
22073.0,22073,Timothy,Sanders,M,M,2026-01-05
22074.0,22074,Richard,Washington,S,M,2026-01-05
22075.0,22075,Pedro,Patel,M,M,2026-01-05
22076.0,22076,Nelson,Vazquez,M,M,2026-01-05
22077.0,22077,Marvin,Rubio,M,M,2026-01-05
22078.0,22078,William,Martin,M,M,2026-01-05
22079.0,22079,Katherine,Perez,M,F,2026-01-05
22080.0,22080,Caitlin,Sanchez,M,F,2026-01-05
22081.0,22081,Olivia,Clark,M,F,2026-01-05
22082.0,22082,Lucas,Barnes,S,M,2026-01-05
22083.0,22083,David,Flores,M,M,2026-01-05
22084.0,22084,Francis,Gomez,M,M,2026-01-05
22085.0,22085,Toni,Mehta,M,F,2026-01-05
22086.0,22086,Chelsea,Sanchez,M,F,2026-01-05
22087.0,22087,Joan,Coleman,M,F,2026-01-05
22088.0,22088,Hannah,Diaz,M,F,2026-01-05
22089.0,22089,Mason,Gray,M,M,2026-01-05
22090.0,22090,Alexandra,Miller,M,F,2026-01-05
22091.0,22091,Kayla,Griffin,M,F,2026-01-05
22092.0,22092,Andrea,Young,M,F,2026-01-05
22093.0,22093,Sydney,Baker,M,F,2026-01-05
22094.0,22094,Jared,Watson,M,M,2026-01-05
22095.0,22095,Brandon,Perry,S,M,2026-01-05
22096.0,22096,Bryce,Cooper,S,M,2026-01-05
22097.0,22097,David,Anderson,M,M,2026-01-05
22098.0,22098,Katherine,Brooks,S,F,2026-01-05
22099.0,22099,Joel,Schmidt,M,M,2026-01-05
22100.0,22100,Fernando,Hall,M,M,2026-01-05
22101.0,22101,Carol,White,S,F,2026-01-05
22102.0,22102,Eduardo,Cox,M,M,2026-01-05
22103.0,22103,Alexandra,Hernandez,M,F,2026-01-05
22104.0,22104,Richard,Adams,S,M,2026-01-05
22105.0,22105,Taylor,Cooper,M,F,2026-01-05
22106.0,22106,Olivia,Long,M,F,2026-01-05
22107.0,22107,Michael,Jones,S,M,2026-01-05
22108.0,22108,Eduardo,Powell,S,M,2026-01-05
22109.0,22109,Jonathan,Mitchell,M,M,2026-01-05
22110.0,22110,Eduardo,King,M,M,2026-01-05
22111.0,22111,Gabriella,King,M,F,2026-01-05
22112.0,22112,Paige,Reed,M,F,2026-01-05
22113.0,22113,Katherine,Garcia,S,F,2026-01-05
22114.0,22114,Lucas,Martin,M,M,2026-01-05
22115.0,22115,Dalton,Rogers,M,M,2026-01-05
22116.0,22116,Robert,Lopez,S,M,2026-01-05
22117.0,22117,Sydney,Perez,M,F,2026-01-05
22118.0,22118,Jennifer,Parker,S,F,2026-01-05
22119.0,22119,Hailey,Flores,M,F,2026-01-05
22120.0,22120,Jennifer,Perry,M,F,2026-01-05
22121.0,22121,Jackson,Henderson,M,M,2026-01-05
22122.0,22122,Rachel,Butler,M,F,2026-01-05
22123.0,22123,Isabella,Bailey,S,F,2026-01-05
22124.0,22124,Desiree,Alonso,M,F,2026-01-05
22125.0,22125,Zachary,Garcia,M,M,2026-01-05
22126.0,22126,Rachel,Ward,M,F,2026-01-05
22127.0,22127,Marcus,Thompson,M,M,2026-01-05
22128.0,22128,Melissa,Perry,M,F,2026-01-05
22129.0,22129,Chloe,Hall,M,F,2026-01-05
22130.0,22130,Xavier,Bryant,M,M,2026-01-05
22131.0,22131,Jessica,Cook,M,F,2026-01-05
22132.0,22132,Rachael,Mehta,M,F,2026-01-05
22133.0,22133,Xavier,Adams,M,M,2026-01-05
22134.0,22134,Leonard,Raji,M,M,2026-01-05
22135.0,22135,Julia,Hernandez,M,F,2026-01-05
22136.0,22136,Devin,Evans,M,M,2026-01-05
22137.0,22137,Elizabeth,Griffin,M,F,2026-01-05
22138.0,22138,Alexandra,Brooks,M,F,2026-01-05
22139.0,22139,Jaime,Pal,M,M,2026-01-05
22140.0,22140,Makayla,Sanchez,M,F,2026-01-05
22141.0,22141,Jesse,Carter,M,M,2026-01-05
22142.0,22142,Nelson,Alonso,M,M,2026-01-05
22143.0,22143,Summer,Prasad,M,F,2026-01-05
22144.0,22144,Zachary,Wang,M,M,2026-01-05
22145.0,22145,Eduardo,Kelly,M,M,2026-01-05
22146.0,22146,Benjamin,Chen,S,M,2026-01-05
22147.0,22147,Brett,Kapoor,M,M,2026-01-05
22148.0,22148,Candace,Prasad,M,F,2026-01-05
22149.0,22149,Gregory,Shen,M,M,2026-01-05
22150.0,22150,Damien,Liang,M,M,2026-01-05
22151.0,22151,Neil,Jimenez,M,M,2026-01-05
22152.0,22152,Marcus,King,M,M,2026-01-05
22153.0,22153,Alyssa,Kelly,M,F,2026-01-05
22154.0,22154,Yolanda,Yuan,S,F,2026-01-05
22155.0,22155,Steve,Cai,M,M,2026-01-05
22156.0,22156,Jamie,Zheng,M,F,2026-01-05
22157.0,22157,Maria,Richardson,S,F,2026-01-05
22158.0,22158,Amber,Phillips,S,F,2026-01-05
22159.0,22159,David,Davis,S,M,2026-01-05
22160.0,22160,Alex,Richardson,S,M,2026-01-05
22161.0,22161,Rachel,Clark,S,F,2026-01-05
22162.0,22162,Brad,Yuan,M,M,2026-01-05
22163.0,22163,Morgan,Scott,S,F,2026-01-05
22164.0,22164,Destiny,Morris,S,F,2026-01-05
22165.0,22165,Aaron,Perez,M,M,2026-01-05
22166.0,22166,Katherine,Gray,S,F,2026-01-05
22167.0,22167,Colleen,Yang,M,F,2026-01-05
22168.0,22168,Erica,Wang,M,F,2026-01-05
22169.0,22169,Jenny,Li,M,F,2026-01-05
22170.0,22170,Cynthia,Martinez,M,F,2026-01-05
22171.0,22171,Meredith,Gonzalez,M,F,2026-01-05
22172.0,22172,Cesar,Sara,M,M,2026-01-05
22173.0,22173,Bianca,Cai,M,F,2026-01-05
22174.0,22174,Micah,Lu,M,M,2026-01-05
22175.0,22175,Joy,Dominguez,M,F,2026-01-05
22176.0,22176,Alejandro,Yang,M,M,2026-01-05
22177.0,22177,Meghan,Suarez,M,F,2026-01-05
22178.0,22178,Jessica,Bell,M,F,2026-01-05
22179.0,22179,Abby,Mehta,M,F,2026-01-05
22180.0,22180,Joe,Srini,S,M,2026-01-05
22181.0,22181,Gary,Romero,S,M,2026-01-05
22182.0,22182,Madeline,Parker,S,F,2026-01-05
22183.0,22183,Benjamin,Jones,M,M,2026-01-05
22184.0,22184,Jeremy,Carter,M,M,2026-01-05
22185.0,22185,Connor,Henderson,M,M,2026-01-05
22186.0,22186,Jonathan,Foster,S,M,2026-01-05
22187.0,22187,Hannah,Russell,S,F,2026-01-05
22188.0,22188,Sarah,Barnes,M,F,2026-01-05
22189.0,22189,Linda,Hernandez,M,F,2026-01-05
22190.0,22190,Carlos,Richardson,S,M,2026-01-05
22191.0,22191,Jack,Adams,S,M,2026-01-05
22192.0,22192,Henry,Zimmerman,S,M,2026-01-05
22193.0,22193,Toni,Garcia,S,F,2026-01-05
22194.0,22194,Bruce,Sai,S,M,2026-01-05
22195.0,22195,Philip,Romero,M,M,2026-01-05
22196.0,22196,Francis,Romero,S,M,2026-01-05
22197.0,22197,Larry,Dominguez,S,M,2026-01-05
22198.0,22198,Frank,Hernandez,M,M,2026-01-05
22199.0,22199,David,Lee,S,M,2026-01-05
22200.0,22200,Martha,Ye,S,F,2026-01-05
22201.0,22201,Lindsey,Luo,M,F,2026-01-05
22202.0,22202,Roberto,Diaz,M,M,2026-01-05
22203.0,22203,Alisha,Zheng,M,F,2026-01-05
22204.0,22204,Dustin,Xie,M,M,2026-01-05
22205.0,22205,Bobby,Saunders,M,M,2026-01-05
22206.0,22206,Cynthia,Rodriguez,S,F,2026-01-05
22207.0,22207,Nancy,Sanchez,S,F,2026-01-05
22208.0,22208,Candice,Liang,M,F,2026-01-05
22209.0,22209,Cedric,Shen,M,M,2026-01-05
22210.0,22210,Martha,Yang,M,F,2026-01-05
22211.0,22211,Richard,Gray,M,M,2026-01-05
22212.0,22212,Kara,Xu,M,F,2026-01-05
22213.0,22213,Jay,Patel,S,M,2026-01-05
22214.0,22214,Sabrina,Ruiz,M,F,2026-01-05
22215.0,22215,Samuel,Lal,M,M,2026-01-05
22216.0,22216,Marcus,Howard,S,M,2026-01-05
22217.0,22217,Dylan,Powell,M,M,2026-01-05
22218.0,22218,Christian,Bryant,M,M,2026-01-05
22219.0,22219,Juha-Pekka,Posti,M,F,2026-01-05
22220.0,22220,Brandon,Sharma,M,M,2026-01-05
22221.0,22221,Benjamin,Kumar,M,M,2026-01-05
22222.0,22222,Angel,Hill,M,M,2026-01-05
22223.0,22223,Gabrielle,Parker,M,F,2026-01-05
22224.0,22224,Katherine,Alexander,M,F,2026-01-05
22225.0,22225,Jessica,Murphy,S,F,2026-01-05
22226.0,22226,Morgan,Sanders,M,F,2026-01-05
22227.0,22227,Barbara,Cai,M,F,2026-01-05
22228.0,22228,Katelyn,Gonzalez,M,F,2026-01-05
22229.0,22229,Wyatt,Perry,M,M,2026-01-05
22230.0,22230,Jordyn,Bennett,M,F,2026-01-05
22231.0,22231,Grace,Brooks,M,F,2026-01-05
22232.0,22232,Paige,Brooks,M,F,2026-01-05
22233.0,22233,Xavier,Martin,M,M,2026-01-05
22234.0,22234,Katherine,Gonzalez,M,F,2026-01-05
22235.0,22235,Sebastian,Peterson,M,M,2026-01-05
22236.0,22236,Jose,Gonzalez,M,M,2026-01-05
22237.0,22237,Angel,Morris,M,M,2026-01-05
22238.0,22238,Alex,Murphy,M,M,2026-01-05
22239.0,22239,Jesse,Cook,M,M,2026-01-05
22240.0,22240,Miguel,Powell,M,M,2026-01-05
22241.0,22241,Alexandria,Washington,M,F,2026-01-05
22242.0,22242,Cameron,Walker,M,M,2026-01-05
22243.0,22243,Emma,Lewis,M,F,2026-01-05
22244.0,22244,Shelby,Howard,M,F,2026-01-05
22245.0,22245,Evan,Lopez,S,M,2026-01-05
22246.0,22246,Jacqueline,Cox,M,F,2026-01-05
22247.0,22247,Ryan,Williams,M,M,2026-01-05
22248.0,22248,Gary,Ramos,M,M,2026-01-05
22249.0,22249,Kevin,Chen,M,M,2026-01-05
22250.0,22250,Michael,Wilson,M,M,2026-01-05
22251.0,22251,Martha,She,M,F,2026-01-05
22252.0,22252,Makayla,Brooks,S,F,2026-01-05
22253.0,22253,Stephanie,Reed,M,F,2026-01-05
22254.0,22254,Fernando,Scott,M,M,2026-01-05
22255.0,22255,Nicole,Rogers,M,F,2026-01-05
22256.0,22256,Edwin,Lu,M,M,2026-01-05
22257.0,22257,Carrie,Romero,M,F,2026-01-05
22258.0,22258,Jessica,Reed,M,F,2026-01-05
22259.0,22259,Dalton,Mitchell,S,M,2026-01-05
22260.0,22260,Courtney,Allen,M,F,2026-01-05
22261.0,22261,Isaac,Allen,S,M,2026-01-05
22262.0,22262,Marcus,Collins,S,M,2026-01-05
22263.0,22263,Patrick,Blue,M,M,2026-01-05
22264.0,22264,Stephanie,Coleman,S,F,2026-01-05
22265.0,22265,Jeremiah,Sanchez,M,M,2026-01-05
22266.0,22266,Rachel,Sanders,M,F,2026-01-05
22267.0,22267,Brianna,Rodriguez,M,F,2026-01-05
22268.0,22268,Alexandra,Barnes,S,F,2026-01-05
22269.0,22269,Caleb,Yang,M,M,2026-01-05
22270.0,22270,Antonio,Gonzales,M,M,2026-01-05
22271.0,22271,Connor,Mitchell,M,M,2026-01-05
22272.0,22272,Isabella,Kelly,M,F,2026-01-05
22273.0,22273,Patricia,Rodriguez,S,F,2026-01-05
22274.0,22274,Adam,Chen,S,M,2026-01-05
22275.0,22275,Ian,Bailey,S,M,2026-01-05
22276.0,22276,Gabriella,Gray,S,F,2026-01-05
22277.0,22277,Arianna,Torres,S,F,2026-01-05
22278.0,22278,Mariah,Gray,S,F,2026-01-05
22279.0,22279,Riley,Kelly,M,F,2026-01-05
22280.0,22280,Luis,Scott,M,M,2026-01-05
22281.0,22281,Alexia,Diaz,M,F,2026-01-05
22282.0,22282,Jonathan,Hughes,S,M,2026-01-05
22283.0,22283,Eduardo,Davis,S,M,2026-01-05
22284.0,22284,Kristy,Sanz,S,F,2026-01-05
22285.0,22285,Meredith,Moreno,M,F,2026-01-05
22286.0,22286,Gabriel,Hughes,M,M,2026-01-05
22287.0,22287,Megan,Griffin,S,F,2026-01-05
22288.0,22288,Isabel,Patterson,S,F,2026-01-05
22289.0,22289,Thomas,Long,M,M,2026-01-05
22290.0,22290,Jocelyn,Jenkins,M,F,2026-01-05
22291.0,22291,Carlos,Morris,M,M,2026-01-05
22292.0,22292,Stacy,Gomez,M,F,2026-01-05
22293.0,22293,Jasmine,Johnson,M,F,2026-01-05
22294.0,22294,Rachel,Brown,S,F,2026-01-05
22295.0,22295,Jade,Morgan,S,F,2026-01-05
22296.0,22296,Benjamin,Johnson,M,M,2026-01-05
22297.0,22297,Jasmine,Garcia,S,F,2026-01-05
22298.0,22298,Marcus,Williams,S,M,2026-01-05
22299.0,22299,Richard,Murphy,S,M,2026-01-05
22300.0,22300,Kaitlyn,Price,S,F,2026-01-05
22301.0,22301,Abigail,Rodriguez,M,F,2026-01-05
22302.0,22302,Clayton,Guo,M,M,2026-01-05
22303.0,22303,Philip,Alonso,S,M,2026-01-05
22304.0,22304,Jaime,Vazquez,S,F,2026-01-05
22305.0,22305,Anne,Carlson,S,F,2026-01-05
22306.0,22306,Ivan,Kapoor,S,M,2026-01-05
22307.0,22307,Sarah,Ross,M,F,2026-01-05
22308.0,22308,Cassandra,Lopez,M,F,2026-01-05
22309.0,22309,Leah,Zhou,M,F,2026-01-05
22310.0,22310,Christina,Sanders,S,F,2026-01-05
22311.0,22311,Bruce,Sara,S,M,2026-01-05
22312.0,22312,Kristi,Mehta,M,F,2026-01-05
22313.0,22313,Jarrod,Martinez,S,M,2026-01-05
22314.0,22314,Brandy,Patel,M,F,2026-01-05
22315.0,22315,Darren,Raman,S,M,2026-01-05
22316.0,22316,Deanna,Sara,M,F,2026-01-05
22317.0,22317,Karla,Nath,S,F,2026-01-05
22318.0,22318,Ramon,Xu,S,M,2026-01-05
22319.0,22319,Jorge,Zhou,S,M,2026-01-05
22320.0,22320,Danny,Gill,M,M,2026-01-05
22321.0,22321,Alan,Zeng,S,M,2026-01-05
22322.0,22322,Roger,Zhao,S,M,2026-01-05
22323.0,22323,Erica,Liang,S,F,2026-01-05
22324.0,22324,Kari,Gill,M,F,2026-01-05
22325.0,22325,Noah,Rodriguez,S,M,2026-01-05
22326.0,22326,Riley,Howard,S,F,2026-01-05
22327.0,22327,Jake,Cai,S,M,2026-01-05
22328.0,22328,Grace,Anderson,S,F,2026-01-05
22329.0,22329,Grace,Peterson,M,F,2026-01-05
22330.0,22330,Jose,Walker,M,M,2026-01-05
22331.0,22331,Michele,Yuan,M,F,2026-01-05
22332.0,22332,Brittany,Bennett,M,F,2026-01-05
22333.0,22333,Gabriella,Watson,M,F,2026-01-05
22334.0,22334,Juan,Serrano,M,M,2026-01-05
22335.0,22335,Anthony,Taylor,M,M,2026-01-05
22336.0,22336,Frank,Moreno,M,M,2026-01-05
22337.0,22337,Haley,Jenkins,M,F,2026-01-05
22338.0,22338,Thomas,Russell,M,M,2026-01-05
22339.0,22339,Richard,Nelson,M,M,2026-01-05
22340.0,22340,Isaac,Young,M,M,2026-01-05
22341.0,22341,Tristan,Washington,M,M,2026-01-05
22342.0,22342,Jon,Lal,M,M,2026-01-05
22343.0,22343,Brittany,Powell,M,F,2026-01-05
22344.0,22344,Krystal,Yang,M,F,2026-01-05
22345.0,22345,Amanda,James,M,F,2026-01-05
22346.0,22346,Catherine,Howard,M,F,2026-01-05
22347.0,22347,Abigail,Long,M,F,2026-01-05
22348.0,22348,Zoe,Torres,M,F,2026-01-05
22349.0,22349,Mason,Morris,M,M,2026-01-05
22350.0,22350,Riley,Powell,M,F,2026-01-05
22351.0,22351,Sarah,Davis,M,F,2026-01-05
22352.0,22352,Elizabeth,Moore,M,F,2026-01-05
22353.0,22353,Amanda,Allen,M,F,2026-01-05
22354.0,22354,Sara,King,M,F,2026-01-05
22355.0,22355,Logan,Jones,M,M,2026-01-05
22356.0,22356,Charles,Ward,M,M,2026-01-05
22357.0,22357,Justin,Lal,M,M,2026-01-05
22358.0,22358,Sydney,Butler,M,F,2026-01-05
22359.0,22359,Ethan,Lee,S,M,2026-01-05
22360.0,22360,Caleb,Collins,S,M,2026-01-05
22361.0,22361,Nathan,White,M,M,2026-01-05
22362.0,22362,Austin,Russell,M,M,2026-01-05
22363.0,22363,Faith,Diaz,S,F,2026-01-05
22364.0,22364,Katherine,Jenkins,M,F,2026-01-05
22365.0,22365,Sebastian,Richardson,M,M,2026-01-05
22366.0,22366,Logan,Henderson,M,M,2026-01-05
22367.0,22367,Jasmine,Griffin,S,F,2026-01-05
22368.0,22368,Edward,Ross,S,M,2026-01-05
22369.0,22369,Louis,Deng,M,M,2026-01-05
22370.0,22370,Carol,Patterson,S,F,2026-01-05
22371.0,22371,Blake,Powell,S,M,2026-01-05
22372.0,22372,Melanie,Perry,S,F,2026-01-05
22373.0,22373,Gabrielle,Bell,S,F,2026-01-05
22374.0,22374,Luke,Patterson,M,M,2026-01-05
22375.0,22375,Jasmine,Williams,S,F,2026-01-05
22376.0,22376,Marcus,Martin,S,M,2026-01-05
22377.0,22377,Roger,Zeng,S,M,2026-01-05
22378.0,22378,Rebekah,Malhotra,S,F,2026-01-05
22379.0,22379,Fernando,Hayes,S,M,2026-01-05
22380.0,22380,Brendan,Nath,S,M,2026-01-05
22381.0,22381,Hunter,Patterson,M,M,2026-01-05
22382.0,22382,Bethany,Xu,S,F,2026-01-05
22383.0,22383,Devin,Jenkins,M,M,2026-01-05
22384.0,22384,Paige,Sanchez,S,F,2026-01-05
22385.0,22385,Misty,Lal,M,F,2026-01-05
22386.0,22386,Jerome,Gill,M,M,2026-01-05
22387.0,22387,Audrey,Romero,M,F,2026-01-05
22388.0,22388,Bradley,Beck,M,M,2026-01-05
22389.0,22389,Edwin,Luo,M,M,2026-01-05
22390.0,22390,Kelvin,Zheng,M,M,2026-01-05
22391.0,22391,Angela,Watson,M,F,2026-01-05
22392.0,22392,Bailey,Gray,M,F,2026-01-05
22393.0,22393,Chelsea,Perez,S,F,2026-01-05
22394.0,22394,Meagan,Suri,S,F,2026-01-05
22395.0,22395,Jermaine,Patel,S,M,2026-01-05
22396.0,22396,Rebekah,Patel,S,F,2026-01-05
22397.0,22397,Marie,Patel,M,F,2026-01-05
22398.0,22398,Sheila,Moreno,M,F,2026-01-05
22399.0,22399,Arthur,Fernandez,S,M,2026-01-05
22400.0,22400,Ruben,Martin,M,M,2026-01-05
22401.0,22401,Ian,Price,M,M,2026-01-05
22402.0,22402,Clarence,Xie,M,M,2026-01-05
22403.0,22403,Cedric,Beck,M,M,2026-01-05
22404.0,22404,Margaret,Xu,S,F,2026-01-05
22405.0,22405,Leonard,Becker,M,M,2026-01-05
22406.0,22406,Kelvin,Shen,M,M,2026-01-05
22407.0,22407,Carolyn,Gonzalez,M,F,2026-01-05
22408.0,22408,Clarence,Shan,S,M,2026-01-05
22409.0,22409,Candace,Madan,S,F,2026-01-05
22410.0,22410,Cassandra,Arthur,S,F,2026-01-05
22411.0,22411,Amy,He,S,F,2026-01-05
22412.0,22412,Drew,Andersen,M,M,2026-01-05
22413.0,22413,Kristi,Diaz,M,F,2026-01-05
22414.0,22414,Eugene,Wu,S,M,2026-01-05
22415.0,22415,Natalie,Phillips,S,F,2026-01-05
22416.0,22416,Tabitha,Romero,M,F,2026-01-05
22417.0,22417,Shaun,Goel,M,M,2026-01-05
22418.0,22418,Jacob,Smith,M,M,2026-01-05
22419.0,22419,Damien,Xu,S,M,2026-01-05
22420.0,22420,Richard,Moore,S,M,2026-01-05
22421.0,22421,Barbara,Sharma,S,F,2026-01-05
22422.0,22422,Nichole,Black,M,F,2026-01-05
22423.0,22423,Byron,Hernandez,S,M,2026-01-05
22424.0,22424,Edwin,Rai,S,M,2026-01-05
22425.0,22425,Roy,Sullivan,S,M,2026-01-05
22426.0,22426,Heather,Zhu,M,F,2026-01-05
22427.0,22427,Willie,Sharma,S,M,2026-01-05
22428.0,22428,Destiny,Smith,S,F,2026-01-05
22429.0,22429,Jesse,Reed,M,M,2026-01-05
22430.0,22430,Brad,Chande,S,M,2026-01-05
22431.0,22431,Marie,Dominguez,S,F,2026-01-05
22432.0,22432,Bridget,Xie,S,F,2026-01-05
22433.0,22433,Miguel,Hill,S,M,2026-01-05
22434.0,22434,Billy,Schmidt,S,M,2026-01-05
22435.0,22435,Ross,Navarro,S,M,2026-01-05
22436.0,22436,Roger,Raji,S,M,2026-01-05
22437.0,22437,Trisha,Zheng,S,F,2026-01-05
22438.0,22438,Casey,Jiménez,S,M,2026-01-05
22439.0,22439,Tracy,Raji,M,F,2026-01-05
22440.0,22440,Robyn,Sanz,S,F,2026-01-05
22441.0,22441,Andrea,Torres,S,F,2026-01-05
22442.0,22442,Trisha,Sun,S,F,2026-01-05
22443.0,22443,Marvin,Suarez,S,M,2026-01-05
22444.0,22444,Colin,Xie,S,M,2026-01-05
22445.0,22445,Diane,Suarez,S,F,2026-01-05
22446.0,22446,Jake,Wu,S,M,2026-01-05
22447.0,22447,Tara,Shan,M,F,2026-01-05
22448.0,22448,Cindy,Weber,S,F,2026-01-05
22449.0,22449,Heather,He,M,F,2026-01-05
22450.0,22450,Audrey,Alvarez,M,F,2026-01-05
22451.0,22451,Barbara,Rai,S,F,2026-01-05
22452.0,22452,Carly,Deng,S,F,2026-01-05
22453.0,22453,Dakota,Long,M,M,2026-01-05
22454.0,22454,Rebekah,Raman,M,F,2026-01-05
22455.0,22455,Roy,Kapoor,M,M,2026-01-05
22456.0,22456,Brittney,Guo,S,F,2026-01-05
22457.0,22457,Kimberly,Cooper,M,F,2026-01-05
22458.0,22458,Kendra,Vazquez,S,F,2026-01-05
22459.0,22459,Johnny,Xu,M,M,2026-01-05
22460.0,22460,Julio,Torres,S,M,2026-01-05
22461.0,22461,Arturo,Luo,S,M,2026-01-05
22462.0,22462,Lydia,Chandra,S,F,2026-01-05
22463.0,22463,Raymond,Chandra,M,M,2026-01-05
22464.0,22464,Erik,Sanz,M,M,2026-01-05
22465.0,22465,Arturo,Shan,S,M,2026-01-05
22466.0,22466,Raul,Tang,S,M,2026-01-05
22467.0,22467,Neil,Alvarez,S,M,2026-01-05
22468.0,22468,Ruben,Gonzalez,M,M,2026-01-05
22469.0,22469,Sabrina,Moreno,M,F,2026-01-05
22470.0,22470,Carly,Tang,M,F,2026-01-05
22471.0,22471,Joel,Martinez,S,M,2026-01-05
22472.0,22472,Bridget,Sharma,S,F,2026-01-05
22473.0,22473,Clifford,Patel,S,M,2026-01-05
22474.0,22474,Leah,Zhu,S,F,2026-01-05
22475.0,22475,Heidi,Rana,S,F,2026-01-05
22476.0,22476,Shane,Martinez,S,M,2026-01-05
22477.0,22477,Kevin,Diaz,S,M,2026-01-05
22478.0,22478,Carolyn,Browning,S,F,2026-01-05
22479.0,22479,Tammy,Malhotra,M,F,2026-01-05
22480.0,22480,Abby,Gonzalez,M,F,2026-01-05
22481.0,22481,Erik,Ortega,M,M,2026-01-05
22482.0,22482,Cassidy,Jenkins,S,F,2026-01-05
22483.0,22483,Lee,Ramos,S,M,2026-01-05
22484.0,22484,Kristy,Ruiz,S,F,2026-01-05
22485.0,22485,Andy,Suarez,S,M,2026-01-05
22486.0,22486,Jimmy,Ruiz,S,M,2026-01-05
22487.0,22487,Jonathon,Gill,S,M,2026-01-05
22488.0,22488,Frederick,Patel,M,M,2026-01-05
22489.0,22489,Roger,Xie,M,M,2026-01-05
22490.0,22490,Desiree,Vazquez,S,F,2026-01-05
22491.0,22491,Jerry,Nara,S,M,2026-01-05
22492.0,22492,Jorge,She,S,M,2026-01-05
22493.0,22493,Dwayne,Sanz,S,M,2026-01-05
22494.0,22494,Jon,Andersen,S,M,2026-01-05
22495.0,22495,Andy,Serrano,S,M,2026-01-05
22496.0,22496,Christina,Brooks,M,F,2026-01-05
22497.0,22497,Casey,Gomez,S,M,2026-01-05
22498.0,22498,Pedro,Jimenez,S,M,2026-01-05
22499.0,22499,Dawn,Zhou,M,F,2026-01-05
22500.0,22500,Brent,Zhao,S,M,2026-01-05
22501.0,22501,Colin,Ye,S,M,2026-01-05
22502.0,22502,Grace,Miller,S,F,2026-01-05
22503.0,22503,Sandra,Zhao,M,F,2026-01-05
22504.0,22504,Arturo,Rai,S,M,2026-01-05
22505.0,22505,Julie,Shen,M,F,2026-01-05
22506.0,22506,Brenda,Prasad,S,F,2026-01-05
22507.0,22507,Louis,Wang,S,M,2026-01-05
22508.0,22508,Jon,Huang,M,M,2026-01-05
22509.0,22509,Lacey,Nara,M,F,2026-01-05
22510.0,22510,Lori,Gill,M,F,2026-01-05
22511.0,22511,Wendy,Suarez,S,F,2026-01-05
22512.0,22512,Meagan,Mehta,S,F,2026-01-05
22513.0,22513,Kenneth,Anand,S,M,2026-01-05
22514.0,22514,Marvin,Johnsen,S,M,2026-01-05
22515.0,22515,Alexa,Morris,S,F,2026-01-05
22516.0,22516,Adrienne,Ortega,S,F,2026-01-05
22517.0,22517,Luis,Adams,S,M,2026-01-05
22518.0,22518,Jillian,Sai,S,F,2026-01-05
22519.0,22519,Logan,Hughes,M,M,2026-01-05
22520.0,22520,Rodney,Torres,M,M,2026-01-05
22521.0,22521,Christina,Rivera,S,F,2026-01-05
22522.0,22522,Benjamin,Hayes,S,M,2026-01-05
22523.0,22523,Jon,Xu,M,M,2026-01-05
22524.0,22524,Michele,Hernandez,M,F,2026-01-05
22525.0,22525,Julio,Gutierrez,S,M,2026-01-05
22526.0,22526,Jamie,Moreno,S,M,2026-01-05
22527.0,22527,Rachel,Flores,S,F,2026-01-05
22528.0,22528,Jaime,Blanco,S,F,2026-01-05
22529.0,22529,Ross,Raman,S,M,2026-01-05
22530.0,22530,Kelli,Jai,S,F,2026-01-05
22531.0,22531,Tiffany,Zhou,S,F,2026-01-05
22532.0,22532,Ryan,Thomas,S,M,2026-01-05
22533.0,22533,Jake,Liu,M,M,2026-01-05
22534.0,22534,Suzanne,Liang,S,F,2026-01-05
22535.0,22535,Rachael,Prasad,M,F,2026-01-05
22536.0,22536,Brianna,Rogers,M,F,2026-01-05
22537.0,22537,Xavier,Jenkins,S,M,2026-01-05
22538.0,22538,Bianca,Wang,S,F,2026-01-05
22539.0,22539,Randall,Sanz,S,M,2026-01-05
22540.0,22540,Latasha,Ramos,S,F,2026-01-05
22541.0,22541,Stefanie,Martinez,S,F,2026-01-05
22542.0,22542,Teresa,Alvarez,S,F,2026-01-05
22543.0,22543,Jeremy,Campbell,S,M,2026-01-05
22544.0,22544,Maria,Evans,M,F,2026-01-05
22545.0,22545,Brittany,Bryant,M,F,2026-01-05
22546.0,22546,Nicholas,Jones,M,M,2026-01-05
22547.0,22547,Elijah,Flores,S,M,2026-01-05
22548.0,22548,Angela,Brooks,M,F,2026-01-05
22549.0,22549,Isabel,Russell,M,F,2026-01-05
22550.0,22550,Kristopher,Rana,M,M,2026-01-05
22551.0,22551,Andy,Rubio,S,M,2026-01-05
22552.0,22552,Andrea,Rusko,S,F,2026-01-05
22553.0,22553,Melinda,Vazquez,M,F,2026-01-05
22554.0,22554,Gilbert,Xu,M,M,2026-01-05
22555.0,22555,Ethan,Taylor,M,M,2026-01-05
22556.0,22556,Oscar,Griffin,S,M,2026-01-05
22557.0,22557,Jason,Scott,S,M,2026-01-05
22558.0,22558,Ernest,Ye,M,M,2026-01-05
22559.0,22559,Stacy,Vazquez,S,F,2026-01-05
22560.0,22560,Casey,Jai,S,F,2026-01-05
22561.0,22561,Katie,Nara,S,F,2026-01-05
22562.0,22562,Kelli,Li,S,F,2026-01-05
22563.0,22563,Darren,Weber,S,M,2026-01-05
22564.0,22564,Autumn,Sun,M,F,2026-01-05
22565.0,22565,Brenda,Subram,S,F,2026-01-05
22566.0,22566,Damien,Pal,S,M,2026-01-05
22567.0,22567,Glenn,Zhu,M,M,2026-01-05
22568.0,22568,Autumn,Wu,S,F,2026-01-05
22569.0,22569,Johnny,Goel,M,M,2026-01-05
22570.0,22570,Jackson,Yang,S,M,2026-01-05
22571.0,22571,Armando,Vazquez,M,M,2026-01-05
22572.0,22572,Karen,Cai,M,F,2026-01-05
22573.0,22573,Lance,Sanz,S,M,2026-01-05
22574.0,22574,Randy,Zheng,M,M,2026-01-05
22575.0,22575,Orlando,Blanco,S,M,2026-01-05
22576.0,22576,Tony,Xu,S,M,2026-01-05
22577.0,22577,Bryant,Sai,M,M,2026-01-05
22578.0,22578,Juan,Vazquez,S,M,2026-01-05
22579.0,22579,Kara,Lal,S,F,2026-01-05
22580.0,22580,Alexis,Long,S,F,2026-01-05
22581.0,22581,Theresa,Vazquez,M,F,2026-01-05
22582.0,22582,Evelyn,Madan,S,F,2026-01-05
22583.0,22583,Troy,Sara,S,M,2026-01-05
22584.0,22584,Meagan,Lopez,S,F,2026-01-05
22585.0,22585,Kelvin,He,S,M,2026-01-05
22586.0,22586,Derek,Shen,M,M,2026-01-05
22587.0,22587,Gina,Alonso,S,F,2026-01-05
22588.0,22588,Teresa,Martin,S,F,2026-01-05
22589.0,22589,Cynthia,Suri,S,F,2026-01-05
22590.0,22590,Oscar,Hughes,M,M,2026-01-05
22591.0,22591,Jon,Becker,S,M,2026-01-05
22592.0,22592,Lindsey,Anand,S,F,2026-01-05
22593.0,22593,Thomas,Johnson,S,M,2026-01-05
22594.0,22594,Gabriella,James,M,F,2026-01-05
22595.0,22595,Nicolas,Xie,M,M,2026-01-05
22596.0,22596,Omar,Xu,M,M,2026-01-05
22597.0,22597,Rachael,Chandra,M,F,2026-01-05
22598.0,22598,Donald,Sanchez,S,M,2026-01-05
22599.0,22599,Philip,Gill,M,M,2026-01-05
22600.0,22600,Maurice,Kumar,S,M,2026-01-05
22601.0,22601,Aimee,Gao,M,F,2026-01-05
22602.0,22602,Kelli,Andersen,S,F,2026-01-05
22603.0,22603,Autumn,He,S,F,2026-01-05
22604.0,22604,Wyatt,Simmons,S,M,2026-01-05
22605.0,22605,Derrick,Schmidt,S,M,2026-01-05
22606.0,22606,Alfredo,Hernandez,S,M,2026-01-05
22607.0,22607,Whitney,Gonzalez,S,F,2026-01-05
22608.0,22608,Arthur,Munoz,S,M,2026-01-05
22609.0,22609,Clarence,Cai,M,M,2026-01-05
22610.0,22610,Brent,Chen,M,M,2026-01-05
22611.0,22611,Chad,Deng,M,M,2026-01-05
22612.0,22612,Franklin,Huang,S,M,2026-01-05
22613.0,22613,Dale,Luo,S,M,2026-01-05
22614.0,22614,Tommy,Shan,S,M,2026-01-05
22615.0,22615,Misty,Xu,S,F,2026-01-05
22616.0,22616,Jake,Zhang,S,M,2026-01-05
22617.0,22617,Andres,Nath,M,M,2026-01-05
22618.0,22618,Rosa,Cai,M,F,2026-01-05
22619.0,22619,Robin,Hernandez,S,F,2026-01-05
22620.0,22620,Stefanie,Suri,S,F,2026-01-05
22621.0,22621,Xavier,Davis,M,M,2026-01-05
22622.0,22622,Neil,Sanz,M,M,2026-01-05
22623.0,22623,Jamie,Suarez,S,M,2026-01-05
22624.0,22624,Sandra,Wu,M,F,2026-01-05
22625.0,22625,Meagan,Patel,S,F,2026-01-05
22626.0,22626,Arturo,Anand,S,M,2026-01-05
22627.0,22627,Shawna,Sharma,S,F,2026-01-05
22628.0,22628,Marshall,Lu,M,M,2026-01-05
22629.0,22629,Matthew,Rodriguez,M,M,2026-01-05
22630.0,22630,Roger,Wu,M,M,2026-01-05
22631.0,22631,Theodore,Serrano,S,M,2026-01-05
22632.0,22632,Tabitha,Perez,M,F,2026-01-05
22633.0,22633,Claudia,Zhao,S,F,2026-01-05
22634.0,22634,Giraldo,Sandoval,S,F,2026-01-05
22635.0,22635,Kristi,Hernandez,S,F,2026-01-05
22636.0,22636,Stacey,Zhu,S,F,2026-01-05
22637.0,22637,Ana,Alexander,M,F,2026-01-05
22638.0,22638,Kristi,Gutierrez,S,F,2026-01-05
22639.0,22639,Lori,Munoz,S,F,2026-01-05
22640.0,22640,Caleb,Li,M,M,2026-01-05
22641.0,22641,Abigail,Diaz,S,F,2026-01-05
22642.0,22642,Garrett,Rivera,S,M,2026-01-05
22643.0,22643,Brenda,Suri,S,F,2026-01-05
22644.0,22644,Marc,Ortega,S,M,2026-01-05
22645.0,22645,Isabella,Murphy,S,F,2026-01-05
22646.0,22646,Cara,She,S,F,2026-01-05
22647.0,22647,Taylor,Martinez,S,F,2026-01-05
22648.0,22648,Kaitlin,Srini,S,F,2026-01-05
22649.0,22649,Corey,Tang,S,M,2026-01-05
22650.0,22650,Kristina,Suri,S,F,2026-01-05
22651.0,22651,Frederick,Sara,S,M,2026-01-05
22652.0,22652,Gilbert,Shan,S,M,2026-01-05
22653.0,22653,Carolyn,Dominguez,S,F,2026-01-05
22654.0,22654,Orlando,Romero,S,M,2026-01-05
22655.0,22655,Lucas,Young,S,M,2026-01-05
22656.0,22656,Willie,Goel,S,M,2026-01-05
22657.0,22657,Clinton,Suarez,S,M,2026-01-05
22658.0,22658,Devin,Rodriguez,S,M,2026-01-05
22659.0,22659,Shawna,Luo,S,F,2026-01-05
22660.0,22660,Monica,Lopez,S,F,2026-01-05
22661.0,22661,Tracy,Shan,M,F,2026-01-05
22662.0,22662,Tyrone,Carlson,M,M,2026-01-05
22663.0,22663,Terrence,Deng,S,M,2026-01-05
22664.0,22664,Dawn,Yang,M,F,2026-01-05
22665.0,22665,Orlando,Diaz,S,M,2026-01-05
22666.0,22666,Mayra,Srini,M,F,2026-01-05
22667.0,22667,Roy,Rana,S,M,2026-01-05
22668.0,22668,Adrienne,Hernandez,M,F,2026-01-05
22669.0,22669,Lindsay,Raji,S,F,2026-01-05
22670.0,22670,Erika,Sanz,M,F,2026-01-05
22671.0,22671,Wyatt,King,S,M,2026-01-05
22672.0,22672,Crystal,Wu,S,F,2026-01-05
22673.0,22673,Andy,Gill,S,M,2026-01-05
22674.0,22674,Troy,Prasad,S,M,2026-01-05
22675.0,22675,Alexandra,Winston,S,F,2026-01-05
22676.0,22676,Stefanie,Jordan,S,F,2026-01-05
22677.0,22677,Reginald,Carlson,S,M,2026-01-05
22678.0,22678,Sydney,Lee,M,F,2026-01-05
22679.0,22679,Derrick,Dominguez,M,M,2026-01-05
22680.0,22680,Lee,Suarez,M,M,2026-01-05
22681.0,22681,Tristan,Barnes,S,M,2026-01-05
22682.0,22682,Willie,Luo,S,M,2026-01-05
22683.0,22683,David,Garcia,S,M,2026-01-05
22684.0,22684,Lauren,Cooper,M,F,2026-01-05
22685.0,22685,Barbara,Ma,S,F,2026-01-05
22686.0,22686,Wayne,Anand,S,M,2026-01-05
22687.0,22687,Javier,Jiménez,M,M,2026-01-05
22688.0,22688,Seth,Perez,S,M,2026-01-05
22689.0,22689,Gilbert,Zheng,S,M,2026-01-05
22690.0,22690,Kurt,Luo,M,M,2026-01-05
22691.0,22691,Gerald,Raman,M,M,2026-01-05
22692.0,22692,Paula,Alonso,M,F,2026-01-05
22693.0,22693,Darryl,Gao,M,M,2026-01-05
22694.0,22694,Molly,Kapoor,S,F,2026-01-05
22695.0,22695,Darren,Martin,S,M,2026-01-05
22696.0,22696,Kari,Vazquez,S,F,2026-01-05
22697.0,22697,Harold,Sara,S,M,2026-01-05
22698.0,22698,Bradley,Andersen,M,M,2026-01-05
22699.0,22699,Clarence,Chande,M,M,2026-01-05
22700.0,22700,Gina,Serrano,M,F,2026-01-05
22701.0,22701,Anne,Navarro,S,F,2026-01-05
22702.0,22702,Patricia,Gonzalez,S,F,2026-01-05
22703.0,22703,Melvin,Raji,S,M,2026-01-05
22704.0,22704,Bethany,Raje,S,F,2026-01-05
22705.0,22705,Adriana,Kapoor,S,F,2026-01-05
22706.0,22706,Andy,Ruth,S,F,2026-01-05
22707.0,22707,Haley,Russell,S,F,2026-01-05
22708.0,22708,Anne,Ruiz,S,F,2026-01-05
22709.0,22709,Tamara,Gao,S,F,2026-01-05
22710.0,22710,Trisha,Zhao,M,F,2026-01-05
22711.0,22711,Isaiah,Hernandez,S,M,2026-01-05
22712.0,22712,Monique,Romero,S,F,2026-01-05
22713.0,22713,Joseph,Miller,S,M,2026-01-05
22714.0,22714,Angelica,Alexander,M,F,2026-01-05
22715.0,22715,Marcus,Watson,M,M,2026-01-05
22716.0,22716,Caleb,Nelson,S,M,2026-01-05
22717.0,22717,Nicole,Watson,M,F,2026-01-05
22718.0,22718,Zachary,Simmons,M,M,2026-01-05
22719.0,22719,Jesse,Brooks,S,M,2026-01-05
22720.0,22720,Jonathan,Alexander,M,M,2026-01-05
22721.0,22721,Colleen,Lin,M,F,2026-01-05
22722.0,22722,Tina,Fernandez,S,F,2026-01-05
22723.0,22723,Alexander,Anderson,M,M,2026-01-05
22724.0,22724,Noah,Evans,M,M,2026-01-05
22725.0,22725,Richard,Gonzales,M,M,2026-01-05
22726.0,22726,Anna,Morris,M,F,2026-01-05
22727.0,22727,Jodi,She,M,F,2026-01-05
22728.0,22728,Arianna,Russell,M,F,2026-01-05
22729.0,22729,Seth,Nelson,M,M,2026-01-05
22730.0,22730,Timothy,Perez,M,M,2026-01-05
22731.0,22731,Brandon,Henderson,M,M,2026-01-05
22732.0,22732,Sean,Turner,M,M,2026-01-05
22733.0,22733,Alexandria,Powell,M,F,2026-01-05
22734.0,22734,Maria,Adams,S,F,2026-01-05
22735.0,22735,Katherine,Jones,M,F,2026-01-05
22736.0,22736,Katherine,Morgan,M,F,2026-01-05
22737.0,22737,Heidi,Sai,M,F,2026-01-05
22738.0,22738,Haley,Diaz,M,F,2026-01-05
22739.0,22739,Destiny,Rodriguez,M,F,2026-01-05
22740.0,22740,Kimberly,Rogers,S,F,2026-01-05
22741.0,22741,Darryl,He,M,M,2026-01-05
22742.0,22742,Nathan,Nelson,S,M,2026-01-05
22743.0,22743,Kaylee,Murphy,M,F,2026-01-05
22744.0,22744,Edward,Wright,S,M,2026-01-05
22745.0,22745,Alexandria,Patterson,M,F,2026-01-05
22746.0,22746,Erica,Zhang,M,F,2026-01-05
22747.0,22747,Brianna,Martinez,M,F,2026-01-05
22748.0,22748,Adam,Phillips,S,M,2026-01-05
22749.0,22749,Miranda,Patterson,M,F,2026-01-05
22750.0,22750,Jesse,Gonzalez,M,M,2026-01-05
22751.0,22751,Samuel,Rodriguez,M,M,2026-01-05
22752.0,22752,Daniel,Brown,M,M,2026-01-05
22753.0,22753,Hailey,Morgan,S,F,2026-01-05
22754.0,22754,Robert,Foster,M,M,2026-01-05
22755.0,22755,Christian,Brown,M,M,2026-01-05
22756.0,22756,Jon,Nath,M,M,2026-01-05
22757.0,22757,Savannah,Peterson,M,F,2026-01-05
22758.0,22758,Katherine,Jackson,S,F,2026-01-05
22759.0,22759,Julia,Ramirez,M,F,2026-01-05
22760.0,22760,Hunter,Chen,M,M,2026-01-05
22761.0,22761,Eduardo,Price,S,M,2026-01-05
22762.0,22762,Melissa,Diaz,M,F,2026-01-05
22763.0,22763,Rebecca,Gonzalez,S,F,2026-01-05
22764.0,22764,Chase,Brooks,M,M,2026-01-05
22765.0,22765,Luis,Collins,M,M,2026-01-05
22766.0,22766,Cassidy,Hayes,M,F,2026-01-05
22767.0,22767,Luis,Hernandez,M,M,2026-01-05
22768.0,22768,Aaron,Zhang,M,M,2026-01-05
22769.0,22769,Benjamin,Martin,M,M,2026-01-05
22770.0,22770,Chloe,Morgan,M,F,2026-01-05
22771.0,22771,Mason,King,M,M,2026-01-05
22772.0,22772,Erin,Watson,M,F,2026-01-05
22773.0,22773,Autumn,Zhang,M,F,2026-01-05
22774.0,22774,Caleb,Alexander,M,M,2026-01-05
22775.0,22775,Madison,Martinez,M,F,2026-01-05
22776.0,22776,Julia,Perry,M,F,2026-01-05
22777.0,22777,Tyler,Garcia,M,M,2026-01-05
22778.0,22778,Monique,Dominguez,M,F,2026-01-05
22779.0,22779,Lance,Ruiz,M,M,2026-01-05
22780.0,22780,Jennifer,Rogers,M,F,2026-01-05
22781.0,22781,Hunter,Powell,M,M,2026-01-05
22782.0,22782,Dakota,Wood,S,M,2026-01-05
22783.0,22783,Isaac,Green,M,M,2026-01-05
22784.0,22784,Nicholas,Jackson,M,M,2026-01-05
22785.0,22785,Oscar,Perry,M,M,2026-01-05
22786.0,22786,Wyatt,Goldstein,M,M,2026-01-05
22787.0,22787,Andrea,Sanchez,M,F,2026-01-05
22788.0,22788,Jordan,Jenkins,M,M,2026-01-05
22789.0,22789,Richard,Taylor,M,M,2026-01-05
22790.0,22790,Luke,Phillips,S,M,2026-01-05
22791.0,22791,Taylor,Jenkins,M,F,2026-01-05
22792.0,22792,Thomas,Carter,M,M,2026-01-05
22793.0,22793,Antonio,Jenkins,S,M,2026-01-05
22794.0,22794,Kelli,Deng,M,F,2026-01-05
22795.0,22795,Tara,Yuan,M,F,2026-01-05
22796.0,22796,Brad,Nath,M,M,2026-01-05
22797.0,22797,Leonard,She,M,M,2026-01-05
22798.0,22798,Heidi,Fernandez,M,F,2026-01-05
22799.0,22799,Riley,Alexander,M,F,2026-01-05
22800.0,22800,Dwayne,Alvarez,M,M,2026-01-05
22801.0,22801,Alicia,Raje,M,F,2026-01-05
22802.0,22802,Ann,Van,S,F,2026-01-05
22803.0,22803,Marshall,Shan,S,M,2026-01-05
22804.0,22804,Kelly,Butler,M,F,2026-01-05
22805.0,22805,Cristina,Goel,M,F,2026-01-05
22806.0,22806,Crystal,Sun,M,F,2026-01-05
22807.0,22807,Cindy,Garcia,M,F,2026-01-05
22808.0,22808,Ebony,Suri,S,F,2026-01-05
22809.0,22809,Martin,Sara,M,M,2026-01-05
22810.0,22810,Nathaniel,Sanchez,M,M,2026-01-05
22811.0,22811,Brent,Stone,M,M,2026-01-05
22812.0,22812,Destiny,Washington,M,F,2026-01-05
22813.0,22813,Jerry,Deng,M,M,2026-01-05
22814.0,22814,Edwin,Kumar,M,M,2026-01-05
22815.0,22815,Margaret,Wang,M,F,2026-01-05
22816.0,22816,Erica,Cai,M,F,2026-01-05
22817.0,22817,Calvin,Nath,S,M,2026-01-05
22818.0,22818,Janet,Ruiz,M,F,2026-01-05
22819.0,22819,Daisy,Alvarez,M,F,2026-01-05
22820.0,22820,Alex,Nelson,M,M,2026-01-05
22821.0,22821,Wendy,Munoz,M,F,2026-01-05
22822.0,22822,Devin,Anderson,M,M,2026-01-05
22823.0,22823,Isabel,Alexander,M,F,2026-01-05
22824.0,22824,April,Nath,M,F,2026-01-05
22825.0,22825,Kelli,Zeng,S,F,2026-01-05
22826.0,22826,Christian,Russell,M,M,2026-01-05
22827.0,22827,Clayton,Gao,M,M,2026-01-05
22828.0,22828,Francisco,Suri,M,M,2026-01-05
22829.0,22829,Chelsea,Chandra,M,F,2026-01-05
22830.0,22830,Lee,Travers,M,M,2026-01-05
22831.0,22831,Victor,Ruiz,S,M,2026-01-05
22832.0,22832,Martin,Gonzalez,M,M,2026-01-05
22833.0,22833,Bruce,Prasad,M,M,2026-01-05
22834.0,22834,Darryl,Zhou,M,M,2026-01-05
22835.0,22835,Alan,Zhang,M,M,2026-01-05
22836.0,22836,Michele,Sai,S,F,2026-01-05
22837.0,22837,Sergio,Chandra,M,M,2026-01-05
22838.0,22838,Cedric,Rai,M,M,2026-01-05
22839.0,22839,Brandy,Mehta,S,F,2026-01-05
22840.0,22840,Dominic,Sullivan,S,M,2026-01-05
22841.0,22841,Douglas,Martinez,S,M,2026-01-05
22842.0,22842,Michele,Nara,S,F,2026-01-05
22843.0,22843,Tiffany,Lu,S,F,2026-01-05
22844.0,22844,Marie,Arun,M,F,2026-01-05
22845.0,22845,Jake,Chen,M,M,2026-01-05
22846.0,22846,Frank,Gutierrez,S,M,2026-01-05
22847.0,22847,Jaclyn,Chen,S,F,2026-01-05
22848.0,22848,Peter,Pal,S,M,2026-01-05
22849.0,22849,Kristopher,Suri,M,M,2026-01-05
22850.0,22850,Devon,Luo,M,M,2026-01-05
22851.0,22851,Kaylee,Edwards,S,F,2026-01-05
22852.0,22852,Billy,Alonso,M,M,2026-01-05
22853.0,22853,Tasha,Pal,S,F,2026-01-05
22854.0,22854,Ebony,Mehta,S,F,2026-01-05
22855.0,22855,Summer,Sai,M,F,2026-01-05
22856.0,22856,Lance,Carlson,M,M,2026-01-05
22857.0,22857,Julio,Romero,M,M,2026-01-05
22858.0,22858,Deborah,Tang,M,F,2026-01-05
22859.0,22859,Arianna,Sanders,M,F,2026-01-05
22860.0,22860,Cedric,Kumar,M,M,2026-01-05
22861.0,22861,Devin,Hughes,M,M,2026-01-05
22862.0,22862,Derrick,Navarro,M,M,2026-01-05
22863.0,22863,Hunter,Thomas,M,M,2026-01-05
22864.0,22864,Mason,Hall,M,M,2026-01-05
22865.0,22865,Stephanie,Hall,M,F,2026-01-05
22866.0,22866,William,Thompson,S,M,2026-01-05
22867.0,22867,Max,Ruiz,S,M,2026-01-05
22868.0,22868,Ernest,Sun,S,M,2026-01-05
22869.0,22869,Rafael,Lu,S,M,2026-01-05
22870.0,22870,Barbara,Chen,S,F,2026-01-05
22871.0,22871,David,Coleman,M,M,2026-01-05
22872.0,22872,Sara,Bailey,M,F,2026-01-05
22873.0,22873,Robert,Williams,M,M,2026-01-05
22874.0,22874,Drew,Anand,S,M,2026-01-05
22875.0,22875,Robert,Russell,S,M,2026-01-05
22876.0,22876,Jenna,Campbell,M,F,2026-01-05
22877.0,22877,Xavier,Griffin,M,M,2026-01-05
22878.0,22878,Angelica,Ross,M,F,2026-01-05
22879.0,22879,Jocelyn,Russell,M,F,2026-01-05
22880.0,22880,Ashley,Harris,M,F,2026-01-05
22881.0,22881,Wyatt,Martinez,M,M,2026-01-05
22882.0,22882,Charles,Jones,S,M,2026-01-05
22883.0,22883,Xavier,Morgan,S,M,2026-01-05
22884.0,22884,Danielle,Richardson,S,F,2026-01-05
22885.0,22885,Caleb,Henderson,S,M,2026-01-05
22886.0,22886,Andrea,King,S,F,2026-01-05
22887.0,22887,Mason,Richardson,M,M,2026-01-05
22888.0,22888,Abigail,Long,M,F,2026-01-05
22889.0,22889,Julia,Long,M,F,2026-01-05
22890.0,22890,Alexis,Hall,M,F,2026-01-05
22891.0,22891,Andrea,Gonzalez,M,F,2026-01-05
22892.0,22892,Timothy,Mitchell,S,M,2026-01-05
22893.0,22893,Chloe,Miller,S,F,2026-01-05
22894.0,22894,Danielle,Ramirez,M,F,2026-01-05
22895.0,22895,Eduardo,Perez,S,M,2026-01-05
22896.0,22896,Logan,Miller,M,M,2026-01-05
22897.0,22897,Arianna,Ramirez,M,F,2026-01-05
22898.0,22898,Melanie,Washington,M,F,2026-01-05
22899.0,22899,Charles,Carter,M,M,2026-01-05
22900.0,22900,Hunter,Li,S,M,2026-01-05
22901.0,22901,Katherine,Stewart,S,F,2026-01-05
22902.0,22902,Pedro,Madan,M,M,2026-01-05
22903.0,22903,Hailey,Stewart,S,F,2026-01-05
22904.0,22904,Mitchell,Shen,S,M,2026-01-05
22905.0,22905,Joe,Schmidt,M,M,2026-01-05
22906.0,22906,Jessie,Moreno,M,F,2026-01-05
22907.0,22907,Barry,Sai,M,M,2026-01-05
22908.0,22908,Eddie,Ortega,M,M,2026-01-05
22909.0,22909,Tommy,Goel,S,M,2026-01-05
22910.0,22910,Latoya,Tang,M,F,2026-01-05
22911.0,22911,Gregory,Raje,M,M,2026-01-05
22912.0,22912,Mallory,Moreno,S,F,2026-01-05
22913.0,22913,Valerie,Lu,S,F,2026-01-05
22914.0,22914,Faith,Gray,S,F,2026-01-05
22915.0,22915,Carly,Shen,M,F,2026-01-05
22916.0,22916,Raquel,Romero,M,F,2026-01-05
22917.0,22917,Maurice,She,S,M,2026-01-05
22918.0,22918,Calvin,Jai,S,M,2026-01-05
22919.0,22919,Stanley,Rana,M,M,2026-01-05
22920.0,22920,Calvin,Andersen,M,M,2026-01-05
22921.0,22921,Kelsey,Shen,S,F,2026-01-05
22922.0,22922,Heidi,Martinez,S,F,2026-01-05
22923.0,22923,Mason,Lopez,M,M,2026-01-05
22924.0,22924,Marie,Sanchez,S,F,2026-01-05
22925.0,22925,Karla,Shen,M,F,2026-01-05
22926.0,22926,Keith,Yuan,S,M,2026-01-05
22927.0,22927,Jon,Guo,S,M,2026-01-05
22928.0,22928,Natalie,Nelson,S,F,2026-01-05
22929.0,22929,Isabella,Davis,S,F,2026-01-05
22930.0,22930,Brett,Raman,M,M,2026-01-05
22931.0,22931,Logan,Johnson,M,M,2026-01-05
22932.0,22932,Maurice,Jai,S,M,2026-01-05
22933.0,22933,Kelli,Chande,S,F,2026-01-05
22934.0,22934,Tonya,Kumar,M,F,2026-01-05
22935.0,22935,Tamara,Shen,S,F,2026-01-05
22936.0,22936,Jill,Diaz,S,F,2026-01-05
22937.0,22937,Jose,Baker,S,M,2026-01-05
22938.0,22938,Hector,Blanco,M,M,2026-01-05
22939.0,22939,Rebekah,Arthur,S,F,2026-01-05
22940.0,22940,Briana,Ashe,S,F,2026-01-05
22941.0,22941,Destiny,Bailey,S,F,2026-01-05
22942.0,22942,Brittney,She,M,F,2026-01-05
22943.0,22943,Timothy,Parker,S,M,2026-01-05
22944.0,22944,Jodi,Lal,M,F,2026-01-05
22945.0,22945,Linda,Sanz,M,F,2026-01-05
22946.0,22946,Bryant,Kapoor,S,M,2026-01-05
22947.0,22947,Danielle,Torres,S,F,2026-01-05
22948.0,22948,Lucas,Turner,S,M,2026-01-05
22949.0,22949,Gavin,Butler,S,M,2026-01-05
22950.0,22950,Nicole,Cox,S,F,2026-01-05
22951.0,22951,Chelsea,Mehta,S,F,2026-01-05
22952.0,22952,Luke,Baker,M,M,2026-01-05
22953.0,22953,Barbara,Liang,S,F,2026-01-05
22954.0,22954,Justin,Thompson,S,M,2026-01-05
22955.0,22955,Leslie,Suarez,M,F,2026-01-05
22956.0,22956,Randy,Guo,M,M,2026-01-05
22957.0,22957,Nicole,Davis,M,F,2026-01-05
22958.0,22958,Brandy,Fernandez,S,F,2026-01-05
22959.0,22959,Julie,Yuan,S,F,2026-01-05
22960.0,22960,Douglas,Malhotra,M,M,2026-01-05
22961.0,22961,Nina,She,M,F,2026-01-05
22962.0,22962,Casey,Martin,M,M,2026-01-05
22963.0,22963,Willie,Ye,M,M,2026-01-05
22964.0,22964,Eric,Hayes,S,M,2026-01-05
22965.0,22965,Carrie,Gomez,S,F,2026-01-05
22966.0,22966,Jodi,Chapman,S,F,2026-01-05
22967.0,22967,Rachel,Smith,M,F,2026-01-05
22968.0,22968,Logan,Perez,S,M,2026-01-05
22969.0,22969,Taylor,Martin,S,F,2026-01-05
22970.0,22970,Mary,Phillips,S,F,2026-01-05
22971.0,22971,Morgan,Howard,S,F,2026-01-05
22972.0,22972,Bailey,James,S,F,2026-01-05
22973.0,22973,Alan,Lin,S,M,2026-01-05
22974.0,22974,Erika,Vazquez,M,F,2026-01-05
22975.0,22975,Courtney,Turner,S,F,2026-01-05
22976.0,22976,Eric,Foster,S,M,2026-01-05
22977.0,22977,Ian,Patterson,M,M,2026-01-05
22978.0,22978,Devon,Jai,M,M,2026-01-05
22979.0,22979,Theodore,Hernandez,S,M,2026-01-05
22980.0,22980,Oscar,Washington,M,M,2026-01-05
22981.0,22981,Amanda,Flores,S,F,2026-01-05
22982.0,22982,Madison,Miller,M,F,2026-01-05
22983.0,22983,Maria,Bennett,S,F,2026-01-05
22984.0,22984,Cameron,Robinson,M,M,2026-01-05
22985.0,22985,Hailey,Phillips,M,F,2026-01-05
22986.0,22986,Carly,Jai,S,F,2026-01-05
22987.0,22987,Jerome,Dominguez,M,M,2026-01-05
22988.0,22988,Patricia,Madan,M,F,2026-01-05
22989.0,22989,Megan,Butler,M,F,2026-01-05
22990.0,22990,Alyssa,Stewart,S,F,2026-01-05
22991.0,22991,Morgan,Jenkins,S,F,2026-01-05
22992.0,22992,Austin,Yang,S,M,2026-01-05
22993.0,22993,Xavier,Sanchez,S,M,2026-01-05
22994.0,22994,Chloe,Allen,M,F,2026-01-05
22995.0,22995,Isabella,Bryant,S,F,2026-01-05
22996.0,22996,Jordan,Henderson,M,M,2026-01-05
22997.0,22997,Lucas,Williams,M,M,2026-01-05
22998.0,22998,Lauren,Washington,M,F,2026-01-05
22999.0,22999,Jackson,Hill,M,M,2026-01-05
23000.0,23000,Victoria,Henderson,M,F,2026-01-05
23001.0,23001,Julio,Munoz,S,M,2026-01-05
23002.0,23002,Arthur,Hernandez,S,M,2026-01-05
23003.0,23003,Ashley,Robinson,S,F,2026-01-05
23004.0,23004,Raymond,Fernandez,M,M,2026-01-05
23005.0,23005,Luke,Sharma,M,M,2026-01-05
23006.0,23006,Seth,Lee,M,M,2026-01-05
23007.0,23007,Isaac,Sanchez,S,M,2026-01-05
23008.0,23008,Sheena,She,M,F,2026-01-05
23009.0,23009,Dalton,Thomas,M,M,2026-01-05
23010.0,23010,Seth,Cook,S,M,2026-01-05
23011.0,23011,Isaiah,Rivera,M,M,2026-01-05
23012.0,23012,Mathew,Carlson,M,M,2026-01-05
23013.0,23013,Louis,Yang,M,M,2026-01-05
23014.0,23014,Cassandra,Mehta,M,F,2026-01-05
23015.0,23015,Juan,Rivera,M,M,2026-01-05
23016.0,23016,Victoria,Powell,M,F,2026-01-05
23017.0,23017,Alison,Rai,M,F,2026-01-05
23018.0,23018,Richard,White,M,M,2026-01-05
23019.0,23019,Emma,Garcia,M,F,2026-01-05
23020.0,23020,Hannah,Jones,M,F,2026-01-05
23021.0,23021,Stefanie,Mehta,M,F,2026-01-05
23022.0,23022,Jocelyn,Bradley,S,F,2026-01-05
23023.0,23023,Naomi,Vazquez,M,F,2026-01-05
23024.0,23024,Emma,Davis,M,F,2026-01-05
23025.0,23025,Richard,Richardson,M,M,2026-01-05
23026.0,23026,Jessica,Rogers,S,F,2026-01-05
23027.0,23027,Fernando,Griffin,S,M,2026-01-05
23028.0,23028,Anna,Taylor,M,F,2026-01-05
23029.0,23029,Ian,Ross,M,M,2026-01-05
23030.0,23030,Aidan,Jenkins,M,M,2026-01-05
23031.0,23031,Brooke,Morgan,S,F,2026-01-05
23032.0,23032,Jesse,Parker,M,M,2026-01-05
23033.0,23033,Alex,Turner,M,M,2026-01-05
23034.0,23034,Melanie,Cooper,S,F,2026-01-05
23035.0,23035,Maria,Howard,M,F,2026-01-05
23036.0,23036,Caleb,Green,S,M,2026-01-05
23037.0,23037,Lucas,Wood,S,M,2026-01-05
23038.0,23038,Sydney,Reed,S,F,2026-01-05
23039.0,23039,Wyatt,Scott,M,M,2026-01-05
23040.0,23040,Seth,Morgan,M,M,2026-01-05
23041.0,23041,Natalie,Garcia,S,F,2026-01-05
23042.0,23042,Riley,Blue,S,F,2026-01-05
23043.0,23043,Katherine,Moore,M,F,2026-01-05
23044.0,23044,Aidan,Patterson,M,M,2026-01-05
23045.0,23045,Gabriel,Patterson,M,M,2026-01-05
23046.0,23046,Pamela,Malhotra,M,F,2026-01-05
23047.0,23047,Valerie,Xu,M,F,2026-01-05
23048.0,23048,Isabella,Hughes,M,F,2026-01-05
23049.0,23049,Gina,Moreno,S,F,2026-01-05
23050.0,23050,Jack,Hall,M,M,2026-01-05
23051.0,23051,Jesse,Green,M,M,2026-01-05
23052.0,23052,Steven,Stewart,M,M,2026-01-05
23053.0,23053,Anna,Bailey,M,F,2026-01-05
23054.0,23054,David,Moore,M,M,2026-01-05
23055.0,23055,Seth,Diaz,M,M,2026-01-05
23056.0,23056,Alyssa,Perry,M,F,2026-01-05
23057.0,23057,Caitlin,Richardson,M,F,2026-01-05
23058.0,23058,Michelle,Rivera,S,F,2026-01-05
23059.0,23059,Spencer,Price,M,M,2026-01-05
23060.0,23060,Isabella,Long,M,F,2026-01-05
23061.0,23061,Jeremiah,Sanders,M,M,2026-01-05
23062.0,23062,Natalie,Reed,M,F,2026-01-05
23063.0,23063,Jennifer,Thompson,M,F,2026-01-05
23064.0,23064,Alexander,Rodriguez,S,M,2026-01-05
23065.0,23065,Derek,Nath,M,M,2026-01-05
23066.0,23066,Austin,Lal,M,M,2026-01-05
23067.0,23067,Kelli,Pal,M,F,2026-01-05
23068.0,23068,Ryan,Shan,M,M,2026-01-05
23069.0,23069,Anna,Gray,M,F,2026-01-05
23070.0,23070,Natalie,Hall,M,F,2026-01-05
23071.0,23071,Haley,Gonzales,M,F,2026-01-05
23072.0,23072,Toni,Srini,M,F,2026-01-05
23073.0,23073,Christian,Griffin,M,M,2026-01-05
23074.0,23074,Megan,Flores,S,F,2026-01-05
23075.0,23075,Rebekah,Sandberg,M,F,2026-01-05
23076.0,23076,Adrian,Brooks,M,M,2026-01-05
23077.0,23077,Marvin,Hernandez,M,M,2026-01-05
23078.0,23078,Julio,Hernandez,M,M,2026-01-05
23079.0,23079,Justine,Ryan,S,F,2026-01-05
23080.0,23080,Jocelyn,Barnes,S,F,2026-01-05
23081.0,23081,Brandon,Powell,M,M,2026-01-05
23082.0,23082,Jonathan,Williams,M,M,2026-01-05
23083.0,23083,Samuel,Smith,S,M,2026-01-05
23084.0,23084,Christian,Shan,S,M,2026-01-05
23085.0,23085,Ross,Subram,M,M,2026-01-05
23086.0,23086,Tracy,Lal,M,F,2026-01-05
23087.0,23087,Clifford,Martinez,M,M,2026-01-05
23088.0,23088,Wesley,Hu,S,M,2026-01-05
23089.0,23089,Lucas,Walker,M,M,2026-01-05
23090.0,23090,Christopher,Lee,S,M,2026-01-05
23091.0,23091,Richard,Peterson,S,M,2026-01-05
23092.0,23092,Gabrielle,Brooks,S,F,2026-01-05
23093.0,23093,Nathan,Parker,M,M,2026-01-05
23094.0,23094,Carolyn,Gill,M,F,2026-01-05
23095.0,23095,Gerald,Patel,M,M,2026-01-05
23096.0,23096,Ashlee,Chande,M,F,2026-01-05
23097.0,23097,Tony,Natsuhara,S,M,2026-01-05
23098.0,23098,Pedro,Rubio,S,M,2026-01-05
23099.0,23099,Kristi,Suarez,S,F,2026-01-05
23100.0,23100,Christy,Raje,M,F,2026-01-05
23101.0,23101,Barbara,Lal,M,F,2026-01-05
23102.0,23102,Barbara,Zeng,M,F,2026-01-05
23103.0,23103,Dwayne,Moreno,M,M,2026-01-05
23104.0,23104,Isabelle,Long,M,F,2026-01-05
23105.0,23105,Karl,Andersen,S,M,2026-01-05
23106.0,23106,Kathryn,Yuan,M,F,2026-01-05
23107.0,23107,Michele,Kumar,M,F,2026-01-05
23108.0,23108,Savannah,Wright,S,F,2026-01-05
23109.0,23109,Lauren,Hughes,S,F,2026-01-05
23110.0,23110,Mackenzie,Gonzalez,S,F,2026-01-05
23111.0,23111,Sara,Wright,S,F,2026-01-05
23112.0,23112,James,Butler,S,M,2026-01-05
23113.0,23113,Elijah,Powell,S,M,2026-01-05
23114.0,23114,Caroline,Washington,S,F,2026-01-05
23115.0,23115,Stephanie,Nicholls,S,F,2026-01-05
23116.0,23116,Jerome,Vazquez,S,M,2026-01-05
23117.0,23117,Bruce,Sanz,M,M,2026-01-05
23118.0,23118,Monique,Moreno,M,F,2026-01-05
23119.0,23119,Gilbert,Zhao,S,M,2026-01-05
23120.0,23120,Javier,Browning,S,M,2026-01-05
23121.0,23121,Danny,Ramos,M,M,2026-01-05
23122.0,23122,Colleen,Zhou,S,F,2026-01-05
23123.0,23123,Zoe,Kelly,S,F,2026-01-05
23124.0,23124,Cameron,Wang,S,M,2026-01-05
23125.0,23125,Madeline,Scott,S,F,2026-01-05
23126.0,23126,Carolyn,Van,M,F,2026-01-05
23127.0,23127,Haley,Hughes,M,F,2026-01-05
23128.0,23128,Dylan,Jai,M,M,2026-01-05
23129.0,23129,Misty,Ashe,M,F,2026-01-05
23130.0,23130,Lauren,Russell,S,F,2026-01-05
23131.0,23131,Caitlin,Peterson,M,F,2026-01-05
23132.0,23132,Anthony,Lee,M,M,2026-01-05
23133.0,23133,Alexis,White,M,F,2026-01-05
23134.0,23134,Alyssa,Robinson,M,F,2026-01-05
23135.0,23135,Dylan,Clark,M,M,2026-01-05
23136.0,23136,Stephanie,Peterson,S,F,2026-01-05
23137.0,23137,Chloe,Sanders,M,F,2026-01-05
23138.0,23138,Angela,Peterson,S,F,2026-01-05
23139.0,23139,Christian,Yang,S,M,2026-01-05
23140.0,23140,Tyler,Lee,M,M,2026-01-05
23141.0,23141,Katherine,Long,M,F,2026-01-05
23142.0,23142,Cara,Wu,S,F,2026-01-05
23143.0,23143,Jada,Phillips,M,F,2026-01-05
23144.0,23144,Zachary,Alexander,M,M,2026-01-05
23145.0,23145,Nichole,Xie,M,F,2026-01-05
23146.0,23146,Sarah,Clark,S,F,2026-01-05
23147.0,23147,Wyatt,Smith,M,M,2026-01-05
23148.0,23148,Nathan,Ross,M,M,2026-01-05
23149.0,23149,Brandi,Rubio,M,F,2026-01-05
23150.0,23150,Gabriella,Allen,M,F,2026-01-05
23151.0,23151,Michael,Brown,M,M,2026-01-05
23152.0,23152,Michelle,Howard,M,F,2026-01-05
23153.0,23153,Jenna,Hill,M,F,2026-01-05
23154.0,23154,Connor,Phillips,M,M,2026-01-05
23155.0,23155,Victoria,Hall,M,F,2026-01-05
23156.0,23156,Samantha,Barnes,M,F,2026-01-05
23157.0,23157,Valerie,Gao,M,F,2026-01-05
23158.0,23158,Ana,Patterson,M,F,2026-01-05
23159.0,23159,Dalton,Phillips,M,M,2026-01-05
23160.0,23160,Aimee,Huang,M,F,2026-01-05
23161.0,23161,Samuel,Scott,M,M,2026-01-05
23162.0,23162,Sarah,Flores,S,F,2026-01-05
23163.0,23163,Madison,Ross,M,F,2026-01-05
23164.0,23164,Kyle,Bryant,S,M,2026-01-05
23165.0,23165,Natalie,Mitchell,M,F,2026-01-05
23166.0,23166,Cody,Ward,S,M,2026-01-05
23167.0,23167,Hailey,Jenkins,S,F,2026-01-05
23168.0,23168,Mya,Hayes,M,F,2026-01-05
23169.0,23169,Corey,Andersen,S,M,2026-01-05
23170.0,23170,Aaron,Jai,S,M,2026-01-05
23171.0,23171,Ethan,Griffin,M,M,2026-01-05
23172.0,23172,Alexandra,Thomas,M,F,2026-01-05
23173.0,23173,Nathan,Rodriguez,S,M,2026-01-05
23174.0,23174,Gloria,Gonzales,S,F,2026-01-05
23175.0,23175,Melanie,Flores,M,F,2026-01-05
23176.0,23176,Jesse,Ward,M,M,2026-01-05
23177.0,23177,Savannah,Richardson,S,F,2026-01-05
23178.0,23178,Dalton,Morris,S,M,2026-01-05
23179.0,23179,Jordan,Phillips,M,M,2026-01-05
23180.0,23180,Olivia,Cook,S,F,2026-01-05
23181.0,23181,Evan,Evans,S,M,2026-01-05
23182.0,23182,Savannah,Rivera,M,F,2026-01-05
23183.0,23183,Megan,Davis,S,F,2026-01-05
23184.0,23184,Hailey,Carter,S,F,2026-01-05
23185.0,23185,Fernando,Edwards,M,M,2026-01-05
23186.0,23186,Jordan,Young,M,M,2026-01-05
23187.0,23187,Andy,Munoz,M,M,2026-01-05
23188.0,23188,Austin,Jai,S,M,2026-01-05
23189.0,23189,Megan,Moore,M,F,2026-01-05
23190.0,23190,Nathaniel,Ramirez,S,M,2026-01-05
23191.0,23191,Gilbert,Raji,S,M,2026-01-05
23192.0,23192,Emily,Garcia,M,F,2026-01-05
23193.0,23193,Alexis,Flores,M,F,2026-01-05
23194.0,23194,Shelby,Cook,M,F,2026-01-05
23195.0,23195,Xavier,Mohamed,S,M,2026-01-05
23196.0,23196,Carlos,Roberts,S,M,2026-01-05
23197.0,23197,Cole,Cook,M,M,2026-01-05
23198.0,23198,Jacqueline,Sanders,S,F,2026-01-05
23199.0,23199,Brandon,Hayes,M,M,2026-01-05
23200.0,23200,Grace,Rodriguez,M,F,2026-01-05
23201.0,23201,Alyssa,Butler,S,F,2026-01-05
23202.0,23202,Terrance,Chandra,M,M,2026-01-05
23203.0,23203,Dalton,Jenkins,S,M,2026-01-05
23204.0,23204,Katherine,Mitchell,S,F,2026-01-05
23205.0,23205,Katherine,Sanders,S,F,2026-01-05
23206.0,23206,Jackson,Lal,S,M,2026-01-05
23207.0,23207,Dalton,Baker,M,M,2026-01-05
23208.0,23208,Janet,Watson,S,F,2026-01-05
23209.0,23209,Lucas,Lewis,S,M,2026-01-05
23210.0,23210,Timothy,Gray,M,M,2026-01-05
23211.0,23211,Rebekah,Kovár,M,F,2026-01-05
23212.0,23212,James,Jones,S,M,2026-01-05
23213.0,23213,Noah,Green,S,M,2026-01-05
23214.0,23214,Kaylee,James,M,F,2026-01-05
23215.0,23215,Juan,Richardson,M,M,2026-01-05
23216.0,23216,Kevin,Hall,S,M,2026-01-05
23217.0,23217,Michelle,Morgan,S,F,2026-01-05
23218.0,23218,Alisha,Gao,S,F,2026-01-05
23219.0,23219,Alyssa,West,S,F,2026-01-05
23220.0,23220,Roy,Malhotra,S,M,2026-01-05
23221.0,23221,Leonard,Rai,S,M,2026-01-05
23222.0,23222,Kristen,Wu,S,F,2026-01-05
23223.0,23223,Angel,Howard,M,M,2026-01-05
23224.0,23224,Jonathan,Scott,M,M,2026-01-05
23225.0,23225,Heidi,Patel,S,F,2026-01-05
23226.0,23226,Leonard,Xie,S,M,2026-01-05
23227.0,23227,Anne,Alonso,S,F,2026-01-05
23228.0,23228,Candice,Guo,S,F,2026-01-05
23229.0,23229,Deborah,Raje,S,F,2026-01-05
23230.0,23230,Mya,Foster,S,F,2026-01-05
23231.0,23231,Dylan,Moore,S,M,2026-01-05
23232.0,23232,Frank,Serrano,S,M,2026-01-05
23233.0,23233,Bradley,Sharma,S,M,2026-01-05
23234.0,23234,Brent,Lu,S,M,2026-01-05
23235.0,23235,Cedric,Pal,S,M,2026-01-05
23236.0,23236,Nichole,Kumar,S,F,2026-01-05
23237.0,23237,Caleb,Young,S,M,2026-01-05
23238.0,23238,Thomas,Lee,S,M,2026-01-05
23239.0,23239,Curtis,Wu,S,M,2026-01-05
23240.0,23240,Phillip,Chapman,S,M,2026-01-05
23241.0,23241,Armando,Torres,S,M,2026-01-05
23242.0,23242,Andrew,Garcia,S,M,2026-01-05
23243.0,23243,Jasmine,Rogers,M,F,2026-01-05
23244.0,23244,Alexandra,Wagner,S,F,2026-01-05
23245.0,23245,Morgan,James,S,F,2026-01-05
23246.0,23246,Renee,Gill,S,F,2026-01-05
23247.0,23247,Alexander,Garcia,S,M,2026-01-05
23248.0,23248,Bailey,Peterson,M,F,2026-01-05
23249.0,23249,Tasha,Nara,S,F,2026-01-05
23250.0,23250,Ashley,Lee,M,F,2026-01-05
23251.0,23251,Evan,Scott,M,M,2026-01-05
23252.0,23252,Alexia,Wood,S,F,2026-01-05
23253.0,23253,Brooke,Bell,S,F,2026-01-05
23254.0,23254,Jack,Gonzalez,S,M,2026-01-05
23255.0,23255,Xavier,Johnson,S,M,2026-01-05
23256.0,23256,Mario,Chande,S,M,2026-01-05
23257.0,23257,Charles,Stewart,M,M,2026-01-05
23258.0,23258,Megan,Watson,S,F,2026-01-05
23259.0,23259,John,Taylor,M,M,2026-01-05
23260.0,23260,Edwin,Goel,M,M,2026-01-05
23261.0,23261,Jada,Peterson,S,F,2026-01-05
23262.0,23262,Sydney,Kelly,S,F,2026-01-05
23263.0,23263,Angel,Lopez,S,M,2026-01-05
23264.0,23264,Warren,Hu,M,M,2026-01-05
23265.0,23265,Savannah,James,M,F,2026-01-05
23266.0,23266,Jessica,Watson,M,F,2026-01-05
23267.0,23267,Juan,James,M,M,2026-01-05
23268.0,23268,Katelyn,Morris,M,F,2026-01-05
23269.0,23269,Taylor,Griffin,M,F,2026-01-05
23270.0,23270,Anna,Anderson,M,F,2026-01-05
23271.0,23271,Alexandra,Clark,M,F,2026-01-05
23272.0,23272,Tristan,Hayes,M,M,2026-01-05
23273.0,23273,Benjamin,Long,M,M,2026-01-05
23274.0,23274,Ethan,Jackson,M,M,2026-01-05
23275.0,23275,Miguel,Jackson,M,M,2026-01-05
23276.0,23276,Vincent,Zhou,M,M,2026-01-05
23277.0,23277,Isaiah,Torres,M,M,2026-01-05
23278.0,23278,Chloe,Flores,S,F,2026-01-05
23279.0,23279,Edward,Johnson,S,M,2026-01-05
23280.0,23280,Hannah,Alexander,M,F,2026-01-05
23281.0,23281,Megan,Harris,M,F,2026-01-05
23282.0,23282,Ariana,James,M,F,2026-01-05
23283.0,23283,Haley,Torres,S,F,2026-01-05
23284.0,23284,Wyatt,Coleman,S,M,2026-01-05
23285.0,23285,Latoya,Luo,S,F,2026-01-05
23286.0,23286,Taylor,Bell,M,F,2026-01-05
23287.0,23287,Juan,Kelly,S,M,2026-01-05
23288.0,23288,Eduardo,Evans,S,M,2026-01-05
23289.0,23289,Justin,Robinson,M,M,2026-01-05
23290.0,23290,Angelica,Bennett,M,F,2026-01-05
23291.0,23291,Timothy,Evans,M,M,2026-01-05
23292.0,23292,Jose,Russell,S,M,2026-01-05
23293.0,23293,Kaylee,Peterson,S,F,2026-01-05
23294.0,23294,Suzanne,Chen,M,F,2026-01-05
23295.0,23295,Jaime,Torres,S,F,2026-01-05
23296.0,23296,Molly,Mehta,S,F,2026-01-05
23297.0,23297,Tyrone,Gomez,S,M,2026-01-05
23298.0,23298,Robert,Martinez,S,M,2026-01-05
23299.0,23299,Kristy,Jimenez,M,F,2026-01-05
23300.0,23300,Julia,Henderson,S,F,2026-01-05
23301.0,23301,Noah,Anderson,M,M,2026-01-05
23302.0,23302,Fernando,Walker,S,M,2026-01-05
23303.0,23303,Connor,Lal,M,M,2026-01-05
23304.0,23304,Jordan,Simmons,S,M,2026-01-05
23305.0,23305,Robyn,Dominguez,M,F,2026-01-05
23306.0,23306,Byron,Ortega,S,M,2026-01-05
23307.0,23307,Meredith,Ramos,M,F,2026-01-05
23308.0,23308,Madison,Perry,M,F,2026-01-05
23309.0,23309,Latoya,Chande,M,F,2026-01-05
23310.0,23310,Sydney,Wood,M,F,2026-01-05
23311.0,23311,Veronica,Gonzalez,M,F,2026-01-05
23312.0,23312,Sheena,Lal,S,F,2026-01-05
23313.0,23313,Corey,Lal,M,M,2026-01-05
23314.0,23314,Alfredo,Munoz,M,M,2026-01-05
23315.0,23315,Carmen,Chandra,M,F,2026-01-05
23316.0,23316,Billy,Blanco,S,M,2026-01-05
23317.0,23317,Beth,Martin,M,F,2026-01-05
23318.0,23318,Patrick,Morgan,S,M,2026-01-05
23319.0,23319,Luis,Green,M,M,2026-01-05
23320.0,23320,Kendra,Gomez,M,F,2026-01-05
23321.0,23321,Karl,Xu,M,M,2026-01-05
23322.0,23322,Wesley,Li,M,M,2026-01-05
23323.0,23323,Alfredo,Alonso,M,M,2026-01-05
23324.0,23324,Deborah,Deng,M,F,2026-01-05
23325.0,23325,Tiffany,Zimmerman,M,F,2026-01-05
23326.0,23326,Tiffany,Ye,S,F,2026-01-05
23327.0,23327,Madison,Moore,S,F,2026-01-05
23328.0,23328,Julian,Butler,M,M,2026-01-05
23329.0,23329,Sharon,Raji,M,F,2026-01-05
23330.0,23330,Julian,Washington,S,M,2026-01-05
23331.0,23331,Jeremiah,Gray,M,M,2026-01-05
23332.0,23332,Martin,Garcia,S,M,2026-01-05
23333.0,23333,Steve,Sun,M,M,2026-01-05
23334.0,23334,Brandon,Wilson,S,M,2026-01-05
23335.0,23335,James,Robinson,S,M,2026-01-05
23336.0,23336,Jocelyn,Bryant,M,F,2026-01-05
23337.0,23337,Isaiah,Green,M,M,2026-01-05
23338.0,23338,Lucas,Jenkins,M,M,2026-01-05
23339.0,23339,Zoe,Reed,S,F,2026-01-05
23340.0,23340,Mackenzie,Collins,M,F,2026-01-05
23341.0,23341,Kelvin,Chen,S,M,2026-01-05
23342.0,23342,Cristina,She,S,F,2026-01-05
23343.0,23343,Bruce,Rubio,S,M,2026-01-05
23344.0,23344,Sharon,Xu,S,F,2026-01-05
23345.0,23345,Mario,Lal,S,M,2026-01-05
23346.0,23346,Carly,Raji,S,F,2026-01-05
23347.0,23347,Eddie,Carlson,M,M,2026-01-05
23348.0,23348,Tiffany,Chen,S,F,2026-01-05
23349.0,23349,Lauren,Johnson,S,F,2026-01-05
23350.0,23350,Natalie,Thomas,S,F,2026-01-05
23351.0,23351,Lucas,Sanchez,S,M,2026-01-05
23352.0,23352,Kevin,Mitchell,S,M,2026-01-05
23353.0,23353,Sophia,Scott,M,F,2026-01-05
23354.0,23354,Eddie,Gomez,S,M,2026-01-05
23355.0,23355,Lance,Serrano,S,M,2026-01-05
23356.0,23356,Grace,Ward,S,F,2026-01-05
23357.0,23357,Micah,Yang,S,M,2026-01-05
23358.0,23358,Alberto,Alvarez,M,M,2026-01-05
23359.0,23359,Dalton,Alexander,S,M,2026-01-05
23360.0,23360,Marcus,Moore,S,M,2026-01-05
23361.0,23361,Chloe,Lopez,S,F,2026-01-05
23362.0,23362,Nicholas,Martin,S,M,2026-01-05
23363.0,23363,David,Russell,M,M,2026-01-05
23364.0,23364,Natalie,Young,S,F,2026-01-05
23365.0,23365,Vanessa,Flores,S,F,2026-01-05
23366.0,23366,Fernando,Campbell,S,M,2026-01-05
23367.0,23367,Haley,Ramirez,M,F,2026-01-05
23368.0,23368,Cassidy,Flores,M,F,2026-01-05
23369.0,23369,Morgan,Washington,S,F,2026-01-05
23370.0,23370,Mya,Alexander,S,F,2026-01-05
23371.0,23371,Katherine,Roberts,S,F,2026-01-05
23372.0,23372,Jack,Diaz,M,M,2026-01-05
23373.0,23373,Gabrielle,Murphy,S,F,2026-01-05
23374.0,23374,Emma,Gray,M,F,2026-01-05
23375.0,23375,Christian,Zhang,M,M,2026-01-05
23376.0,23376,Zachary,Flores,M,M,2026-01-05
23377.0,23377,Samantha,Hayes,M,F,2026-01-05
23378.0,23378,Jackson,Phillips,M,M,2026-01-05
23379.0,23379,Riley,Richardson,S,F,2026-01-05
23380.0,23380,Gabriel,Campbell,M,M,2026-01-05
23381.0,23381,Bianca,Hu,M,F,2026-01-05
23382.0,23382,Xavier,Barnes,M,M,2026-01-05
23383.0,23383,Caleb,Allen,M,M,2026-01-05
23384.0,23384,Taylor,Wilson,M,F,2026-01-05
23385.0,23385,Isaac,Brooks,M,M,2026-01-05
23386.0,23386,Jose,Smith,S,M,2026-01-05
23387.0,23387,Xavier,Perry,S,M,2026-01-05
23388.0,23388,Ana,Henderson,S,F,2026-01-05
23389.0,23389,Jack,Perry,M,M,2026-01-05
23390.0,23390,Dakota,Flores,S,M,2026-01-05
23391.0,23391,Joanna,Moreno,S,F,2026-01-05
23392.0,23392,Adrienne,Dominguez,S,F,2026-01-05
23393.0,23393,Jennifer,Anderson,S,F,2026-01-05
23394.0,23394,Anna,Bell,S,F,2026-01-05
23395.0,23395,Ryan,Martinez,S,M,2026-01-05
23396.0,23396,Kaitlyn,Long,M,F,2026-01-05
23397.0,23397,Isabelle,Bryant,M,F,2026-01-05
23398.0,23398,Karl,Chander,M,M,2026-01-05
23399.0,23399,Keith,Pal,M,M,2026-01-05
23400.0,23400,Andrew,Lee,M,M,2026-01-05
23401.0,23401,Evan,Brooks,M,M,2026-01-05
23402.0,23402,Melissa,Cox,M,F,2026-01-05
23403.0,23403,Justin,Powell,S,M,2026-01-05
23404.0,23404,Amanda,Peterson,S,F,2026-01-05
23405.0,23405,Kari,Madan,S,F,2026-01-05
23406.0,23406,Frederick,Sanchez,M,M,2026-01-05
23407.0,23407,Lauren,Garcia,S,F,2026-01-05
23408.0,23408,Ivan,Perez,S,M,2026-01-05
23409.0,23409,Brad,Raji,S,M,2026-01-05
23410.0,23410,Carrie,Alvarez,M,F,2026-01-05
23411.0,23411,Cesar,Prasad,S,M,2026-01-05
23412.0,23412,Dalton,Coleman,S,M,2026-01-05
23413.0,23413,Max,Ortega,M,M,2026-01-05
23414.0,23414,Damien,Lin,S,M,2026-01-05
23415.0,23415,Kristi,Moreno,S,F,2026-01-05
23416.0,23416,Kristin,Shan,M,F,2026-01-05
23417.0,23417,Emmanuel,Sai,S,M,2026-01-05
23418.0,23418,Brittney,Wu,M,F,2026-01-05
23419.0,23419,Shawna,Xu,S,F,2026-01-05
23420.0,23420,Mario,Moyer,S,M,2026-01-05
23421.0,23421,Willie,Yuan,S,M,2026-01-05
23422.0,23422,Casey,Alonso,S,M,2026-01-05
23423.0,23423,Adam,Powell,M,M,2026-01-05
23424.0,23424,Adriana,Subram,M,F,2026-01-05
23425.0,23425,Rachael,Lopez,M,F,2026-01-05
23426.0,23426,Mathew,Ferrier,S,M,2026-01-05
23427.0,23427,Jay,Sai,M,M,2026-01-05
23428.0,23428,Savannah,Bailey,M,F,2026-01-05
23429.0,23429,Jenny,Kumar,S,F,2026-01-05
23430.0,23430,Savannah,Turner,S,F,2026-01-05
23431.0,23431,Margaret,Guo,M,F,2026-01-05
23432.0,23432,Jordan,Roberts,S,M,2026-01-05
23433.0,23433,Pedro,Muñoz,S,M,2026-01-05
23434.0,23434,Katie,Nath,S,F,2026-01-05
23435.0,23435,Rosa,Chen,S,F,2026-01-05
23436.0,23436,Tanya,Munoz,S,F,2026-01-05
23437.0,23437,Briana,Munoz,S,F,2026-01-05
23438.0,23438,Toni,Vance,S,F,2026-01-05
23439.0,23439,Ramon,Hu,S,M,2026-01-05
23440.0,23440,Nancy,Sai,S,F,2026-01-05
23441.0,23441,Rafael,Zhang,S,M,2026-01-05
23442.0,23442,Todd,She,S,M,2026-01-05
23443.0,23443,Elijah,Jai,S,M,2026-01-05
23444.0,23444,Aidan,Washington,S,M,2026-01-05
23445.0,23445,Andy,Carlson,S,M,2026-01-05
23446.0,23446,Nina,Chander,S,F,2026-01-05
23447.0,23447,Jermaine,Weber,S,M,2026-01-05
23448.0,23448,Abigail,Peterson,M,F,2026-01-05
23449.0,23449,Steven,Peterson,M,M,2026-01-05
23450.0,23450,Alex,Rogers,S,M,2026-01-05
23451.0,23451,Taylor,James,M,F,2026-01-05
23452.0,23452,Eduardo,Watson,M,M,2026-01-05
23453.0,23453,Maurice,Deng,M,M,2026-01-05
23454.0,23454,Ryan,Wang,S,M,2026-01-05
23455.0,23455,Jonathan,Perez,S,M,2026-01-05
23456.0,23456,Aidan,Simmons,M,M,2026-01-05
23457.0,23457,Nicole,Rivera,S,F,2026-01-05
23458.0,23458,Mackenzie,Edwards,S,F,2026-01-05
23459.0,23459,Mason,Sanders,M,M,2026-01-05
23460.0,23460,Javier,Ramos,S,M,2026-01-05
23461.0,23461,Rachael,Smith,M,F,2026-01-05
23462.0,23462,Seth,Jones,M,M,2026-01-05
23463.0,23463,Sean,Hill,S,M,2026-01-05
23464.0,23464,Devin,Turner,M,M,2026-01-05
23465.0,23465,Grace,Russell,S,F,2026-01-05
23466.0,23466,Alyssa,Miller,S,F,2026-01-05
23467.0,23467,Nicole,Bennett,S,F,2026-01-05
23468.0,23468,Sean,Roberts,S,M,2026-01-05
23469.0,23469,Christina,Gray,S,F,2026-01-05
23470.0,23470,Samuel,Young,S,M,2026-01-05
23471.0,23471,Jeremy,Baker,M,M,2026-01-05
23472.0,23472,Alyssa,Rodriguez,M,F,2026-01-05
23473.0,23473,Jesse,James,M,M,2026-01-05
23474.0,23474,Julia,Williams,M,F,2026-01-05
23475.0,23475,Richard,Martin,M,M,2026-01-05
23476.0,23476,Charles,Hall,S,M,2026-01-05
23477.0,23477,Marcus,Phillips,M,M,2026-01-05
23478.0,23478,Hailey,Cooper,S,F,2026-01-05
23479.0,23479,Fernando,Robinson,S,M,2026-01-05
23480.0,23480,Sydney,Coleman,S,F,2026-01-05
23481.0,23481,Dustin,Xu,S,M,2026-01-05
23482.0,23482,Zoe,Gray,M,F,2026-01-05
23483.0,23483,David,Jai,M,M,2026-01-05
23484.0,23484,Jenna,Allen,M,F,2026-01-05
23485.0,23485,Isabella,Lee,M,F,2026-01-05
23486.0,23486,Benjamin,Coleman,S,M,2026-01-05
23487.0,23487,Gabriel,Evans,M,M,2026-01-05
23488.0,23488,Luis,Nelson,M,M,2026-01-05
23489.0,23489,Autumn,Huang,M,F,2026-01-05
23490.0,23490,Nicholas,Wilson,M,M,2026-01-05
23491.0,23491,Miguel,Taylor,S,M,2026-01-05
23492.0,23492,Jamie,Blanco,S,M,2026-01-05
23493.0,23493,Thomas,Taylor,M,M,2026-01-05
23494.0,23494,Nicole,Foster,M,F,2026-01-05
23495.0,23495,James,Shan,M,M,2026-01-05
23496.0,23496,Nicholas,Harris,S,M,2026-01-05
23497.0,23497,Olivia,Bryant,M,F,2026-01-05
23498.0,23498,James,Johnson,M,M,2026-01-05
23499.0,23499,Spencer,Washington,M,M,2026-01-05
23500.0,23500,Adriana,Garcia,M,F,2026-01-05
23501.0,23501,Isabelle,Perry,M,F,2026-01-05
23502.0,23502,Logan,Lopez,M,M,2026-01-05
23503.0,23503,Dalton,Torres,M,M,2026-01-05
23504.0,23504,George,Rana,M,M,2026-01-05
23505.0,23505,Connor,Sharma,S,M,2026-01-05
23506.0,23506,Jesse,Campbell,S,M,2026-01-05
23507.0,23507,Rachel,Henderson,M,F,2026-01-05
23508.0,23508,Blake,Jones,M,M,2026-01-05
23509.0,23509,Faith,Powell,S,F,2026-01-05
23510.0,23510,Morgan,Cooper,M,F,2026-01-05
23511.0,23511,Joshua,Rodriguez,M,M,2026-01-05
23512.0,23512,Zachary,Henderson,M,M,2026-01-05
23513.0,23513,Erin,Kelly,M,F,2026-01-05
23514.0,23514,Chloe,Bell,M,F,2026-01-05
23515.0,23515,Zachary,Walker,S,M,2026-01-05
23516.0,23516,Ashley,Miller,S,F,2026-01-05
23517.0,23517,Ronald,Martinez,M,M,2026-01-05
23518.0,23518,Katherine,Adams,S,F,2026-01-05
23519.0,23519,Jacqueline,Long,S,F,2026-01-05
23520.0,23520,Richard,Wilson,M,M,2026-01-05
23521.0,23521,Alexis,Gonzales,M,F,2026-01-05
23522.0,23522,Sydney,Green,M,F,2026-01-05
23523.0,23523,Steve,Liu,S,M,2026-01-05
23524.0,23524,Ronnie,Yang,S,M,2026-01-05
23525.0,23525,Derrick,Rubio,M,M,2026-01-05
23526.0,23526,Cara,Xu,S,F,2026-01-05
23527.0,23527,Alison,Luo,S,F,2026-01-05
23528.0,23528,Jaime,Ferrier,M,M,2026-01-05
23529.0,23529,Kendra,Munoz,S,F,2026-01-05
23530.0,23530,Ivan,Prasad,S,M,2026-01-05
23531.0,23531,Alexis,Powell,S,F,2026-01-05
23532.0,23532,Brett,Martinez,M,M,2026-01-05
23533.0,23533,Rafael,Nath,S,M,2026-01-05
23534.0,23534,Ashlee,Luo,S,F,2026-01-05
23535.0,23535,Dawn,Goel,S,F,2026-01-05
23536.0,23536,Savannah,Adams,S,F,2026-01-05
23537.0,23537,Victor,Hernandez,M,M,2026-01-05
23538.0,23538,Carlos,Evans,S,M,2026-01-05
23539.0,23539,Darren,Munoz,S,M,2026-01-05
23540.0,23540,Bruce,Lopez,S,M,2026-01-05
23541.0,23541,Dana,Suarez,S,F,2026-01-05
23542.0,23542,Justin,Martin,S,M,2026-01-05
23543.0,23543,Michele,Sanchez,M,F,2026-01-05
23544.0,23544,Misty,Raje,S,F,2026-01-05
23545.0,23545,Lacey,Liu,S,F,2026-01-05
23546.0,23546,Kathryn,Jai,M,F,2026-01-05
23547.0,23547,Francis,Serrano,S,M,2026-01-05
23548.0,23548,Haley,Morris,S,F,2026-01-05
23549.0,23549,George,Sai,S,M,2026-01-05
23550.0,23550,Jennifer,Cook,M,F,2026-01-05
23551.0,23551,Mason,Scott,S,M,2026-01-05
23552.0,23552,Caleb,Russell,S,M,2026-01-05
23553.0,23553,Jasmine,Anderson,M,F,2026-01-05
23554.0,23554,Joan,Cook,M,F,2026-01-05
23555.0,23555,Andres,Chavez,S,M,2026-01-05
23556.0,23556,Kristi,Munoz,S,F,2026-01-05
23557.0,23557,Victoria,Washington,M,F,2026-01-05
23558.0,23558,Dakota,Barnes,M,M,2026-01-05
23559.0,23559,Jocelyn,Patterson,S,F,2026-01-05
23560.0,23560,Jacqueline,Flores,S,F,2026-01-05
23561.0,23561,Jose,Williams,S,M,2026-01-05
23562.0,23562,Warren,Luo,S,M,2026-01-05
23563.0,23563,Kurt,Chavez,M,M,2026-01-05
23564.0,23564,Jessica,Howard,S,F,2026-01-05
23565.0,23565,Julia,Torres,S,F,2026-01-05
23566.0,23566,Benjamin,Shan,S,M,2026-01-05
23567.0,23567,Xavier,Green,S,M,2026-01-05
23568.0,23568,Paige,Diaz,S,F,2026-01-05
23569.0,23569,Vanessa,Price,S,F,2026-01-05
23570.0,23570,Deanna,Romero,M,F,2026-01-05
23571.0,23571,Alisha,Guo,M,F,2026-01-05
23572.0,23572,Donna,Pal,M,F,2026-01-05
23573.0,23573,Jorge,Gao,M,M,2026-01-05
23574.0,23574,Ebony,Hernandez,M,F,2026-01-05
23575.0,23575,Bobby,Ray,M,M,2026-01-05
23576.0,23576,Ann,Sara,M,F,2026-01-05
23577.0,23577,Julia,Bennett,M,F,2026-01-05
23578.0,23578,Eric,Lal,M,M,2026-01-05
23579.0,23579,Jared,Richardson,S,M,2026-01-05
23580.0,23580,Ryan,Jones,S,M,2026-01-05
23581.0,23581,Jan,Hill,S,F,2026-01-05
23582.0,23582,Stephanie,Simmons,M,F,2026-01-05
23583.0,23583,Brianna,Martin,M,F,2026-01-05
23584.0,23584,Jason,Evans,M,M,2026-01-05
23585.0,23585,Kaitlyn,Moore,S,F,2026-01-05
23586.0,23586,Madison,Coleman,M,F,2026-01-05
23587.0,23587,Hailey,Gonzalez,S,F,2026-01-05
23588.0,23588,Ryan,Hughes,M,M,2026-01-05
23589.0,23589,Amanda,Baker,M,F,2026-01-05
23590.0,23590,Austin,Brown,S,M,2026-01-05
23591.0,23591,Justin,Henderson,M,M,2026-01-05
23592.0,23592,Joseph,Jackson,S,M,2026-01-05
23593.0,23593,Krystal,Zhou,S,F,2026-01-05
23594.0,23594,Paula,Diaz,S,F,2026-01-05
23595.0,23595,Carrie,Rubio,S,F,2026-01-05
23596.0,23596,Katherine,Bradley,S,F,2026-01-05
23597.0,23597,Meredith,Perez,S,F,2026-01-05
23598.0,23598,Linda,Ramos,S,F,2026-01-05
23599.0,23599,Mackenzie,Roberts,S,F,2026-01-05
23600.0,23600,Peter,Sharma,M,M,2026-01-05
23601.0,23601,Kari,Alan,S,F,2026-01-05
23602.0,23602,Andrea,Lopez,M,F,2026-01-05
23603.0,23603,Shane,Malhotra,M,M,2026-01-05
23604.0,23604,Troy,Kovar,S,M,2026-01-05
23605.0,23605,Deanna,Sabella,M,M,2026-01-05
23606.0,23606,Kenneth,Raje,M,M,2026-01-05
23607.0,23607,Wayne,She,M,M,2026-01-05
23608.0,23608,Jessie,Blanco,M,F,2026-01-05
23609.0,23609,Clarence,Li,S,M,2026-01-05
23610.0,23610,Cory,Perez,M,M,2026-01-05
23611.0,23611,Dave,Natsuhara,M,M,2026-01-05
23612.0,23612,Rosa,Liu,S,F,2026-01-05
23613.0,23613,Clayton,Lu,M,M,2026-01-05
23614.0,23614,Rachel,Cook,S,F,2026-01-05
23615.0,23615,Kendra,Suarez,M,F,2026-01-05
23616.0,23616,Karen,Roberts,S,F,2026-01-05
23617.0,23617,Kara,She,S,F,2026-01-05
23618.0,23618,Dale,Holt,M,M,2026-01-05
23619.0,23619,Ricardo,Tang,M,M,2026-01-05
23620.0,23620,Roy,Arun,M,M,2026-01-05
23621.0,23621,Felicia,Townsend,M,F,2026-01-05
23622.0,23622,Darren,Moreno,M,M,2026-01-05
23623.0,23623,Jocelyn,Griffin,M,F,2026-01-05
23624.0,23624,Jillian,Malhotra,S,F,2026-01-05
23625.0,23625,Micheal,Navarro,M,M,2026-01-05
23626.0,23626,Ross,Mehta,S,M,2026-01-05
23627.0,23627,Adrienne,Navarro,S,F,2026-01-05
23628.0,23628,Kara,Shen,S,F,2026-01-05
23629.0,23629,Alfredo,Gill,M,M,2026-01-05
23630.0,23630,Dominic,Fernandez,S,M,2026-01-05
23631.0,23631,Colin,Wang,S,M,2026-01-05
23632.0,23632,Kristen,Zhou,S,F,2026-01-05
23633.0,23633,Deborah,Chande,S,F,2026-01-05
23634.0,23634,Ernest,Li,M,M,2026-01-05
23635.0,23635,Alvin,Luo,M,M,2026-01-05
23636.0,23636,Rachael,Gonzalez,M,F,2026-01-05
23637.0,23637,Yolanda,Jai,M,F,2026-01-05
23638.0,23638,Nelson,Ruiz,M,M,2026-01-05
23639.0,23639,Christy,Guo,M,F,2026-01-05
23640.0,23640,Bruce,Jiménez,M,M,2026-01-05
23641.0,23641,Megan,Morris,M,F,2026-01-05
23642.0,23642,Anne,Gutierrez,M,F,2026-01-05
23643.0,23643,Erica,Zheng,S,F,2026-01-05
23644.0,23644,Allison,Young,M,F,2026-01-05
23645.0,23645,Curtis,Zheng,S,M,2026-01-05
23646.0,23646,Jamie,Lu,S,F,2026-01-05
23647.0,23647,Wayne,Shen,S,M,2026-01-05
23648.0,23648,Karla,Chander,S,F,2026-01-05
23649.0,23649,Naomi,Ruiz,S,F,2026-01-05
23650.0,23650,Carolyn,Vazquez,M,F,2026-01-05
23651.0,23651,Marvin,Alvarez,M,M,2026-01-05
23652.0,23652,Roger,Goel,S,M,2026-01-05
23653.0,23653,Devin,Campbell,S,M,2026-01-05
23654.0,23654,Alisha,Wu,M,F,2026-01-05
23655.0,23655,Grace,Murphy,S,F,2026-01-05
23656.0,23656,Naomi,Ramos,S,F,2026-01-05
23657.0,23657,Alison,Jai,S,F,2026-01-05
23658.0,23658,Ross,Arun,M,M,2026-01-05
23659.0,23659,Drew,Shan,S,M,2026-01-05
23660.0,23660,Christy,Tang,S,F,2026-01-05
23661.0,23661,Abigail,Washington,S,F,2026-01-05
23662.0,23662,Cynthia,Sanchez,S,F,2026-01-05
23663.0,23663,Neil,Dominguez,M,M,2026-01-05
23664.0,23664,Sandra,Guo,S,F,2026-01-05
23665.0,23665,Crystal,Yang,S,F,2026-01-05
23666.0,23666,Olivia,Anderson,M,F,2026-01-05
23667.0,23667,Harold,Arun,M,M,2026-01-05
23668.0,23668,Jessica,Hughes,M,F,2026-01-05
23669.0,23669,Sean,Torres,S,M,2026-01-05
23670.0,23670,Mya,Henderson,M,F,2026-01-05
23671.0,23671,Fernando,Thomas,M,M,2026-01-05
23672.0,23672,Abigail,Flores,M,F,2026-01-05
23673.0,23673,Kayla,Miller,M,F,2026-01-05
23674.0,23674,Jeremiah,Walker,M,M,2026-01-05
23675.0,23675,Emmanuel,Prasad,S,M,2026-01-05
23676.0,23676,Brandon,Diaz,S,M,2026-01-05
23677.0,23677,Charles,Lewis,M,M,2026-01-05
23678.0,23678,Kelly,Diaz,S,F,2026-01-05
23679.0,23679,Jacob,Harris,S,M,2026-01-05
23680.0,23680,Anna,Powell,M,F,2026-01-05
23681.0,23681,Jordan,Gonzales,S,M,2026-01-05
23682.0,23682,Natalie,Harris,M,F,2026-01-05
23683.0,23683,Dana,Alonso,M,F,2026-01-05
23684.0,23684,Jasmine,Rodriguez,S,F,2026-01-05
23685.0,23685,Alexa,Reed,S,F,2026-01-05
23686.0,23686,Rachel,Murphy,S,F,2026-01-05
23687.0,23687,Melissa,Flores,S,F,2026-01-05
23688.0,23688,Olivia,Thomas,M,F,2026-01-05
23689.0,23689,Kayla,Hall,M,F,2026-01-05
23690.0,23690,Angel,James,M,M,2026-01-05
23691.0,23691,Karen,Hu,S,F,2026-01-05
23692.0,23692,Isaac,King,S,M,2026-01-05
23693.0,23693,Jacqueline,Jenkins,S,F,2026-01-05
23694.0,23694,Brian,Brooks,M,M,2026-01-05
23695.0,23695,Elijah,Coleman,S,M,2026-01-05
23696.0,23696,Autumn,Li,S,F,2026-01-05
23697.0,23697,Cody,Kelly,M,M,2026-01-05
23698.0,23698,Melissa,Coleman,M,F,2026-01-05
23699.0,23699,Nicholas,Walker,M,M,2026-01-05
23700.0,23700,Katelyn,Young,M,F,2026-01-05
23701.0,23701,Marissa,Barnes,M,F,2026-01-05
23702.0,23702,Eduardo,James,M,M,2026-01-05
23703.0,23703,Jacqueline,Sanchez,M,F,2026-01-05
23704.0,23704,Christopher,Moore,S,M,2026-01-05
23705.0,23705,Jeremy,Bryant,M,M,2026-01-05
23706.0,23706,Mackenzie,Cooper,S,F,2026-01-05
23707.0,23707,William,Anderson,S,M,2026-01-05
23708.0,23708,Victoria,Coleman,M,F,2026-01-05
23709.0,23709,Devin,Perry,S,M,2026-01-05
23710.0,23710,Anna,Sanchez,M,F,2026-01-05
23711.0,23711,Fernando,Diaz,S,M,2026-01-05
23712.0,23712,Riley,Murphy,S,F,2026-01-05
23713.0,23713,Arianna,Butler,M,F,2026-01-05
23714.0,23714,Joseph,Williams,M,M,2026-01-05
23715.0,23715,Isabel,Flores,S,F,2026-01-05
23716.0,23716,Kyle,Wright,M,M,2026-01-05
23717.0,23717,Aidan,Griffin,M,M,2026-01-05
23718.0,23718,Nelson,Blanco,M,M,2026-01-05
23719.0,23719,Marcus,James,M,M,2026-01-05
23720.0,23720,Anna,Davis,M,F,2026-01-05
23721.0,23721,John,Clark,M,M,2026-01-05
23722.0,23722,Andrea,Perez,M,F,2026-01-05
23723.0,23723,Jose,Phillips,M,M,2026-01-05
23724.0,23724,Gabrielle,Hughes,S,F,2026-01-05
23725.0,23725,Dennis,Ware,M,M,2026-01-05
23726.0,23726,Darrell,Xie,M,M,2026-01-05
23727.0,23727,Bruce,Serrano,M,M,2026-01-05
23728.0,23728,Paige,Kelly,S,F,2026-01-05
23729.0,23729,Marcus,Allen,M,M,2026-01-05
23730.0,23730,Morgan,Rodriguez,M,F,2026-01-05
23731.0,23731,Jose,Thompson,M,M,2026-01-05
23732.0,23732,Xavier,Wood,S,M,2026-01-05
23733.0,23733,Natasha,Gomez,M,F,2026-01-05
23734.0,23734,Melanie,Wood,M,F,2026-01-05
23735.0,23735,Amanda,Washington,M,F,2026-01-05
23736.0,23736,Sydney,Rivera,M,F,2026-01-05
23737.0,23737,Elena,Velez Amezaga,M,F,2026-01-05
23738.0,23738,Julian,Bennett,S,M,2026-01-05
23739.0,23739,Virginia,Kapoor,M,F,2026-01-05
23740.0,23740,Noah,Jackson,M,M,2026-01-05
23741.0,23741,Dana,Romero,S,F,2026-01-05
23742.0,23742,Morgan,Cox,M,F,2026-01-05
23743.0,23743,Terrence,Xu,S,M,2026-01-05
23744.0,23744,Barry,Prasad,S,M,2026-01-05
23745.0,23745,Dana,Vazquez,S,F,2026-01-05
23746.0,23746,Lane,Sacksteder,S,F,2026-01-05
23747.0,23747,Theodore,Romero,S,M,2026-01-05
23748.0,23748,Yolanda,Pal,S,F,2026-01-05
23749.0,23749,Brandi,Ashe,S,F,2026-01-05
23750.0,23750,Tanya,Serrano,M,F,2026-01-05
23751.0,23751,Lacey,Lal,M,F,2026-01-05
23752.0,23752,Devin,Torres,M,M,2026-01-05
23753.0,23753,Arthur,Sara,S,M,2026-01-05
23754.0,23754,Cassie,Goel,S,F,2026-01-05
23755.0,23755,Louis,Wu,S,M,2026-01-05
23756.0,23756,Omar,Jai,S,M,2026-01-05
23757.0,23757,James,Roberts,S,M,2026-01-05
23758.0,23758,Virginia,Malhotra,M,F,2026-01-05
23759.0,23759,Clinton,Alonso,M,M,2026-01-05
23760.0,23760,Nina,Sharma,M,F,2026-01-05
23761.0,23761,Tonya,Pal,M,F,2026-01-05
23762.0,23762,Ruben,Ramos,S,M,2026-01-05
23763.0,23763,Micheal,Romero,M,M,2026-01-05
23764.0,23764,Alisha,Liu,S,F,2026-01-05
23765.0,23765,Kelly,Price,S,F,2026-01-05
23766.0,23766,Cassandra,Martinez,S,F,2026-01-05
23767.0,23767,Arianna,Bennett,S,F,2026-01-05
23768.0,23768,Joshua,Garcia,S,M,2026-01-05
23769.0,23769,Natasha,Dominguez,S,F,2026-01-05
23770.0,23770,Jamie,Carlson,S,M,2026-01-05
23771.0,23771,Julio,Gomez,S,M,2026-01-05
23772.0,23772,Cory,Raman,M,M,2026-01-05
23773.0,23773,Jon,Cai,M,M,2026-01-05
23774.0,23774,Reginald,Harrison,S,M,2026-01-05
23775.0,23775,Cedric,Shan,S,M,2026-01-05
23776.0,23776,Cristina,Yuan,S,F,2026-01-05
23777.0,23777,Candice,Zhang,S,F,2026-01-05
23778.0,23778,Louis,Huang,M,M,2026-01-05
23779.0,23779,Deanna,Dominguez,S,F,2026-01-05
23780.0,23780,Mason,Stewart,S,M,2026-01-05
23781.0,23781,Jordyn,Ross,S,F,2026-01-05
23782.0,23782,Edward,Bryant,S,M,2026-01-05
23783.0,23783,Zachary,Smith,M,M,2026-01-05
23784.0,23784,Preston,Arun,S,M,2026-01-05
23785.0,23785,Taylor,Harris,S,F,2026-01-05
23786.0,23786,Carrie,Serrano,M,F,2026-01-05
23787.0,23787,Adrian,Ward,S,M,2026-01-05
23788.0,23788,Michael,Smith,M,M,2026-01-05
23789.0,23789,Ryan,Walker,M,M,2026-01-05
23790.0,23790,Isabella,Williams,M,F,2026-01-05
23791.0,23791,Aaron,Griffin,S,M,2026-01-05
23792.0,23792,Jessie,Wu,S,M,2026-01-05
23793.0,23793,Ryan,Kumar,S,M,2026-01-05
23794.0,23794,Abigail,Powell,M,F,2026-01-05
23795.0,23795,Lauren,Moore,S,F,2026-01-05
23796.0,23796,Miguel,Young,S,M,2026-01-05
23797.0,23797,Nathan,Perez,S,M,2026-01-05
23798.0,23798,Julia,Kelly,M,F,2026-01-05
23799.0,23799,Carolyn,Chandra,M,F,2026-01-05
23800.0,23800,Kaylee,Cox,M,F,2026-01-05
23801.0,23801,Taylor,Wood,M,F,2026-01-05
23802.0,23802,Emily,Diaz,M,F,2026-01-05
23803.0,23803,Bernard,Thames,M,M,2026-01-05
23804.0,23804,Kristen,Ma,M,F,2026-01-05
23805.0,23805,Luke,Hayes,M,M,2026-01-05
23806.0,23806,Olivia,Foster,M,F,2026-01-05
23807.0,23807,Carson,Hughes,M,M,2026-01-05
23808.0,23808,Spencer,Perry,M,M,2026-01-05
23809.0,23809,Danielle,Sanchez,M,F,2026-01-05
23810.0,23810,Sarah,Lee,M,F,2026-01-05
23811.0,23811,Ethan,Powell,S,M,2026-01-05
23812.0,23812,Cameron,Butler,S,M,2026-01-05
23813.0,23813,Hannah,Bennett,S,F,2026-01-05
23814.0,23814,Angela,Foster,M,F,2026-01-05
23815.0,23815,Julia,Ward,S,F,2026-01-05
23816.0,23816,Natalie,Johnson,S,F,2026-01-05
23817.0,23817,Kaitlyn,Murphy,M,F,2026-01-05
23818.0,23818,Cassidy,Gonzales,M,F,2026-01-05
23819.0,23819,Vanessa,Washington,M,F,2026-01-05
23820.0,23820,Isabelle,Diaz,M,F,2026-01-05
23821.0,23821,Jordan,Lal,S,M,2026-01-05
23822.0,23822,Sierra,Campbell,M,F,2026-01-05
23823.0,23823,Samuel,Davis,M,M,2026-01-05
23824.0,23824,Edward,Carter,M,M,2026-01-05
23825.0,23825,Katherine,Coleman,M,F,2026-01-05
23826.0,23826,Dalton,Ross,S,M,2026-01-05
23827.0,23827,Wyatt,Hall,S,M,2026-01-05
23828.0,23828,Carolyn,Carlson,M,F,2026-01-05
23829.0,23829,Anthony,Rodriguez,M,M,2026-01-05
23830.0,23830,Cameron,White,M,M,2026-01-05
23831.0,23831,Colleen,Jai,M,F,2026-01-05
23832.0,23832,Alexandra,Ramirez,M,F,2026-01-05
23833.0,23833,Kevin,Gonzales,M,M,2026-01-05
23834.0,23834,Ethan,Long,S,M,2026-01-05
23835.0,23835,Marcus,Jackson,M,M,2026-01-05
23836.0,23836,Chloe,Carter,S,F,2026-01-05
23837.0,23837,Jonathan,Li,M,M,2026-01-05
23838.0,23838,Ariana,Ready,M,F,2026-01-05
23839.0,23839,Savannah,Howard,M,F,2026-01-05
23840.0,23840,Mason,Ward,M,M,2026-01-05
23841.0,23841,Sydney,Phillips,M,F,2026-01-05
23842.0,23842,Connor,Bryant,M,M,2026-01-05
23843.0,23843,Marcus,Patterson,M,M,2026-01-05
23844.0,23844,Alexandra,Gonzales,S,F,2026-01-05
23845.0,23845,Madeline,Turner,S,F,2026-01-05
23846.0,23846,Aidan,Diaz,M,M,2026-01-05
23847.0,23847,Chad,Sharma,S,M,2026-01-05
23848.0,23848,Pamela,Sai,M,F,2026-01-05
23849.0,23849,Alexis,Simmons,S,F,2026-01-05
23850.0,23850,Anna,Hall,M,F,2026-01-05
23851.0,23851,Mariah,Rogers,S,F,2026-01-05
23852.0,23852,Desiree,Torres,S,F,2026-01-05
23853.0,23853,Isaac,Perez,M,M,2026-01-05
23854.0,23854,Megan,Torres,M,F,2026-01-05
23855.0,23855,Carlos,Watson,M,M,2026-01-05
23856.0,23856,Sarah,Taylor,S,F,2026-01-05
23857.0,23857,Alexandra,Anderson,S,F,2026-01-05
23858.0,23858,Jonathan,Powell,M,M,2026-01-05
23859.0,23859,Megan,Anderson,M,F,2026-01-05
23860.0,23860,Eric,Long,M,M,2026-01-05
23861.0,23861,Keith,Anand,M,M,2026-01-05
23862.0,23862,Rebekah,Kapoor,M,F,2026-01-05
23863.0,23863,Christian,Williams,S,M,2026-01-05
23864.0,23864,Chloe,Jackson,S,F,2026-01-05
23865.0,23865,Lori,Sanz,S,F,2026-01-05
23866.0,23866,Xavier,Flores,M,M,2026-01-05
23867.0,23867,Sarah,Henderson,S,F,2026-01-05
23868.0,23868,Abigail,Coleman,S,F,2026-01-05
23869.0,23869,Wayne,Nara,M,M,2026-01-05
23870.0,23870,Elijah,Henderson,M,M,2026-01-05
23871.0,23871,Bailey,Richardson,S,F,2026-01-05
23872.0,23872,Matthew,Garcia,M,M,2026-01-05
23873.0,23873,Nicole,Miller,M,F,2026-01-05
23874.0,23874,Abigail,Cook,S,F,2026-01-05
23875.0,23875,Sean,Green,M,M,2026-01-05
23876.0,23876,David,Henderson,M,M,2026-01-05
23877.0,23877,Katherine,Morris,M,F,2026-01-05
23878.0,23878,Chloe,Wood,S,F,2026-01-05
23879.0,23879,Amber,Gonzalez,M,F,2026-01-05
23880.0,23880,Noah,Patterson,S,M,2026-01-05
23881.0,23881,Joshua,Martinez,M,M,2026-01-05
23882.0,23882,Alexia,Butler,S,F,2026-01-05
23883.0,23883,Jackson,Russell,M,M,2026-01-05
23884.0,23884,Ethan,Ross,M,M,2026-01-05
23885.0,23885,Angela,Morris,M,F,2026-01-05
23886.0,23886,Sean,Stewart,M,M,2026-01-05
23887.0,23887,Mason,Carter,S,M,2026-01-05
23888.0,23888,Edward,Clark,M,M,2026-01-05
23889.0,23889,Sean,Carter,S,M,2026-01-05
23890.0,23890,Haley,Cox,M,F,2026-01-05
23891.0,23891,Jack,Jenkins,M,M,2026-01-05
23892.0,23892,Olivia,Bailey,M,F,2026-01-05
23893.0,23893,Zachary,Clark,M,M,2026-01-05
23894.0,23894,Bryan,Ramirez,M,M,2026-01-05
23895.0,23895,Nicole,Powell,S,F,2026-01-05
23896.0,23896,Megan,Peterson,S,F,2026-01-05
23897.0,23897,Katrina,Chapman,S,F,2026-01-05
23898.0,23898,Shawna,Rai,S,F,2026-01-05
23899.0,23899,Lindsey,Nath,S,F,2026-01-05
23900.0,23900,Rafael,Yang,S,M,2026-01-05
23901.0,23901,Max,Gutierrez,M,M,2026-01-05
23902.0,23902,Julie,Kumar,M,F,2026-01-05
23903.0,23903,Harold,Subram,M,M,2026-01-05
23904.0,23904,Haley,Washington,S,F,2026-01-05
23905.0,23905,Jose,Zhang,S,M,2026-01-05
23906.0,23906,Alan,Ma,S,M,2026-01-05
23907.0,23907,Hector,Navarro,S,M,2026-01-05
23908.0,23908,Max,Sanz,S,M,2026-01-05
23909.0,23909,Todd,Lin,M,M,2026-01-05
23910.0,23910,Gabriel,Perry,S,M,2026-01-05
23911.0,23911,Priscilla,Sharma,S,F,2026-01-05
23912.0,23912,Arthur,Sanchez,S,M,2026-01-05
23913.0,23913,Riley,Cooper,S,F,2026-01-05
23914.0,23914,Tonya,Sharma,M,F,2026-01-05
23915.0,23915,Lawrence,Serrano,M,M,2026-01-05
23916.0,23916,Ruben,Serrano,M,M,2026-01-05
23917.0,23917,Carrie,Carlson,M,F,2026-01-05
23918.0,23918,Kendra,Navarro,S,F,2026-01-05
23919.0,23919,Jordan,Parker,M,F,2026-01-05
23920.0,23920,Arthur,Ruiz,S,M,2026-01-05
23921.0,23921,Charles,Lee,S,M,2026-01-05
23922.0,23922,Cody,Richardson,M,M,2026-01-05
23923.0,23923,Alejandro,Sun,S,M,2026-01-05
23924.0,23924,Amber,Wright,S,F,2026-01-05
23925.0,23925,Marie,Torres,M,F,2026-01-05
23926.0,23926,Lydia,Weber,M,F,2026-01-05
23927.0,23927,Seth,Collins,S,M,2026-01-05
23928.0,23928,Jaclyn,Ye,M,F,2026-01-05
23929.0,23929,Kristin,Xie,M,F,2026-01-05
23930.0,23930,Meagan,Arun,M,F,2026-01-05
23931.0,23931,Reginald,Ruiz,M,M,2026-01-05
23932.0,23932,Carrie,Jiménez,M,F,2026-01-05
23933.0,23933,Sabrina,Carlson,S,F,2026-01-05
23934.0,23934,Bonnie,Andersen,S,F,2026-01-05
23935.0,23935,Alexis,Barnes,S,F,2026-01-05
23936.0,23936,Monique,Vazquez,M,F,2026-01-05
23937.0,23937,Eddie,Ruiz,M,M,2026-01-05
23938.0,23938,Harold,Madan,M,M,2026-01-05
23939.0,23939,Jodi,Nara,M,F,2026-01-05
23940.0,23940,Dominic,Perez,M,M,2026-01-05
23941.0,23941,Eduardo,Anderson,M,M,2026-01-05
23942.0,23942,Rafael,Goel,M,M,2026-01-05
23943.0,23943,Cindy,Subram,M,F,2026-01-05
23944.0,23944,Jenny,Wu,S,F,2026-01-05
23945.0,23945,Nicolas,Black,M,M,2026-01-05
23946.0,23946,Kelli,Luo,S,F,2026-01-05
23947.0,23947,Autumn,Liang,M,F,2026-01-05
23948.0,23948,Katelyn,Rivera,S,F,2026-01-05
23949.0,23949,Kelvin,Deng,S,M,2026-01-05
23950.0,23950,Roger,Zhou,M,M,2026-01-05
23951.0,23951,Lindsay,Becker,S,F,2026-01-05
23952.0,23952,Nelson,Dominguez,S,M,2026-01-05
23953.0,23953,Shane,Mehta,S,M,2026-01-05
23954.0,23954,Jonathon,Serrano,S,M,2026-01-05
23955.0,23955,Lucas,Cook,S,M,2026-01-05
23956.0,23956,Morgan,Coleman,M,F,2026-01-05
23957.0,23957,Louis,Zheng,M,M,2026-01-05
23958.0,23958,Amy,Lin,S,F,2026-01-05
23959.0,23959,Amber,Parker,S,F,2026-01-05
23960.0,23960,Eugene,Zheng,S,M,2026-01-05
23961.0,23961,Karen,Huang,S,F,2026-01-05
23962.0,23962,Sandra,Yang,M,F,2026-01-05
23963.0,23963,Gerald,Jimenez,M,M,2026-01-05
23964.0,23964,Arturo,Nara,S,M,2026-01-05
23965.0,23965,Dustin,Shan,S,M,2026-01-05
23966.0,23966,Grant,Sharma,M,M,2026-01-05
23967.0,23967,Veronica,Suri,S,F,2026-01-05
23968.0,23968,Caleb,Baker,M,M,2026-01-05
23969.0,23969,Cole,Sanders,S,M,2026-01-05
23970.0,23970,Rebekah,Fernandez,S,F,2026-01-05
23971.0,23971,Lindsey,Jai,S,F,2026-01-05
23972.0,23972,Clarence,Liang,S,M,2026-01-05
23973.0,23973,Zachary,Long,S,M,2026-01-05
23974.0,23974,Susan,Huang,S,F,2026-01-05
23975.0,23975,Frank,Blanco,S,M,2026-01-05
23976.0,23976,Rachael,Arun,S,F,2026-01-05
23977.0,23977,Gail,Butler,S,F,2026-01-05
23978.0,23978,Philip,Ortega,M,M,2026-01-05
23979.0,23979,Damien,Chen,S,M,2026-01-05
23980.0,23980,Sergio,Garcia,S,M,2026-01-05
23981.0,23981,Cesar,Martinez,M,M,2026-01-05
23982.0,23982,Adam,Diaz,S,M,2026-01-05
23983.0,23983,Taylor,Reed,S,F,2026-01-05
23984.0,23984,Kelsey,Kennedy,S,F,2026-01-05
23985.0,23985,Janet,Torres,M,F,2026-01-05
23986.0,23986,Tanya,Torres,M,F,2026-01-05
23987.0,23987,Dawn,Sharma,M,F,2026-01-05
23988.0,23988,Cesar,Sánchez,M,M,2026-01-05
23989.0,23989,Damien,Beck,S,M,2026-01-05
23990.0,23990,Claudia,Huang,S,F,2026-01-05
23991.0,23991,Todd,Zhao,M,M,2026-01-05
23992.0,23992,Bonnie,Chande,S,F,2026-01-05
23993.0,23993,Rachael,Fernandez,S,F,2026-01-05
23994.0,23994,Raymond,Subram,M,M,2026-01-05
23995.0,23995,Bradley,Carson,S,M,2026-01-05
23996.0,23996,Richard,Lee,S,M,2026-01-05
23997.0,23997,Kristopher,Srini,M,M,2026-01-05
23998.0,23998,Arturo,Raji,M,M,2026-01-05
23999.0,23999,Gilbert,Li,M,M,2026-01-05
24000.0,24000,Randy,Yang,S,M,2026-01-05
24001.0,24001,Arthur,Raman,S,M,2026-01-05
24002.0,24002,Thomas,Harris,M,M,2026-01-05
24003.0,24003,Warren,Kumar,S,M,2026-01-05
24004.0,24004,César,Raman,M,M,2026-01-05
24005.0,24005,Julio,Jimenez,S,M,2026-01-05
24006.0,24006,Peter,Deng,S,M,2026-01-05
24007.0,24007,Randy,Huang,S,M,2026-01-05
24008.0,24008,Monique,Munoz,M,F,2026-01-05
24009.0,24009,Alison,Anand,S,F,2026-01-05
24010.0,24010,Walter,Alvarez,S,M,2026-01-05
24011.0,24011,Morgan,Thompson,S,F,2026-01-05
24012.0,24012,James,Lewis,S,M,2026-01-05
24013.0,24013,Jay,Ruiz,M,M,2026-01-05
24014.0,24014,Geoffrey,Kovár,M,M,2026-01-05
24015.0,24015,Jenna,Hall,S,F,2026-01-05
24016.0,24016,Karla,Sharma,S,F,2026-01-05
24017.0,24017,Rebekah,Lopez,S,F,2026-01-05
24018.0,24018,Barbara,Gao,S,F,2026-01-05
24019.0,24019,Barbara,Raji,M,F,2026-01-05
24020.0,24020,Francisco,Raman,S,M,2026-01-05
24021.0,24021,Clinton,Munoz,S,M,2026-01-05
24022.0,24022,Dale,Beck,M,M,2026-01-05
24023.0,24023,Bonnie,Nara,S,F,2026-01-05
24024.0,24024,Marie,Malhotra,M,F,2026-01-05
24025.0,24025,Eugene,Zeng,M,M,2026-01-05
24026.0,24026,Jill,Serrano,M,F,2026-01-05
24027.0,24027,Omar,Tang,M,M,2026-01-05
24028.0,24028,Adam,Hayes,S,M,2026-01-05
24029.0,24029,Haley,Howard,S,F,2026-01-05
24030.0,24030,Deb,Wagner,S,F,2026-01-05
24031.0,24031,Tammy,Suri,M,F,2026-01-05
24032.0,24032,Micah,Ma,M,M,2026-01-05
24033.0,24033,Katherine,Reed,S,F,2026-01-05
24034.0,24034,Pedro,Ruiz,M,M,2026-01-05
24035.0,24035,Jaclyn,Wu,S,F,2026-01-05
24036.0,24036,Jay,Vazquez,S,M,2026-01-05
24037.0,24037,Ramon,Guo,S,M,2026-01-05
24038.0,24038,Evan,Turner,S,M,2026-01-05
24039.0,24039,Cassie,Xu,M,F,2026-01-05
24040.0,24040,Jennifer,Bell,S,F,2026-01-05
24041.0,24041,Chad,Tang,M,M,2026-01-05
24042.0,24042,Zachary,White,M,M,2026-01-05
24043.0,24043,Charles,Kelly,M,M,2026-01-05
24044.0,24044,Arturo,Kumar,S,M,2026-01-05
24045.0,24045,Shannon,Martin,M,M,2026-01-05
24046.0,24046,Cristina,Chander,S,F,2026-01-05
24047.0,24047,Clarence,Yuan,S,M,2026-01-05
24048.0,24048,Gregory,Tang,M,M,2026-01-05
24049.0,24049,Byron,Gomez,S,M,2026-01-05
24050.0,24050,Clarence,Nath,S,M,2026-01-05
24051.0,24051,Colleen,Nath,M,F,2026-01-05
24052.0,24052,Priscilla,Goel,S,F,2026-01-05
24053.0,24053,Jose,Allen,M,M,2026-01-05
24054.0,24054,Gerald,Hernandez,S,M,2026-01-05
24055.0,24055,Louis,Goel,S,M,2026-01-05
24056.0,24056,Tamara,Lin,S,F,2026-01-05
24057.0,24057,Ricky,Alvarez,M,M,2026-01-05
24058.0,24058,Alvin,Lal,S,M,2026-01-05
24059.0,24059,Tabitha,Navarro,S,F,2026-01-05
24060.0,24060,Bonnie,Deng,S,F,2026-01-05
24061.0,24061,Kelvin,Luo,M,M,2026-01-05
24062.0,24062,Crystal,Cai,M,F,2026-01-05
24063.0,24063,Micheal,Suarez,S,M,2026-01-05
24064.0,24064,Stanley,Fernandez,M,M,2026-01-05
24065.0,24065,Lori,Gutierrez,S,F,2026-01-05
24066.0,24066,Brittney,West,M,F,2026-01-05
24067.0,24067,Carolyn,Raman,S,F,2026-01-05
24068.0,24068,Edwin,Yang,M,M,2026-01-05
24069.0,24069,Jessie,Chen,M,M,2026-01-05
24070.0,24070,Cameron,Shan,S,M,2026-01-05
24071.0,24071,Victor,Suarez,M,M,2026-01-05
24072.0,24072,Randy,He,M,M,2026-01-05
24073.0,24073,Grace,Taylor,M,F,2026-01-05
24074.0,24074,Grace,Alexander,S,F,2026-01-05
24075.0,24075,Peter,Saddow,M,F,2026-01-05
24076.0,24076,Casey,Hernandez,M,M,2026-01-05
24077.0,24077,Tony,Rai,M,M,2026-01-05
24078.0,24078,Neil,Martin,M,M,2026-01-05
24079.0,24079,Andre,Raman,M,M,2026-01-05
24080.0,24080,Billy,Serrano,M,M,2026-01-05
24081.0,24081,Alexis,Hughes,M,F,2026-01-05
24082.0,24082,Regina,Rodriguez,M,F,2026-01-05
24083.0,24083,Max,Moreno,M,M,2026-01-05
24084.0,24084,Jonathon,Jimenez,M,M,2026-01-05
24085.0,24085,Autumn,Gao,M,F,2026-01-05
24086.0,24086,Dakota,Gonzales,M,M,2026-01-05
24087.0,24087,Hannah,Wilson,S,F,2026-01-05
24088.0,24088,Damien,He,M,M,2026-01-05
24089.0,24089,Dustin,Yuan,M,M,2026-01-05
24090.0,24090,Cassandra,Perez,S,F,2026-01-05
24091.0,24091,Dwayne,Munoz,M,M,2026-01-05
24092.0,24092,Jillian,Gonzalez,M,F,2026-01-05
24093.0,24093,Claudia,He,S,F,2026-01-05
24094.0,24094,Julio,Diaz,S,M,2026-01-05
24095.0,24095,Julie,Andersen,S,F,2026-01-05
24096.0,24096,Diana,Vazquez,M,F,2026-01-05
24097.0,24097,Francisco,Fernandez,M,M,2026-01-05
24098.0,24098,Olivia,Howard,S,F,2026-01-05
24099.0,24099,Sarah,Smith,M,F,2026-01-05
24100.0,24100,Jenny,He,M,F,2026-01-05
24101.0,24101,Kaitlyn,Anderson,M,F,2026-01-05
24102.0,24102,Andy,Torres,M,M,2026-01-05
24103.0,24103,Billy,Dominguez,M,M,2026-01-05
24104.0,24104,Robyn,Ortega,M,F,2026-01-05
24105.0,24105,Carolyn,Sanchez,M,F,2026-01-05
24106.0,24106,Kelvin,Shan,S,M,2026-01-05
24107.0,24107,Jonathan,Jenkins,M,M,2026-01-05
24108.0,24108,Tonya,Lal,S,F,2026-01-05
24109.0,24109,Eddie,Suarez,S,M,2026-01-05
24110.0,24110,Kaylee,Brooks,S,F,2026-01-05
24111.0,24111,Cameron,Long,S,M,2026-01-05
24112.0,24112,Mary,Foster,M,F,2026-01-05
24113.0,24113,Stephanie,Green,S,F,2026-01-05
24114.0,24114,Kristin,Yuan,M,F,2026-01-05
24115.0,24115,Gary,Carlson,M,M,2026-01-05
24116.0,24116,Pedro,Martinez,M,M,2026-01-05
24117.0,24117,Shannon,Gill,M,M,2026-01-05
24118.0,24118,Donna,Chande,M,F,2026-01-05
24119.0,24119,Emmanuel,Kapoor,S,M,2026-01-05
24120.0,24120,Kaitlyn,Allen,S,F,2026-01-05
24121.0,24121,Valerie,Liu,S,F,2026-01-05
24122.0,24122,Michele,Blanco,S,F,2026-01-05
24123.0,24123,Heather,Hu,S,F,2026-01-05
24124.0,24124,Erik,Vazquez,S,M,2026-01-05
24125.0,24125,Tiffany,Xu,S,F,2026-01-05
24126.0,24126,Pedro,Mehta,S,M,2026-01-05
24127.0,24127,James,Washington,S,M,2026-01-05
24128.0,24128,Kimberly,Ramirez,S,F,2026-01-05
24129.0,24129,Jamie,Gutierrez,S,M,2026-01-05
24130.0,24130,Tanya,Navarro,M,F,2026-01-05
24131.0,24131,Felicia,Rubio,M,F,2026-01-05
24132.0,24132,Devon,Tang,S,M,2026-01-05
24133.0,24133,Carla,Patel,S,F,2026-01-05
24134.0,24134,Edgar,Kapoor,S,M,2026-01-05
24135.0,24135,Martin,Martinez,S,M,2026-01-05
24136.0,24136,Alisha,Hu,S,F,2026-01-05
24137.0,24137,Tara,Sharma,S,F,2026-01-05
24138.0,24138,Kristy,Gutierrez,M,F,2026-01-05
24139.0,24139,Andrew,Williams,M,M,2026-01-05
24140.0,24140,Alvin,Lin,S,M,2026-01-05
24141.0,24141,Misty,Nath,S,F,2026-01-05
24142.0,24142,Christian,Davis,M,M,2026-01-05
24143.0,24143,Stanley,Mehta,M,M,2026-01-05
24144.0,24144,Gerald,Sanchez,M,M,2026-01-05
24145.0,24145,Cheryl,Serrano,S,F,2026-01-05
24146.0,24146,Craig,Suarez,S,M,2026-01-05
24147.0,24147,Kathleen,Hernandez,M,F,2026-01-05
24148.0,24148,Brittney,Zhou,S,F,2026-01-05
24149.0,24149,Richard,Simmons,M,M,2026-01-05
24150.0,24150,Jack,Campbell,M,M,2026-01-05
24151.0,24151,Jon,Shan,S,M,2026-01-05
24152.0,24152,Casey,Rubio,S,M,2026-01-05
24153.0,24153,Seth,Jenkins,S,M,2026-01-05
24154.0,24154,Orlando,Ramos,S,M,2026-01-05
24155.0,24155,Tracy,Raje,M,F,2026-01-05
24156.0,24156,Wesley,Zhou,M,M,2026-01-05
24157.0,24157,Marie,Subram,M,F,2026-01-05
24158.0,24158,Omar,Deng,S,M,2026-01-05
24159.0,24159,Christine,Luo,M,F,2026-01-05
24160.0,24160,Carl,Yuan,S,M,2026-01-05
24161.0,24161,Luke,Kumar,M,M,2026-01-05
24162.0,24162,Grant,Raje,M,M,2026-01-05
24163.0,24163,Micah,Guo,S,M,2026-01-05
24164.0,24164,Teresa,Gomez,S,F,2026-01-05
24165.0,24165,Gilbert,Gao,S,M,2026-01-05
24166.0,24166,Renee,Alonso,S,F,2026-01-05
24167.0,24167,Lacey,Zhu,S,F,2026-01-05
24168.0,24168,Manuel,Srini,M,M,2026-01-05
24169.0,24169,Lydia,Martinez,S,F,2026-01-05
24170.0,24170,Jaime,Hernandez,S,F,2026-01-05
24171.0,24171,Jarrod,Chandra,S,M,2026-01-05
24172.0,24172,Jessie,Hernandez,M,F,2026-01-05
24173.0,24173,Lacey,Wang,S,F,2026-01-05
24174.0,24174,Keith,Chander,M,M,2026-01-05
24175.0,24175,Lacey,Luo,S,F,2026-01-05
24176.0,24176,Marie,Jimenez,M,F,2026-01-05
24177.0,24177,Gina,Gill,S,F,2026-01-05
24178.0,24178,Clifford,Sara,S,M,2026-01-05
24179.0,24179,Robyn,Blanco,M,F,2026-01-05
24180.0,24180,Arturo,Jai,S,M,2026-01-05
24181.0,24181,Edwin,Nath,M,M,2026-01-05
24182.0,24182,Nancy,Lopez,M,F,2026-01-05
24183.0,24183,Ruth,Perez,S,F,2026-01-05
24184.0,24184,Alexandra,Jackson,S,F,2026-01-05
24185.0,24185,Tara,She,S,F,2026-01-05
24186.0,24186,Theodore,Alonso,S,M,2026-01-05
24187.0,24187,Daisy,Serrano,S,F,2026-01-05
24188.0,24188,Charles,Turner,S,M,2026-01-05
24189.0,24189,Andre,Suri,M,M,2026-01-05
24190.0,24190,Austin,Chen,S,M,2026-01-05
24191.0,24191,Marshall,He,M,M,2026-01-05
24192.0,24192,Regina,Prasad,S,F,2026-01-05
24193.0,24193,Louis,Becker,M,M,2026-01-05
24194.0,24194,Armando,Martin,M,M,2026-01-05
24195.0,24195,Dawn,Zhao,M,F,2026-01-05
24196.0,24196,Armando,Gill,M,M,2026-01-05
24197.0,24197,Whitney,Mehta,S,F,2026-01-05
24198.0,24198,Chelsea,Madan,M,F,2026-01-05
24199.0,24199,Veronica,Prasad,M,F,2026-01-05
24200.0,24200,Grant,Jai,S,M,2026-01-05
24201.0,24201,Olivia,Gonzales,M,F,2026-01-05
24202.0,24202,Tamara,Black,S,F,2026-01-05
24203.0,24203,Keith,Xie,S,M,2026-01-05
24204.0,24204,Darren,Gonzalez,S,M,2026-01-05
24205.0,24205,Katherine,Anderson,S,F,2026-01-05
24206.0,24206,Marie,Munoz,M,F,2026-01-05
24207.0,24207,Stacey,Guo,M,F,2026-01-05
24208.0,24208,Sabrina,Diaz,S,F,2026-01-05
24209.0,24209,Chelsea,Jordan,M,F,2026-01-05
24210.0,24210,Ricardo,Shan,S,M,2026-01-05
24211.0,24211,Sharon,Shan,S,F,2026-01-05
24212.0,24212,Tony,Raje,S,M,2026-01-05
24213.0,24213,Martin,Rana,S,M,2026-01-05
24214.0,24214,Michele,Romero,S,F,2026-01-05
24215.0,24215,Lisa,Xu,M,F,2026-01-05
24216.0,24216,Tara,Black,S,F,2026-01-05
24217.0,24217,Lauren,Morgan,S,F,2026-01-05
24218.0,24218,Bryant,Lopez,S,M,2026-01-05
24219.0,24219,Tina,Lopez,M,F,2026-01-05
24220.0,24220,Hunter,Edwards,M,M,2026-01-05
24221.0,24221,Heidi,Perez,S,F,2026-01-05
24222.0,24222,Sierra,Green,S,F,2026-01-05
24223.0,24223,Abigail,Alexander,S,F,2026-01-05
24224.0,24224,Nicole,Perry,S,F,2026-01-05
24225.0,24225,Jeffery,Yang,S,M,2026-01-05
24226.0,24226,Brian,Morris,S,M,2026-01-05
24227.0,24227,Sara,Phillips,S,F,2026-01-05
24228.0,24228,Terry,Xu,S,M,2026-01-05
24229.0,24229,Pedro,Kapoor,M,M,2026-01-05
24230.0,24230,Andres,Sharma,M,M,2026-01-05
24231.0,24231,Makayla,Cox,S,F,2026-01-05
24232.0,24232,Ryan,Johnson,S,M,2026-01-05
24233.0,24233,Jada,Parker,S,F,2026-01-05
24234.0,24234,Eduardo,Martinez,S,M,2026-01-05
24235.0,24235,Jill,Martinez,S,F,2026-01-05
24236.0,24236,Isabella,Nelson,S,F,2026-01-05
24237.0,24237,Chloe,Henderson,S,F,2026-01-05
24238.0,24238,Sean,Richardson,M,M,2026-01-05
24239.0,24239,Miguel,Hernandez,M,M,2026-01-05
24240.0,24240,Edwin,Hu,M,M,2026-01-05
24241.0,24241,Colin,Zhao,S,M,2026-01-05
24242.0,24242,Amy,Zeng,M,F,2026-01-05
24243.0,24243,Karen,Lin,M,F,2026-01-05
24244.0,24244,Anne,Serrano,M,F,2026-01-05
24245.0,24245,Omar,Liang,M,M,2026-01-05
24246.0,24246,Victor,Ramos,M,M,2026-01-05
24247.0,24247,George,Sara,M,M,2026-01-05
24248.0,24248,Jake,Lin,S,M,2026-01-05
24249.0,24249,Jesse,Howard,S,M,2026-01-05
24250.0,24250,Carmen,Suri,M,F,2026-01-05
24251.0,24251,Jay,Browning,S,M,2026-01-05
24252.0,24252,Jaclyn,Xu,M,F,2026-01-05
24253.0,24253,Fernando,Wood,M,M,2026-01-05
24254.0,24254,Emily,Washington,S,F,2026-01-05
24255.0,24255,Chloe,Lee,S,F,2026-01-05
24256.0,24256,Kayla,Barnes,S,F,2026-01-05
24257.0,24257,Alan,Shen,M,M,2026-01-05
24258.0,24258,Hailey,Edwards,S,F,2026-01-05
24259.0,24259,Gavin,Price,S,M,2026-01-05
24260.0,24260,Blake,Perry,S,M,2026-01-05
24261.0,24261,Emma,Jones,S,F,2026-01-05
24262.0,24262,Daniel,Thomas,M,M,2026-01-05
24263.0,24263,Brooke,Brooks,M,F,2026-01-05
24264.0,24264,Richard,Long,S,M,2026-01-05
24265.0,24265,Seth,McDonald,M,M,2026-01-05
24266.0,24266,Melvin,Chander,M,M,2026-01-05
24267.0,24267,Jésus,Hernandez,M,M,2026-01-05
24268.0,24268,Meredith,Gill,M,F,2026-01-05
24269.0,24269,Todd,Lu,M,M,2026-01-05
24270.0,24270,Latasha,Ortega,M,F,2026-01-05
24271.0,24271,Leonard,Shen,M,M,2026-01-05
24272.0,24272,Martha,Wang,M,F,2026-01-05
24273.0,24273,Monique,Sanz,M,F,2026-01-05
24274.0,24274,Shaun,Shan,M,M,2026-01-05
24275.0,24275,Lucas,Rivera,M,M,2026-01-05
24276.0,24276,Kaitlyn,Nelson,S,F,2026-01-05
24277.0,24277,Donald,Kovár,S,M,2026-01-05
24278.0,24278,Cedric,Xu,M,M,2026-01-05
24279.0,24279,Angel,Nelson,S,M,2026-01-05
24280.0,24280,Peter,Shan,S,M,2026-01-05
24281.0,24281,Marie,Suri,S,F,2026-01-05
24282.0,24282,Damien,Raji,M,M,2026-01-05
24283.0,24283,Aimee,Zheng,S,F,2026-01-05
24284.0,24284,Melissa,Sanders,S,F,2026-01-05
24285.0,24285,Jesse,Cox,S,M,2026-01-05
24286.0,24286,Kelvin,Goel,S,M,2026-01-05
24287.0,24287,John,Martinez,M,M,2026-01-05
24288.0,24288,Pedro,Gomez,M,M,2026-01-05
24289.0,24289,Robert,Gonzalez,S,M,2026-01-05
24290.0,24290,Zoe,Bell,M,F,2026-01-05
24291.0,24291,Eduardo,Garcia,S,M,2026-01-05
24292.0,24292,Mackenzie,Brooks,M,F,2026-01-05
24293.0,24293,Anna,Rivera,M,F,2026-01-05
24294.0,24294,Luis,Yang,S,M,2026-01-05
24295.0,24295,Natalie,Barnes,S,F,2026-01-05
24296.0,24296,Amanda,Gonzalez,S,F,2026-01-05
24297.0,24297,Victoria,Cox,M,F,2026-01-05
24298.0,24298,Robert,Yang,M,M,2026-01-05
24299.0,24299,Andrea,Gray,S,F,2026-01-05
24300.0,24300,Naomi,Gomez,S,F,2026-01-05
24301.0,24301,Tasha,Rai,S,F,2026-01-05
24302.0,24302,Cesar,Kapoor,M,M,2026-01-05
24303.0,24303,Megan,Diaz,S,F,2026-01-05
24304.0,24304,Beth,Serrano,S,F,2026-01-05
24305.0,24305,Warren,Chow,S,M,2026-01-05
24306.0,24306,Molly,Chandra,M,F,2026-01-05
24307.0,24307,Tina,Sara,S,F,2026-01-05
24308.0,24308,Destiny,Sanders,S,F,2026-01-05
24309.0,24309,Ethan,Williams,M,M,2026-01-05
24310.0,24310,Gabrielle,Peterson,S,F,2026-01-05
24311.0,24311,Geoffrey,Patel,S,M,2026-01-05
24312.0,24312,Austin,Martin,S,M,2026-01-05
24313.0,24313,Taylor,Brooks,M,F,2026-01-05
24314.0,24314,Bryan,Howard,M,M,2026-01-05
24315.0,24315,Edward,Scott,M,M,2026-01-05
24316.0,24316,Rachel,Diaz,S,F,2026-01-05
24317.0,24317,Devin,Thomas,S,M,2026-01-05
24318.0,24318,Luis,Long,M,M,2026-01-05
24319.0,24319,Benjamin,Clark,M,M,2026-01-05
24320.0,24320,Joshua,White,S,M,2026-01-05
24321.0,24321,Gabriel,Scott,S,M,2026-01-05
24322.0,24322,Alexandra,Evans,M,F,2026-01-05
24323.0,24323,Janet,Wright,S,F,2026-01-05
24324.0,24324,Jennifer,Reed,S,F,2026-01-05
24325.0,24325,Jason,Perry,M,M,2026-01-05
24326.0,24326,Adam,Bryant,M,M,2026-01-05
24327.0,24327,Evan,Rogers,M,M,2026-01-05
24328.0,24328,Melissa,Simmons,S,F,2026-01-05
24329.0,24329,Abigail,Cooper,S,F,2026-01-05
24330.0,24330,Jessica,Bennett,S,F,2026-01-05
24331.0,24331,Carson,Powell,S,M,2026-01-05
24332.0,24332,Abigail,Thompson,M,F,2026-01-05
24333.0,24333,Ann,Prasad,S,F,2026-01-05
24334.0,24334,Alexa,James,M,F,2026-01-05
24335.0,24335,Richard,Wright,S,M,2026-01-05
24336.0,24336,Gabrielle,Wright,S,F,2026-01-05
24337.0,24337,Noah,Alexander,M,M,2026-01-05
24338.0,24338,Shannon,Zeng,S,F,2026-01-05
24339.0,24339,Jennifer,Price,S,F,2026-01-05
24340.0,24340,Chloe,Clark,S,F,2026-01-05
24341.0,24341,Wyatt,Jones,M,M,2026-01-05
24342.0,24342,Evan,Campbell,M,M,2026-01-05
24343.0,24343,Tyler,Harris,M,M,2026-01-05
24344.0,24344,Wayne,Chander,S,M,2026-01-05
24345.0,24345,Riley,Cox,S,F,2026-01-05
24346.0,24346,Giorgio,Veronesi,M,F,2026-01-05
24347.0,24347,Tina,Madan,S,F,2026-01-05
24348.0,24348,Ruben,Gomez,S,M,2026-01-05
24349.0,24349,Jill,Patterson,S,F,2026-01-05
24350.0,24350,Eduardo,Simmons,S,M,2026-01-05
24351.0,24351,Brandon,Yang,M,M,2026-01-05
24352.0,24352,Natalie,Cox,M,F,2026-01-05
24353.0,24353,Andrea,Ramirez,M,F,2026-01-05
24354.0,24354,Bailey,Cook,M,F,2026-01-05
24355.0,24355,Jennifer,Johnson,M,F,2026-01-05
24356.0,24356,Wesley,Zhang,S,M,2026-01-05
24357.0,24357,Eric,Baker,M,M,2026-01-05
24358.0,24358,Kevin,Green,M,M,2026-01-05
24359.0,24359,Zachary,Shan,S,M,2026-01-05
24360.0,24360,Carolyn,Diaz,S,F,2026-01-05
24361.0,24361,Francisco,Rodriguez,M,M,2026-01-05
24362.0,24362,Marc,Vazquez,S,M,2026-01-05
24363.0,24363,Amanda,Coleman,M,F,2026-01-05
24364.0,24364,Henry,Prasad,M,M,2026-01-05
24365.0,24365,Mallory,Navarro,S,F,2026-01-05
24366.0,24366,Melvin,Luo,S,M,2026-01-05
24367.0,24367,Ross,Sara,S,M,2026-01-05
24368.0,24368,Ebony,Prasad,S,F,2026-01-05
24369.0,24369,Chelsea,Lopez,M,F,2026-01-05
24370.0,24370,Nathan,West,M,M,2026-01-05
24371.0,24371,Leslie,Navarro,M,F,2026-01-05
24372.0,24372,Teresa,Jimenez,S,F,2026-01-05
24373.0,24373,Steven,Reed,M,M,2026-01-05
24374.0,24374,Eugene,Ma,S,M,2026-01-05
24375.0,24375,Pamela,Schmidt,M,F,2026-01-05
24376.0,24376,Tommy,Black,M,M,2026-01-05
24377.0,24377,Richard,Wood,S,M,2026-01-05
24378.0,24378,Brandi,Jiménez,S,F,2026-01-05
24379.0,24379,Noah,Jenkins,S,M,2026-01-05
24380.0,24380,Maurice,Yuan,M,M,2026-01-05
24381.0,24381,Danny,Serrano,S,M,2026-01-05
24382.0,24382,Patrick,Sanchez,M,M,2026-01-05
24383.0,24383,Ronald,Prasad,M,M,2026-01-05
24384.0,24384,Kenneth,Pal,M,M,2026-01-05
24385.0,24385,Summer,Perez,M,F,2026-01-05
24386.0,24386,Isabella,Walker,S,F,2026-01-05
24387.0,24387,Elijah,Mitchell,M,M,2026-01-05
24388.0,24388,Maria,Campbell,M,F,2026-01-05
24389.0,24389,Xavier,Carter,S,M,2026-01-05
24390.0,24390,Carolyn,Prasad,M,F,2026-01-05
24391.0,24391,Marissa,Washington,M,F,2026-01-05
24392.0,24392,Molly,Prasad,S,F,2026-01-05
24393.0,24393,Joseph,Johnson,S,M,2026-01-05
24394.0,24394,Drew,Raji,M,M,2026-01-05
24395.0,24395,Alison,Raji,M,F,2026-01-05
24396.0,24396,Robyn,Navarro,M,F,2026-01-05
24397.0,24397,Henry,Raman,S,M,2026-01-05
24398.0,24398,Brandon,Davis,M,M,2026-01-05
24399.0,24399,Katherine,Sanchez,M,F,2026-01-05
24400.0,24400,Kaitlyn,Parker,M,F,2026-01-05
24401.0,24401,Douglas,Rana,S,M,2026-01-05
24402.0,24402,Devin,Alexander,S,M,2026-01-05
24403.0,24403,Gabriel,Wright,M,M,2026-01-05
24404.0,24404,Bryant,Chapman,M,M,2026-01-05
24405.0,24405,Tara,Rai,M,F,2026-01-05
24406.0,24406,Reginald,Vazquez,M,M,2026-01-05
24407.0,24407,Makayla,Peterson,M,F,2026-01-05
24408.0,24408,Jordan,Diaz,M,M,2026-01-05
24409.0,24409,Jackson,Hernandez,S,M,2026-01-05
24410.0,24410,Sara,Sanders,S,F,2026-01-05
24411.0,24411,Johnathan,Sanchez,M,M,2026-01-05
24412.0,24412,Angelica,Patterson,S,F,2026-01-05
24413.0,24413,Nathan,Lewis,M,M,2026-01-05
24414.0,24414,Adam,Edwards,S,M,2026-01-05
24415.0,24415,Kaylee,Ward,M,F,2026-01-05
24416.0,24416,Oscar,Jenkins,M,M,2026-01-05
24417.0,24417,Christopher,Harris,S,M,2026-01-05
24418.0,24418,Brandon,Garcia,S,M,2026-01-05
24419.0,24419,Kaylee,Rivera,M,F,2026-01-05
24420.0,24420,Marcus,Price,M,M,2026-01-05
24421.0,24421,Seth,Kelly,M,M,2026-01-05
24422.0,24422,Thomas,Lal,M,M,2026-01-05
24423.0,24423,Alyssa,Harris,M,F,2026-01-05
24424.0,24424,Morgan,Russell,M,F,2026-01-05
24425.0,24425,Chloe,Ward,S,F,2026-01-05
24426.0,24426,Jordan,Russell,M,M,2026-01-05
24427.0,24427,Evelyn,Fernandez,S,F,2026-01-05
24428.0,24428,Hailey,Price,M,F,2026-01-05
24429.0,24429,Isabelle,Hughes,S,F,2026-01-05
24430.0,24430,Dalton,Long,S,M,2026-01-05
24431.0,24431,Abigail,Morgan,M,F,2026-01-05
24432.0,24432,Dalton,Reed,M,M,2026-01-05
24433.0,24433,Luis,Simmons,M,M,2026-01-05
24434.0,24434,Jordan,Butler,M,M,2026-01-05
24435.0,24435,Mariah,Hughes,M,F,2026-01-05
24436.0,24436,Jennifer,Hernandez,M,F,2026-01-05
24437.0,24437,Nicole,Blue,S,F,2026-01-05
24438.0,24438,Xavier,Robinson,M,M,2026-01-05
24439.0,24439,Xavier,Watson,M,M,2026-01-05
24440.0,24440,Jordyn,Hughes,M,F,2026-01-05
24441.0,24441,Tristan,Bryant,S,M,2026-01-05
24442.0,24442,Briana,Gutierrez,M,F,2026-01-05
24443.0,24443,Edgar,Suri,M,M,2026-01-05
24444.0,24444,Elijah,Griffin,S,M,2026-01-05
24445.0,24445,Lauren,Brooks,M,F,2026-01-05
24446.0,24446,Brianna,Robinson,M,F,2026-01-05
24447.0,24447,Cody,Morgan,M,M,2026-01-05
24448.0,24448,Amanda,Lopez,M,F,2026-01-05
24449.0,24449,Melanie,Simmons,M,F,2026-01-05
24450.0,24450,Isabel,Long,M,F,2026-01-05
24451.0,24451,Bailey,Morgan,M,F,2026-01-05
24452.0,24452,Megan,Coleman,M,F,2026-01-05
24453.0,24453,Cassie,Yuan,S,F,2026-01-05
24454.0,24454,Carol,Zhou,S,F,2026-01-05
24455.0,24455,Alejandro,Chander,M,M,2026-01-05
24456.0,24456,Danny,Ruiz,S,M,2026-01-05
24457.0,24457,Meghan,Alonso,S,F,2026-01-05
24458.0,24458,Frederick,Rodriguez,S,M,2026-01-05
24459.0,24459,Kristin,Carson,S,F,2026-01-05
24460.0,24460,Willie,Nara,S,M,2026-01-05
24461.0,24461,Ruth,Sai,S,F,2026-01-05
24462.0,24462,Donald,Fernandez,S,M,2026-01-05
24463.0,24463,Kristen,Zheng,M,F,2026-01-05
24464.0,24464,Joanna,Torres,S,F,2026-01-05
24465.0,24465,Tara,Andersen,M,F,2026-01-05
24466.0,24466,Alexa,Travers,M,F,2026-01-05
24467.0,24467,Susan,He,S,F,2026-01-05
24468.0,24468,Whitney,Patel,S,F,2026-01-05
24469.0,24469,Roger,Andersen,S,M,2026-01-05
24470.0,24470,Clarence,Lal,M,M,2026-01-05
24471.0,24471,Ricardo,Chande,S,M,2026-01-05
24472.0,24472,Jake,He,S,M,2026-01-05
24473.0,24473,Marco,Rana,S,M,2026-01-05
24474.0,24474,Rosa,Guo,S,F,2026-01-05
24475.0,24475,Gilbert,Zhou,S,M,2026-01-05
24476.0,24476,Jared,Brooks,M,M,2026-01-05
24477.0,24477,Warren,Zeng,S,M,2026-01-05
24478.0,24478,Lindsay,Sharma,S,F,2026-01-05
24479.0,24479,Desirée,Moreno,S,F,2026-01-05
24480.0,24480,Kelli,Liu,S,F,2026-01-05
24481.0,24481,Dennis,Sun,M,M,2026-01-05
24482.0,24482,Roy,Ramos,M,M,2026-01-05
24483.0,24483,Arthur,Kapoor,S,M,2026-01-05
24484.0,24484,Chad,Anand,M,M,2026-01-05
24485.0,24485,Franklin,Ma,S,M,2026-01-05
24486.0,24486,Rafael,Zeng,M,M,2026-01-05
24487.0,24487,Samantha,Harris,S,F,2026-01-05
24488.0,24488,Gavin,Gonzales,S,M,2026-01-05
24489.0,24489,Shelby,Murphy,S,F,2026-01-05
24490.0,24490,Dwayne,Suarez,M,M,2026-01-05
24491.0,24491,Kaitlyn,Russell,S,F,2026-01-05
24492.0,24492,Devin,Lopez,S,M,2026-01-05
24493.0,24493,Seth,Bennett,S,M,2026-01-05
24494.0,24494,Rafael,Zhou,M,M,2026-01-05
24495.0,24495,Kellie,Ortega,S,F,2026-01-05
24496.0,24496,Katelyn,Mitchell,S,F,2026-01-05
24497.0,24497,Abigail,James,S,F,2026-01-05
24498.0,24498,Angela,Washington,S,F,2026-01-05
24499.0,24499,Olivia,Lewis,S,F,2026-01-05
24500.0,24500,Seth,Johnson,M,M,2026-01-05
24501.0,24501,Victoria,Garcia,S,F,2026-01-05
24502.0,24502,Deb,Price,M,M,2026-01-05
24503.0,24503,Laura,Ma,M,F,2026-01-05
24504.0,24504,Eddie,Navarro,M,M,2026-01-05
24505.0,24505,Clifford,Gonzalez,M,M,2026-01-05
24506.0,24506,Jaime,Muñoz,M,F,2026-01-05
24507.0,24507,Madison,Garcia,S,F,2026-01-05
24508.0,24508,Alex,Phillips,S,M,2026-01-05
24509.0,24509,Emma,Long,S,F,2026-01-05
24510.0,24510,Christian,Martinez,M,M,2026-01-05
24511.0,24511,Logan,Hall,S,M,2026-01-05
24512.0,24512,Adrienne,Jiménez,S,F,2026-01-05
24513.0,24513,Alejandro,Deng,M,M,2026-01-05
24514.0,24514,Jesse,Phillips,M,M,2026-01-05
24515.0,24515,Ian,Jones,S,M,2026-01-05
24516.0,24516,Rachel,Moore,S,F,2026-01-05
24517.0,24517,Brandon,Harris,S,M,2026-01-05
24518.0,24518,Stephanie,Allen,S,F,2026-01-05
24519.0,24519,Carlos,King,M,M,2026-01-05
24520.0,24520,Joseph,Wilson,M,M,2026-01-05
24521.0,24521,Jordyn,Wood,S,F,2026-01-05
24522.0,24522,Alex,Perez,M,M,2026-01-05
24523.0,24523,Mariah,Coleman,M,F,2026-01-05
24524.0,24524,Megan,Lewis,M,F,2026-01-05
24525.0,24525,James,Nelson,M,M,2026-01-05
24526.0,24526,Julian,Barnes,M,M,2026-01-05
24527.0,24527,Gavin,Coleman,M,M,2026-01-05
24528.0,24528,Katherine,Hernandez,S,F,2026-01-05
24529.0,24529,Jillian,Martinez,S,F,2026-01-05
24530.0,24530,Franklin,She,S,M,2026-01-05
24531.0,24531,Andres,Xie,M,M,2026-01-05
24532.0,24532,Phillip,Perez,M,M,2026-01-05
24533.0,24533,Blake,Long,S,M,2026-01-05
24534.0,24534,Alisha,Luo,M,F,2026-01-05
24535.0,24535,David,Shepard,M,F,2026-01-05
24536.0,24536,Cynthia,Perez,M,F,2026-01-05
24537.0,24537,Cynthia,Saunders,S,F,2026-01-05
24538.0,24538,Latasha,Diaz,S,F,2026-01-05
24539.0,24539,Colin,Zheng,S,M,2026-01-05
24540.0,24540,Janet,Martin,M,F,2026-01-05
24541.0,24541,Janet,Sheperdigian,M,M,2026-01-05
24542.0,24542,Arturo,Liang,S,M,2026-01-05
24543.0,24543,Arthur,Moreno,S,M,2026-01-05
24544.0,24544,Kellie,Romero,S,F,2026-01-05
24545.0,24545,Douglas,Raman,S,M,2026-01-05
24546.0,24546,Adam,Hughes,M,M,2026-01-05
24547.0,24547,Dana,Gomez,S,F,2026-01-05
24548.0,24548,Crystal,Liu,M,F,2026-01-05
24549.0,24549,Darryl,Li,S,M,2026-01-05
24550.0,24550,Randy,Ma,M,M,2026-01-05
24551.0,24551,Molly,Malhotra,M,F,2026-01-05
24552.0,24552,Ross,Carlson,M,M,2026-01-05
24553.0,24553,Michele,Ashe,M,F,2026-01-05
24554.0,24554,Deanna,Fernandez,M,F,2026-01-05
24555.0,24555,Lacey,Chande,M,F,2026-01-05
24556.0,24556,Claudia,Yang,S,F,2026-01-05
24557.0,24557,Franklin,Lin,S,M,2026-01-05
24558.0,24558,Savannah,Brooks,M,F,2026-01-05
24559.0,24559,Adrienne,Suarez,M,F,2026-01-05
24560.0,24560,Veronica,Fernandez,M,F,2026-01-05
24561.0,24561,Megan,Sherman,S,M,2026-01-05
24562.0,24562,Ricky,Rubio,S,M,2026-01-05
24563.0,24563,Adriana,Rodriguez,M,F,2026-01-05
24564.0,24564,Johnny,Andersen,S,M,2026-01-05
24565.0,24565,Theodore,Navarro,S,M,2026-01-05
24566.0,24566,Kara,Nara,S,F,2026-01-05
24567.0,24567,Alison,Deng,M,F,2026-01-05
24568.0,24568,Jose,Mitchell,S,M,2026-01-05
24569.0,24569,Bob,Gonzalez,M,M,2026-01-05
24570.0,24570,Karen,Guo,S,F,2026-01-05
24571.0,24571,Roberto,Navarro,S,M,2026-01-05
24572.0,24572,Carolyn,Martinez,M,F,2026-01-05
24573.0,24573,Colin,Rai,M,M,2026-01-05
24574.0,24574,Alison,Yuan,S,F,2026-01-05
24575.0,24575,Arturo,Zhu,S,M,2026-01-05
24576.0,24576,Jake,Hu,S,M,2026-01-05
24577.0,24577,Gilbert,Lal,S,M,2026-01-05
24578.0,24578,Meredith,Lopez,S,F,2026-01-05
24579.0,24579,Trevor,Alexander,S,M,2026-01-05
24580.0,24580,Wesley,Zhao,M,M,2026-01-05
24581.0,24581,Reginald,Diaz,M,M,2026-01-05
24582.0,24582,Marie,Sai,M,F,2026-01-05
24583.0,24583,Roy,Chandra,S,M,2026-01-05
24584.0,24584,Ronnie,Liang,S,M,2026-01-05
24585.0,24585,Harold,Patel,M,M,2026-01-05
24586.0,24586,Jerry,Luo,S,M,2026-01-05
24587.0,24587,Suzanne,Sun,M,F,2026-01-05
24588.0,24588,Kathryn,Becker,S,F,2026-01-05
24589.0,24589,Laura,Zhao,S,F,2026-01-05
24590.0,24590,Diana,Alonso,M,F,2026-01-05
24591.0,24591,Derek,Pal,S,M,2026-01-05
24592.0,24592,Jay,Martinez,S,M,2026-01-05
24593.0,24593,Destiny,Watson,M,F,2026-01-05
24594.0,24594,Franklin,Yuan,M,M,2026-01-05
24595.0,24595,Kelvin,Wu,S,M,2026-01-05
24596.0,24596,Heather,Zhao,M,F,2026-01-05
24597.0,24597,Lee,Dominguez,S,M,2026-01-05
24598.0,24598,Irma,Sherwood,S,M,2026-01-05
24599.0,24599,Virginia,Garcia,M,F,2026-01-05
24600.0,24600,Lisa,Li,M,F,2026-01-05
24601.0,24601,Natasha,Munoz,S,F,2026-01-05
24602.0,24602,Preston,Garcia,S,M,2026-01-05
24603.0,24603,Jake,Zhu,S,M,2026-01-05
24604.0,24604,Melvin,Rai,M,M,2026-01-05
24605.0,24605,Roger,Wang,S,M,2026-01-05
24606.0,24606,Cassie,Nath,M,F,2026-01-05
24607.0,24607,Kristine,Ruiz,S,F,2026-01-05
24608.0,24608,Katrina,Nara,M,F,2026-01-05
24609.0,24609,Jenny,Zhang,M,F,2026-01-05
24610.0,24610,Troy,Kapoor,S,M,2026-01-05
24611.0,24611,Pedro,Suarez,S,M,2026-01-05
24612.0,24612,Devon,Chander,S,M,2026-01-05
24613.0,24613,Stacy,Serrano,M,F,2026-01-05
24614.0,24614,Lindsey,Raje,M,F,2026-01-05
24615.0,24615,Dwayne,Ortega,M,M,2026-01-05
24616.0,24616,Zoe,Cook,M,F,2026-01-05
24617.0,24617,Kelsey,She,M,F,2026-01-05
24618.0,24618,Brett,Gonzalez,M,M,2026-01-05
24619.0,24619,Shelby,Kelly,S,F,2026-01-05
24620.0,24620,Olivia,Morgan,M,F,2026-01-05
24621.0,24621,Chad,Shan,M,M,2026-01-05
24622.0,24622,Blake,Hall,M,M,2026-01-05
24623.0,24623,Beth,Torres,M,F,2026-01-05
24624.0,24624,Allison,Murphy,M,F,2026-01-05
24625.0,24625,Yolanda,Nath,M,F,2026-01-05
24626.0,24626,Seth,Bryant,M,M,2026-01-05
24627.0,24627,Eric,Edwards,S,M,2026-01-05
24628.0,24628,David,Walker,S,M,2026-01-05
24629.0,24629,Seth,Perry,M,M,2026-01-05
24630.0,24630,Brianna,Howard,M,F,2026-01-05
24631.0,24631,Hannah,Powell,S,F,2026-01-05
24632.0,24632,Catherine,James,S,F,2026-01-05
24633.0,24633,Xavier,Cook,M,M,2026-01-05
24634.0,24634,Crystal,He,M,F,2026-01-05
24635.0,24635,Gabrielle,Rogers,S,F,2026-01-05
24636.0,24636,Anna,Ward,M,F,2026-01-05
24637.0,24637,Nathan,Flores,M,M,2026-01-05
24638.0,24638,Julia,Lopez,S,F,2026-01-05
24639.0,24639,Ian,Moore,M,M,2026-01-05
24640.0,24640,Lisa,Yang,S,F,2026-01-05
24641.0,24641,Sarah,Powell,M,F,2026-01-05
24642.0,24642,Edward,Russell,S,M,2026-01-05
24643.0,24643,Jada,Campbell,S,F,2026-01-05
24644.0,24644,Samuel,Johnston,M,M,2026-01-05
24645.0,24645,Bryce,Murphy,M,M,2026-01-05
24646.0,24646,Juan,Murphy,M,M,2026-01-05
24647.0,24647,Jose,Simmons,S,M,2026-01-05
24648.0,24648,Amanda,King,S,F,2026-01-05
24649.0,24649,Aaron,Washington,M,M,2026-01-05
24650.0,24650,Julia,Baker,S,F,2026-01-05
24651.0,24651,Dakota,Alexander,S,M,2026-01-05
24652.0,24652,Luke,Butler,S,M,2026-01-05
24653.0,24653,Victoria,Barnes,M,F,2026-01-05
24654.0,24654,Paige,Simmons,S,F,2026-01-05
24655.0,24655,Taylor,Sanders,M,F,2026-01-05
24656.0,24656,Julia,Moore,M,F,2026-01-05
24657.0,24657,Alyssa,Brooks,M,F,2026-01-05
24658.0,24658,Jenna,Perez,M,F,2026-01-05
24659.0,24659,Kaitlyn,Hill,M,F,2026-01-05
24660.0,24660,Anna,Perry,S,F,2026-01-05
24661.0,24661,Madison,Jones,S,F,2026-01-05
24662.0,24662,Arianna,Price,S,F,2026-01-05
24663.0,24663,Ebony,Fernandez,S,F,2026-01-05
24664.0,24664,Ian,Washington,M,M,2026-01-05
24665.0,24665,Angela,Morgan,S,F,2026-01-05
24666.0,24666,Hannah,Martinez,M,F,2026-01-05
24667.0,24667,Chloe,Diaz,S,F,2026-01-05
24668.0,24668,Katrina,Xu,M,F,2026-01-05
24669.0,24669,Xavier,Parker,M,M,2026-01-05
24670.0,24670,Alexandria,Ross,S,F,2026-01-05
24671.0,24671,Christian,Perry,M,M,2026-01-05
24672.0,24672,Jeremy,Cook,M,M,2026-01-05
24673.0,24673,Paige,Cox,M,F,2026-01-05
24674.0,24674,Dylan,Kumar,M,M,2026-01-05
24675.0,24675,Jackson,Nelson,S,M,2026-01-05
24676.0,24676,Jeremy,Roberts,M,M,2026-01-05
24677.0,24677,Blake,Lee,M,M,2026-01-05
24678.0,24678,Nathan,Long,S,M,2026-01-05
24679.0,24679,Wyatt,Hernandez,M,M,2026-01-05
24680.0,24680,Thomas,Flores,S,M,2026-01-05
24681.0,24681,Arianna,Murphy,S,F,2026-01-05
24682.0,24682,Faith,Rogers,M,F,2026-01-05
24683.0,24683,Shannon,Alonso,M,M,2026-01-05
24684.0,24684,Charles,Martin,M,M,2026-01-05
24685.0,24685,Jordan,Kumar,M,M,2026-01-05
24686.0,24686,Melissa,Murphy,S,F,2026-01-05
24687.0,24687,Joan,Ross,S,F,2026-01-05
24688.0,24688,Ashley,Long,M,F,2026-01-05
24689.0,24689,Sandra,Ye,M,F,2026-01-05
24690.0,24690,Christian,Long,S,M,2026-01-05
24691.0,24691,Meredith,Carlson,M,F,2026-01-05
24692.0,24692,Laura,He,M,F,2026-01-05
24693.0,24693,Alexandra,Rogers,S,F,2026-01-05
24694.0,24694,Theodore,Carlson,S,M,2026-01-05
24695.0,24695,Omar,Zhou,S,M,2026-01-05
24696.0,24696,Tasha,Xie,S,F,2026-01-05
24697.0,24697,Manuel,Rodriguez,M,M,2026-01-05
24698.0,24698,Blake,Carter,S,M,2026-01-05
24699.0,24699,Rebekah,Rubio,S,F,2026-01-05
24700.0,24700,Gary,Alvarez,S,M,2026-01-05
24701.0,24701,Marco,Fernandez,M,M,2026-01-05
24702.0,24702,Kari,Ramos,S,F,2026-01-05
24703.0,24703,Jonathan,White,M,M,2026-01-05
24704.0,24704,Allen,Schmidt,M,M,2026-01-05
24705.0,24705,Daniel,Shimshoni,S,F,2026-01-05
24706.0,24706,Virginia,Rana,S,F,2026-01-05
24707.0,24707,Shaun,Pal,S,M,2026-01-05
24708.0,24708,Corey,Chander,S,M,2026-01-05
24709.0,24709,Nancy,Prasad,M,F,2026-01-05
24710.0,24710,Brandy,Malhotra,M,F,2026-01-05
24711.0,24711,Rebekah,Hernandez,S,F,2026-01-05
24712.0,24712,Carly,Kumar,M,F,2026-01-05
24713.0,24713,Jeremy,Brooks,S,M,2026-01-05
24714.0,24714,Whitney,Rodriguez,S,F,2026-01-05
24715.0,24715,Kelli,Nath,S,F,2026-01-05
24716.0,24716,Colin,Liu,M,M,2026-01-05
24717.0,24717,Damien,Anand,S,M,2026-01-05
24718.0,24718,Terrence,Black,S,M,2026-01-05
24719.0,24719,Susan,Zheng,M,F,2026-01-05
24720.0,24720,Deanna,Alvarez,S,F,2026-01-05
24721.0,24721,Mandy,Zheng,M,F,2026-01-05
24722.0,24722,Hunter,Ross,S,M,2026-01-05
24723.0,24723,Shawna,Pal,M,F,2026-01-05
24724.0,24724,Alfredo,Gutierrez,M,M,2026-01-05
24725.0,24725,Bailey,Young,M,F,2026-01-05
24726.0,24726,Marissa,Hughes,M,F,2026-01-05
24727.0,24727,Mallory,Jimenez,M,F,2026-01-05
24728.0,24728,Julia,Diaz,S,F,2026-01-05
24729.0,24729,Chase,Murphy,S,M,2026-01-05
24730.0,24730,Anthony,Moore,M,M,2026-01-05
24731.0,24731,Evan,Mitchell,M,M,2026-01-05
24732.0,24732,Wyatt,Davis,M,M,2026-01-05
24733.0,24733,Luke,Flores,S,M,2026-01-05
24734.0,24734,Jack,Turner,S,M,2026-01-05
24735.0,24735,Madison,Powell,S,F,2026-01-05
24736.0,24736,Savannah,Ramirez,S,F,2026-01-05
24737.0,24737,Angela,Bailey,S,F,2026-01-05
24738.0,24738,Hannah,Davis,M,F,2026-01-05
24739.0,24739,Dalton,Sanders,M,M,2026-01-05
24740.0,24740,Shelby,Cooper,S,F,2026-01-05
24741.0,24741,Brittany,Perry,S,F,2026-01-05
24742.0,24742,Rachel,Ramirez,S,F,2026-01-05
24743.0,24743,Chloe,Coleman,S,F,2026-01-05
24744.0,24744,Brendan,Yuan,M,M,2026-01-05
24745.0,24745,Jennifer,Ward,S,F,2026-01-05
24746.0,24746,Ian,Russell,S,M,2026-01-05
24747.0,24747,Dakota,Powell,S,M,2026-01-05
24748.0,24748,Jose,Collins,M,M,2026-01-05
24749.0,24749,Marshall,Guo,M,M,2026-01-05
24750.0,24750,Destiny,Barnes,M,F,2026-01-05
24751.0,24751,Angela,Howard,M,F,2026-01-05
24752.0,24752,Cameron,Jackson,S,M,2026-01-05
24753.0,24753,Eduardo,Jenkins,S,M,2026-01-05
24754.0,24754,Haley,Rivera,M,F,2026-01-05
24755.0,24755,Sean,Scott,M,M,2026-01-05
24756.0,24756,Carlos,Bell,M,M,2026-01-05
24757.0,24757,Alisha,She,M,F,2026-01-05
24758.0,24758,Gabriella,Adams,M,F,2026-01-05
24759.0,24759,Brooke,Stewart,S,F,2026-01-05
24760.0,24760,Julian,Coleman,S,M,2026-01-05
24761.0,24761,Lawrence,Rubio,S,M,2026-01-05
24762.0,24762,Warren,Xu,S,M,2026-01-05
24763.0,24763,Fernando,Hill,S,M,2026-01-05
24764.0,24764,Abigail,Hughes,M,F,2026-01-05
24765.0,24765,Morgan,Alexander,S,F,2026-01-05
24766.0,24766,Christian,White,M,M,2026-01-05
24767.0,24767,Lauren,Jackson,M,F,2026-01-05
24768.0,24768,Jordan,Ross,M,M,2026-01-05
24769.0,24769,Brendan,Lal,S,M,2026-01-05
24770.0,24770,Isaac,Wright,M,M,2026-01-05
24771.0,24771,Samuel,Harris,M,M,2026-01-05
24772.0,24772,Greg,Russell,M,M,2026-01-05
24773.0,24773,Grace,Stewart,M,F,2026-01-05
24774.0,24774,Xavier,Gonzales,S,M,2026-01-05
24775.0,24775,Alexandra,Alexander,M,F,2026-01-05
24776.0,24776,Samantha,Perry,M,F,2026-01-05
24777.0,24777,Eric,Adams,M,M,2026-01-05
24778.0,24778,Sean,Baker,M,M,2026-01-05
24779.0,24779,Morgan,Lee,M,F,2026-01-05
24780.0,24780,Courtney,Hall,M,F,2026-01-05
24781.0,24781,Carmen,Garcia,M,F,2026-01-05
24782.0,24782,Nicole,Morris,M,F,2026-01-05
24783.0,24783,Barry,Raman,M,M,2026-01-05
24784.0,24784,Megan,Kelly,S,F,2026-01-05
24785.0,24785,Cody,Morris,M,M,2026-01-05
24786.0,24786,Haley,Adams,M,F,2026-01-05
24787.0,24787,Andrea,Watson,M,F,2026-01-05
24788.0,24788,Ashley,Bennett,M,F,2026-01-05
24789.0,24789,Tamara,Hu,M,F,2026-01-05
24790.0,24790,Rebekah,Navarro,M,F,2026-01-05
24791.0,24791,Teresa,Ortega,M,F,2026-01-05
24792.0,24792,Clifford,Malhotra,M,M,2026-01-05
24793.0,24793,Cole,Morgan,M,M,2026-01-05
24794.0,24794,Cody,Sanchez,M,M,2026-01-05
24795.0,24795,Alexandra,Lewis,M,F,2026-01-05
24796.0,24796,Jessica,Simmons,M,F,2026-01-05
24797.0,24797,Dylan,Flores,S,M,2026-01-05
24798.0,24798,Lawrence,Moreno,S,M,2026-01-05
24799.0,24799,Byron,Sanz,S,M,2026-01-05
24800.0,24800,Eduardo,Young,S,M,2026-01-05
24801.0,24801,Chase,Bailey,S,M,2026-01-05
24802.0,24802,Timothy,Allen,S,M,2026-01-05
24803.0,24803,Anna,Diaz,M,F,2026-01-05
24804.0,24804,Tonya,Raji,M,F,2026-01-05
24805.0,24805,Donna,Luo,M,F,2026-01-05
24806.0,24806,Faith,Russell,M,F,2026-01-05
24807.0,24807,Anne,Moreno,M,F,2026-01-05
24808.0,24808,Eric,Perez,M,M,2026-01-05
24809.0,24809,Alyssa,Moore,M,F,2026-01-05
24810.0,24810,Alyssa,Richardson,M,F,2026-01-05
24811.0,24811,Trinity,Ramirez,S,F,2026-01-05
24812.0,24812,Johnathan,Sai,M,M,2026-01-05
24813.0,24813,Armando,Schmidt,M,M,2026-01-05
24814.0,24814,Gabriel,Washington,S,M,2026-01-05
24815.0,24815,Victoria,Clark,S,F,2026-01-05
24816.0,24816,Lauren,Perry,M,F,2026-01-05
24817.0,24817,Victoria,Richardson,M,F,2026-01-05
24818.0,24818,Diane,Rubio,M,F,2026-01-05
24819.0,24819,Jack,Shan,M,M,2026-01-05
24820.0,24820,David,Clark,M,M,2026-01-05
24821.0,24821,Melissa,Alexander,M,F,2026-01-05
24822.0,24822,Paige,Cook,M,F,2026-01-05
24823.0,24823,Vincent,Zhao,M,M,2026-01-05
24824.0,24824,Alexandria,Wood,S,F,2026-01-05
24825.0,24825,Zoe,Sanders,M,F,2026-01-05
24826.0,24826,Richard,Powell,M,M,2026-01-05
24827.0,24827,Alexander,Martinez,M,M,2026-01-05
24828.0,24828,Brooke,Reed,S,F,2026-01-05
24829.0,24829,Ethan,Patterson,M,M,2026-01-05
24830.0,24830,Alexandra,Cox,M,F,2026-01-05
24831.0,24831,Jackson,Diaz,S,M,2026-01-05
24832.0,24832,Morgan,Martin,M,F,2026-01-05
24833.0,24833,Deanna,Ruiz,S,F,2026-01-05
24834.0,24834,Bethany,Jai,M,F,2026-01-05
24835.0,24835,Angel,Morgan,S,M,2026-01-05
24836.0,24836,Taylor,Robinson,S,F,2026-01-05
24837.0,24837,Wyatt,Lewis,S,M,2026-01-05
24838.0,24838,Elijah,Young,S,M,2026-01-05
24839.0,24839,Tamara,Goldberg,S,F,2026-01-05
24840.0,24840,Marco,Sai,M,M,2026-01-05
24841.0,24841,Andres,Jai,M,M,2026-01-05
24842.0,24842,Monique,Alonso,S,F,2026-01-05
24843.0,24843,Bryant,Subram,M,M,2026-01-05
24844.0,24844,Maria,Ward,S,F,2026-01-05
24845.0,24845,Tyrone,Jimenez,M,M,2026-01-05
24846.0,24846,Naomi,Navarro,S,F,2026-01-05
24847.0,24847,Tonya,Nath,M,F,2026-01-05
24848.0,24848,Jeffery,Zhou,M,M,2026-01-05
24849.0,24849,Brianna,Ward,M,F,2026-01-05
24850.0,24850,Emmanuel,Perez,M,M,2026-01-05
24851.0,24851,Leslie,Ortega,M,F,2026-01-05
24852.0,24852,Carla,Martinez,M,F,2026-01-05
24853.0,24853,Miguel,Long,S,M,2026-01-05
24854.0,24854,Emma,Jenkins,S,F,2026-01-05
24855.0,24855,Kaylee,Wright,S,F,2026-01-05
24856.0,24856,Candice,Huang,M,F,2026-01-05
24857.0,24857,Anna,Henderson,M,F,2026-01-05
24858.0,24858,Calvin,Xie,M,M,2026-01-05
24859.0,24859,Cesar,Arun,S,M,2026-01-05
24860.0,24860,Douglas,Garcia,S,M,2026-01-05
24861.0,24861,Evelyn,Vance,M,F,2026-01-05
24862.0,24862,Tamara,Zhou,M,F,2026-01-05
24863.0,24863,Wesley,Sun,S,M,2026-01-05
24864.0,24864,Jeffery,Sun,M,M,2026-01-05
24865.0,24865,Ashley,Griffin,S,F,2026-01-05
24866.0,24866,Alejandro,Nath,M,M,2026-01-05
24867.0,24867,Beth,Suarez,S,F,2026-01-05
24868.0,24868,Darryl,Hu,M,M,2026-01-05
24869.0,24869,Misty,Shock,M,M,2026-01-05
24870.0,24870,Taylor,Morgan,M,F,2026-01-05
24871.0,24871,Kelsey,Luo,S,F,2026-01-05
24872.0,24872,Alisha,Raje,S,F,2026-01-05
24873.0,24873,Alisha,Li,S,F,2026-01-05
24874.0,24874,Wendy,Moreno,M,F,2026-01-05
24875.0,24875,Darryl,Zhang,S,M,2026-01-05
24876.0,24876,Jarrod,Subram,S,M,2026-01-05
24877.0,24877,Mandy,Zhao,M,F,2026-01-05
24878.0,24878,Sandra,Wang,M,F,2026-01-05
24879.0,24879,Desiree,Munoz,M,F,2026-01-05
24880.0,24880,Summer,Chandra,M,F,2026-01-05
24881.0,24881,Tasha,Ashe,M,F,2026-01-05
24882.0,24882,Meredith,Srini,M,F,2026-01-05
24883.0,24883,Stacey,Lin,S,F,2026-01-05
24884.0,24884,Michele,Fernandez,M,F,2026-01-05
24885.0,24885,Corey,Xie,S,M,2026-01-05
24886.0,24886,Joy,Romero,S,F,2026-01-05
24887.0,24887,Micah,Sun,S,M,2026-01-05
24888.0,24888,Roy,Srini,S,M,2026-01-05
24889.0,24889,Kelli,She,M,F,2026-01-05
24890.0,24890,Brenda,Van,S,F,2026-01-05
24891.0,24891,Bianca,Chen,S,F,2026-01-05
24892.0,24892,Arthur,Alvarez,S,M,2026-01-05
24893.0,24893,Alvin,Chande,S,M,2026-01-05
24894.0,24894,Jaime,Jai,S,M,2026-01-05
24895.0,24895,Dalton,Henderson,M,M,2026-01-05
24896.0,24896,Kendra,Ramos,S,F,2026-01-05
24897.0,24897,Glenn,Hu,M,M,2026-01-05
24898.0,24898,Mallory,Gomez,S,F,2026-01-05
24899.0,24899,Vincent,Zhu,S,M,2026-01-05
24900.0,24900,Ebony,Perez,S,F,2026-01-05
24901.0,24901,Clarence,She,S,M,2026-01-05
24902.0,24902,Jill,Murphy,S,F,2026-01-05
24903.0,24903,Tracy,Black,S,F,2026-01-05
24904.0,24904,Jaclyn,Yuan,M,F,2026-01-05
24905.0,24905,Kelsey,Nara,M,F,2026-01-05
24906.0,24906,Donna,Raji,S,F,2026-01-05
24907.0,24907,Megan,Price,M,F,2026-01-05
24908.0,24908,Marc,Blanco,S,M,2026-01-05
24909.0,24909,Grant,Yuan,M,M,2026-01-05
24910.0,24910,Terrance,Madan,M,M,2026-01-05
24911.0,24911,Martin,Madan,S,M,2026-01-05
24912.0,24912,Krystal,Li,S,F,2026-01-05
24913.0,24913,Kelsey,Lal,M,F,2026-01-05
24914.0,24914,Heather,Zhou,M,F,2026-01-05
24915.0,24915,Stanley,Patel,S,M,2026-01-05
24916.0,24916,Kara,Pal,S,F,2026-01-05
24917.0,24917,Arthur,Gomez,S,M,2026-01-05
24918.0,24918,Warren,Cai,S,M,2026-01-05
24919.0,24919,Carl,Shan,M,M,2026-01-05
24920.0,24920,Amy,Cai,M,F,2026-01-05
24921.0,24921,Curtis,He,S,M,2026-01-05
24922.0,24922,Naomi,Jimenez,M,F,2026-01-05
24923.0,24923,Ebony,Sara,M,F,2026-01-05
24924.0,24924,Richard,Anderson,M,M,2026-01-05
24925.0,24925,Erick,Perez,S,M,2026-01-05
24926.0,24926,Eric,Roberts,S,M,2026-01-05
24927.0,24927,Kaitlyn,Harris,S,F,2026-01-05
24928.0,24928,Timothy,Wright,S,M,2026-01-05
24929.0,24929,Lucas,Bailey,S,M,2026-01-05
24930.0,24930,Abigail,Lewis,M,F,2026-01-05
24931.0,24931,Brianna,Miller,S,F,2026-01-05
24932.0,24932,Richard,Jones,M,M,2026-01-05
24933.0,24933,Regina,Sanchez,S,F,2026-01-05
24934.0,24934,Lindsay,Tang,S,F,2026-01-05
24935.0,24935,James,Hayes,S,M,2026-01-05
24936.0,24936,Caleb,Scott,M,M,2026-01-05
24937.0,24937,Jordan,Evans,S,F,2026-01-05
24938.0,24938,Julia,Martinez,M,F,2026-01-05
24939.0,24939,Elizabeth,Barnes,S,F,2026-01-05
24940.0,24940,Fernando,Martin,M,M,2026-01-05
24941.0,24941,Wyatt,Garcia,M,M,2026-01-05
24942.0,24942,Steven,James,M,M,2026-01-05
24943.0,24943,Darrell,Chander,M,M,2026-01-05
24944.0,24944,Whitney,Garcia,M,F,2026-01-05
24945.0,24945,Logan,Harris,M,M,2026-01-05
24946.0,24946,Sarah,Hughes,S,F,2026-01-05
24947.0,24947,Aaron,Phillips,S,M,2026-01-05
24948.0,24948,Nathan,Carter,M,M,2026-01-05
24949.0,24949,Devin,Howard,S,M,2026-01-05
24950.0,24950,Stephanie,Alexander,S,F,2026-01-05
24951.0,24951,Jeremy,Ward,M,M,2026-01-05
24952.0,24952,Amanda,Long,S,F,2026-01-05
24953.0,24953,Aaron,Green,M,M,2026-01-05
24954.0,24954,Jonathan,Long,M,M,2026-01-05
24955.0,24955,Donald,Perez,S,M,2026-01-05
24956.0,24956,Ariana,Ward,M,F,2026-01-05
24957.0,24957,Anna,Howard,M,F,2026-01-05
24958.0,24958,Tamara,Xu,S,F,2026-01-05
24959.0,24959,Kristy,Blanco,S,F,2026-01-05
24960.0,24960,Brianna,Gray,S,F,2026-01-05
24961.0,24961,Alexandra,Bennett,M,F,2026-01-05
24962.0,24962,Jonathan,Jai,M,M,2026-01-05
24963.0,24963,Erica,Zhao,M,F,2026-01-05
24964.0,24964,Samantha,Anderson,M,F,2026-01-05
24965.0,24965,Justin,Hayes,M,M,2026-01-05
24966.0,24966,Jade,Cooper,S,F,2026-01-05
24967.0,24967,Jasmine,Reed,S,F,2026-01-05
24968.0,24968,Dalton,Moore,M,M,2026-01-05
24969.0,24969,Vanessa,Gonzales,M,F,2026-01-05
24970.0,24970,Blake,Wright,M,M,2026-01-05
24971.0,24971,Brittney,Lin,M,F,2026-01-05
24972.0,24972,Edward,Garcia,S,M,2026-01-05
24973.0,24973,Arianna,Rivera,M,F,2026-01-05
24974.0,24974,Eduardo,Carter,M,M,2026-01-05
24975.0,24975,Julia,James,S,F,2026-01-05
24976.0,24976,Stephanie,Cooper,M,F,2026-01-05
24977.0,24977,Sophia,Green,M,F,2026-01-05
24978.0,24978,Kaylee,Stewart,M,F,2026-01-05
24979.0,24979,Jada,Adams,M,F,2026-01-05
24980.0,24980,Savannah,Phillips,M,F,2026-01-05
24981.0,24981,Jose,Davis,M,M,2026-01-05
24982.0,24982,Devin,King,M,M,2026-01-05
24983.0,24983,Morgan,Griffin,S,F,2026-01-05
24984.0,24984,William,Moore,M,M,2026-01-05
24985.0,24985,Jenna,Phillips,M,F,2026-01-05
24986.0,24986,Isabelle,Griffin,M,F,2026-01-05
24987.0,24987,Kristopher,Chandra,M,M,2026-01-05
24988.0,24988,Kayla,Diaz,M,F,2026-01-05
24989.0,24989,Arianna,Peterson,M,F,2026-01-05
24990.0,24990,Timothy,Collins,M,M,2026-01-05
24991.0,24991,Luke,Bryant,S,M,2026-01-05
24992.0,24992,Faith,Bryant,M,F,2026-01-05
24993.0,24993,Marvin,Ortega,M,M,2026-01-05
24994.0,24994,Lauren,Sanders,M,F,2026-01-05
24995.0,24995,Melissa,Peterson,S,F,2026-01-05
24996.0,24996,Dylan,Miller,M,M,2026-01-05
24997.0,24997,Melvin,Kumar,S,M,2026-01-05
24998.0,24998,Olivia,Martinez,S,F,2026-01-05
24999.0,24999,Shaun,Jai,S,M,2026-01-05
25000.0,25000,Allison,Turner,S,F,2026-01-05
25001.0,25001,Clayton,Xu,M,M,2026-01-05
25002.0,25002,Logan,Edwards,M,M,2026-01-05
25003.0,25003,Tristan,Russell,S,M,2026-01-05
25004.0,25004,Samuel,Thomas,S,M,2026-01-05
25005.0,25005,Brianna,Williams,S,F,2026-01-05
25006.0,25006,Bailey,Murphy,S,F,2026-01-05
25007.0,25007,Alyssa,Sanders,S,F,2026-01-05
25008.0,25008,Haley,Perry,S,F,2026-01-05
25009.0,25009,Natasha,Alonso,M,F,2026-01-05
25010.0,25010,Misty,Kumar,S,F,2026-01-05
25011.0,25011,Taylor,White,M,F,2026-01-05
25012.0,25012,Craig,Martin,M,M,2026-01-05
25013.0,25013,Mitchell,Stone,S,M,2026-01-05
25014.0,25014,Juan,Reed,S,M,2026-01-05
25015.0,25015,Jacqueline,Rogers,M,F,2026-01-05
25016.0,25016,Elijah,Washington,S,M,2026-01-05
25017.0,25017,Cristina,Xu,M,F,2026-01-05
25018.0,25018,Lucas,Robinson,S,M,2026-01-05
25019.0,25019,Misty,Shen,M,F,2026-01-05
25020.0,25020,Walter,Romero,S,M,2026-01-05
25021.0,25021,Edwin,Sharma,M,M,2026-01-05
25022.0,25022,Patricia,Perez,M,F,2026-01-05
25023.0,25023,Carolyn,Sanz,S,F,2026-01-05
25024.0,25024,Brad,Pritchett,S,M,2026-01-05
25025.0,25025,Spencer,Bryant,S,M,2026-01-05
25026.0,25026,Mitchell,Andersen,M,M,2026-01-05
25027.0,25027,Meredith,Mehta,M,F,2026-01-05
25028.0,25028,Brenda,Gonzalez,M,F,2026-01-05
25029.0,25029,Alberto,Hernandez,S,M,2026-01-05
25030.0,25030,Jessie,Romero,S,F,2026-01-05
25031.0,25031,Kristina,Malhotra,S,F,2026-01-05
25032.0,25032,Meredith,Rana,S,F,2026-01-05
25033.0,25033,Omar,Zhu,S,M,2026-01-05
25034.0,25034,Anne,Martin,S,F,2026-01-05
25035.0,25035,Mandy,Lin,S,F,2026-01-05
25036.0,25036,Jenny,Ye,S,F,2026-01-05
25037.0,25037,Terrence,Rai,M,M,2026-01-05
25038.0,25038,Isabella,Hall,S,F,2026-01-05
25039.0,25039,Alexis,Clark,S,F,2026-01-05
25040.0,25040,Julian,Perry,S,M,2026-01-05
25041.0,25041,Hunter,Phillips,S,M,2026-01-05
25042.0,25042,Arif,Rizaldy,S,F,2026-01-05
25043.0,25043,Damien,Rai,S,M,2026-01-05
25044.0,25044,Emma,Bailey,S,F,2026-01-05
25045.0,25045,Paige,Russell,M,F,2026-01-05
25046.0,25046,Caleb,Long,M,M,2026-01-05
25047.0,25047,Trevor,Long,M,M,2026-01-05
25048.0,25048,Yolanda,Sharma,S,F,2026-01-05
25049.0,25049,Candice,Ye,M,F,2026-01-05
25050.0,25050,Darryl,Chen,S,M,2026-01-05
25051.0,25051,Suzanne,Cai,S,F,2026-01-05
25052.0,25052,Sandra,Lin,S,F,2026-01-05
25053.0,25053,Colin,Andersen,M,M,2026-01-05
25054.0,25054,Sheila,Alonso,S,F,2026-01-05
25055.0,25055,Erik,Navarro,M,M,2026-01-05
25056.0,25056,Wayne,Black,M,M,2026-01-05
25057.0,25057,Jerome,Gomez,S,M,2026-01-05
25058.0,25058,Corey,Raji,M,M,2026-01-05
25059.0,25059,Sean,Ward,S,M,2026-01-05
25060.0,25060,Noah,Martinez,S,M,2026-01-05
25061.0,25061,Julia,Hughes,S,F,2026-01-05
25062.0,25062,Kaitlyn,Young,S,F,2026-01-05
25063.0,25063,Dylan,Williams,M,M,2026-01-05
25064.0,25064,James,Harris,S,M,2026-01-05
25065.0,25065,Thomas,Henderson,M,M,2026-01-05
25066.0,25066,Charles,Robinson,S,M,2026-01-05
25067.0,25067,Melanie,Butler,S,F,2026-01-05
25068.0,25068,Robert,Shan,S,M,2026-01-05
25069.0,25069,Lori,Ortega,M,F,2026-01-05
25070.0,25070,Melody,Alvarez,M,F,2026-01-05
25071.0,25071,Natalie,Brooks,M,F,2026-01-05
25072.0,25072,Alyssa,Murphy,S,F,2026-01-05
25073.0,25073,Shelby,Stewart,M,F,2026-01-05
25074.0,25074,Samantha,Jackson,M,F,2026-01-05
25075.0,25075,Samantha,Thompson,M,F,2026-01-05
25076.0,25076,Nicole,Jenkins,M,F,2026-01-05
25077.0,25077,Wyatt,Clark,M,M,2026-01-05
25078.0,25078,James,Jenkins,M,M,2026-01-05
25079.0,25079,Riley,Perry,S,F,2026-01-05
25080.0,25080,Marissa,Long,S,F,2026-01-05
25081.0,25081,Melanie,Morris,S,F,2026-01-05
25082.0,25082,William,Martinez,M,M,2026-01-05
25083.0,25083,Omar,Gao,M,M,2026-01-05
25084.0,25084,Dalton,James,M,M,2026-01-05
25085.0,25085,Lucas,Rogers,M,M,2026-01-05
25086.0,25086,Jasmine,Cox,M,F,2026-01-05
25087.0,25087,Wyatt,Young,M,M,2026-01-05
25088.0,25088,Victoria,Reed,M,F,2026-01-05
25089.0,25089,Christy,Xie,S,F,2026-01-05
25090.0,25090,Ivan,Sara,M,M,2026-01-05
25091.0,25091,Jessie,Zeng,S,M,2026-01-05
25092.0,25092,Emily,Jackson,M,F,2026-01-05
25093.0,25093,Madison,Griffin,S,F,2026-01-05
25094.0,25094,Charles,Thomas,S,M,2026-01-05
25095.0,25095,Adam,Jai,S,M,2026-01-05
25096.0,25096,Victoria,Bennett,S,F,2026-01-05
25097.0,25097,Fernando,Gonzales,M,M,2026-01-05
25098.0,25098,Logan,Long,M,M,2026-01-05
25099.0,25099,Melanie,Hayes,M,F,2026-01-05
25100.0,25100,Kristen,Huang,M,F,2026-01-05
25101.0,25101,Wyatt,Baker,M,M,2026-01-05
25102.0,25102,Stephanie,Kelly,M,F,2026-01-05
25103.0,25103,Shelby,Brooks,M,F,2026-01-05
25104.0,25104,Natalie,Parker,S,F,2026-01-05
25105.0,25105,Warren,Nara,S,M,2026-01-05
25106.0,25106,Micah,Gao,M,M,2026-01-05
25107.0,25107,Mason,Ramirez,S,M,2026-01-05
25108.0,25108,Gary,Gill,M,M,2026-01-05
25109.0,25109,Devin,Rivera,M,M,2026-01-05
25110.0,25110,Tabitha,Suarez,M,F,2026-01-05
25111.0,25111,Drew,Chander,M,M,2026-01-05
25112.0,25112,Suzanne,Zhu,M,F,2026-01-05
25113.0,25113,Randy,Gao,M,M,2026-01-05
25114.0,25114,Donald,Sara,S,M,2026-01-05
25115.0,25115,Raymond,Rana,M,M,2026-01-05
25116.0,25116,Phillip,Sara,M,M,2026-01-05
25117.0,25117,Mindy,Shan,M,F,2026-01-05
25118.0,25118,Gerald,Diaz,M,M,2026-01-05
25119.0,25119,Deanna,Lopez,M,F,2026-01-05
25120.0,25120,Heidi,Rodriguez,S,F,2026-01-05
25121.0,25121,Clarence,Yang,M,M,2026-01-05
25122.0,25122,Susan,Zhao,S,F,2026-01-05
25123.0,25123,Sharon,Simpson,M,F,2026-01-05
25124.0,25124,Keith,Xu,S,M,2026-01-05
25125.0,25125,Randy,Wang,M,M,2026-01-05
25126.0,25126,Shane,Suri,M,M,2026-01-05
25127.0,25127,Priscilla,Deng,S,F,2026-01-05
25128.0,25128,Clifford,Sai,M,M,2026-01-05
25129.0,25129,Allen,Raman,S,M,2026-01-05
25130.0,25130,Micah,Huang,M,M,2026-01-05
25131.0,25131,Gerald,Chandra,M,M,2026-01-05
25132.0,25132,Lindsey,Xie,M,F,2026-01-05
25133.0,25133,Kristine,Gutierrez,S,F,2026-01-05
25134.0,25134,Brett,Rodriguez,M,M,2026-01-05
25135.0,25135,Kelvin,Zhao,S,M,2026-01-05
25136.0,25136,Ruben,Diaz,S,M,2026-01-05
25137.0,25137,Nina,Raje,M,F,2026-01-05
25138.0,25138,Seth,Russell,M,M,2026-01-05
25139.0,25139,Carlos,Short,M,M,2026-01-05
25140.0,25140,Toni,Lopez,M,F,2026-01-05
25141.0,25141,Walter,Gutierrez,S,M,2026-01-05
25142.0,25142,Regina,Ray,S,F,2026-01-05
25143.0,25143,Destiny,Henderson,S,F,2026-01-05
25144.0,25144,Johnathan,Fernandez,S,M,2026-01-05
25145.0,25145,Clayton,Yang,S,M,2026-01-05
25146.0,25146,Carson,Gonzales,M,M,2026-01-05
25147.0,25147,Samantha,Brown,M,F,2026-01-05
25148.0,25148,Ryan,Simmons,M,M,2026-01-05
25149.0,25149,Samantha,Griffin,M,F,2026-01-05
25150.0,25150,Xavier,Jones,S,M,2026-01-05
25151.0,25151,Jasmine,Washington,S,F,2026-01-05
25152.0,25152,Maria,Sanders,S,F,2026-01-05
25153.0,25153,Ryan,Coleman,S,M,2026-01-05
25154.0,25154,Clinton,Serrano,M,M,2026-01-05
25155.0,25155,Theresa,Alonso,S,F,2026-01-05
25156.0,25156,Catherine,Peterson,S,F,2026-01-05
25157.0,25157,Destiny,Miller,S,F,2026-01-05
25158.0,25158,Stephanie,Long,M,F,2026-01-05
25159.0,25159,Katelyn,Cooper,S,F,2026-01-05
25160.0,25160,Mackenzie,Stewart,S,F,2026-01-05
25161.0,25161,Isabella,Flores,M,F,2026-01-05
25162.0,25162,Bryan,Morris,S,M,2026-01-05
25163.0,25163,Natalie,Griffin,M,F,2026-01-05
25164.0,25164,Isaac,Parker,M,M,2026-01-05
25165.0,25165,Ashley,Brown,M,F,2026-01-05
25166.0,25166,Miguel,Jenkins,S,M,2026-01-05
25167.0,25167,Elijah,Hughes,M,M,2026-01-05
25168.0,25168,Micheal,Hernandez,M,M,2026-01-05
25169.0,25169,Angel,Peterson,S,M,2026-01-05
25170.0,25170,Logan,Walker,M,M,2026-01-05
25171.0,25171,Christopher,Rodriguez,M,M,2026-01-05
25172.0,25172,Evan,Gray,M,M,2026-01-05
25173.0,25173,Melissa,Stewart,M,F,2026-01-05
25174.0,25174,Monica,Smith,M,F,2026-01-05
25175.0,25175,Nathan,Chen,S,M,2026-01-05
25176.0,25176,Edward,Flores,S,M,2026-01-05
25177.0,25177,Alberto,Gomez,M,M,2026-01-05
25178.0,25178,Jasmine,Kelly,M,F,2026-01-05
25179.0,25179,Miguel,Thompson,M,M,2026-01-05
25180.0,25180,Ana,Simmons,S,F,2026-01-05
25181.0,25181,Jesse,Torres,M,M,2026-01-05
25182.0,25182,Natalie,Simmons,M,F,2026-01-05
25183.0,25183,Michael,Thomas,M,M,2026-01-05
25184.0,25184,Peter,Tang,S,M,2026-01-05
25185.0,25185,Jade,Reed,S,F,2026-01-05
25186.0,25186,Angelica,Coleman,M,F,2026-01-05
25187.0,25187,Sydney,Scott,M,F,2026-01-05
25188.0,25188,Kevin,Li,M,M,2026-01-05
25189.0,25189,Aidan,Hayes,M,M,2026-01-05
25190.0,25190,Allison,Morris,M,F,2026-01-05
25191.0,25191,Austin,Gonzales,S,M,2026-01-05
25192.0,25192,Janet,Gill,S,F,2026-01-05
25193.0,25193,Stephanie,Howard,S,F,2026-01-05
25194.0,25194,Jada,Bell,S,F,2026-01-05
25195.0,25195,Alexandra,Wilson,S,F,2026-01-05
25196.0,25196,Aaron,Yang,M,M,2026-01-05
25197.0,25197,Kyle,Perry,M,M,2026-01-05
25198.0,25198,Michelle,Ramirez,M,F,2026-01-05
25199.0,25199,Kyle,Griffin,M,M,2026-01-05
25200.0,25200,Nathan,Williams,M,M,2026-01-05
25201.0,25201,Hunter,Gonzalez,M,M,2026-01-05
25202.0,25202,Jonathan,King,S,M,2026-01-05
25203.0,25203,Caroline,Wood,S,F,2026-01-05
25204.0,25204,Kelly,Barnes,S,F,2026-01-05
25205.0,25205,John,Jones,S,M,2026-01-05
25206.0,25206,Ryan,Bryant,S,M,2026-01-05
25207.0,25207,Destiny,Moore,S,F,2026-01-05
25208.0,25208,Daniel,Taylor,S,M,2026-01-05
25209.0,25209,Emma,Walker,S,F,2026-01-05
25210.0,25210,Kathryn,Xu,M,F,2026-01-05
25211.0,25211,Diane,Torres,M,F,2026-01-05
25212.0,25212,Alberto,Ruiz,M,M,2026-01-05
25213.0,25213,Cheryl,Gutierrez,S,F,2026-01-05
25214.0,25214,Roger,Chander,S,M,2026-01-05
25215.0,25215,Natalie,Gonzalez,S,F,2026-01-05
25216.0,25216,Rachael,Raman,S,F,2026-01-05
25217.0,25217,Byron,Martin,M,M,2026-01-05
25218.0,25218,Christy,Sun,M,F,2026-01-05
25219.0,25219,Karla,Lal,M,F,2026-01-05
25220.0,25220,Emily,Anderson,M,F,2026-01-05
25221.0,25221,Erica,Zhu,S,F,2026-01-05
25222.0,25222,Tamara,Kumar,S,F,2026-01-05
25223.0,25223,Armando,Ortega,S,M,2026-01-05
25224.0,25224,Keith,Kumar,S,M,2026-01-05
25225.0,25225,Alicia,Yuan,S,F,2026-01-05
25226.0,25226,Robert,Kumar,S,M,2026-01-05
25227.0,25227,Jaime,Gutierrez,S,M,2026-01-05
25228.0,25228,Brad,Ashe,S,M,2026-01-05
25229.0,25229,Autumn,Zhou,S,F,2026-01-05
25230.0,25230,Sophia,Carter,S,F,2026-01-05
25231.0,25231,Olivia,Moore,S,F,2026-01-05
25232.0,25232,Kellie,Blanco,M,F,2026-01-05
25233.0,25233,Nathaniel,Ward,M,M,2026-01-05
25234.0,25234,Monica,Patel,S,F,2026-01-05
25235.0,25235,Monique,Torres,M,F,2026-01-05
25236.0,25236,Lance,Martin,S,M,2026-01-05
25237.0,25237,Roger,Sun,M,M,2026-01-05
25238.0,25238,Kristopher,Madan,M,M,2026-01-05
25239.0,25239,Isabella,Barnes,M,F,2026-01-05
25240.0,25240,Ross,Rana,M,M,2026-01-05
25241.0,25241,Aaron,Powell,M,M,2026-01-05
25242.0,25242,Susan,Hu,S,F,2026-01-05
25243.0,25243,Tonya,Rai,S,F,2026-01-05
25244.0,25244,Jay,Weber,S,M,2026-01-05
25245.0,25245,Francis,Gutierrez,S,M,2026-01-05
25246.0,25246,Warren,Lal,M,M,2026-01-05
25247.0,25247,Lindsay,Nara,M,F,2026-01-05
25248.0,25248,Denise,Madan,M,F,2026-01-05
25249.0,25249,Alexandra,Watson,S,F,2026-01-05
25250.0,25250,Anthony,Walker,S,M,2026-01-05
25251.0,25251,Toni,Rodriguez,S,F,2026-01-05
25252.0,25252,Warren,Zhang,S,M,2026-01-05
25253.0,25253,Ryan,Miller,M,M,2026-01-05
25254.0,25254,Krystal,She,S,F,2026-01-05
25255.0,25255,Logan,Lal,M,M,2026-01-05
25256.0,25256,Eric,Hill,M,M,2026-01-05
25257.0,25257,Harold,Sanchez,M,M,2026-01-05
25258.0,25258,Micheal,Vazquez,M,M,2026-01-05
25259.0,25259,Ethan,Thomas,M,M,2026-01-05
25260.0,25260,Dalton,Howard,S,M,2026-01-05
25261.0,25261,Eduardo,Phillips,M,M,2026-01-05
25262.0,25262,Andre,Chandra,M,M,2026-01-05
25263.0,25263,Audrey,Carlson,S,F,2026-01-05
25264.0,25264,Wyatt,Bryant,S,M,2026-01-05
25265.0,25265,Hannah,Smith,S,F,2026-01-05
25266.0,25266,Kari,Suri,S,F,2026-01-05
25267.0,25267,Arthur,Malhotra,M,M,2026-01-05
25268.0,25268,Jaime,Andersen,M,M,2026-01-05
25269.0,25269,Tabitha,Martin,S,F,2026-01-05
25270.0,25270,Gloria,Diaz,M,F,2026-01-05
25271.0,25271,Mario,Shan,S,M,2026-01-05
25272.0,25272,Edwin,Xu,S,M,2026-01-05
25273.0,25273,Karl,Rai,M,M,2026-01-05
25274.0,25274,Samantha,Henderson,S,F,2026-01-05
25275.0,25275,Christina,Watson,S,F,2026-01-05
25276.0,25276,Mackenzie,Richardson,S,F,2026-01-05
25277.0,25277,Jermaine,Fernandez,S,M,2026-01-05
25278.0,25278,Brianna,Butler,M,F,2026-01-05
25279.0,25279,Jordyn,Barnes,S,F,2026-01-05
25280.0,25280,Emily,Price,S,F,2026-01-05
25281.0,25281,Jeremy,Allen,S,M,2026-01-05
25282.0,25282,Gabriel,Perez,S,M,2026-01-05
25283.0,25283,Caitlin,Howard,S,F,2026-01-05
25284.0,25284,Allison,Mitchell,S,F,2026-01-05
25285.0,25285,Noah,Williams,S,M,2026-01-05
25286.0,25286,Zachary,Powell,S,M,2026-01-05
25287.0,25287,Paige,Sanders,S,F,2026-01-05
25288.0,25288,Jordyn,Flores,S,F,2026-01-05
25289.0,25289,Amanda,Bradley,S,F,2026-01-05
25290.0,25290,Jackson,Mitchell,S,M,2026-01-05
25291.0,25291,Marissa,Griffin,M,F,2026-01-05
25292.0,25292,Eduardo,Adams,S,M,2026-01-05
25293.0,25293,Eric,Gonzales,M,M,2026-01-05
25294.0,25294,Sharon,Sharma,S,F,2026-01-05
25295.0,25295,Chad,Raje,M,M,2026-01-05
25296.0,25296,Christina,Stewart,M,F,2026-01-05
25297.0,25297,Devon,Shan,S,M,2026-01-05
25298.0,25298,Cedric,He,M,M,2026-01-05
25299.0,25299,Hector,Romero,M,M,2026-01-05
25300.0,25300,Jamie,Ashe,M,M,2026-01-05
25301.0,25301,Raul,Black,S,M,2026-01-05
25302.0,25302,Manuel,Mehta,S,M,2026-01-05
25303.0,25303,Jeremiah,Hernandez,S,M,2026-01-05
25304.0,25304,Ruben,Carlson,S,M,2026-01-05
25305.0,25305,Ivan,Rodriguez,M,M,2026-01-05
25306.0,25306,Glenn,Zeng,M,M,2026-01-05
25307.0,25307,Daisy,Hernandez,M,F,2026-01-05
25308.0,25308,Lindsey,Tang,S,F,2026-01-05
25309.0,25309,Karen,Zhou,S,F,2026-01-05
25310.0,25310,Janelle,Kapoor,S,F,2026-01-05
25311.0,25311,Laura,Zhang,M,F,2026-01-05
25312.0,25312,Erik,Ramos,M,M,2026-01-05
25313.0,25313,Trevor,Coleman,S,M,2026-01-05
25314.0,25314,Charles,Bell,S,M,2026-01-05
25315.0,25315,Cole,Cox,S,M,2026-01-05
25316.0,25316,Ronnie,Zhu,S,M,2026-01-05
25317.0,25317,Erick,Garcia,S,M,2026-01-05
25318.0,25318,Dennis,Wang,S,M,2026-01-05
25319.0,25319,Ruben,Chandra,M,M,2026-01-05
25320.0,25320,Shannon,Hernandez,S,M,2026-01-05
25321.0,25321,Francis,Suarez,S,M,2026-01-05
25322.0,25322,Tina,Perez,S,F,2026-01-05
25323.0,25323,Lance,Diaz,M,M,2026-01-05
25324.0,25324,Bethany,Andersen,S,F,2026-01-05
25325.0,25325,Wyatt,Parker,S,M,2026-01-05
25326.0,25326,Hunter,Scott,M,M,2026-01-05
25327.0,25327,Adam,Simmons,M,M,2026-01-05
25328.0,25328,Rachel,Price,M,F,2026-01-05
25329.0,25329,Jacquelyn,Moreno,S,F,2026-01-05
25330.0,25330,Madison,Gonzales,M,F,2026-01-05
25331.0,25331,James,White,M,M,2026-01-05
25332.0,25332,Jackson,Bryant,M,M,2026-01-05
25333.0,25333,Robert,Coleman,S,M,2026-01-05
25334.0,25334,Marcus,Gonzales,M,M,2026-01-05
25335.0,25335,Cesar,Rodriguez,S,M,2026-01-05
25336.0,25336,Chase,Cook,S,M,2026-01-05
25337.0,25337,Megan,Washington,S,F,2026-01-05
25338.0,25338,Jason,Perez,S,M,2026-01-05
25339.0,25339,Adrian,Rivera,M,M,2026-01-05
25340.0,25340,Adrian,James,S,M,2026-01-05
25341.0,25341,Kaitlyn,Cook,S,F,2026-01-05
25342.0,25342,Seth,Hill,S,M,2026-01-05
25343.0,25343,Carol,Simmons,S,F,2026-01-05
25344.0,25344,Thomas,Baker,M,M,2026-01-05
25345.0,25345,Olivia,Powell,S,F,2026-01-05
25346.0,25346,Ian,Gonzalez,S,M,2026-01-05
25347.0,25347,Judith,Reed,S,F,2026-01-05
25348.0,25348,Angela,Wood,S,F,2026-01-05
25349.0,25349,Jose,Coleman,M,M,2026-01-05
25350.0,25350,Alberto,Alonso,M,M,2026-01-05
25351.0,25351,Jordan,Phillips,M,F,2026-01-05
25352.0,25352,Brandon,Martinez,M,M,2026-01-05
25353.0,25353,Caitlin,Stewart,S,F,2026-01-05
25354.0,25354,Kevin,Hughes,S,M,2026-01-05
25355.0,25355,Richard,Smith,M,M,2026-01-05
25356.0,25356,Jonathan,Miller,M,M,2026-01-05
25357.0,25357,Marcus,Foster,M,M,2026-01-05
25358.0,25358,Jade,Torres,S,F,2026-01-05
25359.0,25359,Alex,Young,S,M,2026-01-05
25360.0,25360,Mason,James,M,M,2026-01-05
25361.0,25361,Haley,Ross,S,F,2026-01-05
25362.0,25362,Makayla,Bailey,M,F,2026-01-05
25363.0,25363,Alexandria,Gray,M,F,2026-01-05
25364.0,25364,Isaac,Rogers,M,M,2026-01-05
25365.0,25365,Gabrielle,Perry,S,F,2026-01-05
25366.0,25366,Eduardo,Bailey,M,M,2026-01-05
25367.0,25367,Abigail,Torres,M,F,2026-01-05
25368.0,25368,Blake,Baker,S,M,2026-01-05
25369.0,25369,Evan,Cox,S,M,2026-01-05
25370.0,25370,Erin,Bailey,S,F,2026-01-05
25371.0,25371,Renee,Gomez,M,F,2026-01-05
25372.0,25372,Carrie,Torres,M,F,2026-01-05
25373.0,25373,Nichole,Chande,M,F,2026-01-05
25374.0,25374,Ana,Powell,S,F,2026-01-05
25375.0,25375,Carson,Flores,M,M,2026-01-05
25376.0,25376,Alexis,Griffin,M,F,2026-01-05
25377.0,25377,Lauren,Anderson,M,F,2026-01-05
25378.0,25378,Gabriella,Scott,M,F,2026-01-05
25379.0,25379,Hailey,Young,M,F,2026-01-05
25380.0,25380,Seth,Gonzales,M,M,2026-01-05
25381.0,25381,Dylan,Li,S,M,2026-01-05
25382.0,25382,Richard,Hughes,S,M,2026-01-05
25383.0,25383,Nathan,Walker,M,M,2026-01-05
25384.0,25384,Maria,Cooper,M,F,2026-01-05
25385.0,25385,Destiny,Torres,M,F,2026-01-05
25386.0,25386,Alexis,Perry,M,F,2026-01-05
25387.0,25387,Stephanie,Brooks,S,F,2026-01-05
25388.0,25388,Ernest,Hu,S,M,2026-01-05
25389.0,25389,Wendy,Sanz,M,F,2026-01-05
25390.0,25390,Samantha,Powell,M,F,2026-01-05
25391.0,25391,Morgan,Murphy,S,F,2026-01-05
25392.0,25392,Joseph,Moore,S,M,2026-01-05
25393.0,25393,Lucas,Cox,M,M,2026-01-05
25394.0,25394,Anthony,Garcia,M,M,2026-01-05
25395.0,25395,Paige,Flores,S,F,2026-01-05
25396.0,25396,Xavier,Ramirez,S,M,2026-01-05
25397.0,25397,Lucas,Bradley,M,M,2026-01-05
25398.0,25398,Thomas,Jones,S,M,2026-01-05
25399.0,25399,Jorge,Leitão,M,M,2026-01-05
25400.0,25400,Kyle,Jai,M,M,2026-01-05
25401.0,25401,Gabriel,Young,M,M,2026-01-05
25402.0,25402,Maria,Hughes,M,F,2026-01-05
25403.0,25403,Jasmine,Clark,S,F,2026-01-05
25404.0,25404,José,Lopez,S,M,2026-01-05
25405.0,25405,Brandon,Wagner,M,M,2026-01-05
25406.0,25406,Casey,Andersen,M,F,2026-01-05
25407.0,25407,Tony,Anand,S,M,2026-01-05
25408.0,25408,Karen,Zhao,M,F,2026-01-05
25409.0,25409,Theodore,Gutierrez,S,M,2026-01-05
25410.0,25410,Kaitlyn,Ward,S,F,2026-01-05
25411.0,25411,Riley,Flores,S,F,2026-01-05
25412.0,25412,Michael,Williams,S,M,2026-01-05
25413.0,25413,Zoe,Rivera,S,F,2026-01-05
25414.0,25414,Grace,Bailey,M,F,2026-01-05
25415.0,25415,Aaron,Evans,S,M,2026-01-05
25416.0,25416,Jack,Coleman,M,M,2026-01-05
25417.0,25417,Savannah,Bell,S,F,2026-01-05
25418.0,25418,Alexia,Hayes,S,F,2026-01-05
25419.0,25419,Hunter,King,S,M,2026-01-05
25420.0,25420,Jordan,Scott,M,F,2026-01-05
25421.0,25421,Marcus,Lewis,S,M,2026-01-05
25422.0,25422,Elijah,King,M,M,2026-01-05
25423.0,25423,Jake,Zhou,S,M,2026-01-05
25424.0,25424,Ian,Roberts,S,M,2026-01-05
25425.0,25425,Zachary,Diaz,S,M,2026-01-05
25426.0,25426,Tristan,Foster,S,M,2026-01-05
25427.0,25427,Omar,Zeng,M,M,2026-01-05
25428.0,25428,Victoria,Jenkins,S,F,2026-01-05
25429.0,25429,Candace,Rana,S,F,2026-01-05
25430.0,25430,Alyssa,Hall,M,F,2026-01-05
25431.0,25431,Ann,Sanchez,S,F,2026-01-05
25432.0,25432,Kellie,Gomez,S,F,2026-01-05
25433.0,25433,Zachary,Kumar,S,M,2026-01-05
25434.0,25434,Gabriel,Hill,S,M,2026-01-05
25435.0,25435,Jennifer,Turner,M,F,2026-01-05
25436.0,25436,Destiny,Ross,S,F,2026-01-05
25437.0,25437,Adam,Washington,M,M,2026-01-05
25438.0,25438,Lauren,Murphy,S,F,2026-01-05
25439.0,25439,Janelle,Arthur,M,F,2026-01-05
25440.0,25440,Andre,Gonzalez,M,M,2026-01-05
25441.0,25441,Isabella,Torres,M,F,2026-01-05
25442.0,25442,Melvin,Goel,M,M,2026-01-05
25443.0,25443,Stacey,Huang,M,F,2026-01-05
25444.0,25444,Meagan,Martinez,S,F,2026-01-05
25445.0,25445,Grace,Cook,M,F,2026-01-05
25446.0,25446,Kristina,Garcia,M,F,2026-01-05
25447.0,25447,Marshall,Liang,M,M,2026-01-05
25448.0,25448,Erick,Sara,S,M,2026-01-05
25449.0,25449,Marvin,Dominguez,S,M,2026-01-05
25450.0,25450,Darrell,Deng,S,M,2026-01-05
25451.0,25451,Geoffrey,Subram,S,M,2026-01-05
25452.0,25452,Erica,Wu,M,F,2026-01-05
25453.0,25453,Drew,She,S,M,2026-01-05
25454.0,25454,Terry,She,S,M,2026-01-05
25455.0,25455,Jorge,Zheng,M,M,2026-01-05
25456.0,25456,Kelvin,Cai,M,M,2026-01-05
25457.0,25457,Darren,Sai,S,M,2026-01-05
25458.0,25458,Bruce,Mehta,M,M,2026-01-05
25459.0,25459,Ronald,Vance,M,M,2026-01-05
25460.0,25460,Alisha,Andersen,M,F,2026-01-05
25461.0,25461,Fernando,Collins,S,M,2026-01-05
25462.0,25462,Angel,Gray,S,M,2026-01-05
25463.0,25463,Miguel,Robinson,S,M,2026-01-05
25464.0,25464,Jose,Wilson,M,M,2026-01-05
25465.0,25465,Mariah,Diaz,M,F,2026-01-05
25466.0,25466,Janet,Young,S,F,2026-01-05
25467.0,25467,Troy,Madan,M,M,2026-01-05
25468.0,25468,Krista,Suarez,M,F,2026-01-05
25469.0,25469,Martha,Wu,M,F,2026-01-05
25470.0,25470,Darren,Ramos,M,M,2026-01-05
25471.0,25471,Spencer,Ross,M,M,2026-01-05
25472.0,25472,Don,Malhotra,M,M,2026-01-05
25473.0,25473,Kristin,Goel,M,F,2026-01-05
25474.0,25474,Jimmy,Diaz,M,M,2026-01-05
25475.0,25475,Destiny,Martin,M,F,2026-01-05
25476.0,25476,Karen,Ye,M,F,2026-01-05
25477.0,25477,Holly,Raman,M,F,2026-01-05
25478.0,25478,Jennifer,Butler,M,F,2026-01-05
25479.0,25479,Bobby,Sanchez,M,M,2026-01-05
25480.0,25480,Miguel,Thomas,S,M,2026-01-05
25481.0,25481,Lucas,Jackson,S,M,2026-01-05
25482.0,25482,Donald,Martinez,S,M,2026-01-05
25483.0,25483,Dennis,Ma,S,M,2026-01-05
25484.0,25484,Bailey,Wright,M,F,2026-01-05
25485.0,25485,Roberto,Rubio,M,M,2026-01-05
25486.0,25486,Edgar,Rodriguez,S,M,2026-01-05
25487.0,25487,Allison,Rogers,M,F,2026-01-05
25488.0,25488,Dawn,Ye,M,F,2026-01-05
25489.0,25489,Brad,Tang,M,M,2026-01-05
25490.0,25490,Alvin,He,M,M,2026-01-05
25491.0,25491,Krystal,Xu,S,F,2026-01-05
25492.0,25492,Gabriella,Sanchez,M,F,2026-01-05
25493.0,25493,Hunter,Evans,M,M,2026-01-05
25494.0,25494,Lee,Jimenez,M,M,2026-01-05
25495.0,25495,Sheena,Kennedy,M,F,2026-01-05
25496.0,25496,Regina,Sara,M,F,2026-01-05
25497.0,25497,Marcus,Torres,M,M,2026-01-05
25498.0,25498,Shane,Kapoor,M,M,2026-01-05
25499.0,25499,Meredith,Schmidt,M,F,2026-01-05
25500.0,25500,Janelle,Lopez,S,F,2026-01-05
25501.0,25501,Shawn,Jai,M,M,2026-01-05
25502.0,25502,Carmen,Kim,M,F,2026-01-05
25503.0,25503,Richard,Hill,S,M,2026-01-05
25504.0,25504,Calvin,Sutton,S,M,2026-01-05
25505.0,25505,Curtis,Zhou,M,M,2026-01-05
25506.0,25506,Cristina,Raji,M,F,2026-01-05
25507.0,25507,Suzanne,Guo,S,F,2026-01-05
25508.0,25508,Melissa,Cook,S,F,2026-01-05
25509.0,25509,Lucas,Hayes,S,M,2026-01-05
25510.0,25510,Grant,Kumar,S,M,2026-01-05
25511.0,25511,Chelsea,Arun,S,F,2026-01-05
25512.0,25512,Devin,Clark,S,M,2026-01-05
25513.0,25513,Grace,Walker,S,F,2026-01-05
25514.0,25514,Dominic,Martinez,S,M,2026-01-05
25515.0,25515,Tara,Deng,S,F,2026-01-05
25516.0,25516,Cheryl,Hernandez,S,F,2026-01-05
25517.0,25517,Christina,Cook,S,F,2026-01-05
25518.0,25518,Oscar,Lu,S,M,2026-01-05
25519.0,25519,Margaret,Sun,S,F,2026-01-05
25520.0,25520,Candice,Zeng,S,F,2026-01-05
25521.0,25521,Douglas,Sanchez,S,M,2026-01-05
25522.0,25522,Casey,Anand,S,F,2026-01-05
25523.0,25523,Nathan,Thompson,S,M,2026-01-05
25524.0,25524,Shaun,Anand,M,M,2026-01-05
25525.0,25525,Heidi,Srini,M,F,2026-01-05
25526.0,25526,Armando,Rubio,S,M,2026-01-05
25527.0,25527,Robert,Johnson,S,M,2026-01-05
25528.0,25528,Alexandria,Butler,S,F,2026-01-05
25529.0,25529,Jared,Sanders,S,M,2026-01-05
25530.0,25530,Gerald,Lopez,S,M,2026-01-05
25531.0,25531,Ebony,Patel,M,F,2026-01-05
25532.0,25532,Warren,Nath,S,M,2026-01-05
25533.0,25533,Suzanne,Huang,S,F,2026-01-05
25534.0,25534,Casey,Sanz,M,M,2026-01-05
25535.0,25535,Brandi,Navarro,S,F,2026-01-05
25536.0,25536,Rebekah,Sai,S,F,2026-01-05
25537.0,25537,Nathan,Phillips,S,M,2026-01-05
25538.0,25538,Andy,Jiménez,S,M,2026-01-05
25539.0,25539,Mathew,Ortega,M,M,2026-01-05
25540.0,25540,Rodney,Alonso,M,M,2026-01-05
25541.0,25541,Gary,Hernandez,M,M,2026-01-05
25542.0,25542,Gerald,Gutierrez,S,M,2026-01-05
25543.0,25543,Ramon,Chen,M,M,2026-01-05
25544.0,25544,Sergio,Fernandez,S,M,2026-01-05
25545.0,25545,Kelly,Long,S,F,2026-01-05
25546.0,25546,Brianna,Jones,S,F,2026-01-05
25547.0,25547,Carla,Suri,S,F,2026-01-05
25548.0,25548,Colleen,Yuan,S,F,2026-01-05
25549.0,25549,Mallory,Dominguez,S,F,2026-01-05
25550.0,25550,Krista,Munoz,M,F,2026-01-05
25551.0,25551,Ross,Torres,M,M,2026-01-05
25552.0,25552,Riley,Ward,S,F,2026-01-05
25553.0,25553,Brett,Srini,M,M,2026-01-05
25554.0,25554,Jermaine,Perez,S,M,2026-01-05
25555.0,25555,Trisha,Lu,M,F,2026-01-05
25556.0,25556,Joan,Martin,S,F,2026-01-05
25557.0,25557,Tyrone,Navarro,M,M,2026-01-05
25558.0,25558,Zachary,Wilson,S,M,2026-01-05
25559.0,25559,Troy,Sanchez,S,M,2026-01-05
25560.0,25560,Daisy,Vazquez,M,F,2026-01-05
25561.0,25561,Micah,Zeng,S,M,2026-01-05
25562.0,25562,Bonnie,Sharma,M,F,2026-01-05
25563.0,25563,Natasha,Serrano,S,F,2026-01-05
25564.0,25564,Fernando,Nelson,S,M,2026-01-05
25565.0,25565,Kevin,Perez,S,M,2026-01-05
25566.0,25566,Kristine,Navarro,M,F,2026-01-05
25567.0,25567,Dennis,Zheng,S,M,2026-01-05
25568.0,25568,Christy,Wu,M,F,2026-01-05
25569.0,25569,Jésus,Alvarez,S,M,2026-01-05
25570.0,25570,Robyn,Torres,S,F,2026-01-05
25571.0,25571,Richard,Lopez,S,M,2026-01-05
25572.0,25572,Allen,Gonzalez,S,M,2026-01-05
25573.0,25573,Rosa,Zhou,M,F,2026-01-05
25574.0,25574,Bradley,Raje,S,M,2026-01-05
25575.0,25575,Elijah,Campbell,S,M,2026-01-05
25576.0,25576,Deborah,She,S,F,2026-01-05
25577.0,25577,Elijah,Wright,S,M,2026-01-05
25578.0,25578,Sabrina,Martin,M,F,2026-01-05
25579.0,25579,Bobby,Prasad,M,M,2026-01-05
25580.0,25580,Amber,Allen,M,F,2026-01-05
25581.0,25581,Kayla,Bryant,S,F,2026-01-05
25582.0,25582,Leonard,Luo,M,M,2026-01-05
25583.0,25583,Carolyn,Arthur,S,F,2026-01-05
25584.0,25584,Dominique,Suri,M,F,2026-01-05
25585.0,25585,Brent,Sun,M,M,2026-01-05
25586.0,25586,Molly,Subram,S,F,2026-01-05
25587.0,25587,Isaiah,Young,M,M,2026-01-05
25588.0,25588,Jerry,Pal,S,M,2026-01-05
25589.0,25589,Lydia,Perez,S,F,2026-01-05
25590.0,25590,Naomi,Gill,S,F,2026-01-05
25591.0,25591,Preston,Ray,S,M,2026-01-05
25592.0,25592,Kendra,Ortega,S,F,2026-01-05
25593.0,25593,Micheal,Gill,M,M,2026-01-05
25594.0,25594,Cindy,Malhotra,M,F,2026-01-05
25595.0,25595,Larry,Rowe,S,M,2026-01-05
25596.0,25596,Cheryl,Moreno,M,F,2026-01-05
25597.0,25597,Alan,She,S,M,2026-01-05
25598.0,25598,Kendra,Ruiz,M,F,2026-01-05
25599.0,25599,Aaron,Russell,S,M,2026-01-05
25600.0,25600,Derek,Anand,M,M,2026-01-05
25601.0,25601,Grace,Morgan,S,F,2026-01-05
25602.0,25602,Jermaine,Sara,S,M,2026-01-05
25603.0,25603,Dawn,Guo,S,F,2026-01-05
25604.0,25604,Martin,Vance,S,M,2026-01-05
25605.0,25605,Abby,Kovár,S,F,2026-01-05
25606.0,25606,Meredith,Fernandez,S,F,2026-01-05
25607.0,25607,Sharon,Chander,S,F,2026-01-05
25608.0,25608,Sandra,Zeng,S,F,2026-01-05
25609.0,25609,Jaime,Ruiz,S,F,2026-01-05
25610.0,25610,Brittney,Zhao,S,F,2026-01-05
25611.0,25611,Deanna,Rodriguez,S,F,2026-01-05
25612.0,25612,Clinton,Rubio,S,M,2026-01-05
25613.0,25613,Erik,Ruiz,M,M,2026-01-05
25614.0,25614,Deanna,Subram,M,F,2026-01-05
25615.0,25615,Destiny,Hall,M,F,2026-01-05
25616.0,25616,Jésus,Rubio,M,M,2026-01-05
25617.0,25617,Leonard,Shan,M,M,2026-01-05
25618.0,25618,Albert,Hernandez,M,M,2026-01-05
25619.0,25619,Rafael,Raji,M,M,2026-01-05
25620.0,25620,Alejandro,Lu,M,M,2026-01-05
25621.0,25621,Brandon,Flores,M,M,2026-01-05
25622.0,25622,Mary,Hill,S,F,2026-01-05
25623.0,25623,Maria,Oliver,M,F,2026-01-05
25624.0,25624,Mary,Scott,M,F,2026-01-05
25625.0,25625,Krystal,Cai,M,F,2026-01-05
25626.0,25626,Janet,Diaz,M,F,2026-01-05
25627.0,25627,Joe,Carlson,M,M,2026-01-05
25628.0,25628,Jessie,Dominguez,M,F,2026-01-05
25629.0,25629,Micheal,Serrano,M,M,2026-01-05
25630.0,25630,Mandy,Zeng,M,F,2026-01-06
25631.0,25631,Julie,Deng,S,F,2026-01-07
25632.0,25632,Lee,Moreno,S,M,2026-01-08
25633.0,25633,Tara,Sutton,M,F,2026-01-09
25634.0,25634,Lydia,Arun,S,F,2026-01-10
25635.0,25635,Warren,Zhao,M,M,2026-01-11
25636.0,25636,Tommy,Raji,S,M,2026-01-12
25637.0,25637,Raquel,Moreno,M,F,2026-01-13
25638.0,25638,Dale,Tang,S,M,2026-01-14
25639.0,25639,Russell,Lal,M,M,2026-01-14
25640.0,25640,Candice,Zhao,S,F,2026-01-14
25641.0,25641,Dana,Schmidt,M,F,2026-01-14
25642.0,25642,Jon,Rai,M,M,2026-01-14
25643.0,25643,Sergio,Arun,M,M,2026-01-14
25644.0,25644,Andrew,Lewis,M,M,2026-01-14
25645.0,25645,Tommy,Shen,S,M,2026-01-14
25646.0,25646,Randall,Torres,M,M,2026-01-14
25647.0,25647,Kaitlyn,Hernandez,M,F,2026-01-14
25648.0,25648,Michele,Carlson,M,F,2026-01-14
25649.0,25649,Trinity,Morgan,S,F,2026-01-14
25650.0,25650,Jillian,Srini,M,F,2026-01-14
25651.0,25651,Alvin,Yuan,M,M,2026-01-14
25652.0,25652,Rachael,Sara,S,F,2026-01-14
25653.0,25653,Alan,Gao,S,M,2026-01-14
25654.0,25654,Carla,Malhotra,M,F,2026-01-14
25655.0,25655,Virginia,Arun,M,F,2026-01-14
25656.0,25656,Brenda,Sanchez,M,F,2026-01-14
25657.0,25657,Tammy,Gonzalez,M,F,2026-01-14
25658.0,25658,Ricky,Dominguez,M,M,2026-01-14
25659.0,25659,Lee,Navarro,M,M,2026-01-14
25660.0,25660,Warren,Pal,M,M,2026-01-14
25661.0,25661,Manuel,Sai,M,M,2026-01-14
25662.0,25662,Andre,Kapoor,M,M,2026-01-14
25663.0,25663,Masato,Kawai,M,M,2026-01-14
25664.0,25664,Jon,Hu,M,M,2026-01-14
25665.0,25665,Theresa,Romero,S,F,2026-01-14
25666.0,25666,Micheal,Munoz,M,M,2026-01-14
25667.0,25667,Jaclyn,Gao,S,F,2026-01-14
25668.0,25668,Carolyn,Lopez,S,F,2026-01-14
25669.0,25669,Stacy,Ortega,S,F,2026-01-14
25670.0,25670,Ariana,Brooks,S,F,2026-01-14
25671.0,25671,Brett,Arun,S,M,2026-01-14
25672.0,25672,Janelle,Subram,S,F,2026-01-14
25673.0,25673,Isaiah,Turner,S,M,2026-01-14
25674.0,25674,Reginald,Navarro,S,M,2026-01-14
25675.0,25675,Joe,Blanco,S,M,2026-01-14
25676.0,25676,Mackenzie,Scott,S,F,2026-01-14
25677.0,25677,Veronica,Lopez,M,F,2026-01-14
25678.0,25678,Erica,Yang,S,F,2026-01-14
25679.0,25679,Meredith,Rodriguez,S,F,2026-01-14
25680.0,25680,Manuel,Subram,S,M,2026-01-14
25681.0,25681,Melinda,Serrano,S,F,2026-01-14
25682.0,25682,Cheryl,Ramos,M,F,2026-01-14
25683.0,25683,Ebony,Ruiz,S,F,2026-01-14
25684.0,25684,Jermaine,Sanchez,S,M,2026-01-14
25685.0,25685,Barbara,Liu,M,F,2026-01-14
25686.0,25686,Naomi,Hernandez,S,F,2026-01-14
25687.0,25687,Jade,Cook,S,F,2026-01-14
25688.0,25688,Patrick,Morris,S,M,2026-01-14
25689.0,25689,Andrea,Campbell,S,F,2026-01-14
25690.0,25690,Theodore,Alvarez,M,M,2026-01-14
25691.0,25691,Mitchell,Black,M,M,2026-01-14
25692.0,25692,Kelvin,Yuan,M,M,2026-01-14
25693.0,25693,Brandy,Subram,S,F,2026-01-14
25694.0,25694,Dawn,Raje,S,F,2026-01-14
25695.0,25695,Kristine,Blanco,S,F,2026-01-14
25696.0,25696,Damien,Luo,M,M,2026-01-14
25697.0,25697,Miguel,Harris,S,M,2026-01-14
25698.0,25698,Ariana,Murphy,M,F,2026-01-14
25699.0,25699,Marcus,Kelly,S,M,2026-01-14
25700.0,25700,Faith,Coleman,S,F,2026-01-14
25701.0,25701,Francisco,Garcia,M,M,2026-01-14
25702.0,25702,Evelyn,Lopez,S,F,2026-01-14
25703.0,25703,Summer,Rana,M,F,2026-01-14
25704.0,25704,Seth,Murphy,S,M,2026-01-14
25705.0,25705,Levi,Prasad,S,M,2026-01-14
25706.0,25706,Francisco,Madan,S,M,2026-01-14
25707.0,25707,Louis,Raje,M,M,2026-01-14
25708.0,25708,Misty,Sharma,S,F,2026-01-14
25709.0,25709,Savannah,Lopez,M,F,2026-01-14
25710.0,25710,Diana,Gill,M,F,2026-01-14
25711.0,25711,Mario,Luo,S,M,2026-01-14
25712.0,25712,Brent,He,S,M,2026-01-14
25713.0,25713,Latasha,Gill,S,F,2026-01-14
25714.0,25714,Darren,Gutierrez,S,M,2026-01-14
25715.0,25715,Tabitha,Sara,S,F,2026-01-14
25716.0,25716,Edwin,Gao,S,M,2026-01-14
25717.0,25717,Ernest,Guo,M,M,2026-01-14
25718.0,25718,Terrance,Martinez,S,M,2026-01-14
25719.0,25719,Kristine,Diaz,S,F,2026-01-14
25720.0,25720,Ronald,Garcia,M,M,2026-01-14
25721.0,25721,April,Nara,M,F,2026-01-14
25722.0,25722,Noah,Mitchell,S,M,2026-01-14
25723.0,25723,Kate,Nara,S,F,2026-01-14
25724.0,25724,Tabitha,Fernandez,M,F,2026-01-14
25725.0,25725,Chad,Lal,M,M,2026-01-14
25726.0,25726,Brendan,Deng,S,M,2026-01-14
25727.0,25727,Cheryl,Torres,M,F,2026-01-14
25728.0,25728,Nelson,Romero,M,M,2026-01-14
25729.0,25729,Tabitha,Kapoor,M,F,2026-01-14
25730.0,25730,Isabelle,Simmons,S,F,2026-01-14
25731.0,25731,Colleen,Tang,S,F,2026-01-14
25732.0,25732,Joanna,Sanz,M,F,2026-01-14
25733.0,25733,Joanna,Blanco,S,F,2026-01-14
25734.0,25734,Alvin,Zheng,S,M,2026-01-14
25735.0,25735,Suzanne,Wu,S,F,2026-01-14
25736.0,25736,Darrell,Stone,M,M,2026-01-14
25737.0,25737,Marshall,Liu,M,M,2026-01-14
25738.0,25738,Jacquelyn,Ruiz,M,F,2026-01-14
25739.0,25739,Cory,Rodriguez,S,M,2026-01-14
25740.0,25740,Kellie,Munoz,M,F,2026-01-14
25741.0,25741,Tabitha,Sai,M,F,2026-01-14
25742.0,25742,Tamara,He,S,F,2026-01-14
25743.0,25743,Alvin,Liu,M,M,2026-01-14
25744.0,25744,Gabriel,Griffin,M,M,2026-01-14
25745.0,25745,Mayra,Arun,S,F,2026-01-14
25746.0,25746,Lindsay,Simpson,S,F,2026-01-14
25747.0,25747,Marshall,Xu,S,M,2026-01-14
25748.0,25748,Kayla,Butler,S,F,2026-01-14
25749.0,25749,Ashlee,Moyer,M,F,2026-01-14
25750.0,25750,Francis,Blanco,S,M,2026-01-14
25751.0,25751,Gina,Alvarez,M,F,2026-01-14
25752.0,25752,Christy,McDonald,S,F,2026-01-14
25753.0,25753,Nichole,Lal,S,F,2026-01-14
25754.0,25754,Calvin,Sharma,S,M,2026-01-14
25755.0,25755,Jeffery,Huang,M,M,2026-01-14
25756.0,25756,Cassandra,Malhotra,M,F,2026-01-14
25757.0,25757,Jeffery,Wu,S,M,2026-01-14
25758.0,25758,Leslie,Gutierrez,M,F,2026-01-14
25759.0,25759,Savannah,Kelly,S,F,2026-01-14
25760.0,25760,Natalie,Alexander,M,F,2026-01-14
25761.0,25761,Shish,Shridhar,S,F,2026-01-14
25762.0,25762,Stefanie,Fernandez,M,F,2026-01-14
25763.0,25763,Hannah,Johnson,M,F,2026-01-14
25764.0,25764,Alexandria,Price,S,F,2026-01-14
25765.0,25765,Natalie,Watson,S,F,2026-01-14
25766.0,25766,Allison,Kelly,M,F,2026-01-14
25767.0,25767,Bailey,Hill,S,F,2026-01-14
25768.0,25768,Tyrone,Ruiz,M,M,2026-01-14
25769.0,25769,Gerald,Rubio,S,M,2026-01-14
25770.0,25770,Reginald,Blanco,M,M,2026-01-14
25771.0,25771,Gabriella,Rivera,S,F,2026-01-14
25772.0,25772,Harold,Kapoor,S,M,2026-01-14
25773.0,25773,Jack,Simmons,S,M,2026-01-14
25774.0,25774,Corey,Pal,M,M,2026-01-14
25775.0,25775,Marie,Chandra,M,F,2026-01-14
25776.0,25776,Damien,Zhou,M,M,2026-01-14
25777.0,25777,Stephanie,Butler,M,F,2026-01-14
25778.0,25778,Larry,Gomez,M,M,2026-01-14
25779.0,25779,Marshall,Cai,M,M,2026-01-14
25780.0,25780,Dana,Gill,S,F,2026-01-14
25781.0,25781,Alejandro,Xie,S,M,2026-01-14
25782.0,25782,Marshall,Gao,M,M,2026-01-14
25783.0,25783,Omar,Sun,S,M,2026-01-14
25784.0,25784,Damien,Raje,S,M,2026-01-14
25785.0,25785,Jackson,Edwards,S,M,2026-01-14
25786.0,25786,Cheryl,Romero,M,F,2026-01-14
25787.0,25787,Lee,Serrano,M,M,2026-01-14
25788.0,25788,Nichole,Yuan,S,F,2026-01-14
25789.0,25789,Julia,Mitchell,S,F,2026-01-14
25790.0,25790,Cameron,Patterson,M,M,2026-01-14
25791.0,25791,Seth,Foster,S,M,2026-01-14
25792.0,25792,Alyssa,Gonzales,S,F,2026-01-14
25793.0,25793,Ann,Rana,M,F,2026-01-14
25794.0,25794,Kristin,Tang,S,F,2026-01-14
25795.0,25795,Marie,Gomez,S,F,2026-01-14
25796.0,25796,Kelvin,Jai,M,M,2026-01-14
25797.0,25797,Max,Torres,M,M,2026-01-14
25798.0,25798,Christian,Coleman,S,M,2026-01-14
25799.0,25799,Arianna,James,S,F,2026-01-14
25800.0,25800,Sheena,Nath,S,F,2026-01-14
25801.0,25801,Colin,Raji,M,M,2026-01-14
25802.0,25802,Clayton,He,S,M,2026-01-14
25803.0,25803,Gregory,Xu,M,M,2026-01-14
25804.0,25804,Nelson,Torres,M,M,2026-01-14
25805.0,25805,Melody,Gomez,M,F,2026-01-14
25806.0,25806,Dwayne,Dominguez,S,M,2026-01-14
25807.0,25807,Kaitlin,Lopez,M,F,2026-01-14
25808.0,25808,Janet,Carlson,S,F,2026-01-14
25809.0,25809,Nicholas,Williams,M,M,2026-01-14
25810.0,25810,Jimmy,Sanz,S,M,2026-01-14
25811.0,25811,Miguel,Wright,S,M,2026-01-14
25812.0,25812,Donna,Lal,S,F,2026-01-14
25813.0,25813,Isaac,Hernandez,S,M,2026-01-14
25814.0,25814,Krystal,Zeng,S,F,2026-01-14
25815.0,25815,Jacquelyn,Romero,M,F,2026-01-14
25816.0,25816,Teresa,Navarro,M,F,2026-01-14
25817.0,25817,Isaac,Phillips,M,M,2026-01-14
25818.0,25818,Aaron,Hill,S,M,2026-01-14
25819.0,25819,Carlos,Morgan,M,M,2026-01-14
25820.0,25820,Adam,Evans,M,M,2026-01-14
25821.0,25821,Krystal,Gao,S,F,2026-01-14
25822.0,25822,Julio,Navarro,M,M,2026-01-14
25823.0,25823,Jaime,Xie,S,M,2026-01-14
25824.0,25824,Terry,Pal,M,M,2026-01-14
25825.0,25825,Tammy,Fernandez,M,F,2026-01-14
25826.0,25826,Nathaniel,Watson,M,M,2026-01-14
25827.0,25827,Karla,Nara,S,F,2026-01-14
25828.0,25828,Ronald,Madan,M,M,2026-01-14
25829.0,25829,Toni,Patel,M,F,2026-01-14
25830.0,25830,Louis,Nath,M,M,2026-01-14
25831.0,25831,Sebastian,Torres,M,M,2026-01-14
25832.0,25832,Shawn,Tang,S,M,2026-01-14
25833.0,25833,Sabrina,Hernandez,M,F,2026-01-14
25834.0,25834,Jeremy,Davis,S,M,2026-01-14
25835.0,25835,Destiny,Flores,M,F,2026-01-14
25836.0,25836,Jaime,Luo,M,M,2026-01-14
25837.0,25837,Timothy,Cook,M,M,2026-01-14
25838.0,25838,Makayla,Reed,S,F,2026-01-14
25839.0,25839,Connor,Powell,M,M,2026-01-14
25840.0,25840,Karla,Pal,M,F,2026-01-14
25841.0,25841,Lindsey,Becker,S,F,2026-01-14
25842.0,25842,Cole,Brooks,M,M,2026-01-14
25843.0,25843,Hunter,Perez,S,M,2026-01-14
25844.0,25844,Riley,Butler,S,F,2026-01-14
25845.0,25845,Timothy,Campbell,S,M,2026-01-14
25846.0,25846,Faith,Bailey,M,F,2026-01-14
25847.0,25847,Destiny,Brown,M,F,2026-01-14
25848.0,25848,Samuel,Robinson,S,M,2026-01-14
25849.0,25849,Danielle,Cooper,M,F,2026-01-14
25850.0,25850,Jared,Sanchez,M,M,2026-01-14
25851.0,25851,Seth,Washington,S,M,2026-01-14
25852.0,25852,Amanda,Bennett,S,F,2026-01-14
25853.0,25853,Chloe,Collins,M,F,2026-01-14
25854.0,25854,Jordan,Chen,M,M,2026-01-14
25855.0,25855,Dylan,Diaz,S,M,2026-01-14
25856.0,25856,Benjamin,Sharma,S,M,2026-01-14
25857.0,25857,Abigail,Perry,S,F,2026-01-14
25858.0,25858,Mariah,Gonzales,S,F,2026-01-14
25859.0,25859,Mackenzie,Peterson,S,F,2026-01-14
25860.0,25860,Justin,Thomas,S,M,2026-01-14
25861.0,25861,Garrett,Cooper,M,M,2026-01-14
25862.0,25862,Jared,Bell,M,M,2026-01-14
25863.0,25863,Sydney,Wright,S,F,2026-01-14
25864.0,25864,Petr,Lazecky,M,F,2026-01-14
25865.0,25865,Tristan,Butler,M,M,2026-01-14
25866.0,25866,Tristan,Perry,M,M,2026-01-14
25867.0,25867,Carlos,Carter,S,M,2026-01-14
25868.0,25868,Jessica,Lewis,M,F,2026-01-14
25869.0,25869,Lucas,Parker,M,M,2026-01-14
25870.0,25870,Edward,Gonzales,M,M,2026-01-14
25871.0,25871,Jason,Nelson,S,M,2026-01-14
25872.0,25872,Melanie,Ross,S,F,2026-01-14
25873.0,25873,Isaiah,Sanders,S,M,2026-01-14
25874.0,25874,Jessica,Hall,M,F,2026-01-14
25875.0,25875,Jocelyn,Price,M,F,2026-01-14
25876.0,25876,Noah,King,M,M,2026-01-14
25877.0,25877,Alyssa,Price,S,F,2026-01-14
25878.0,25878,Brianna,Simmons,S,F,2026-01-14
25879.0,25879,Alyssa,Wood,S,F,2026-01-14
25880.0,25880,Jackson,Kumar,M,M,2026-01-14
25881.0,25881,Jennifer,Clark,M,F,2026-01-14
25882.0,25882,Edward,Roberts,M,M,2026-01-14
25883.0,25883,Luis,Carter,M,M,2026-01-14
25884.0,25884,Elijah,Evans,M,M,2026-01-14
25885.0,25885,Hailey,Washington,M,F,2026-01-14
25886.0,25886,Rachel,Rogers,M,F,2026-01-14
25887.0,25887,Jack,Collins,M,M,2026-01-14
25888.0,25888,Morgan,Edwards,M,F,2026-01-14
25889.0,25889,Reginald,Munoz,M,M,2026-01-14
25890.0,25890,Chloe,Brown,M,F,2026-01-14
25891.0,25891,Brandon,Johnson,S,M,2026-01-14
25892.0,25892,Stephanie,Price,M,F,2026-01-14
25893.0,25893,Alexia,Alexander,S,F,2026-01-14
25894.0,25894,Steve,Zeng,M,M,2026-01-14
25895.0,25895,Jesse,Richardson,M,M,2026-01-14
25896.0,25896,Marissa,Coleman,M,F,2026-01-14
25897.0,25897,Kimberly,Bailey,M,F,2026-01-14
25898.0,25898,Brittney,Cai,M,F,2026-01-14
25899.0,25899,Caitlin,Rogers,M,F,2026-01-14
25900.0,25900,Haley,Sanders,M,F,2026-01-14
25901.0,25901,Lucas,Harris,M,M,2026-01-14
25902.0,25902,Cameron,Li,M,M,2026-01-14
25903.0,25903,Marshall,Rai,M,M,2026-01-14
25904.0,25904,Ian,Collins,S,M,2026-01-14
25905.0,25905,Nathan,Hayes,M,M,2026-01-14
25906.0,25906,Crystal,Zhao,S,F,2026-01-14
25907.0,25907,Kelli,Shen,M,F,2026-01-14
25908.0,25908,Melissa,Long,M,F,2026-01-14
25909.0,25909,Chase,James,M,M,2026-01-14
25910.0,25910,Natalie,Miller,M,F,2026-01-14
25911.0,25911,Alexandra,Sanders,S,F,2026-01-14
25912.0,25912,Walter,Rubio,M,M,2026-01-14
25913.0,25913,Beth,Srini,M,M,2026-01-14
25914.0,25914,Seth,Hughes,M,M,2026-01-14
25915.0,25915,Paige,Bryant,S,F,2026-01-14
25916.0,25916,Naomi,Serrano,M,F,2026-01-14
25917.0,25917,Kyle,Long,M,M,2026-01-14
25918.0,25918,Carly,Anand,S,F,2026-01-14
25919.0,25919,Dana,Ramos,M,F,2026-01-14
25920.0,25920,Orlando,Gutierrez,M,M,2026-01-14
25921.0,25921,Colin,Shan,S,M,2026-01-14
25922.0,25922,Veronica,Malhotra,S,F,2026-01-14
25923.0,25923,Mason,Parker,S,M,2026-01-14
25924.0,25924,Hannah,Robinson,S,F,2026-01-14
25925.0,25925,Brianna,Cooper,M,F,2026-01-14
25926.0,25926,Larry,Gutierrez,M,M,2026-01-14
25927.0,25927,Tiffany,Guo,S,F,2026-01-14
25928.0,25928,Mario,Sharma,M,M,2026-01-14
25929.0,25929,Alexandra,Gray,S,F,2026-01-14
25930.0,25930,Ethan,Harris,S,M,2026-01-14
25931.0,25931,Ryan,Henderson,S,M,2026-01-14
25932.0,25932,Marcus,Rodriguez,S,M,2026-01-14
25933.0,25933,Dalton,Stewart,S,M,2026-01-14
25934.0,25934,Luke,King,S,M,2026-01-14
25935.0,25935,April,Tang,M,F,2026-01-14
25936.0,25936,Deanna,Schmidt,S,F,2026-01-14
25937.0,25937,Jon,Yuan,M,M,2026-01-14
25938.0,25938,Marvin,Gutierrez,S,M,2026-01-14
25939.0,25939,Willie,Tang,M,M,2026-01-14
25940.0,25940,Gerald,Arun,S,M,2026-01-14
25941.0,25941,Molly,Perez,M,F,2026-01-14
25942.0,25942,Brianna,Brooks,S,F,2026-01-14
25943.0,25943,Brianna,McDonald,S,F,2026-01-14
25944.0,25944,Ronald,Perez,S,M,2026-01-14
25945.0,25945,Brent,Guo,M,M,2026-01-14
25946.0,25946,Britta,Simon,M,F,2026-01-14
25947.0,25947,Sam,Wilson,S,M,2026-01-14
25948.0,25948,Christine,Stone,S,F,2026-01-14
25949.0,25949,Summer,Raman,S,F,2026-01-14
25950.0,25950,Kyle,Kumar,S,M,2026-01-14
25951.0,25951,Anthony,Anderson,S,M,2026-01-14
25952.0,25952,Jon,Alonso,S,M,2026-01-14
25953.0,25953,Hunter,Butler,M,M,2026-01-14
25954.0,25954,Noah,Carter,M,M,2026-01-14
25955.0,25955,Anna,Robinson,S,F,2026-01-14
25956.0,25956,Charles,Ramirez,M,M,2026-01-14
25957.0,25957,Stephanie,Washington,M,F,2026-01-14
25958.0,25958,Alfredo,Ortega,S,M,2026-01-14
25959.0,25959,Katherine,Hall,S,F,2026-01-14
25960.0,25960,Willie,Cai,M,M,2026-01-14
25961.0,25961,Ricardo,Goel,S,M,2026-01-14
25962.0,25962,Jordyn,Jenkins,S,F,2026-01-14
25963.0,25963,Charles,Morris,S,M,2026-01-14
25964.0,25964,Christopher,Winston,S,M,2026-01-14
25965.0,25965,Andrea,Roberts,S,F,2026-01-14
25966.0,25966,Alex,Watson,M,M,2026-01-14
25967.0,25967,Alexis,Martinez,M,F,2026-01-14
25968.0,25968,Benjamin,Powell,M,M,2026-01-14
25969.0,25969,Jason,Parker,M,M,2026-01-14
25970.0,25970,Hailey,James,S,F,2026-01-14
25971.0,25971,Savannah,Young,S,F,2026-01-14
25972.0,25972,Jocelyn,Henderson,S,F,2026-01-14
25973.0,25973,Mariah,Griffin,S,F,2026-01-14
25974.0,25974,Noah,Jai,M,M,2026-01-14
25975.0,25975,Ebony,Gutierrez,S,F,2026-01-14
25976.0,25976,Hunter,Coleman,S,M,2026-01-14
25977.0,25977,Jenna,Lopez,M,F,2026-01-14
25978.0,25978,Morgan,Perez,S,F,2026-01-14
25979.0,25979,Miguel,Edwards,S,M,2026-01-14
25980.0,25980,Julia,Jones,S,F,2026-01-14
25981.0,25981,Isaiah,Howard,M,M,2026-01-14
25982.0,25982,Rebecca,Phillips,S,F,2026-01-14
25983.0,25983,Jack,Alexander,M,M,2026-01-14
25984.0,25984,Isabella,Wright,S,F,2026-01-14
25985.0,25985,Justin,Harris,M,M,2026-01-14
25986.0,25986,Isabel,Bryant,M,F,2026-01-14
25987.0,25987,Hunter,Kumar,M,M,2026-01-14
25988.0,25988,Victor,Muñoz,S,M,2026-01-14
25989.0,25989,Jeremy,Price,M,M,2026-01-14
25990.0,25990,Jenna,Parker,S,F,2026-01-14
25991.0,25991,Arianna,Hayes,M,F,2026-01-14
25992.0,25992,Stephanie,Flores,M,F,2026-01-14
25993.0,25993,Heidi,Chandra,S,F,2026-01-14
25994.0,25994,Richard,Garcia,S,M,2026-01-14
25995.0,25995,Jack,Phillips,M,M,2026-01-14
25996.0,25996,Faith,Murphy,M,F,2026-01-14
25997.0,25997,Katherine,Wright,M,F,2026-01-14
25998.0,25998,Richard,Rivera,M,M,2026-01-14
25999.0,25999,Joshua,Thompson,M,M,2026-01-14
26000.0,26000,Connor,Lopez,S,M,2026-01-14
26001.0,26001,Nicholas,Lee,S,M,2026-01-14
26002.0,26002,Samuel,Walker,S,M,2026-01-14
26003.0,26003,Denise,Subram,S,F,2026-01-14
26004.0,26004,Arthur,Washington,M,F,2026-01-14
26005.0,26005,Elizabeth,Clark,M,F,2026-01-14
26006.0,26006,Garrett,Peterson,M,M,2026-01-14
26007.0,26007,Jesse,Morgan,M,M,2026-01-14
26008.0,26008,Jennifer,Gonzales,M,F,2026-01-14
26009.0,26009,Luis,Foster,M,M,2026-01-14
26010.0,26010,Morgan,Campbell,M,F,2026-01-14
26011.0,26011,Daisuke,Yanagishima,S,F,2026-01-14
26012.0,26012,Mark,Bebbington,M,M,2026-01-14
26013.0,26013,Victoria,Taylor,S,F,2026-01-14
26014.0,26014,Olivia,Torres,S,F,2026-01-14
26015.0,26015,Gabriel,Chow,M,M,2026-01-14
26016.0,26016,Fernando,King,S,M,2026-01-14
26017.0,26017,Derrick,Alonso,M,M,2026-01-14
26018.0,26018,Zachary,Thompson,M,M,2026-01-14
26019.0,26019,Luis,Allen,M,M,2026-01-14
26020.0,26020,Barry,Lopez,M,M,2026-01-14
26021.0,26021,Meghan,Gutierrez,S,F,2026-01-14
26022.0,26022,Jamie,Gao,M,F,2026-01-14
26023.0,26023,Crystal,Huang,M,F,2026-01-14
26024.0,26024,Jill,Gutierrez,S,F,2026-01-14
26025.0,26025,Aimee,Zhang,S,F,2026-01-14
26026.0,26026,Cindy,Srini,S,F,2026-01-14
26027.0,26027,Michele,Luo,S,F,2026-01-14
26028.0,26028,Brandy,Garcia,S,F,2026-01-14
26029.0,26029,Roy,Vazquez,M,M,2026-01-14
26030.0,26030,Rebekah,Subram,M,F,2026-01-14
26031.0,26031,Katrina,Kumar,S,F,2026-01-14
26032.0,26032,Leslie,Ruiz,M,F,2026-01-14
26033.0,26033,Danny,Vazquez,S,M,2026-01-14
26034.0,26034,Rosa,Gao,M,F,2026-01-14
26035.0,26035,Shannon,Vazquez,S,M,2026-01-14
26036.0,26036,Haley,Wright,S,F,2026-01-14
26037.0,26037,Erik,Dominguez,S,M,2026-01-14
26038.0,26038,Nicole,Flores,S,F,2026-01-14
26039.0,26039,Robert,Garcia,M,M,2026-01-14
26040.0,26040,Ana,Butler,M,F,2026-01-14
26041.0,26041,Gloria,Torres,M,F,2026-01-14
26042.0,26042,Devin,Griffin,M,M,2026-01-14
26043.0,26043,Jodi,Becker,M,F,2026-01-14
26044.0,26044,Gavin,Hughes,S,M,2026-01-14
26045.0,26045,Samuel,Jenkins,S,M,2026-01-14
26046.0,26046,Kara,Kumar,S,F,2026-01-14
26047.0,26047,Ashley,Hall,M,F,2026-01-14
26048.0,26048,Brad,Oliver,M,M,2026-01-14
26049.0,26049,Christopher,White,M,M,2026-01-14
26050.0,26050,Clarence,Ye,S,M,2026-01-14
26051.0,26051,Joshua,Williams,M,M,2026-01-14
26052.0,26052,Carolyn,Subram,M,F,2026-01-14
26053.0,26053,Austin,Anderson,M,M,2026-01-14
26054.0,26054,Dylan,Lee,S,M,2026-01-14
26055.0,26055,Ethan,Foster,S,M,2026-01-14
26056.0,26056,Karen,Zeng,S,F,2026-01-14
26057.0,26057,Barry,Subram,S,M,2026-01-14
26058.0,26058,Faith,Stewart,S,F,2026-01-14
26059.0,26059,Andrew,Anderson,M,M,2026-01-14
26060.0,26060,Kyle,Edwards,M,M,2026-01-14
26061.0,26061,Connor,Butler,S,M,2026-01-14
26062.0,26062,Chad,Raji,M,M,2026-01-14
26063.0,26063,Wesley,Lu,M,M,2026-01-14
26064.0,26064,Logan,Scott,M,M,2026-01-14
26065.0,26065,Chloe,Powell,S,F,2026-01-14
26066.0,26066,Elizabeth,Martinez,M,F,2026-01-14
26067.0,26067,Erin,Morgan,M,F,2026-01-14
26068.0,26068,Dylan,Patterson,M,M,2026-01-14
26069.0,26069,Jessica,Foster,M,F,2026-01-14
26070.0,26070,Elijah,Patterson,S,M,2026-01-14
26071.0,26071,Brittany,Henderson,S,F,2026-01-14
26072.0,26072,Kelli,Zhang,S,F,2026-01-14
26073.0,26073,Julia,Adams,S,F,2026-01-14
26074.0,26074,Isaac,Reed,M,M,2026-01-14
26075.0,26075,Jessica,Walker,S,F,2026-01-14
26076.0,26076,Kelly,Ross,M,F,2026-01-14
26077.0,26077,Isaac,Collins,M,M,2026-01-14
26078.0,26078,Alberto,Dominguez,M,M,2026-01-14
26079.0,26079,Ryan,Robinson,M,M,2026-01-14
26080.0,26080,Sydney,Roberts,M,F,2026-01-14
26081.0,26081,Edward,Green,S,M,2026-01-14
26082.0,26082,Christian,Johnson,S,M,2026-01-14
26083.0,26083,Alyssa,Smith,S,F,2026-01-14
26084.0,26084,Luke,Jenkins,M,M,2026-01-14
26085.0,26085,Ian,Powell,M,M,2026-01-14
26086.0,26086,Sean,Cox,M,M,2026-01-14
26087.0,26087,Ashley,Price,M,F,2026-01-14
26088.0,26088,Ethan,Perry,M,M,2026-01-14
26089.0,26089,Terry,Rai,S,M,2026-01-14
26090.0,26090,Mathew,Moreno,S,M,2026-01-14
26091.0,26091,Chloe,Bennett,M,F,2026-01-14
26092.0,26092,Devin,Morgan,S,M,2026-01-14
26093.0,26093,Nicole,Washington,S,F,2026-01-14
26094.0,26094,Sarah,Butler,M,F,2026-01-14
26095.0,26095,Trinity,Kelly,M,F,2026-01-14
26096.0,26096,Kevin,Wright,M,M,2026-01-14
26097.0,26097,Robert,Flores,S,M,2026-01-14
26098.0,26098,Daniel,Lee,S,M,2026-01-14
26099.0,26099,Christina,Bell,M,F,2026-01-14
26100.0,26100,James,Ptaszynski,S,F,2026-01-14
26101.0,26101,Phillip,Smith,M,M,2026-01-14
26102.0,26102,Ana,Wood,S,F,2026-01-14
26103.0,26103,Jack,Yang,M,M,2026-01-14
26104.0,26104,Timothy,Edwards,M,M,2026-01-14
26105.0,26105,Morgan,Gonzales,M,F,2026-01-14
26106.0,26106,Connor,King,S,M,2026-01-14
26107.0,26107,Alexis,Thomas,M,F,2026-01-14
26108.0,26108,Dylan,Thompson,S,M,2026-01-14
26109.0,26109,Dalton,Rodriguez,M,M,2026-01-14
26110.0,26110,James,Alexander,M,M,2026-01-14
26111.0,26111,Sarah,Coleman,M,F,2026-01-14
26112.0,26112,Luke,Perry,M,M,2026-01-14
26113.0,26113,Caitlin,Rivera,S,F,2026-01-14
26114.0,26114,Isaac,Peterson,S,M,2026-01-14
26115.0,26115,Savannah,Mitchell,S,F,2026-01-14
26116.0,26116,Ashley,Martin,S,F,2026-01-14
26117.0,26117,Samuel,Wright,M,M,2026-01-14
26118.0,26118,Ashley,Butler,M,F,2026-01-14
26119.0,26119,Danielle,Gray,M,F,2026-01-14
26120.0,26120,Miguel,Lewis,S,M,2026-01-14
26121.0,26121,Madeline,Nelson,M,F,2026-01-14
26122.0,26122,Lauren,Gonzales,S,F,2026-01-14
26123.0,26123,Isabella,Scott,S,F,2026-01-14
26124.0,26124,Riley,James,M,F,2026-01-14
26125.0,26125,Sara,Roberts,S,F,2026-01-14
26126.0,26126,Alexandra,Bell,M,F,2026-01-14
26127.0,26127,Terry,Chander,M,M,2026-01-14
26128.0,26128,Samuel,Phillips,S,M,2026-01-14
26129.0,26129,Jodi,Anand,M,F,2026-01-14
26130.0,26130,Ronnie,Liu,M,M,2026-01-14
26131.0,26131,Lawrence,Suarez,M,M,2026-01-14
26132.0,26132,Shelby,Ward,S,F,2026-01-14
26133.0,26133,Jesse,Hall,S,M,2026-01-14
26134.0,26134,Bridget,Goel,M,F,2026-01-14
26135.0,26135,Erica,Sun,M,F,2026-01-14
26136.0,26136,Tabitha,Gonzalez,M,F,2026-01-14
26137.0,26137,Joshua,Clark,M,M,2026-01-14
26138.0,26138,Latoya,Chander,M,F,2026-01-14
26139.0,26139,Derek,Nara,S,M,2026-01-14
26140.0,26140,Emily,Long,S,F,2026-01-14
26141.0,26141,Jorge,Zhu,S,M,2026-01-14
26142.0,26142,Micheal,Dominguez,M,M,2026-01-14
26143.0,26143,Michele,Mehta,M,F,2026-01-14
26144.0,26144,Cassidy,Russell,S,F,2026-01-14
26145.0,26145,Calvin,Shen,M,M,2026-01-14
26146.0,26146,Laura,Wang,M,F,2026-01-14
26147.0,26147,Ivan,Subram,M,M,2026-01-14
26148.0,26148,Michael,Thompson,M,M,2026-01-14
26149.0,26149,Casey,Chande,S,F,2026-01-14
26150.0,26150,Nancy,Rana,S,F,2026-01-14
26151.0,26151,Austin,Lee,M,M,2026-01-14
26152.0,26152,Jaime,Gill,S,F,2026-01-14
26153.0,26153,Rebecca,Collins,M,F,2026-01-14
26154.0,26154,Cory,Madan,M,M,2026-01-14
26155.0,26155,Chad,Xie,M,M,2026-01-14
26156.0,26156,Shannon,Cai,M,F,2026-01-14
26157.0,26157,Brad,Xu,M,M,2026-01-14
26158.0,26158,Lisa,Wu,M,F,2026-01-14
26159.0,26159,Virginia,Raman,S,F,2026-01-14
26160.0,26160,Leonard,Lal,M,M,2026-01-14
26161.0,26161,Wayne,Raji,M,M,2026-01-14
26162.0,26162,Toni,Malhotra,M,F,2026-01-14
26163.0,26163,Autumn,Cai,M,F,2026-01-14
26164.0,26164,Krista,Vazquez,M,F,2026-01-14
26165.0,26165,Alexandra,Flores,M,F,2026-01-14
26166.0,26166,Brett,Van,M,M,2026-01-14
26167.0,26167,Jaclyn,Zhao,S,F,2026-01-14
26168.0,26168,Ian,Campbell,S,M,2026-01-14
26169.0,26169,Alexandra,White,M,F,2026-01-14
26170.0,26170,Jeremiah,Jenkins,S,M,2026-01-14
26171.0,26171,Randall,Ruiz,M,M,2026-01-14
26172.0,26172,Madeline,Hernandez,S,F,2026-01-14
26173.0,26173,Ariana,Rivera,M,F,2026-01-14
26174.0,26174,Isaac,Adams,S,M,2026-01-14
26175.0,26175,Jose,Hughes,M,M,2026-01-14
26176.0,26176,Jason,Hayes,S,M,2026-01-14
26177.0,26177,Nicole,Simmons,M,F,2026-01-14
26178.0,26178,Paige,Price,M,F,2026-01-14
26179.0,26179,Ruth,Rodriguez,S,F,2026-01-14
26180.0,26180,Jonathan,Butler,S,M,2026-01-14
26181.0,26181,Lucas,Ross,M,M,2026-01-14
26182.0,26182,Brittney,Liang,S,F,2026-01-14
26183.0,26183,Allen,Arthur,S,M,2026-01-14
26184.0,26184,Louis,Lal,S,M,2026-01-14
26185.0,26185,Kaylee,Green,S,F,2026-01-14
26186.0,26186,Joanna,Gill,S,F,2026-01-14
26187.0,26187,Hector,Gill,S,M,2026-01-14
26188.0,26188,Geoffrey,Sara,M,M,2026-01-14
26189.0,26189,Pedro,Serrano,M,M,2026-01-14
26190.0,26190,Arthur,Suri,S,M,2026-01-14
26191.0,26191,Jon,Wang,M,M,2026-01-14
26192.0,26192,Noah,Hill,M,M,2026-01-14
26193.0,26193,Luis,Edwards,S,M,2026-01-14
26194.0,26194,Miguel,Brown,S,M,2026-01-14
26195.0,26195,Alyssa,Rivera,S,F,2026-01-14
26196.0,26196,Gavin,Griffin,S,M,2026-01-14
26197.0,26197,Marcus,Lopez,S,M,2026-01-14
26198.0,26198,Alyssa,Taylor,S,F,2026-01-14
26199.0,26199,Matthew,White,S,M,2026-01-14
26200.0,26200,Ian,Baker,S,M,2026-01-14
26201.0,26201,Dalton,Watson,S,M,2026-01-14
26202.0,26202,Haley,Simmons,M,F,2026-01-14
26203.0,26203,Nicole,Hall,S,F,2026-01-14
26204.0,26204,Christy,Gao,M,F,2026-01-14
26205.0,26205,Julio,Alvarez,M,M,2026-01-14
26206.0,26206,Kurt,She,M,M,2026-01-14
26207.0,26207,Kelvin,Zeng,S,M,2026-01-14
26208.0,26208,Sharon,Anand,S,F,2026-01-14
26209.0,26209,Jan,Cox,S,F,2026-01-14
26210.0,26210,Clinton,Gill,S,M,2026-01-14
26211.0,26211,Bridget,Yuan,S,F,2026-01-14
26212.0,26212,Summer,Martinez,S,F,2026-01-14
26213.0,26213,Grant,Andersen,S,M,2026-01-14
26214.0,26214,Christy,Chande,M,F,2026-01-14
26215.0,26215,Grant,Shan,M,M,2026-01-14
26216.0,26216,Ebony,Subram,M,F,2026-01-14
26217.0,26217,Pedro,Blanco,M,M,2026-01-14
26218.0,26218,Barry,Patel,S,M,2026-01-14
26219.0,26219,Summer,Suri,M,F,2026-01-14
26220.0,26220,Jonathan,Harris,M,M,2026-01-14
26221.0,26221,Kari,Chapman,S,F,2026-01-14
26222.0,26222,Carolyn,Madan,S,F,2026-01-14
26223.0,26223,Dominic,Sai,S,M,2026-01-14
26224.0,26224,Henry,Gonzalez,S,M,2026-01-14
26225.0,26225,Sergio,Srini,S,M,2026-01-14
26226.0,26226,Michele,Andersen,M,F,2026-01-14
26227.0,26227,Joe,Gutierrez,S,M,2026-01-14
26228.0,26228,Carolyn,Perez,M,F,2026-01-14
26229.0,26229,Cara,Ye,S,F,2026-01-14
26230.0,26230,Natasha,Ramos,S,F,2026-01-14
26231.0,26231,Maurice,Nara,M,M,2026-01-14
26232.0,26232,Jay,Gomez,M,M,2026-01-14
26233.0,26233,Cristina,Chande,M,F,2026-01-14
26234.0,26234,Antonio,Perry,S,M,2026-01-14
26235.0,26235,Michelle,Watson,S,F,2026-01-14
26236.0,26236,Isabella,Evans,M,F,2026-01-14
26237.0,26237,Grace,Martin,M,F,2026-01-14
26238.0,26238,Julia,Foster,S,F,2026-01-14
26239.0,26239,Kaitlyn,Turner,M,F,2026-01-14
26240.0,26240,Katelyn,Evans,S,F,2026-01-14
26241.0,26241,James,Lal,M,M,2026-01-14
26242.0,26242,Isabella,Lewis,M,F,2026-01-14
26243.0,26243,Fernando,Gonzalez,S,M,2026-01-14
26244.0,26244,Jordan,Hughes,M,M,2026-01-14
26245.0,26245,Devin,Murphy,M,M,2026-01-14
26246.0,26246,Jade,Bell,S,F,2026-01-14
26247.0,26247,Sophia,Turner,M,F,2026-01-14
26248.0,26248,Thomas,Lewis,M,M,2026-01-14
26249.0,26249,Thomas,Ross,M,M,2026-01-14
26250.0,26250,Miguel,Simmons,S,M,2026-01-14
26251.0,26251,Cedric,Huang,S,M,2026-01-14
26252.0,26252,Morgan,Garcia,M,F,2026-01-14
26253.0,26253,Dalton,Wright,S,M,2026-01-14
26254.0,26254,Seth,Henderson,S,M,2026-01-14
26255.0,26255,Cameron,Alexander,S,M,2026-01-14
26256.0,26256,Ronald,Rana,S,M,2026-01-14
26257.0,26257,Hector,Jimenez,S,M,2026-01-14
26258.0,26258,Angelica,Powell,S,F,2026-01-14
26259.0,26259,Hunter,Bryant,S,M,2026-01-14
26260.0,26260,Ryan,Jackson,S,M,2026-01-14
26261.0,26261,Brooke,Watson,S,F,2026-01-14
26262.0,26262,Hannah,Thompson,S,F,2026-01-14
26263.0,26263,Kaitlyn,Collins,S,F,2026-01-14
26264.0,26264,Elijah,Lal,S,M,2026-01-14
26265.0,26265,Tammy,Lopez,S,F,2026-01-14
26266.0,26266,Brent,Gao,M,M,2026-01-14
26267.0,26267,Matthew,Martin,M,M,2026-01-14
26268.0,26268,Jonathon,Romero,M,M,2026-01-14
26269.0,26269,Chloe,Moore,M,F,2026-01-14
26270.0,26270,Hailey,Bailey,S,F,2026-01-14
26271.0,26271,Bailey,Baker,M,F,2026-01-14
26272.0,26272,Kelly,Hughes,M,F,2026-01-14
26273.0,26273,Chelsea,Suri,M,F,2026-01-14
26274.0,26274,Jennifer,Wood,M,F,2026-01-14
26275.0,26275,Miguel,Johnson,M,M,2026-01-14
26276.0,26276,Heather,Huang,M,F,2026-01-14
26277.0,26277,Jacqueline,Hughes,S,F,2026-01-14
26278.0,26278,Jon,Wu,S,M,2026-01-14
26279.0,26279,Trinity,Sanchez,S,F,2026-01-14
26280.0,26280,Jackson,Jenkins,S,M,2026-01-14
26281.0,26281,Ian,Alexander,S,M,2026-01-14
26282.0,26282,Leonard,Jai,S,M,2026-01-14
26283.0,26283,Jeremiah,Diaz,S,M,2026-01-14
26284.0,26284,Garrett,Ward,S,M,2026-01-14
26285.0,26285,Kayla,Hayes,S,F,2026-01-14
26286.0,26286,Evan,Phillips,S,M,2026-01-14
26287.0,26287,Elijah,Baker,S,M,2026-01-14
26288.0,26288,Alexandra,Russell,M,F,2026-01-14
26289.0,26289,Samuel,Simmons,M,M,2026-01-14
26290.0,26290,Noah,Chen,S,M,2026-01-14
26291.0,26291,Blake,Walker,S,M,2026-01-14
26292.0,26292,Marty,Simpson,M,F,2026-01-14
26293.0,26293,Casey,Carlson,M,M,2026-01-14
26294.0,26294,Andrew,Johnson,M,M,2026-01-14
26295.0,26295,Toni,Kapoor,M,F,2026-01-14
26296.0,26296,Grace,Simmons,M,F,2026-01-14
26297.0,26297,Jeremiah,Lopez,M,M,2026-01-14
26298.0,26298,Jasmine,Peterson,M,F,2026-01-14
26299.0,26299,Y.,Yong,S,M,2026-01-14
26300.0,26300,Audrey,Ortega,S,F,2026-01-14
26301.0,26301,Isaiah,Hall,S,M,2026-01-14
26302.0,26302,James,Jackson,M,M,2026-01-14
26303.0,26303,Devon,Pal,M,M,2026-01-14
26304.0,26304,Anna,Lewis,M,F,2026-01-14
26305.0,26305,Julia,Rogers,S,F,2026-01-14
26306.0,26306,Kyle,Holt,S,M,2026-01-14
26307.0,26307,Alexander,Miller,M,M,2026-01-14
26308.0,26308,Sara,Kelly,S,F,2026-01-14
26309.0,26309,Julian,Powell,S,M,2026-01-14
26310.0,26310,Kaitlyn,Garcia,S,F,2026-01-14
26311.0,26311,Brenda,Rodriguez,S,F,2026-01-14
26312.0,26312,Elizabeth,Wood,M,F,2026-01-14
26313.0,26313,Dalton,Simmons,M,M,2026-01-14
26314.0,26314,Angel,Murphy,S,M,2026-01-14
26315.0,26315,Taylor,Peterson,S,F,2026-01-14
26316.0,26316,Stephanie,Hughes,S,F,2026-01-14
26317.0,26317,Amanda,Wright,M,F,2026-01-14
26318.0,26318,Caleb,Parker,M,M,2026-01-14
26319.0,26319,Dylan,Martinez,S,M,2026-01-14
26320.0,26320,Brianna,Diaz,M,F,2026-01-14
26321.0,26321,Randall,Blanco,M,M,2026-01-14
26322.0,26322,Justin,Zhang,S,M,2026-01-14
26323.0,26323,Dwayne,Ruiz,M,M,2026-01-14
26324.0,26324,Faith,Brooks,S,F,2026-01-14
26325.0,26325,Tyler,Robinson,M,M,2026-01-14
26326.0,26326,Trevor,Washington,M,M,2026-01-14
26327.0,26327,Jack,Jai,M,M,2026-01-14
26328.0,26328,Edward,Anderson,S,M,2026-01-14
26329.0,26329,Angelica,Bryant,M,F,2026-01-14
26330.0,26330,Marcus,Diaz,S,M,2026-01-14
26331.0,26331,Melanie,Powell,M,F,2026-01-14
26332.0,26332,Aaron,Mitchell,M,M,2026-01-14
26333.0,26333,Alexandria,Alexander,M,F,2026-01-14
26334.0,26334,Ross,Blanco,S,M,2026-01-14
26335.0,26335,April,Pal,M,F,2026-01-14
26336.0,26336,Noah,Brown,M,M,2026-01-14
26337.0,26337,Jennifer,Gonzalez,M,F,2026-01-14
26338.0,26338,Anna,Coleman,M,F,2026-01-14
26339.0,26339,Cindy,James,S,F,2026-01-14
26340.0,26340,Melissa,Morris,M,F,2026-01-14
26341.0,26341,Olivia,Taylor,M,F,2026-01-14
26342.0,26342,Eduardo,Griffin,S,M,2026-01-14
26343.0,26343,Mariah,Washington,S,F,2026-01-14
26344.0,26344,Natalie,Hughes,S,F,2026-01-14
26345.0,26345,Connor,Baker,M,M,2026-01-14
26346.0,26346,Emmanuel,Suri,M,M,2026-01-14
26347.0,26347,Alvin,Raji,M,M,2026-01-14
26348.0,26348,Logan,Moore,M,M,2026-01-14
26349.0,26349,Adam,Lopez,S,M,2026-01-14
26350.0,26350,Gabrielle,King,M,F,2026-01-14
26351.0,26351,Emma,Moore,S,F,2026-01-14
26352.0,26352,Cynthia,Fernandez,S,F,2026-01-14
26353.0,26353,Holly,Malhotra,S,F,2026-01-14
26354.0,26354,Nelson,Serrano,S,M,2026-01-14
26355.0,26355,Darren,Madan,M,M,2026-01-14
26356.0,26356,Timothy,Howard,M,M,2026-01-14
26357.0,26357,Sergio,Gonzalez,S,M,2026-01-14
26358.0,26358,Mason,Gonzalez,S,M,2026-01-14
26359.0,26359,George,Raman,M,M,2026-01-14
26360.0,26360,Max,Blanco,M,M,2026-01-14
26361.0,26361,Ebony,Suarez,M,F,2026-01-14
26362.0,26362,Joy,Torres,M,F,2026-01-14
26363.0,26363,Larry,Jimenez,M,M,2026-01-14
26364.0,26364,Gabriella,Hill,S,F,2026-01-14
26365.0,26365,Phillip,Fernandez,M,M,2026-01-14
26366.0,26366,Johnathan,Schmidt,M,M,2026-01-14
26367.0,26367,Omar,Shan,M,M,2026-01-14
26368.0,26368,Bharat,Mirchandani,S,M,2026-01-14
26369.0,26369,Kate,Nath,M,F,2026-01-14
26370.0,26370,Maria,Bryant,M,F,2026-01-14
26371.0,26371,Cassandra,Garcia,M,F,2026-01-14
26372.0,26372,Marie,Browning,M,F,2026-01-14
26373.0,26373,Mariah,Reed,M,F,2026-01-14
26374.0,26374,Bradley,Pal,S,M,2026-01-14
26375.0,26375,Shannon,Ortega,S,M,2026-01-14
26376.0,26376,Anthony,Martinez,M,M,2026-01-14
26377.0,26377,Isabelle,Foster,S,F,2026-01-14
26378.0,26378,Colin,Raje,M,M,2026-01-14
26379.0,26379,Cindy,Rodriguez,S,F,2026-01-14
26380.0,26380,Ricardo,Luo,M,M,2026-01-14
26381.0,26381,Shannon,Romero,M,M,2026-01-14
26382.0,26382,Dale,Xu,S,M,2026-01-14
26383.0,26383,Ronnie,Hu,S,M,2026-01-14
26384.0,26384,Jon,Zhu,M,M,2026-01-14
26385.0,26385,Javier,Muñoz,S,M,2026-01-14
26386.0,26386,Kelli,Zhao,S,F,2026-01-14
26387.0,26387,Dalton,Roberts,S,M,2026-01-14
26388.0,26388,Wayne,Jai,M,M,2026-01-14
26389.0,26389,Candice,Zhou,M,F,2026-01-14
26390.0,26390,Ivan,Mehta,M,M,2026-01-14
26391.0,26391,Dominique,Arun,S,F,2026-01-14
26392.0,26392,Kelli,Rai,S,F,2026-01-14
26393.0,26393,Donald,Raman,S,M,2026-01-14
26394.0,26394,Martha,Sun,M,F,2026-01-14
26395.0,26395,Daisy,Gill,S,F,2026-01-14
26396.0,26396,Terry,Black,M,M,2026-01-14
26397.0,26397,Micheal,Travers,S,M,2026-01-14
26398.0,26398,Ian,Watson,M,M,2026-01-14
26399.0,26399,Erick,Gonzalez,M,M,2026-01-14
26400.0,26400,Jade,James,M,F,2026-01-14
26401.0,26401,Natalie,Butler,M,F,2026-01-14
26402.0,26402,Jamie,Wagner,S,F,2026-01-14
26403.0,26403,Philip,Navarro,M,M,2026-01-14
26404.0,26404,Trisha,Wu,M,F,2026-01-14
26405.0,26405,Naomi,Blanco,M,F,2026-01-14
26406.0,26406,Haley,Lopez,M,F,2026-01-14
26407.0,26407,Ashley,Davis,S,F,2026-01-14
26408.0,26408,Martha,Huang,S,F,2026-01-14
26409.0,26409,Christy,Goel,S,F,2026-01-14
26410.0,26410,Franklin,Goel,S,M,2026-01-14
26411.0,26411,Mario,Xu,S,M,2026-01-14
26412.0,26412,Kate,Chande,M,F,2026-01-14
26413.0,26413,Rebekah,Romero,M,F,2026-01-14
26414.0,26414,George,Patel,M,M,2026-01-14
26415.0,26415,Latoya,Lal,M,F,2026-01-14
26416.0,26416,Amy,Zhao,M,F,2026-01-14
26417.0,26417,Dustin,Rai,S,M,2026-01-14
26418.0,26418,Rafael,Chande,S,M,2026-01-14
26419.0,26419,Geoffrey,Suri,M,M,2026-01-14
26420.0,26420,Bob,Kapoor,S,M,2026-01-14
26421.0,26421,Allison,Peterson,S,F,2026-01-14
26422.0,26422,Pedro,Suri,S,M,2026-01-14
26423.0,26423,Hector,Gutierrez,S,M,2026-01-14
26424.0,26424,Kayla,White,S,F,2026-01-14
26425.0,26425,Janelle,Malhotra,S,F,2026-01-14
26426.0,26426,Heidi,Malhotra,S,F,2026-01-14
26427.0,26427,Alicia,Xie,S,F,2026-01-14
26428.0,26428,Colin,Ma,M,M,2026-01-14
26429.0,26429,Reginald,Ortega,S,M,2026-01-14
26430.0,26430,Paula,Sanz,S,F,2026-01-14
26431.0,26431,Shaun,Rai,S,M,2026-01-14
26432.0,26432,Isabel,Simmons,M,F,2026-01-14
26433.0,26433,Nelson,Rubio,M,M,2026-01-14
26434.0,26434,Mallory,Romero,S,F,2026-01-14
26435.0,26435,Yolanda,Goel,M,F,2026-01-14
26436.0,26436,Briana,Carlson,S,F,2026-01-14
26437.0,26437,Tiffany,Zhu,S,F,2026-01-14
26438.0,26438,Alisha,Shen,M,F,2026-01-14
26439.0,26439,Isaac,Morris,S,M,2026-01-14
26440.0,26440,Devin,Green,S,M,2026-01-14
26441.0,26441,Randy,Lu,M,M,2026-01-14
26442.0,26442,Barbara,Huang,S,F,2026-01-14
26443.0,26443,Kathryn,She,M,F,2026-01-14
26444.0,26444,Pamela,Lopez,S,F,2026-01-14
26445.0,26445,Aidan,Foster,S,M,2026-01-14
26446.0,26446,Jamie,Muñoz,S,M,2026-01-14
26447.0,26447,Noah,Russell,S,M,2026-01-14
26448.0,26448,Kara,Yuan,M,F,2026-01-14
26449.0,26449,Jared,Gray,M,M,2026-01-14
26450.0,26450,Lauren,Ramirez,S,F,2026-01-14
26451.0,26451,Mariah,Perry,M,F,2026-01-14
26452.0,26452,James,Martinez,S,M,2026-01-14
26453.0,26453,Cole,Peterson,S,M,2026-01-14
26454.0,26454,Sebastian,Cox,M,M,2026-01-14
26455.0,26455,Samuel,Carter,M,M,2026-01-14
26456.0,26456,Xavier,Peterson,S,M,2026-01-14
26457.0,26457,Sydney,Moore,S,F,2026-01-14
26458.0,26458,Ryan,Moore,M,M,2026-01-14
26459.0,26459,Angelica,Hayes,S,F,2026-01-14
26460.0,26460,Gabriella,Cook,M,F,2026-01-14
26461.0,26461,Brooke,Howard,S,F,2026-01-14
26462.0,26462,Lauren,Kelly,S,F,2026-01-14
26463.0,26463,Alexa,Rogers,S,F,2026-01-14
26464.0,26464,Alexandria,Griffin,S,F,2026-01-14
26465.0,26465,Andrea,Evans,S,F,2026-01-14
26466.0,26466,Kevin,Turner,S,M,2026-01-14
26467.0,26467,Nicole,Brooks,S,F,2026-01-14
26468.0,26468,Alyssa,Brown,M,F,2026-01-14
26469.0,26469,Joy,Alvarez,S,F,2026-01-14
26470.0,26470,Marcus,Cooper,M,M,2026-01-14
26471.0,26471,Edward,Perez,M,M,2026-01-14
26472.0,26472,David,Hughes,S,M,2026-01-14
26473.0,26473,Anna,Wood,S,F,2026-01-14
26474.0,26474,Mackenzie,Morris,S,F,2026-01-14
26475.0,26475,Isabella,Gonzalez,S,F,2026-01-14
26476.0,26476,Jordan,Jai,M,M,2026-01-14
26477.0,26477,Joel,Rana,S,M,2026-01-14
26478.0,26478,Sara,Collins,S,F,2026-01-14
26479.0,26479,Katherine,Cook,S,F,2026-01-14
26480.0,26480,Jacqueline,Patterson,S,F,2026-01-14
26481.0,26481,Luke,Young,M,M,2026-01-14
26482.0,26482,Sydney,Hill,M,F,2026-01-14
26483.0,26483,Taylor,Ward,S,F,2026-01-14
26484.0,26484,Fernando,Patterson,S,M,2026-01-14
26485.0,26485,Jason,Bryant,M,M,2026-01-14
26486.0,26486,Andrea,Cook,M,F,2026-01-14
26487.0,26487,Vincent,Ma,S,M,2026-01-14
26488.0,26488,Julia,Rodriguez,M,F,2026-01-14
26489.0,26489,Jordan,Collins,S,M,2026-01-14
26490.0,26490,Antonio,Simmons,S,M,2026-01-14
26491.0,26491,Riley,Sanchez,S,F,2026-01-14
26492.0,26492,Ryan,Rodriguez,M,M,2026-01-14
26493.0,26493,Lawrence,Ramos,M,M,2026-01-14
26494.0,26494,Nicholas,White,M,M,2026-01-14
26495.0,26495,Allison,Baker,S,F,2026-01-14
26496.0,26496,Cassidy,Griffin,M,F,2026-01-14
26497.0,26497,Karen,Sanchez,M,F,2026-01-14
26498.0,26498,Ethan,Hayes,M,M,2026-01-14
26499.0,26499,Renee,Ruiz,M,F,2026-01-14
26500.0,26500,Billy,Ruiz,M,M,2026-01-14
26501.0,26501,Allison,Parker,S,F,2026-01-14
26502.0,26502,Taylor,Brown,S,F,2026-01-14
26503.0,26503,Jeremiah,Townsend,M,M,2026-01-14
26504.0,26504,Jennifer,Robinson,M,F,2026-01-14
26505.0,26505,Jennifer,Wright,M,F,2026-01-14
26506.0,26506,Ruth,Srini,S,F,2026-01-14
26507.0,26507,Abhijit,Thakur,M,F,2026-01-14
26508.0,26508,Marcus,Ross,M,M,2026-01-14
26509.0,26509,Seth,Taylor,S,M,2026-01-14
26510.0,26510,Jack,Scott,S,M,2026-01-14
26511.0,26511,Charles,Weisman,M,M,2026-01-14
26512.0,26512,Christina,Cooper,M,F,2026-01-14
26513.0,26513,Stacy,Moreno,S,F,2026-01-14
26514.0,26514,Cameron,Powell,M,M,2026-01-14
26515.0,26515,Zoe,Watson,M,F,2026-01-14
26516.0,26516,Jill,Perry,M,F,2026-01-14
26517.0,26517,Melanie,Griffin,M,F,2026-01-14
26518.0,26518,Marcus,Lee,S,M,2026-01-14
26519.0,26519,Brianna,Wood,M,F,2026-01-14
26520.0,26520,Chloe,Ramirez,S,F,2026-01-14
26521.0,26521,Nathan,Taylor,M,M,2026-01-14
26522.0,26522,Logan,Thompson,M,M,2026-01-14
26523.0,26523,Casey,Raji,S,F,2026-01-14
26524.0,26524,Anthony,Robinson,M,M,2026-01-14
26525.0,26525,Jeremy,Bell,S,M,2026-01-14
26526.0,26526,Blake,Coleman,M,M,2026-01-14
26527.0,26527,Oscar,Hayes,M,M,2026-01-14
26528.0,26528,Samuel,Garcia,S,M,2026-01-14
26529.0,26529,Jasmine,Davis,S,F,2026-01-14
26530.0,26530,Riley,Morgan,M,F,2026-01-14
26531.0,26531,Jeremy,Reed,M,M,2026-01-14
26532.0,26532,Angela,Barnes,S,F,2026-01-14
26533.0,26533,Xavier,Mitchell,M,M,2026-01-14
26534.0,26534,Fernando,Smith,S,M,2026-01-14
26535.0,26535,Kelly,Perry,M,F,2026-01-14
26536.0,26536,Katherine,Thomas,S,F,2026-01-14
26537.0,26537,Wyatt,Perez,S,M,2026-01-14
26538.0,26538,Warren,Black,M,M,2026-01-14
26539.0,26539,Faith,Hayes,S,F,2026-01-14
26540.0,26540,Jada,Sanchez,S,F,2026-01-14
26541.0,26541,Alexis,Butler,M,F,2026-01-14
26542.0,26542,Jamie,Torres,M,M,2026-01-14
26543.0,26543,Susan,Guo,S,F,2026-01-14
26544.0,26544,Riley,Ramirez,M,F,2026-01-14
26545.0,26545,Taylor,Ross,M,F,2026-01-14
26546.0,26546,Miguel,Bennett,M,M,2026-01-14
26547.0,26547,Barbara,Beck,S,F,2026-01-14
26548.0,26548,Casey,Suarez,S,M,2026-01-14
26549.0,26549,Jamie,Sanz,S,M,2026-01-14
26550.0,26550,Alex,Morris,S,M,2026-01-14
26551.0,26551,Noah,Moore,S,M,2026-01-14
26552.0,26552,Judith,Turner,M,F,2026-01-14
26553.0,26553,Kayla,Powell,S,F,2026-01-14
26554.0,26554,Michael,Garcia,S,M,2026-01-14
26555.0,26555,Jeremy,Perry,S,M,2026-01-14
26556.0,26556,Jeremy,Cooper,M,M,2026-01-14
26557.0,26557,Katelyn,Morgan,S,F,2026-01-14
26558.0,26558,Holly,Garcia,M,F,2026-01-14
26559.0,26559,Marshall,Ye,S,M,2026-01-14
26560.0,26560,Lindsey,Shen,M,F,2026-01-14
26561.0,26561,Hannah,Lewis,M,F,2026-01-14
26562.0,26562,Edward,Wilson,M,M,2026-01-14
26563.0,26563,Keith,She,M,M,2026-01-14
26564.0,26564,Franklin,Chen,S,M,2026-01-14
26565.0,26565,Gabriel,Mitchell,S,M,2026-01-14
26566.0,26566,Crystal,Chen,S,F,2026-01-14
26567.0,26567,Michele,Rai,S,F,2026-01-14
26568.0,26568,Nancy,Kovar,S,F,2026-01-14
26569.0,26569,Michelle,Sanchez,M,F,2026-01-14
26570.0,26570,Hunter,Gonzales,M,M,2026-01-14
26571.0,26571,Lacey,Pal,S,F,2026-01-14
26572.0,26572,Jessica,Russell,S,F,2026-01-14
26573.0,26573,Samantha,Clark,M,F,2026-01-14
26574.0,26574,Jordan,Allen,M,M,2026-01-14
26575.0,26575,Toni,Gonzalez,S,F,2026-01-14
26576.0,26576,Kaitlyn,Robinson,M,F,2026-01-14
26577.0,26577,Cindy,Edwards,M,F,2026-01-14
26578.0,26578,Jeremy,White,S,M,2026-01-14
26579.0,26579,Hunter,Hayes,S,M,2026-01-14
26580.0,26580,Paige,Ramirez,M,F,2026-01-14
26581.0,26581,Mariah,Patterson,M,F,2026-01-14
26582.0,26582,Fernando,Moore,M,M,2026-01-14
26583.0,26583,James,Patterson,S,M,2026-01-14
26584.0,26584,Benjamin,Alexander,M,M,2026-01-14
26585.0,26585,Alejandro,Xu,S,M,2026-01-14
26586.0,26586,Alexandra,Baker,M,F,2026-01-14
26587.0,26587,Mario,Johnsen,S,M,2026-01-14
26588.0,26588,Dustin,Pal,M,M,2026-01-14
26589.0,26589,Julie,Tang,S,F,2026-01-14
26590.0,26590,Jorge,Guo,M,M,2026-01-14
26591.0,26591,Aimee,Chen,S,F,2026-01-14
26592.0,26592,Brenda,Lopez,S,F,2026-01-14
26593.0,26593,Eduardo,Campbell,S,M,2026-01-14
26594.0,26594,Melissa,Wood,M,F,2026-01-14
26595.0,26595,Alyssa,Bailey,M,F,2026-01-14
26596.0,26596,Antonio,Hayes,M,M,2026-01-14
26597.0,26597,Madison,Lewis,S,F,2026-01-14
26598.0,26598,Charles,Adams,S,M,2026-01-14
26599.0,26599,Allison,Reed,M,F,2026-01-14
26600.0,26600,Michelle,Gray,S,F,2026-01-14
26601.0,26601,Kyle,Gonzalez,S,M,2026-01-14
26602.0,26602,Noah,Yang,S,M,2026-01-14
26603.0,26603,Sheila,Ruiz,S,F,2026-01-14
26604.0,26604,Elizabeth,West,S,F,2026-01-14
26605.0,26605,Brandon,Foster,S,M,2026-01-14
26606.0,26606,Hannah,Harris,S,F,2026-01-14
26607.0,26607,Natalie,Powell,M,F,2026-01-14
26608.0,26608,Aaron,Nelson,S,M,2026-01-14
26609.0,26609,Abigail,Kelly,M,F,2026-01-14
26610.0,26610,Mary,Perez,M,F,2026-01-14
26611.0,26611,Kayla,Henderson,M,F,2026-01-14
26612.0,26612,Janet,Romero,M,F,2026-01-14
26613.0,26613,Priscilla,Lal,M,F,2026-01-14
26614.0,26614,Richard,Robinson,S,M,2026-01-14
26615.0,26615,David,Powell,M,M,2026-01-14
26616.0,26616,Colin,Goel,M,M,2026-01-14
26617.0,26617,Isaiah,Peterson,M,M,2026-01-14
26618.0,26618,Amanda,Morris,M,F,2026-01-14
26619.0,26619,Thomas,Hill,M,M,2026-01-14
26620.0,26620,Isabella,Green,S,F,2026-01-14
26621.0,26621,Sarah,Wood,S,F,2026-01-14
26622.0,26622,Jan,Howard,S,F,2026-01-14
26623.0,26623,Alexandra,Ross,S,F,2026-01-14
26624.0,26624,Elizabeth,Russell,S,F,2026-01-14
26625.0,26625,Lauren,Barnes,S,F,2026-01-14
26626.0,26626,Dalton,Taylor,S,M,2026-01-14
26627.0,26627,Jose,Alexander,M,M,2026-01-14
26628.0,26628,Lucas,Lee,S,M,2026-01-14
26629.0,26629,Miranda,Price,M,F,2026-01-14
26630.0,26630,Vanessa,Powell,M,F,2026-01-14
26631.0,26631,Isaiah,Stewart,M,M,2026-01-14
26632.0,26632,Isabella,Moore,M,F,2026-01-14
26633.0,26633,Gabrielle,Ward,M,F,2026-01-14
26634.0,26634,Devin,Walker,M,M,2026-01-14
26635.0,26635,Jasmine,Harris,M,F,2026-01-14
26636.0,26636,Miguel,Walker,M,M,2026-01-14
26637.0,26637,Thomas,Robinson,M,M,2026-01-14
26638.0,26638,Olivia,Flores,S,F,2026-01-14
26639.0,26639,Riley,Diaz,M,F,2026-01-14
26640.0,26640,Eduardo,Lopez,S,M,2026-01-14
26641.0,26641,Arturo,Xie,S,M,2026-01-14
26642.0,26642,Gabrielle,Evans,M,F,2026-01-14
26643.0,26643,Benjamin,Miller,M,M,2026-01-14
26644.0,26644,Jenna,Hernandez,S,F,2026-01-14
26645.0,26645,Morgan,Richardson,S,F,2026-01-14
26646.0,26646,Jordyn,Perry,S,F,2026-01-14
26647.0,26647,Jasmine,Simmons,S,F,2026-01-14
26648.0,26648,Riley,Rogers,S,F,2026-01-14
26649.0,26649,Emily,Perry,S,F,2026-01-14
26650.0,26650,Kevin,Collins,S,M,2026-01-14
26651.0,26651,Gregory,Nara,S,M,2026-01-14
26652.0,26652,Bruce,Moreno,M,M,2026-01-14
26653.0,26653,Kaylee,Allen,M,F,2026-01-14
26654.0,26654,Kathleen,Jimenez,M,F,2026-01-14
26655.0,26655,Kelvin,Sharma,M,M,2026-01-14
26656.0,26656,Amanda,Hall,M,F,2026-01-14
26657.0,26657,Lucas,Hughes,S,M,2026-01-14
26658.0,26658,Darryl,Liang,M,M,2026-01-14
26659.0,26659,Katrina,Yuan,M,F,2026-01-14
26660.0,26660,Kern,Sutton,M,M,2026-01-14
26661.0,26661,Dawn,Zhu,S,F,2026-01-14
26662.0,26662,Lori,Alvarez,S,F,2026-01-14
26663.0,26663,Joanna,Serrano,S,F,2026-01-14
26664.0,26664,Amy,Zhu,M,F,2026-01-14
26665.0,26665,Jésus,Vazquez,S,M,2026-01-14
26666.0,26666,Ashlee,Beck,S,F,2026-01-14
26667.0,26667,Jillian,Patel,S,F,2026-01-14
26668.0,26668,Toni,Madan,M,F,2026-01-14
26669.0,26669,Curtis,Zeng,M,M,2026-01-14
26670.0,26670,Jerry,Johnsen,M,M,2026-01-14
26671.0,26671,Arthur,Patel,M,M,2026-01-14
26672.0,26672,Kelli,Sharma,M,F,2026-01-14
26673.0,26673,Austin,Alexander,M,M,2026-01-14
26674.0,26674,Ashley,Jackson,M,F,2026-01-14
26675.0,26675,Natalie,King,M,F,2026-01-14
26676.0,26676,Emily,Jenkins,M,F,2026-01-14
26677.0,26677,William,Johnson,M,M,2026-01-14
26678.0,26678,Miranda,Hughes,S,F,2026-01-14
26679.0,26679,Noah,Perry,M,M,2026-01-14
26680.0,26680,Melissa,Powell,S,F,2026-01-14
26681.0,26681,Zachary,Jackson,S,M,2026-01-14
26682.0,26682,Richard,Diaz,M,M,2026-01-14
26683.0,26683,Mariah,Simmons,S,F,2026-01-14
26684.0,26684,Dustin,Andersen,M,M,2026-01-14
26685.0,26685,Noah,Baker,S,M,2026-01-14
26686.0,26686,Christian,Washington,M,M,2026-01-14
26687.0,26687,Marshall,Xu,M,M,2026-01-14
26688.0,26688,Brittney,Xu,M,F,2026-01-14
26689.0,26689,Arthur,Gill,S,M,2026-01-14
26690.0,26690,Alexia,Bennett,M,F,2026-01-14
26691.0,26691,Tina,Suri,S,F,2026-01-14
26692.0,26692,Isabella,Brown,M,F,2026-01-14
26693.0,26693,Charles,Perez,M,M,2026-01-14
26694.0,26694,Aaron,Hughes,S,M,2026-01-14
26695.0,26695,Jocelyn,Diaz,M,F,2026-01-14
26696.0,26696,Robyn,Suarez,S,F,2026-01-14
26697.0,26697,Manuel,Arun,M,M,2026-01-14
26698.0,26698,Brooke,Rivera,M,F,2026-01-14
26699.0,26699,Joan,Coleman,S,F,2026-01-14
26700.0,26700,Sydney,Ramirez,S,F,2026-01-14
26701.0,26701,Katherine,Hill,M,F,2026-01-14
26702.0,26702,Cynthia,Arun,M,F,2026-01-14
26703.0,26703,Wyatt,Miller,M,M,2026-01-14
26704.0,26704,Frank,Alvarez,S,M,2026-01-14
26705.0,26705,Eric,Jenkins,S,M,2026-01-14
26706.0,26706,Bailey,Mitchell,M,F,2026-01-14
26707.0,26707,Sydney,Brooks,M,F,2026-01-14
26708.0,26708,Katherine,Washington,S,F,2026-01-14
26709.0,26709,Mary,King,S,F,2026-01-14
26710.0,26710,Jan,Green,M,F,2026-01-14
26711.0,26711,Mya,Bryant,S,F,2026-01-14
26712.0,26712,Ashley,Wilson,S,F,2026-01-14
26713.0,26713,Stephanie,Edwards,M,F,2026-01-14
26714.0,26714,Angela,Long,S,F,2026-01-14
26715.0,26715,Gabriella,Bell,M,F,2026-01-14
26716.0,26716,Megan,Smith,M,F,2026-01-14
26717.0,26717,David,Simpson,M,M,2026-01-14
26718.0,26718,Richard,Flores,M,M,2026-01-14
26719.0,26719,Tamara,Li,S,F,2026-01-14
26720.0,26720,Seth,Watson,M,M,2026-01-14
26721.0,26721,Paula,Jimenez,S,F,2026-01-14
26722.0,26722,Alexandra,McDonald,M,F,2026-01-14
26723.0,26723,Devin,Kelly,S,M,2026-01-14
26724.0,26724,Sydney,Edwards,S,F,2026-01-14
26725.0,26725,Alexis,Smith,M,F,2026-01-14
26726.0,26726,Danielle,Rivera,S,F,2026-01-14
26727.0,26727,Jose,Clark,M,M,2026-01-14
26728.0,26728,Elijah,Roberts,S,M,2026-01-14
26729.0,26729,Brian,Gray,S,M,2026-01-14
26730.0,26730,Rachel,Sanchez,S,F,2026-01-14
26731.0,26731,Ethan,Clark,M,M,2026-01-14
26732.0,26732,Martin,Rienstra,S,M,2026-01-14
26733.0,26733,Benjamin,Smith,M,M,2026-01-14
26734.0,26734,Morgan,Powell,M,F,2026-01-14
26735.0,26735,Grace,White,S,F,2026-01-14
26736.0,26736,Lacey,Xu,S,F,2026-01-14
26737.0,26737,Katherine,Young,S,F,2026-01-14
26738.0,26738,Katherine,Simmons,S,F,2026-01-14
26739.0,26739,Corey,Shen,M,M,2026-01-14
26740.0,26740,Donald,Lopez,M,M,2026-01-14
26741.0,26741,Nichole,Pal,M,F,2026-01-14
26742.0,26742,James,Collins,M,M,2026-01-14
26743.0,26743,Derek,Chande,S,M,2026-01-14
26744.0,26744,Mitchell,Yuan,M,M,2026-01-14
26745.0,26745,Valerie,Huang,M,F,2026-01-14
26746.0,26746,Amber,Adams,S,F,2026-01-14
26747.0,26747,Candice,Cai,S,F,2026-01-14
26748.0,26748,Stacey,She,S,F,2026-01-14
26749.0,26749,Rafael,Sun,M,M,2026-01-14
26750.0,26750,Randall,Alvarez,S,M,2026-01-14
26751.0,26751,Mallory,Serrano,S,F,2026-01-14
26752.0,26752,Henry,Perez,M,M,2026-01-14
26753.0,26753,Summer,Patel,S,F,2026-01-14
26754.0,26754,Candice,Zimmerman,S,F,2026-01-14
26755.0,26755,Brendan,Jai,M,M,2026-01-14
26756.0,26756,Brooke,Gray,S,F,2026-01-14
26757.0,26757,Evan,Rivera,S,M,2026-01-14
26758.0,26758,Damien,Zhang,S,M,2026-01-14
26759.0,26759,Hailey,Allen,M,F,2026-01-14
26760.0,26760,Katherine,Butler,S,F,2026-01-14
26761.0,26761,Tabitha,Prasad,M,F,2026-01-14
26762.0,26762,Rachael,Perez,M,F,2026-01-14
26763.0,26763,Grant,Shen,M,M,2026-01-14
26764.0,26764,Alvin,Li,M,M,2026-01-14
26765.0,26765,Dominique,Chandra,S,F,2026-01-14
26766.0,26766,Jodi,Andersen,M,F,2026-01-14
26767.0,26767,Alisha,Goel,S,F,2026-01-14
26768.0,26768,Cristina,Shen,M,F,2026-01-14
26769.0,26769,Holly,Sai,M,F,2026-01-14
26770.0,26770,Katie,Ashe,M,F,2026-01-14
26771.0,26771,Eric,Shan,M,M,2026-01-14
26772.0,26772,Jamie,Hu,M,F,2026-01-14
26773.0,26773,Meghan,Martin,M,F,2026-01-14
26774.0,26774,Arianna,Ross,M,F,2026-01-14
26775.0,26775,Riley,Bryant,M,F,2026-01-14
26776.0,26776,Jenny,Guo,S,F,2026-01-14
26777.0,26777,Andrew,Clark,S,M,2026-01-14
26778.0,26778,Sierra,Perez,S,F,2026-01-14
26779.0,26779,Alexandra,Henderson,M,F,2026-01-14
26780.0,26780,Julia,Butler,S,F,2026-01-14
26781.0,26781,Jan,Cox,M,F,2026-01-14
26782.0,26782,Seth,Lewis,S,M,2026-01-14
26783.0,26783,Juan,Torres,M,M,2026-01-14
26784.0,26784,Walter,Torres,S,M,2026-01-14
26785.0,26785,Raul,Raje,M,M,2026-01-14
26786.0,26786,Seth,Smith,S,M,2026-01-14
26787.0,26787,Austin,Moore,S,M,2026-01-14
26788.0,26788,Destiny,Howard,S,F,2026-01-14
26789.0,26789,Chase,Morris,S,M,2026-01-14
26790.0,26790,Chloe,Cook,S,F,2026-01-14
26791.0,26791,Kelvin,Nath,S,M,2026-01-14
26792.0,26792,Casey,Torres,S,M,2026-01-14
26793.0,26793,Jesse,Nelson,S,M,2026-01-14
26794.0,26794,Michele,Dominguez,M,F,2026-01-14
26795.0,26795,Elijah,Shan,M,M,2026-01-14
26796.0,26796,Warren,Raji,S,M,2026-01-14
26797.0,26797,Marshall,Hu,S,M,2026-01-14
26798.0,26798,Jeremiah,Garcia,M,M,2026-01-14
26799.0,26799,Ryan,Russell,M,M,2026-01-14
26800.0,26800,Lauren,Lewis,S,F,2026-01-14
26801.0,26801,Wyatt,Washington,M,M,2026-01-14
26802.0,26802,Lucas,Sanders,S,M,2026-01-14
26803.0,26803,Xavier,Bennett,M,M,2026-01-14
26804.0,26804,Trinity,Sanders,S,F,2026-01-14
26805.0,26805,Alexandria,Reed,S,F,2026-01-14
26806.0,26806,Caleb,Mitchell,M,M,2026-01-14
26807.0,26807,Angel,Hall,S,M,2026-01-14
26808.0,26808,Kimberly,Howard,S,F,2026-01-14
26809.0,26809,Julia,Morgan,S,F,2026-01-14
26810.0,26810,Melanie,Stewart,S,F,2026-01-14
26811.0,26811,Rachael,Sanchez,S,F,2026-01-14
26812.0,26812,James,Hernandez,M,M,2026-01-14
26813.0,26813,Xavier,Diaz,S,M,2026-01-14
26814.0,26814,Alex,Hernandez,M,M,2026-01-14
26815.0,26815,Erin,Cox,M,F,2026-01-14
26816.0,26816,Ronnie,Wu,M,M,2026-01-14
26817.0,26817,Melvin,Ashe,S,M,2026-01-14
26818.0,26818,Eduardo,Coleman,S,M,2026-01-14
26819.0,26819,Devin,Mitchell,M,M,2026-01-14
26820.0,26820,Carol,Nath,M,F,2026-01-14
26821.0,26821,Tamara,Guo,M,F,2026-01-14
26822.0,26822,Cindy,Gonzalez,S,F,2026-01-14
26823.0,26823,Kaitlin,Raman,S,F,2026-01-14
26824.0,26824,Theresa,Blanco,S,F,2026-01-14
26825.0,26825,Jamie,Jimenez,M,M,2026-01-14
26826.0,26826,Kendra,Romero,S,F,2026-01-14
26827.0,26827,Renee,Rubio,S,F,2026-01-14
26828.0,26828,Stephanie,Rivera,M,F,2026-01-14
26829.0,26829,Morgan,Evans,M,F,2026-01-14
26830.0,26830,Levi,Perez,M,M,2026-01-14
26831.0,26831,Drew,Raje,M,M,2026-01-14
26832.0,26832,Kate,Xie,M,F,2026-01-14
26833.0,26833,Kelvin,Rai,M,M,2026-01-14
26834.0,26834,Teresa,Romero,M,F,2026-01-14
26835.0,26835,Kyle,Turner,M,M,2026-01-14
26836.0,26836,Hector,Diaz,S,M,2026-01-14
26837.0,26837,Albert,Martin,M,M,2026-01-14
26838.0,26838,Cassie,Shan,S,F,2026-01-14
26839.0,26839,Jeremy,Nelson,S,M,2026-01-14
26840.0,26840,Eric,Yang,M,M,2026-01-14
26841.0,26841,Roberto,Jiménez,M,M,2026-01-14
26842.0,26842,Felicia,Alonso,M,F,2026-01-14
26843.0,26843,Noah,Gonzalez,S,M,2026-01-14
26844.0,26844,Erin,Cooper,S,F,2026-01-14
26845.0,26845,Theodore,Ortega,S,M,2026-01-14
26846.0,26846,Dustin,Kumar,M,M,2026-01-14
26847.0,26847,Brent,Yang,S,M,2026-01-14
26848.0,26848,Alisha,Rai,M,F,2026-01-14
26849.0,26849,Billy,Martin,M,M,2026-01-14
26850.0,26850,Terry,Luo,S,M,2026-01-14
26851.0,26851,Diane,Alvarez,S,F,2026-01-14
26852.0,26852,Karen,She,M,F,2026-01-14
26853.0,26853,Shane,Rana,S,M,2026-01-14
26854.0,26854,Jonathan,Hayes,S,M,2026-01-14
26855.0,26855,Carla,Fernandez,M,F,2026-01-14
26856.0,26856,Jessica,Brooks,M,F,2026-01-14
26857.0,26857,Willie,Anand,M,M,2026-01-14
26858.0,26858,Samuel,Lopez,M,M,2026-01-14
26859.0,26859,Darrell,Pal,M,M,2026-01-14
26860.0,26860,Olivia,Miller,M,F,2026-01-14
26861.0,26861,Bruce,Gutierrez,S,M,2026-01-14
26862.0,26862,Tina,Vance,S,F,2026-01-14
26863.0,26863,Alvin,Chen,S,M,2026-01-14
26864.0,26864,Christine,Sutton,S,F,2026-01-14
26865.0,26865,Tabitha,Martinez,M,F,2026-01-14
26866.0,26866,Jada,Allen,S,F,2026-01-14
26867.0,26867,Danny,Romero,M,M,2026-01-14
26868.0,26868,Lydia,Raman,M,F,2026-01-14
26869.0,26869,Anne,Sims,M,M,2026-01-14
26870.0,26870,Jill,Gill,M,F,2026-01-14
26871.0,26871,Justin,Chen,S,M,2026-01-14
26872.0,26872,Wyatt,Hughes,M,M,2026-01-14
26873.0,26873,Ann,Suri,S,F,2026-01-14
26874.0,26874,Jorge,Zhang,S,M,2026-01-14
26875.0,26875,Bobby,Perez,S,M,2026-01-14
26876.0,26876,Holly,Lopez,S,F,2026-01-14
26877.0,26877,Damien,Nara,M,M,2026-01-14
26878.0,26878,Madeline,Roberts,M,F,2026-01-14
26879.0,26879,Shannon,Lin,S,F,2026-01-14
26880.0,26880,Heather,Xu,S,F,2026-01-14
26881.0,26881,Regina,Fernandez,M,F,2026-01-14
26882.0,26882,Mayra,Sanchez,S,F,2026-01-14
26883.0,26883,Shelby,Bradley,S,F,2026-01-14
26884.0,26884,Paige,James,S,F,2026-01-14
26885.0,26885,Victor,Martin,S,M,2026-01-14
26886.0,26886,Jasmine,Robinson,S,F,2026-01-14
26887.0,26887,Janelle,Rodriguez,M,F,2026-01-14
26888.0,26888,Bruce,Fernandez,S,M,2026-01-14
26889.0,26889,Natasha,Torres,S,F,2026-01-14
26890.0,26890,Bryan,Rogers,M,M,2026-01-14
26891.0,26891,Arturo,Zhang,M,M,2026-01-14
26892.0,26892,Cody,Rogers,M,M,2026-01-14
26893.0,26893,Sharon,Deng,M,F,2026-01-14
26894.0,26894,Lindsey,Goel,S,F,2026-01-14
26895.0,26895,Christine,Shan,S,F,2026-01-14
26896.0,26896,Michele,Malhotra,S,F,2026-01-14
26897.0,26897,Katrina,Xie,M,F,2026-01-14
26898.0,26898,Ashley,Simmons,S,F,2026-01-14
26899.0,26899,Rachael,Vance,M,F,2026-01-14
26900.0,26900,Rosa,Sun,S,F,2026-01-14
26901.0,26901,Louis,Nara,M,M,2026-01-14
26902.0,26902,Clifford,Mehta,M,M,2026-01-14
26903.0,26903,Rafael,Luo,M,M,2026-01-14
26904.0,26904,Judith,Parker,S,F,2026-01-14
26905.0,26905,Kari,Serrano,S,F,2026-01-14
26906.0,26906,Darrell,Rai,M,M,2026-01-14
26907.0,26907,Dana,Torres,M,F,2026-01-14
26908.0,26908,Glenn,Zheng,M,M,2026-01-14
26909.0,26909,Christine,Nath,S,F,2026-01-14
26910.0,26910,Kristina,Kovar,S,F,2026-01-14
26911.0,26911,Kristi,Gomez,S,F,2026-01-14
26912.0,26912,Denise,Rodriguez,S,F,2026-01-14
26913.0,26913,Harold,Lopez,M,M,2026-01-14
26914.0,26914,Cindy,Prasad,S,F,2026-01-14
26915.0,26915,Peter,Kumar,S,M,2026-01-14
26916.0,26916,Mackenzie,King,M,F,2026-01-14
26917.0,26917,Roberto,Dominguez,M,M,2026-01-14
26918.0,26918,Krista,Hernandez,S,F,2026-01-14
26919.0,26919,Ramon,He,S,M,2026-01-14
26920.0,26920,Jon,Chen,M,M,2026-01-14
26921.0,26921,Cynthia,Weber,M,F,2026-01-14
26922.0,26922,Trevor,Powell,M,M,2026-01-14
26923.0,26923,Krystal,Ye,M,F,2026-01-14
26924.0,26924,Erica,Zeng,S,F,2026-01-14
26925.0,26925,Dominic,Rana,S,M,2026-01-14
26926.0,26926,Sergio,Mehta,M,M,2026-01-14
26927.0,26927,Jill,Dominguez,M,F,2026-01-14
26928.0,26928,Roger,Nara,S,M,2026-01-14
26929.0,26929,Maurice,Pal,M,M,2026-01-14
26930.0,26930,Sharon,Andersen,M,F,2026-01-14
26931.0,26931,Edward,Lopez,M,M,2026-01-14
26932.0,26932,Kristina,Raman,S,F,2026-01-14
26933.0,26933,Jessie,Sanz,M,F,2026-01-14
26934.0,26934,Kelli,Chander,S,F,2026-01-14
26935.0,26935,Gabriel,Butler,S,M,2026-01-14
26936.0,26936,Jaclyn,He,S,F,2026-01-14
26937.0,26937,Audrey,Navarro,S,F,2026-01-14
26938.0,26938,Maurice,Shen,M,M,2026-01-14
26939.0,26939,Craig,Diaz,M,M,2026-01-14
26940.0,26940,Franklin,Tang,S,M,2026-01-14
26941.0,26941,Gerald,Vazquez,M,M,2026-01-14
26942.0,26942,Tanya,Alonso,S,F,2026-01-14
26943.0,26943,Ashlee,Xie,S,F,2026-01-14
26944.0,26944,Drew,Nara,S,M,2026-01-14
26945.0,26945,Katelyn,Hill,S,F,2026-01-14
26946.0,26946,Andre,Madan,S,M,2026-01-14
26947.0,26947,Suzanne,Ma,S,F,2026-01-14
26948.0,26948,Abby,Garcia,S,F,2026-01-14
26949.0,26949,Lindsey,Chander,S,F,2026-01-14
26950.0,26950,Dominic,Suri,M,M,2026-01-14
26951.0,26951,Trisha,Hu,S,F,2026-01-14
26952.0,26952,Mircea,Singer,M,F,2026-01-14
26953.0,26953,Roy,Rubio,M,M,2026-01-14
26954.0,26954,Gerald,Torres,S,M,2026-01-14
26955.0,26955,Carlos,Cook,M,M,2026-01-14
26956.0,26956,Kristin,Pal,S,F,2026-01-14
26957.0,26957,Kristina,Sai,S,F,2026-01-14
26958.0,26958,Jerry,Xu,M,M,2026-01-14
26959.0,26959,Alisha,Nara,M,F,2026-01-14
26960.0,26960,Jose,Thomas,S,M,2026-01-14
26961.0,26961,Carly,Chander,M,F,2026-01-14
26962.0,26962,Francis,Moreno,M,M,2026-01-14
26963.0,26963,Meredith,Arun,S,F,2026-01-14
26964.0,26964,Kelli,Tang,S,F,2026-01-14
26965.0,26965,Jordan,Nelson,M,F,2026-01-14
26966.0,26966,Cedric,Zhang,S,M,2026-01-14
26967.0,26967,Edwin,Li,S,M,2026-01-14
26968.0,26968,Henry,Sanchez,M,M,2026-01-14
26969.0,26969,Cedric,Hu,S,M,2026-01-14
26970.0,26970,Kara,Rai,S,F,2026-01-14
26971.0,26971,Douglas,Madan,S,M,2026-01-14
26972.0,26972,Kristopher,Sara,S,M,2026-01-14
26973.0,26973,Alberto,Rowe,M,M,2026-01-14
26974.0,26974,Philip,Suarez,S,M,2026-01-14
26975.0,26975,Janet,Ward,S,F,2026-01-14
26976.0,26976,Erik,Serrano,S,M,2026-01-14
26977.0,26977,Barry,Madan,S,M,2026-01-14
26978.0,26978,Cassie,Sharma,M,F,2026-01-14
26979.0,26979,Christy,Jai,M,F,2026-01-14
26980.0,26980,Marc,Suarez,M,M,2026-01-14
26981.0,26981,Audrey,Suarez,S,F,2026-01-14
26982.0,26982,Jose,Muñoz,S,M,2026-01-14
26983.0,26983,Adriana,Vance,M,F,2026-01-14
26984.0,26984,Manuel,Prasad,M,M,2026-01-14
26985.0,26985,Jésus,Diaz,M,M,2026-01-14
26986.0,26986,Riley,Watson,M,F,2026-01-14
26987.0,26987,Roy,Lopez,M,M,2026-01-14
26988.0,26988,Brandy,Srini,M,F,2026-01-14
26989.0,26989,Mason,Campbell,M,M,2026-01-14
26990.0,26990,Darren,Patel,M,M,2026-01-14
26991.0,26991,Rodney,Ortega,M,M,2026-01-14
26992.0,26992,Brad,Andersen,S,M,2026-01-14
26993.0,26993,Julio,Gill,S,M,2026-01-14
26994.0,26994,Erika,Torres,M,F,2026-01-14
26995.0,26995,Caleb,Washington,M,M,2026-01-14
26996.0,26996,Natasha,Oliver,S,F,2026-01-14
26997.0,26997,Katie,Becker,M,F,2026-01-14
26998.0,26998,Fernando,Perry,M,M,2026-01-14
26999.0,26999,Samuel,Brown,S,M,2026-01-14
27000.0,27000,Brandi,Dominguez,S,F,2026-01-14
27001.0,27001,Carla,Kapoor,M,F,2026-01-14
27002.0,27002,Kelvin,She,M,M,2026-01-14
27003.0,27003,Roger,Jai,M,M,2026-01-14
27004.0,27004,Philip,Moreno,S,M,2026-01-14
27005.0,27005,Susan,Lin,S,F,2026-01-14
27006.0,27006,Shane,Madan,S,M,2026-01-14
27007.0,27007,Joe,Gonzalez,S,M,2026-01-14
27008.0,27008,Oscar,Blue,S,M,2026-01-14
27009.0,27009,Erica,Lu,S,F,2026-01-14
27010.0,27010,Jordyn,Patterson,M,F,2026-01-14
27011.0,27011,Kevin,Powell,M,M,2026-01-14
27012.0,27012,Anne,Jiménez,S,F,2026-01-14
27013.0,27013,Alisha,Yuan,M,F,2026-01-14
27014.0,27014,Luke,Hughes,M,M,2026-01-14
27015.0,27015,Jessica,Torres,S,F,2026-01-14
27016.0,27016,Lauren,Reed,S,F,2026-01-14
27017.0,27017,Jonathan,Thompson,S,M,2026-01-14
27018.0,27018,Blake,Price,S,M,2026-01-14
27019.0,27019,Victoria,Jackson,S,F,2026-01-14
27020.0,27020,Rachel,Perry,M,F,2026-01-14
27021.0,27021,Victoria,Peterson,M,F,2026-01-14
27022.0,27022,Anthony,Johnson,S,M,2026-01-14
27023.0,27023,Emily,Simmons,S,F,2026-01-14
27024.0,27024,Austin,Patterson,S,M,2026-01-14
27025.0,27025,Jasmine,Rivera,S,F,2026-01-14
27026.0,27026,Jonathan,Perry,S,M,2026-01-14
27027.0,27027,Jennifer,White,S,F,2026-01-14
27028.0,27028,Sarah,Robinson,S,F,2026-01-14
27029.0,27029,Elizabeth,Hughes,S,F,2026-01-14
27030.0,27030,Jan,Gray,S,F,2026-01-14
27031.0,27031,Jessica,Garcia,S,F,2026-01-14
27032.0,27032,Miguel,Garcia,S,M,2026-01-14
27033.0,27033,Ernest,Harrison,S,M,2026-01-14
27034.0,27034,Corey,Nara,S,M,2026-01-14
27035.0,27035,Ana,Long,S,F,2026-01-14
27036.0,27036,Hunter,Brown,S,M,2026-01-14
27037.0,27037,Lauren,Rodriguez,M,F,2026-01-14
27038.0,27038,Eduardo,Reed,M,M,2026-01-14
27039.0,27039,Jonathan,Lewis,S,M,2026-01-14
27040.0,27040,Paul,Singh,M,M,2026-01-14
27041.0,27041,Edward,Smith,S,M,2026-01-14
27042.0,27042,Noah,Roberts,M,M,2026-01-14
27043.0,27043,Dalton,Murphy,S,M,2026-01-14
27044.0,27044,Carol,Long,S,F,2026-01-14
27045.0,27045,Angel,Brooks,S,M,2026-01-14
27046.0,27046,Allison,Howard,M,F,2026-01-14
27047.0,27047,Yolanda,Rai,M,F,2026-01-14
27048.0,27048,Melanie,Watson,M,F,2026-01-14
27049.0,27049,Faith,Sanchez,M,F,2026-01-14
27050.0,27050,Chloe,Turner,S,F,2026-01-14
27051.0,27051,Charles,Brown,S,M,2026-01-14
27052.0,27052,Jada,Bailey,S,F,2026-01-14
27053.0,27053,Steven,Cook,S,M,2026-01-14
27054.0,27054,Shawn,Sharma,M,M,2026-01-14
27055.0,27055,Isabella,Sanchez,S,F,2026-01-14
27056.0,27056,Mackenzie,James,S,F,2026-01-14
27057.0,27057,Brooke,Morris,S,F,2026-01-14
27058.0,27058,Nathan,Butler,S,M,2026-01-14
27059.0,27059,Hunter,Perry,M,M,2026-01-14
27060.0,27060,Lucas,Coleman,M,M,2026-01-14
27061.0,27061,Gabrielle,Scott,S,F,2026-01-14
27062.0,27062,Edward,Harris,S,M,2026-01-14
27063.0,27063,Taylor,Flores,M,F,2026-01-14
27064.0,27064,Barbara,Chande,M,F,2026-01-14
27065.0,27065,Jordan,Wright,M,M,2026-01-14
27066.0,27066,Cole,Murphy,S,M,2026-01-14
27067.0,27067,Jennifer,Rodriguez,S,F,2026-01-14
27068.0,27068,Jade,Kelly,S,F,2026-01-14
27069.0,27069,Gabriella,Perez,M,F,2026-01-14
27070.0,27070,Nathan,Davis,M,M,2026-01-14
27071.0,27071,Anthony,Clark,S,M,2026-01-14
27072.0,27072,Alex,Baker,M,M,2026-01-14
27073.0,27073,Sydney,Sanders,M,F,2026-01-14
27074.0,27074,Kristi,Sanchez,M,F,2026-01-14
27075.0,27075,Jackson,Chen,M,M,2026-01-14
27076.0,27076,Dakota,Russell,M,M,2026-01-14
27077.0,27077,Robert,Henderson,S,M,2026-01-14
27078.0,27078,Chloe,Scott,M,F,2026-01-14
27079.0,27079,Natalie,Lewis,M,F,2026-01-14
27080.0,27080,Nathan,Campbell,M,M,2026-01-14
27081.0,27081,Jason,Ross,M,M,2026-01-14
27082.0,27082,Zachary,Taylor,M,M,2026-01-14
27083.0,27083,Kevin,Perry,M,M,2026-01-14
27084.0,27084,Fernando,Russell,M,M,2026-01-14
27085.0,27085,Christian,Wilson,M,M,2026-01-14
27086.0,27086,Lauren,Howard,M,F,2026-01-14
27087.0,27087,Justin,Clark,M,M,2026-01-14
27088.0,27088,Tristan,Patterson,S,M,2026-01-14
27089.0,27089,Janelle,Garcia,S,F,2026-01-14
27090.0,27090,Elizabeth,Brown,M,F,2026-01-14
27091.0,27091,Miguel,Martin,M,M,2026-01-14
27092.0,27092,Marissa,Ross,S,F,2026-01-14
27093.0,27093,Alexandra,Martin,S,F,2026-01-14
27094.0,27094,Sean,Kelly,S,M,2026-01-14
27095.0,27095,Spencer,Flores,M,M,2026-01-14
27096.0,27096,Chase,Watson,M,M,2026-01-14
27097.0,27097,Kaitlyn,Gonzales,M,F,2026-01-14
27098.0,27098,Sarah,Wilson,M,F,2026-01-14
27099.0,27099,Zachary,Williams,M,M,2026-01-14
27100.0,27100,Hunter,Walker,M,M,2026-01-14
27101.0,27101,Eduardo,Bell,S,M,2026-01-14
27102.0,27102,Katherine,Miller,S,F,2026-01-14
27103.0,27103,Chloe,Brooks,S,F,2026-01-14
27104.0,27104,Randy,Zhu,M,M,2026-01-14
27105.0,27105,Sean,Perez,S,M,2026-01-14
27106.0,27106,Jennifer,Allen,S,F,2026-01-14
27107.0,27107,Alexa,Stewart,M,F,2026-01-14
27108.0,27108,Rachel,Thompson,S,F,2026-01-14
27109.0,27109,Mandy,Cai,M,F,2026-01-14
27110.0,27110,Andrew,Miller,M,M,2026-01-14
27111.0,27111,Gabriel,Flores,M,M,2026-01-14
27112.0,27112,Caleb,Foster,S,M,2026-01-14
27113.0,27113,Ashley,Diaz,M,F,2026-01-14
27114.0,27114,Alexander,Thompson,M,M,2026-01-14
27115.0,27115,Kristi,Navarro,M,F,2026-01-14
27116.0,27116,Regina,Gonzalez,S,F,2026-01-14
27117.0,27117,Jermaine,Prasad,M,M,2026-01-14
27118.0,27118,Tina,Kapoor,M,F,2026-01-14
27119.0,27119,Mayra,Gonzalez,M,F,2026-01-14
27120.0,27120,Clarence,Kumar,M,M,2026-01-14
27121.0,27121,Teresa,Rubio,S,F,2026-01-14
27122.0,27122,Ernest,Liang,S,M,2026-01-14
27123.0,27123,Jaclyn,Xie,S,F,2026-01-14
27124.0,27124,Raymond,Kovar,M,M,2026-01-14
27125.0,27125,Albert,Dominguez,M,M,2026-01-14
27126.0,27126,Derek,Sharma,S,M,2026-01-14
27127.0,27127,Misty,Black,S,F,2026-01-14
27128.0,27128,Heather,Cai,S,F,2026-01-14
27129.0,27129,Mindy,Tang,S,F,2026-01-14
27130.0,27130,Eric,Parker,S,M,2026-01-14
27131.0,27131,Edgar,Madan,S,M,2026-01-14
27132.0,27132,Eduardo,Gonzalez,S,M,2026-01-14
27133.0,27133,Phillip,Arun,M,M,2026-01-14
27134.0,27134,Glenn,Chen,S,M,2026-01-14
27135.0,27135,David,Martin,S,M,2026-01-14
27136.0,27136,Isabella,Coleman,M,F,2026-01-14
27137.0,27137,Cindy,Lopez,S,F,2026-01-14
27138.0,27138,Veronica,Sara,M,F,2026-01-14
27139.0,27139,Jon,Liu,S,M,2026-01-14
27140.0,27140,Roger,Holt,S,M,2026-01-14
27141.0,27141,Tonya,Anand,M,F,2026-01-14
27142.0,27142,Lindsay,Andersen,S,F,2026-01-14
27143.0,27143,Alvin,Deng,S,M,2026-01-14
27144.0,27144,Franklin,Shen,S,M,2026-01-14
27145.0,27145,Pamela,Chapman,S,F,2026-01-14
27146.0,27146,Danny,Hernandez,S,M,2026-01-14
27147.0,27147,Melvin,Nara,S,M,2026-01-14
27148.0,27148,Edwin,Zhu,S,M,2026-01-14
27149.0,27149,Jeffery,She,M,M,2026-01-14
27150.0,27150,Lacey,Anand,M,F,2026-01-14
27151.0,27151,Carrie,Moreno,S,F,2026-01-14
27152.0,27152,Dawn,Wang,S,F,2026-01-14
27153.0,27153,Gina,Ruiz,S,F,2026-01-14
27154.0,27154,Holly,Arun,S,F,2026-01-14
27155.0,27155,Eric,Hall,M,M,2026-01-14
27156.0,27156,Makayla,Morgan,M,F,2026-01-14
27157.0,27157,Raul,Xu,M,M,2026-01-14
27158.0,27158,Lucas,Jones,M,M,2026-01-14
27159.0,27159,Veronica,Rodriguez,S,F,2026-01-14
27160.0,27160,Brandi,Vazquez,M,F,2026-01-14
27161.0,27161,Reginald,Gill,S,M,2026-01-14
27162.0,27162,Phillip,Madan,M,M,2026-01-14
27163.0,27163,Wayne,Luo,S,M,2026-01-14
27164.0,27164,Micheal,Carlson,S,M,2026-01-14
27165.0,27165,Bruce,Patel,S,M,2026-01-14
27166.0,27166,Trisha,Ye,S,F,2026-01-14
27167.0,27167,Tanya,Vazquez,M,F,2026-01-14
27168.0,27168,Donald,Madan,M,M,2026-01-14
27169.0,27169,Louis,Xu,S,M,2026-01-14
27170.0,27170,Douglas,Sara,M,M,2026-01-14
27171.0,27171,Kristi,Gill,S,F,2026-01-14
27172.0,27172,Jessie,Navarro,S,F,2026-01-14
27173.0,27173,Suzanne,Ye,M,F,2026-01-14
27174.0,27174,Fernando,Bennett,S,M,2026-01-14
27175.0,27175,Marshall,Raji,S,M,2026-01-14
27176.0,27176,Erik,Martin,M,M,2026-01-14
27177.0,27177,Henry,Arun,M,M,2026-01-14
27178.0,27178,Terrance,Mehta,S,M,2026-01-14
27179.0,27179,Jamie,Rubio,S,M,2026-01-14
27180.0,27180,Joe,Diaz,S,M,2026-01-14
27181.0,27181,Rafael,Deng,S,M,2026-01-14
27182.0,27182,Jarrod,Srini,M,M,2026-01-14
27183.0,27183,Geoffrey,Garcia,S,M,2026-01-14
27184.0,27184,Donald,Subram,S,M,2026-01-14
27185.0,27185,Haley,Nelson,S,F,2026-01-14
27186.0,27186,Lindsay,Shan,S,F,2026-01-14
27187.0,27187,Lucas,Diaz,M,M,2026-01-14
27188.0,27188,Claudia,She,S,F,2026-01-14
27189.0,27189,Elizabeth,Diaz,M,F,2026-01-14
27190.0,27190,Shelby,Reed,M,F,2026-01-14
27191.0,27191,David,Brown,S,M,2026-01-14
27192.0,27192,Angelica,Gonzales,S,F,2026-01-14
27193.0,27193,Daniel,Miller,S,M,2026-01-14
27194.0,27194,Chase,Cooper,M,M,2026-01-14
27195.0,27195,Robert,Perez,M,M,2026-01-14
27196.0,27196,Lauren,Robinson,S,F,2026-01-14
27197.0,27197,Isaiah,Bell,M,M,2026-01-14
27198.0,27198,Jocelyn,Flores,S,F,2026-01-14
27199.0,27199,Jesse,Wright,M,M,2026-01-14
27200.0,27200,Anna,Thompson,S,F,2026-01-14
27201.0,27201,Jose,Taylor,M,M,2026-01-14
27202.0,27202,James,Hall,S,M,2026-01-14
27203.0,27203,Jennifer,Sanchez,S,F,2026-01-14
27204.0,27204,Devin,Hall,S,M,2026-01-14
27205.0,27205,Erin,Murphy,M,F,2026-01-14
27206.0,27206,Marcus,Mitchell,M,M,2026-01-14
27207.0,27207,Taylor,Morris,S,F,2026-01-14
27208.0,27208,David,Chen,S,M,2026-01-14
27209.0,27209,Erick,Rodriguez,S,M,2026-01-14
27210.0,27210,Hunter,Flores,S,M,2026-01-14
27211.0,27211,Isaiah,Roberts,M,M,2026-01-14
27212.0,27212,Sophia,Roberts,M,F,2026-01-14
27213.0,27213,Julia,Lewis,S,F,2026-01-14
27214.0,27214,Bianca,Zimmerman,M,F,2026-01-14
27215.0,27215,Samantha,Hughes,S,F,2026-01-14
27216.0,27216,Ana,Diaz,M,F,2026-01-14
27217.0,27217,Julia,Walker,S,F,2026-01-14
27218.0,27218,Bailey,Allen,M,F,2026-01-14
27219.0,27219,Benjamin,Yang,S,M,2026-01-14
27220.0,27220,Jackson,Long,S,M,2026-01-14
27221.0,27221,Matthew,Jones,S,M,2026-01-14
27222.0,27222,Virginia,Sai,M,F,2026-01-14
27223.0,27223,Jeremy,Wright,M,M,2026-01-14
27224.0,27224,Jessica,Griffin,M,F,2026-01-14
27225.0,27225,Isaac,Murphy,M,M,2026-01-14
27226.0,27226,Christian,Wang,M,M,2026-01-14
27227.0,27227,Emily,Bryant,S,F,2026-01-14
27228.0,27228,Amanda,Young,M,F,2026-01-14
27229.0,27229,Zachary,Zhang,M,M,2026-01-14
27230.0,27230,Hunter,Wilson,S,M,2026-01-14
27231.0,27231,Tyrone,Ramos,S,M,2026-01-14
27232.0,27232,Ram,Thirunavukkarasu,S,M,2026-01-14
27233.0,27233,Seth,Ward,S,M,2026-01-14
27234.0,27234,Gabriel,Jenkins,S,M,2026-01-14
27235.0,27235,Robert,Li,S,M,2026-01-14
27236.0,27236,Nicole,Alexander,S,F,2026-01-14
27237.0,27237,Jasmine,Ramirez,M,F,2026-01-14
27238.0,27238,Jesse,Hernandez,S,M,2026-01-14
27239.0,27239,Noah,Simmons,S,M,2026-01-14
27240.0,27240,Dalton,Cooper,S,M,2026-01-14
27241.0,27241,Oscar,Butler,M,M,2026-01-14
27242.0,27242,Hunter,Diaz,M,M,2026-01-14
27243.0,27243,Mariah,Bailey,S,F,2026-01-14
27244.0,27244,Arianna,Kelly,M,F,2026-01-14
27245.0,27245,Lauren,Jones,M,F,2026-01-14
27246.0,27246,Aaron,Hall,M,M,2026-01-14
27247.0,27247,Blake,Hughes,M,M,2026-01-14
27248.0,27248,Kayla,Taylor,M,F,2026-01-14
27249.0,27249,Emma,Cox,M,F,2026-01-14
27250.0,27250,Virginia,Vance,M,F,2026-01-14
27251.0,27251,Jessica,Flores,M,F,2026-01-14
27252.0,27252,Andrea,Stewart,M,F,2026-01-14
27253.0,27253,Connor,Jai,M,M,2026-01-14
27254.0,27254,Theodore,Jimenez,M,M,2026-01-14
27255.0,27255,Xavier,Rivera,M,M,2026-01-14
27256.0,27256,Caleb,Lopez,M,M,2026-01-14
27257.0,27257,Rebekah,Sara,S,F,2026-01-14
27258.0,27258,Christian,Flores,S,M,2026-01-14
27259.0,27259,Angela,Diaz,M,F,2026-01-14
27260.0,27260,Candice,Ma,M,F,2026-01-14
27261.0,27261,Omar,Chande,M,M,2026-01-14
27262.0,27262,Courtney,Hill,M,F,2026-01-14
27263.0,27263,Aaron,Kumar,M,M,2026-01-14
27264.0,27264,Jacob,Clark,S,M,2026-01-14
27265.0,27265,Isabella,Thomas,S,F,2026-01-14
27266.0,27266,Riley,Gonzales,S,F,2026-01-14
27267.0,27267,Emily,Davis,S,F,2026-01-14
27268.0,27268,Latasha,Serrano,S,F,2026-01-14
27269.0,27269,Victoria,Lee,S,F,2026-01-14
27270.0,27270,Connor,Collins,M,M,2026-01-14
27271.0,27271,Anna,Reed,M,F,2026-01-14
27272.0,27272,Elijah,Chen,M,M,2026-01-14
27273.0,27273,Marcus,Miller,S,M,2026-01-14
27274.0,27274,Marcus,Morris,S,M,2026-01-14
27275.0,27275,Aidan,Powell,M,M,2026-01-14
27276.0,27276,Faith,Alexander,S,F,2026-01-14
27277.0,27277,Jeremy,Wood,M,M,2026-01-14
27278.0,27278,Brian,Cook,M,M,2026-01-14
27279.0,27279,Katelyn,Brooks,S,F,2026-01-14
27280.0,27280,Naomi,Gutierrez,M,F,2026-01-14
27281.0,27281,Jenny,Nath,S,F,2026-01-14
27282.0,27282,Barry,Perez,M,M,2026-01-14
27283.0,27283,Jamie,Hernandez,S,M,2026-01-14
27284.0,27284,Danielle,Bailey,M,F,2026-01-14
27285.0,27285,Zachary,Jones,S,M,2026-01-14
27286.0,27286,Shawn,Pal,S,M,2026-01-14
27287.0,27287,Samuel,Perez,M,M,2026-01-14
27288.0,27288,Destiny,Richardson,S,F,2026-01-14
27289.0,27289,Anna,Long,S,F,2026-01-14
27290.0,27290,Marcus,Evans,M,M,2026-01-14
27291.0,27291,Bobby,Mehta,S,M,2026-01-14
27292.0,27292,Julia,Evans,S,F,2026-01-14
27293.0,27293,Kaitlyn,Jackson,M,F,2026-01-14
27294.0,27294,Ana,Bradley,S,F,2026-01-14
27295.0,27295,Wyatt,Taylor,S,M,2026-01-14
27296.0,27296,Rodrigo,Ready,S,M,2026-01-14
27297.0,27297,Ashley,Coleman,S,F,2026-01-14
27298.0,27298,Jennifer,Coleman,S,F,2026-01-14
27299.0,27299,Micheal,Gutierrez,M,M,2026-01-14
27300.0,27300,Robert,Baker,M,M,2026-01-14
27301.0,27301,Clarence,Zhou,M,M,2026-01-14
27302.0,27302,Charles,Smith,M,M,2026-01-14
27303.0,27303,Arturo,Yang,M,M,2026-01-14
27304.0,27304,Alexandra,Robinson,S,F,2026-01-14
27305.0,27305,Terry,Nara,M,M,2026-01-14
27306.0,27306,Tony,Black,S,M,2026-01-14
27307.0,27307,Andre,Prasad,M,M,2026-01-14
27308.0,27308,Marie,Rana,S,F,2026-01-14
27309.0,27309,Tony,Deng,M,M,2026-01-14
27310.0,27310,Isabella,Hill,M,F,2026-01-14
27311.0,27311,Jenna,Adams,M,F,2026-01-14
27312.0,27312,Sandra,Sun,S,F,2026-01-14
27313.0,27313,Diane,Moreno,M,F,2026-01-14
27314.0,27314,Jarrod,Arthur,S,M,2026-01-14
27315.0,27315,James,Mitchell,M,M,2026-01-14
27316.0,27316,Jarrod,Malhotra,M,M,2026-01-14
27317.0,27317,Raymond,Lopez,M,M,2026-01-14
27318.0,27318,James,Bryant,M,M,2026-01-14
27319.0,27319,Ian,Bryant,M,M,2026-01-14
27320.0,27320,Jose,Green,M,M,2026-01-14
27321.0,27321,Dylan,Zhang,M,M,2026-01-14
27322.0,27322,Derrick,Bradley,S,M,2026-01-14
27323.0,27323,Michele,Shan,S,F,2026-01-14
27324.0,27324,Candice,Xu,S,F,2026-01-14
27325.0,27325,Todd,Liang,M,M,2026-01-14
27326.0,27326,Ashlee,Goel,S,F,2026-01-14
27327.0,27327,Melody,Nicholls,S,F,2026-01-14
27328.0,27328,Edgar,Srini,S,M,2026-01-14
27329.0,27329,Gloria,Vazquez,M,F,2026-01-14
27330.0,27330,Brendan,Nara,M,M,2026-01-14
27331.0,27331,Julia,Richardson,M,F,2026-01-14
27332.0,27332,Tony,Raji,M,M,2026-01-14
27333.0,27333,Kathryn,Luo,M,F,2026-01-14
27334.0,27334,Corey,Yuan,S,M,2026-01-14
27335.0,27335,Ricardo,Raji,M,M,2026-01-14
27336.0,27336,George,Suri,S,M,2026-01-14
27337.0,27337,Julia,Hall,M,F,2026-01-14
27338.0,27338,Virginia,Lopez,M,F,2026-01-14
27339.0,27339,Ann,Sai,S,F,2026-01-14
27340.0,27340,Francis,Carlson,S,M,2026-01-14
27341.0,27341,Kari,Sanz,S,F,2026-01-14
27342.0,27342,Henry,Rana,M,M,2026-01-14
27343.0,27343,Dale,Nath,S,M,2026-01-14
27344.0,27344,Hector,Sanz,S,M,2026-01-14
27345.0,27345,Darrell,Shan,S,M,2026-01-14
27346.0,27346,Leslie,Dominguez,S,F,2026-01-14
27347.0,27347,Jeffery,Lin,M,M,2026-01-14
27348.0,27348,Clayton,Zhou,M,M,2026-01-14
27349.0,27349,Sheila,Diaz,M,F,2026-01-14
27350.0,27350,Arthur,Subram,S,M,2026-01-14
27351.0,27351,Jenny,Liang,M,F,2026-01-14
27352.0,27352,Douglas,Subram,S,M,2026-01-14
27353.0,27353,Gilbert,Andersen,S,M,2026-01-14
27354.0,27354,Deanna,Patel,S,F,2026-01-14
27355.0,27355,Nelson,Suarez,M,M,2026-01-14
27356.0,27356,Mayra,Lopez,M,F,2026-01-14
27357.0,27357,Victor,Gutierrez,M,M,2026-01-14
27358.0,27358,Devon,Shen,M,M,2026-01-14
27359.0,27359,Morgan,Davis,S,F,2026-01-14
27360.0,27360,Kurt,Kumar,M,M,2026-01-14
27361.0,27361,Valerie,Yang,S,F,2026-01-14
27362.0,27362,Alex,Cooper,S,M,2026-01-14
27363.0,27363,Tara,Jai,M,F,2026-01-14
27364.0,27364,Cedric,Li,S,M,2026-01-14
27365.0,27365,Jimmy,Jimenez,S,M,2026-01-14
27366.0,27366,Bob,Alan,S,M,2026-01-14
27367.0,27367,Sydney,Adams,S,F,2026-01-14
27368.0,27368,Brandy,Gonzalez,M,F,2026-01-14
27369.0,27369,Pamela,Raman,M,F,2026-01-14
27370.0,27370,Stephanie,Bell,S,F,2026-01-14
27371.0,27371,Carolyn,Srini,S,F,2026-01-14
27372.0,27372,Andre,Sai,S,M,2026-01-14
27373.0,27373,Eduardo,Rivera,S,M,2026-01-14
27374.0,27374,Robert,Phillips,S,M,2026-01-14
27375.0,27375,Nicole,Wilson,M,F,2026-01-14
27376.0,27376,Courtney,Gonzalez,S,F,2026-01-14
27377.0,27377,Melanie,Alexander,S,F,2026-01-14
27378.0,27378,Samantha,Lee,M,F,2026-01-14
27379.0,27379,Isabel,Ross,S,F,2026-01-14
27380.0,27380,Eric,Green,S,M,2026-01-14
27381.0,27381,Miguel,Sanz,S,F,2026-01-14
27382.0,27382,Kaitlin,Chapman,S,F,2026-01-14
27383.0,27383,Jay,Hernandez,S,M,2026-01-14
27384.0,27384,Eric,Patterson,M,M,2026-01-14
27385.0,27385,Jonathon,Ramos,M,M,2026-01-14
27386.0,27386,James,Garcia,M,M,2026-01-14
27387.0,27387,Noah,Washington,S,M,2026-01-14
27388.0,27388,Xavier,Cox,M,M,2026-01-14
27389.0,27389,Lucas,Henderson,S,M,2026-01-14
27390.0,27390,Leah,Zeng,S,F,2026-01-14
27391.0,27391,Logan,Young,S,M,2026-01-14
27392.0,27392,Felicia,Romero,M,F,2026-01-14
27393.0,27393,Sierra,Hernandez,M,F,2026-01-14
27394.0,27394,Kyle,Alexander,S,M,2026-01-14
27395.0,27395,Jenny,Lu,S,F,2026-01-14
27396.0,27396,Adrian,Cook,S,M,2026-01-14
27397.0,27397,Alex,James,S,M,2026-01-14
27398.0,27398,Alexis,Lee,S,F,2026-01-14
27399.0,27399,Thomas,Parker,S,M,2026-01-14
27400.0,27400,Miguel,Coleman,M,M,2026-01-14
27401.0,27401,Micah,He,M,M,2026-01-14
27402.0,27402,Adam,Nelson,S,M,2026-01-14
27403.0,27403,Dylan,Coleman,S,M,2026-01-14
27404.0,27404,Maria,Mitchell,M,F,2026-01-14
27405.0,27405,Jackson,Shan,M,M,2026-01-14
27406.0,27406,Richard,Sanchez,S,M,2026-01-14
27407.0,27407,Faith,Griffin,S,F,2026-01-14
27408.0,27408,Tabitha,Sanchez,M,F,2026-01-14
27409.0,27409,Preston,Smith,M,M,2026-01-14
27410.0,27410,Brianna,Patterson,S,F,2026-01-14
27411.0,27411,Mason,Bendixen,S,M,2026-01-14
27412.0,27412,Miguel,Price,S,M,2026-01-14
27413.0,27413,Kaitlyn,Reed,M,F,2026-01-14
27414.0,27414,Julia,Young,M,F,2026-01-14
27415.0,27415,Trevor,Butler,M,M,2026-01-14
27416.0,27416,Jeremiah,Morris,S,M,2026-01-14
27417.0,27417,Edwin,She,M,M,2026-01-14
27418.0,27418,Mya,Coleman,S,F,2026-01-14
27419.0,27419,Rebekah,Mehta,S,F,2026-01-14
27420.0,27420,Samuel,Turner,S,M,2026-01-14
27421.0,27421,Mindy,Chander,S,F,2026-01-14
27422.0,27422,Evan,Gonzalez,M,M,2026-01-14
27423.0,27423,Dakota,Butler,S,M,2026-01-14
27424.0,27424,Luis,Mitchell,S,M,2026-01-14
27425.0,27425,Steven,Morris,S,M,2026-01-14
27426.0,27426,Evan,Stewart,S,M,2026-01-14
27427.0,27427,Mason,Young,S,M,2026-01-14
27428.0,27428,Paige,Foster,S,F,2026-01-14
27429.0,27429,Stephanie,Ward,S,F,2026-01-14
27430.0,27430,Stephanie,Young,M,F,2026-01-14
27431.0,27431,Ethan,Jenkins,S,M,2026-01-14
27432.0,27432,Craig,Ruiz,S,M,2026-01-14
27433.0,27433,Barry,Garcia,S,M,2026-01-14
27434.0,27434,David,Patterson,S,M,2026-01-14
27435.0,27435,Alexandra,Johnson,M,F,2026-01-14
27436.0,27436,Carmen,Mehta,S,F,2026-01-14
27437.0,27437,Gabriella,Reed,S,F,2026-01-14
27438.0,27438,Alejandro,Shan,M,M,2026-01-14
27439.0,27439,Chase,Ramirez,S,M,2026-01-14
27440.0,27440,Trinity,Howard,S,F,2026-01-14
27441.0,27441,Jose,Ross,M,M,2026-01-14
27442.0,27442,Janelle,Raman,M,F,2026-01-14
27443.0,27443,Jessica,Jackson,S,F,2026-01-14
27444.0,27444,Kayla,Martinez,M,F,2026-01-14
27445.0,27445,Shaun,Tang,M,M,2026-01-14
27446.0,27446,Tyler,Jones,S,M,2026-01-14
27447.0,27447,Miranda,Hayes,M,F,2026-01-14
27448.0,27448,Marc,Romero,S,M,2026-01-14
27449.0,27449,Bryan,Cox,S,M,2026-01-14
27450.0,27450,Abigail,Ross,M,F,2026-01-14
27451.0,27451,Thomas,Washington,S,M,2026-01-14
27452.0,27452,Evan,Watson,S,M,2026-01-14
27453.0,27453,Carson,Henderson,S,M,2026-01-14
27454.0,27454,Benjamin,Wang,M,M,2026-01-14
27455.0,27455,Brianna,Jenkins,S,F,2026-01-14
27456.0,27456,Jackson,Hughes,M,M,2026-01-14
27457.0,27457,Elizabeth,Walker,S,F,2026-01-14
27458.0,27458,Roger,Liang,M,M,2026-01-14
27459.0,27459,Kevin,Kumar,M,M,2026-01-14
27460.0,27460,Grant,Goel,S,M,2026-01-14
27461.0,27461,Arianna,Coleman,S,F,2026-01-14
27462.0,27462,Xavier,Rodriguez,S,M,2026-01-14
27463.0,27463,Rachel,Morgan,S,F,2026-01-14
27464.0,27464,Jacquelyn,Torres,M,F,2026-01-14
27465.0,27465,Seth,Garcia,S,M,2026-01-14
27466.0,27466,Abigail,Murphy,S,F,2026-01-14
27467.0,27467,Jackson,Coleman,M,M,2026-01-14
27468.0,27468,Robert,Powell,M,M,2026-01-14
27469.0,27469,Anne,Gill,S,F,2026-01-14
27470.0,27470,Raquel,Dominguez,M,F,2026-01-14
27471.0,27471,Susan,Gao,S,F,2026-01-14
27472.0,27472,Mindy,Chande,S,F,2026-01-14
27473.0,27473,Gabriel,Lal,S,M,2026-01-14
27474.0,27474,Alexandria,Hayes,S,F,2026-01-14
27475.0,27475,Alexa,Bailey,S,F,2026-01-14
27476.0,27476,Alexis,Alexander,S,F,2026-01-14
27477.0,27477,Hunter,Wright,S,M,2026-01-14
27478.0,27478,Sheila,Alvarez,M,F,2026-01-14
27479.0,27479,Kaitlyn,Sanders,S,F,2026-01-14
27480.0,27480,Chloe,Parker,S,F,2026-01-14
27481.0,27481,Oscar,Gonzales,S,M,2026-01-14
27482.0,27482,Gary,Diaz,M,M,2026-01-14
27483.0,27483,Thomas,Shan,M,M,2026-01-14
27484.0,27484,Kristen,Zhang,S,F,2026-01-14
27485.0,27485,Nina,Tang,S,F,2026-01-14
27486.0,27486,Mathew,Gill,S,M,2026-01-14
27487.0,27487,Cedric,Guo,M,M,2026-01-14
27488.0,27488,Sheila,Munoz,M,F,2026-01-14
27489.0,27489,Haley,Hall,S,F,2026-01-14
27490.0,27490,Natasha,Martin,S,F,2026-01-14
27491.0,27491,Maurice,Luo,M,M,2026-01-14
27492.0,27492,Clayton,Lin,M,M,2026-01-14
27493.0,27493,Barbara,Zheng,M,F,2026-01-14
27494.0,27494,Virginia,Perez,S,F,2026-01-14
27495.0,27495,Nina,Luo,S,F,2026-01-14
27496.0,27496,Stanley,Suri,S,M,2026-01-14
27497.0,27497,Johnathan,Rana,S,M,2026-01-14
27498.0,27498,Marie,Ruiz,S,F,2026-01-14
27499.0,27499,Barbara,Kumar,M,F,2026-01-14
27500.0,27500,Luis,Hill,S,M,2026-01-14
27501.0,27501,Darren,Alonso,M,M,2026-01-14
27502.0,27502,Tyler,Thompson,S,M,2026-01-14
27503.0,27503,Warren,Shen,S,M,2026-01-14
27504.0,27504,Rebecca,Lopez,S,F,2026-01-14
27505.0,27505,Bonnie,Skelly,S,F,2026-01-14
27506.0,27506,Carla,Srini,M,F,2026-01-14
27507.0,27507,Valerie,Li,M,F,2026-01-14
27508.0,27508,James,Edwards,S,M,2026-01-14
27509.0,27509,Zachary,Johnson,S,M,2026-01-14
27510.0,27510,Cole,Bailey,S,M,2026-01-14
27511.0,27511,Bethany,Goel,S,F,2026-01-14
27512.0,27512,Joe,Lopez,S,M,2026-01-14
27513.0,27513,Cara,Zheng,S,F,2026-01-14
27514.0,27514,Daisy,Navarro,S,F,2026-01-14
27515.0,27515,Keith,Becker,S,M,2026-01-14
27516.0,27516,Charles,Murphy,S,M,2026-01-14
27517.0,27517,Jessie,Xu,M,M,2026-01-14
27518.0,27518,Stefanie,Perez,M,F,2026-01-14
27519.0,27519,Alejandro,Li,S,M,2026-01-14
27520.0,27520,Francis,Navarro,S,M,2026-01-14
27521.0,27521,Gabriel,Foster,S,M,2026-01-14
27522.0,27522,Madeline,Carter,M,F,2026-01-14
27523.0,27523,Kayla,Martin,S,F,2026-01-14
27524.0,27524,Denise,Suri,S,F,2026-01-14
27525.0,27525,Ariana,Sanders,M,F,2026-01-14
27526.0,27526,Ramon,Ma,M,M,2026-01-14
27527.0,27527,Tina,Sanchez,S,F,2026-01-14
27528.0,27528,Jade,Stewart,M,F,2026-01-14
27529.0,27529,Rachel,White,M,F,2026-01-14
27530.0,27530,Maria,Ross,M,F,2026-01-14
27531.0,27531,Abigail,Bailey,S,F,2026-01-14
27532.0,27532,Kaitlyn,Flores,S,F,2026-01-14
27533.0,27533,Allison,Perez,M,F,2026-01-14
27534.0,27534,Candace,Chapman,S,F,2026-01-14
27535.0,27535,Ian,Cook,S,M,2026-01-14
27536.0,27536,Victoria,Wilson,M,F,2026-01-14
27537.0,27537,Amanda,Bryant,M,F,2026-01-14
27538.0,27538,José,Jackson,M,M,2026-01-14
27539.0,27539,Samuel,Winston,S,M,2026-01-14
27540.0,27540,Jacqueline,Butler,S,F,2026-01-14
27541.0,27541,Samantha,Martin,S,F,2026-01-14
27542.0,27542,Jessica,Rivera,M,F,2026-01-14
27543.0,27543,Katherine,Griffin,M,F,2026-01-14
27544.0,27544,Marissa,Hayes,M,F,2026-01-14
27545.0,27545,Lucas,Garcia,M,M,2026-01-14
27546.0,27546,Jackson,Ross,S,M,2026-01-14
27547.0,27547,Kevin,Hill,M,M,2026-01-14
27548.0,27548,Mason,Green,M,M,2026-01-14
27549.0,27549,Hunter,Johnson,M,M,2026-01-14
27550.0,27550,Marcus,Blue,S,M,2026-01-14
27551.0,27551,Antonio,Long,M,M,2026-01-14
27552.0,27552,Shannon,Guo,S,F,2026-01-14
27553.0,27553,Julia,Sanders,S,F,2026-01-14
27554.0,27554,Jordyn,West,M,F,2026-01-14
27555.0,27555,Isabella,Alexander,M,F,2026-01-14
27556.0,27556,Amanda,Cox,M,F,2026-01-14
27557.0,27557,Richard,Thomas,M,M,2026-01-14
27558.0,27558,Caleb,Kumar,M,M,2026-01-14
27559.0,27559,Emily,Rodriguez,M,F,2026-01-14
27560.0,27560,Grace,Patterson,M,F,2026-01-14
27561.0,27561,Kimberly,Brooks,S,F,2026-01-14
27562.0,27562,Haley,Bailey,M,F,2026-01-14
27563.0,27563,Devin,Bennett,M,M,2026-01-14
27564.0,27564,Kevin,Lal,S,M,2026-01-14
27565.0,27565,Kayla,Wood,M,F,2026-01-14
27566.0,27566,Tristan,Long,M,M,2026-01-14
27567.0,27567,Miranda,Foster,M,F,2026-01-14
27568.0,27568,Miguel,Evans,S,M,2026-01-14
27569.0,27569,Jocelyn,Wood,S,F,2026-01-14
27570.0,27570,Natasha,Navarro,S,F,2026-01-14
27571.0,27571,Shannon,Gao,M,F,2026-01-14
27572.0,27572,Isaiah,Carter,M,M,2026-01-14
27573.0,27573,Hunter,Lal,M,M,2026-01-14
27574.0,27574,Madeline,Hill,M,F,2026-01-14
27575.0,27575,Emma,Wilson,S,F,2026-01-14
27576.0,27576,Caroline,Gonzales,M,F,2026-01-14
27577.0,27577,Patrick,Cook,S,M,2026-01-14
27578.0,27578,Courtney,Carter,M,F,2026-01-14
27579.0,27579,Bruce,Suarez,M,M,2026-01-14
27580.0,27580,Krista,Blanco,M,F,2026-01-14
27581.0,27581,Phillip,Kapoor,M,M,2026-01-14
27582.0,27582,Latoya,Nath,S,F,2026-01-14
27583.0,27583,Calvin,Xu,M,M,2026-01-14
27584.0,27584,Tina,Malhotra,S,F,2026-01-14
27585.0,27585,Candace,Subram,M,F,2026-01-14
27586.0,27586,Jenny,She,M,F,2026-01-14
27587.0,27587,Cara,Li,S,F,2026-01-14
27588.0,27588,Virginia,Chandra,S,F,2026-01-14
27589.0,27589,Derek,Yuan,S,M,2026-01-14
27590.0,27590,Dominic,Lopez,M,M,2026-01-14
27591.0,27591,Gerald,Serrano,M,M,2026-01-14
27592.0,27592,Hector,Ruiz,S,M,2026-01-14
27593.0,27593,Jorge,Lin,M,M,2026-01-14
27594.0,27594,Nicolas,Andersen,S,M,2026-01-14
27595.0,27595,Jamie,Wu,M,F,2026-01-14
27596.0,27596,Edgar,Raman,M,M,2026-01-14
27597.0,27597,Carl,Jai,S,M,2026-01-14
27598.0,27598,Marco,Gonzalez,S,M,2026-01-14
27599.0,27599,Cory,Subram,M,M,2026-01-14
27600.0,27600,Destiny,Sanchez,S,F,2026-01-14
27601.0,27601,Sydney,Rogers,S,F,2026-01-14
27602.0,27602,Wyatt,Campbell,S,M,2026-01-14
27603.0,27603,Mya,Barnes,M,F,2026-01-14
27604.0,27604,Richard,Brooks,M,M,2026-01-14
27605.0,27605,Miguel,Martinez,M,M,2026-01-14
27606.0,27606,Courtney,Edwards,S,F,2026-01-14
27607.0,27607,Joshua,Martin,M,M,2026-01-14
27608.0,27608,Hector,Hernandez,M,M,2026-01-14
27609.0,27609,Audrey,Alonso,M,F,2026-01-14
27610.0,27610,Jeremy,Washington,S,M,2026-01-15
27611.0,27611,Jack,Edwards,M,M,2026-01-16
27612.0,27612,Lucas,Hill,M,M,2026-01-17
27613.0,27613,Alexia,Washington,S,F,2026-01-18
27614.0,27614,Warren,Ye,M,M,2026-01-19
27615.0,27615,Maria,Henderson,M,F,2026-01-20
27616.0,27616,Emma,Brown,S,F,2026-01-21
27617.0,27617,Morgan,Phillips,S,F,2026-01-22
27618.0,27618,Melanie,Diaz,M,F,2026-01-23
27619.0,27619,Joseph,Lee,S,M,2026-01-24
27620.0,27620,Nicole,Hughes,S,F,2026-01-25
27621.0,27621,Edward,Brown,S,M,2026-01-25
27622.0,27622,Lucas,Wilson,M,M,2026-01-25
27623.0,27623,Christian,Jackson,S,M,2026-01-25
27624.0,27624,Connor,Russell,M,M,2026-01-25
27625.0,27625,Alexandria,Hughes,S,F,2026-01-25
27626.0,27626,Connor,Hayes,S,M,2026-01-25
27627.0,27627,Jason,Yang,S,M,2026-01-25
27628.0,27628,Jasmine,Hughes,S,F,2026-01-25
27629.0,27629,Jose,Bryant,M,M,2026-01-25
27630.0,27630,Xavier,Coleman,S,M,2026-01-25
27631.0,27631,Gabriella,Phillips,S,F,2026-01-25
27632.0,27632,Sheila,Ortega,M,F,2026-01-25
27633.0,27633,Richard,Russell,M,M,2026-01-25
27634.0,27634,Jacqueline,Cooper,S,F,2026-01-25
27635.0,27635,Grace,Perry,M,F,2026-01-25
27636.0,27636,Paige,Murphy,M,F,2026-01-25
27637.0,27637,Gabrielle,Cook,S,F,2026-01-25
27638.0,27638,Marcus,Brooks,S,M,2026-01-25
27639.0,27639,Emma,Price,S,F,2026-01-25
27640.0,27640,Lauren,Thomas,S,F,2026-01-25
27641.0,27641,Miranda,Alexander,S,F,2026-01-25
27642.0,27642,Kayla,Johnson,S,F,2026-01-25
27643.0,27643,Austin,Henderson,S,M,2026-01-25
27644.0,27644,Alexandria,Sanchez,M,F,2026-01-25
27645.0,27645,Colin,Anand,M,M,2026-01-25
27646.0,27646,Jackson,Li,S,M,2026-01-25
27647.0,27647,Daniel,Moore,M,M,2026-01-25
27648.0,27648,Chase,Rogers,S,M,2026-01-25
27649.0,27649,Evan,Bailey,M,M,2026-01-25
27650.0,27650,Richard,Griffin,M,M,2026-01-25
27651.0,27651,Jeremy,Murphy,M,M,2026-01-25
27652.0,27652,Miguel,Foster,M,M,2026-01-25
27653.0,27653,Kellie,Rubio,M,F,2026-01-25
27654.0,27654,Carrie,Diaz,M,F,2026-01-25
27655.0,27655,Melinda,Alvarez,S,F,2026-01-25
27656.0,27656,Gabriel,Bryant,S,M,2026-01-25
27657.0,27657,Frederick,Chandra,M,M,2026-01-25
27658.0,27658,Cole,Gray,S,M,2026-01-25
27659.0,27659,Jesse,Lopez,M,M,2026-01-25
27660.0,27660,Gerald,Carlson,M,M,2026-01-25
27661.0,27661,Christopher,Martinez,M,M,2026-01-25
27662.0,27662,Bianca,Zheng,S,F,2026-01-25
27663.0,27663,Aaron,Collins,S,M,2026-01-25
27664.0,27664,Luis,Roberts,M,M,2026-01-25
27665.0,27665,Miguel,Patterson,S,M,2026-01-25
27666.0,27666,Alyssa,Garcia,M,F,2026-01-25
27667.0,27667,Jessica,Sanchez,M,F,2026-01-25
27668.0,27668,Kevin,Gonzalez,S,M,2026-01-25
27669.0,27669,Katelyn,Allen,M,F,2026-01-25
27670.0,27670,Kayla,Long,S,F,2026-01-25
27671.0,27671,Jeremiah,Martinez,S,M,2026-01-25
27672.0,27672,Justin,Brown,S,M,2026-01-25
27673.0,27673,Jennifer,Young,S,F,2026-01-25
27674.0,27674,Gabrielle,Rivera,M,F,2026-01-25
27675.0,27675,Arianna,Bell,M,F,2026-01-25
27676.0,27676,Trevor,Flores,M,M,2026-01-25
27677.0,27677,Marissa,Powell,M,F,2026-01-25
27678.0,27678,Angel,Carter,S,M,2026-01-25
27679.0,27679,Kayla,Walker,M,F,2026-01-25
27680.0,27680,Benjamin,Foster,S,M,2026-01-25
27681.0,27681,Olivia,Jackson,M,F,2026-01-25
27682.0,27682,Jennifer,Kelly,S,F,2026-01-25
27683.0,27683,Alexandra,Reed,M,F,2026-01-25
27684.0,27684,Emma,Coleman,M,F,2026-01-25
27685.0,27685,Alfredo,Torres,M,M,2026-01-25
27686.0,27686,Vincent,Zhang,M,M,2026-01-25
27687.0,27687,Brandy,Madan,S,F,2026-01-25
27688.0,27688,Arthur,Sanz,S,M,2026-01-25
27689.0,27689,Seth,Walker,S,M,2026-01-25
27690.0,27690,Jaime,Navarro,M,F,2026-01-25
27691.0,27691,Marshall,Goel,M,M,2026-01-25
27692.0,27692,Isaac,Lopez,M,M,2026-01-25
27693.0,27693,Tyrone,Alvarez,S,M,2026-01-25
27694.0,27694,Lee,Gill,M,M,2026-01-25
27695.0,27695,Leslie,Blanco,M,F,2026-01-25
27696.0,27696,Ruben,Rana,M,M,2026-01-25
27697.0,27697,Melvin,Nath,M,M,2026-01-25
27698.0,27698,Isabella,Bell,M,F,2026-01-25
27699.0,27699,Rebecca,Turner,S,F,2026-01-25
27700.0,27700,Barry,Arun,M,M,2026-01-25
27701.0,27701,Joel,Arthur,M,M,2026-01-25
27702.0,27702,Darryl,Lu,S,M,2026-01-25
27703.0,27703,Meredith,Navarro,S,F,2026-01-25
27704.0,27704,Jimmy,Romero,S,M,2026-01-25
27705.0,27705,Roger,Pal,M,M,2026-01-25
27706.0,27706,Brianna,Flores,S,F,2026-01-25
27707.0,27707,Colleen,Raji,S,F,2026-01-25
27708.0,27708,Katie,Goel,S,F,2026-01-25
27709.0,27709,Clifford,Lopez,S,M,2026-01-25
27710.0,27710,Sean,Bailey,S,M,2026-01-25
27711.0,27711,Barbara,Tang,M,F,2026-01-25
27712.0,27712,Teresa,Munoz,M,F,2026-01-25
27713.0,27713,Lacey,Zhao,S,F,2026-01-25
27714.0,27714,Omar,Pal,M,M,2026-01-25
27715.0,27715,Mya,Ross,S,F,2026-01-25
27716.0,27716,Albert,Ramos,S,M,2026-01-25
27717.0,27717,Ebony,Romero,M,F,2026-01-25
27718.0,27718,Franklin,Shan,M,M,2026-01-25
27719.0,27719,Nathan,King,M,M,2026-01-25
27720.0,27720,Arturo,Wang,M,M,2026-01-25
27721.0,27721,Clayton,Pal,M,M,2026-01-25
27722.0,27722,Melvin,Jai,M,M,2026-01-25
27723.0,27723,Ruth,Sullivan,S,F,2026-01-25
27724.0,27724,Tyler,Martin,M,M,2026-01-25
27725.0,27725,Samuel,Sharma,M,M,2026-01-25
27726.0,27726,Sophia,Hall,S,F,2026-01-25
27727.0,27727,Chloe,Hill,S,F,2026-01-25
27728.0,27728,Colleen,Deng,S,F,2026-01-25
27729.0,27729,Sophia,Phillips,S,F,2026-01-25
27730.0,27730,Isabella,Cox,S,F,2026-01-25
27731.0,27731,Gabriel,Shan,M,M,2026-01-25
27732.0,27732,Katherine,White,M,F,2026-01-25
27733.0,27733,Ronald,Subram,S,M,2026-01-25
27734.0,27734,Aaron,McDonald,S,M,2026-01-25
27735.0,27735,Shelby,Sanders,S,F,2026-01-25
27736.0,27736,Mackenzie,Young,S,F,2026-01-25
27737.0,27737,Brandon,Taylor,S,M,2026-01-25
27738.0,27738,Kaylee,Parker,S,F,2026-01-25
27739.0,27739,Marie,Moreno,S,F,2026-01-25
27740.0,27740,Jodi,Nath,M,F,2026-01-25
27741.0,27741,Gabrielle,Foster,S,F,2026-01-25
27742.0,27742,Devin,Jones,S,M,2026-01-25
27743.0,27743,Stefanie,Garcia,M,F,2026-01-25
27744.0,27744,Gilbert,Pal,M,M,2026-01-25
27745.0,27745,Levi,Sanchez,S,M,2026-01-25
27746.0,27746,Dale,Raje,S,M,2026-01-25
27747.0,27747,Edward,Henderson,M,M,2026-01-25
27748.0,27748,Luis,Patterson,S,M,2026-01-25
27749.0,27749,Alexis,Brown,S,F,2026-01-25
27750.0,27750,Carlos,Phillips,S,M,2026-01-25
27751.0,27751,Zoe,Cooper,S,F,2026-01-25
27752.0,27752,Christian,Butler,S,M,2026-01-25
27753.0,27753,Steven,Morgan,M,M,2026-01-25
27754.0,27754,Marcus,Gonzalez,S,M,2026-01-25
27755.0,27755,Alyssa,Jenkins,S,F,2026-01-25
27756.0,27756,Angela,Ward,S,F,2026-01-25
27757.0,27757,Bobby,Van,M,M,2026-01-25
27758.0,27758,Sara,Cox,M,F,2026-01-25
27759.0,27759,Alexandria,Brooks,S,F,2026-01-25
27760.0,27760,Latasha,Bradley,S,F,2026-01-25
27761.0,27761,Monica,Madan,M,F,2026-01-25
27762.0,27762,Shawn,Yuan,M,M,2026-01-25
27763.0,27763,Stephanie,Wright,M,F,2026-01-25
27764.0,27764,Jaclyn,Becker,S,F,2026-01-25
27765.0,27765,Jerry,Tang,S,M,2026-01-25
27766.0,27766,Joel,Vance,S,M,2026-01-25
27767.0,27767,Brandy,Arun,S,F,2026-01-25
27768.0,27768,Deanna,Madan,S,F,2026-01-25
27769.0,27769,Marie,Madan,S,F,2026-01-25
27770.0,27770,Autumn,Zhao,S,F,2026-01-25
27771.0,27771,Terrance,Subram,S,M,2026-01-25
27772.0,27772,Darrell,Goel,S,M,2026-01-25
27773.0,27773,Alan,Li,S,M,2026-01-25
27774.0,27774,Marc,Munoz,S,M,2026-01-25
27775.0,27775,Nina,Shen,S,F,2026-01-25
27776.0,27776,Audrey,Gomez,S,F,2026-01-25
27777.0,27777,Jarred,Martin,M,M,2026-01-25
27778.0,27778,Tabitha,Garcia,M,F,2026-01-25
27779.0,27779,Jordan,Washington,M,M,2026-01-25
27780.0,27780,Christy,Andersen,M,F,2026-01-25
27781.0,27781,Allen,Sai,S,M,2026-01-25
27782.0,27782,Mason,Hernandez,S,M,2026-01-25
27783.0,27783,Isabel,Bradley,M,F,2026-01-25
27784.0,27784,Shane,Arun,S,M,2026-01-25
27785.0,27785,Sebastian,Bell,M,M,2026-01-25
27786.0,27786,Cynthia,Raman,S,F,2026-01-25
27787.0,27787,Gerald,Ramos,M,M,2026-01-25
27788.0,27788,Brent,Lin,S,M,2026-01-25
27789.0,27789,Nicolas,Goldberg,M,M,2026-01-25
27790.0,27790,Molly,Srini,S,F,2026-01-25
27791.0,27791,Shawna,Deng,S,F,2026-01-25
27792.0,27792,Jacquelyn,Alonso,S,F,2026-01-25
27793.0,27793,Mitchell,Shan,S,M,2026-01-25
27794.0,27794,Dawn,Kumar,M,F,2026-01-25
27795.0,27795,Holly,Vance,S,F,2026-01-25
27796.0,27796,Jarrod,Patel,S,M,2026-01-25
27797.0,27797,Melvin,Deng,M,M,2026-01-25
27798.0,27798,Brandon,Bryant,M,M,2026-01-25
27799.0,27799,Bryce,Watson,S,M,2026-01-25
27800.0,27800,Regina,Suri,S,F,2026-01-25
27801.0,27801,Kaitlyn,Cooper,M,F,2026-01-25
27802.0,27802,Robyn,Romero,S,F,2026-01-25
27803.0,27803,Theresa,Suarez,S,F,2026-01-25
27804.0,27804,Shaun,Xu,S,M,2026-01-25
27805.0,27805,Barbara,Ye,S,F,2026-01-25
27806.0,27806,Krista,Sanz,S,F,2026-01-25
27807.0,27807,Shaun,Kumar,S,M,2026-01-25
27808.0,27808,Christopher,Clark,M,M,2026-01-25
27809.0,27809,Arianna,Sanchez,M,F,2026-01-25
27810.0,27810,Meghan,Munoz,M,F,2026-01-25
27811.0,27811,Darren,Vazquez,M,M,2026-01-25
27812.0,27812,Alison,Lal,S,F,2026-01-25
27813.0,27813,Roy,Vance,S,M,2026-01-25
27814.0,27814,Katrina,Shan,S,F,2026-01-25
27815.0,27815,Jamie,Chow,M,F,2026-01-25
27816.0,27816,Erick,Kapoor,S,M,2026-01-25
27817.0,27817,Sandra,Hu,M,F,2026-01-25
27818.0,27818,Candice,Hu,M,F,2026-01-25
27819.0,27819,Michele,Martin,M,F,2026-01-25
27820.0,27820,Joel,Patel,M,M,2026-01-25
27821.0,27821,Leonard,Deng,M,M,2026-01-25
27822.0,27822,Jerry,Lal,S,M,2026-01-25
27823.0,27823,Joan,Gao,M,F,2026-01-25
27824.0,27824,Michele,Moreno,S,F,2026-01-25
27825.0,27825,Christy,Zimmerman,S,F,2026-01-25
27826.0,27826,Nicolas,Xu,S,M,2026-01-25
27827.0,27827,Meagan,Malhotra,M,F,2026-01-25
27828.0,27828,Ernest,Gao,M,M,2026-01-25
27829.0,27829,Jorge,Wang,S,M,2026-01-25
27830.0,27830,Caleb,Hall,S,M,2026-01-25
27831.0,27831,Clinton,Vazquez,S,M,2026-01-25
27832.0,27832,Margaret,Powell,S,F,2026-01-25
27833.0,27833,Dawn,Lu,S,F,2026-01-25
27834.0,27834,Diana,Suarez,S,F,2026-01-25
27835.0,27835,Darren,Ruiz,M,M,2026-01-25
27836.0,27836,Pedro,Navarro,M,M,2026-01-25
27837.0,27837,Kelsey,Jai,S,F,2026-01-25
27838.0,27838,Janelle,Sai,M,F,2026-01-25
27839.0,27839,Susan,Li,M,F,2026-01-25
27840.0,27840,John,Johnson,S,M,2026-01-25
27841.0,27841,Gerald,Vance,M,M,2026-01-25
27842.0,27842,Evelyn,Arun,M,F,2026-01-25
27843.0,27843,Gerald,Navarro,S,M,2026-01-25
27844.0,27844,Arturo,Li,M,M,2026-01-25
27845.0,27845,Angel,Wright,S,M,2026-01-25
27846.0,27846,Albert,Rubio,M,M,2026-01-25
27847.0,27847,Kristina,Rana,M,F,2026-01-25
27848.0,27848,Fernando,Perez,M,M,2026-01-25
27849.0,27849,Dalton,Adams,M,M,2026-01-25
27850.0,27850,Jason,Green,S,M,2026-01-25
27851.0,27851,Diana,Martin,M,F,2026-01-25
27852.0,27852,Jamie,Ramos,M,M,2026-01-25
27853.0,27853,Amy,Zheng,S,F,2026-01-25
27854.0,27854,Marc,Rubio,S,M,2026-01-25
27855.0,27855,Lisa,Ye,S,F,2026-01-25
27856.0,27856,Bonnie,Tang,M,F,2026-01-25
27857.0,27857,Brandi,Munoz,S,F,2026-01-25
27858.0,27858,Anders,Skjønaa,S,F,2026-01-25
27859.0,27859,Danny,Carlson,M,M,2026-01-25
27860.0,27860,Hector,Martin,M,M,2026-01-25
27861.0,27861,Karen,He,S,F,2026-01-25
27862.0,27862,Joanna,Alonso,M,F,2026-01-25
27863.0,27863,Carolyn,Ruiz,M,F,2026-01-25
27864.0,27864,Shaun,Luo,S,M,2026-01-25
27865.0,27865,Destiny,Butler,M,F,2026-01-25
27866.0,27866,Sergio,Raman,S,M,2026-01-25
27867.0,27867,Alberto,Blanco,M,M,2026-01-25
27868.0,27868,Jessie,Rubio,S,F,2026-01-25
27869.0,27869,Shawna,Shan,S,F,2026-01-25
27870.0,27870,Ryan,Davis,S,M,2026-01-25
27871.0,27871,Faith,Cook,M,F,2026-01-25
27872.0,27872,Ivan,Martinez,S,M,2026-01-25
27873.0,27873,Dawn,Xu,M,F,2026-01-25
27874.0,27874,Randy,Zhao,S,M,2026-01-25
27875.0,27875,Pamela,Patel,S,F,2026-01-25
27876.0,27876,Willie,Deng,M,M,2026-01-25
27877.0,27877,Rebekah,Dominguez,S,F,2026-01-25
27878.0,27878,Dennis,He,S,M,2026-01-25
27879.0,27879,Kelvin,Chander,M,M,2026-01-25
27880.0,27880,Curtis,Hu,S,M,2026-01-25
27881.0,27881,Raul,Nath,S,M,2026-01-25
27882.0,27882,Franklin,Hu,M,M,2026-01-25
27883.0,27883,Marc,Hernandez,S,M,2026-01-25
27884.0,27884,Jill,Alonso,M,F,2026-01-25
27885.0,27885,Marvin,Torres,M,M,2026-01-25
27886.0,27886,Denise,Gonzalez,S,F,2026-01-25
27887.0,27887,Eugene,Zhang,S,M,2026-01-25
27888.0,27888,Tina,Rodriguez,S,F,2026-01-25
27889.0,27889,Jodi,Xie,S,F,2026-01-25
27890.0,27890,Kyle,Evans,S,M,2026-01-25
27891.0,27891,Carlos,Howard,M,M,2026-01-25
27892.0,27892,Isabella,Foster,M,F,2026-01-25
27893.0,27893,Clinton,Jiménez,S,M,2026-01-25
27894.0,27894,Gerald,Sai,S,M,2026-01-25
27895.0,27895,Colin,Pal,S,M,2026-01-25
27896.0,27896,Orlando,Torres,M,M,2026-01-25
27897.0,27897,Robin,Munoz,M,F,2026-01-25
27898.0,27898,Trinity,Bell,M,F,2026-01-25
27899.0,27899,Mandy,Xu,S,F,2026-01-25
27900.0,27900,Toni,Prasad,S,F,2026-01-25
27901.0,27901,Mariah,Cooper,M,F,2026-01-25
27902.0,27902,Carolyn,Alonso,S,F,2026-01-25
27903.0,27903,Janelle,Suri,M,F,2026-01-25
27904.0,27904,Andre,Rana,M,M,2026-01-25
27905.0,27905,Mario,Black,S,M,2026-01-25
27906.0,27906,Gilbert,Chen,M,M,2026-01-25
27907.0,27907,Michael,Taylor,S,M,2026-01-25
27908.0,27908,Adriana,Sanchez,S,F,2026-01-25
27909.0,27909,Mayra,Randall,S,F,2026-01-25
27910.0,27910,Arturo,Zhou,M,M,2026-01-25
27911.0,27911,Robert,Moore,S,M,2026-01-25
27912.0,27912,Caitlin,Ramirez,M,F,2026-01-25
27913.0,27913,Brittney,Zheng,M,F,2026-01-25
27914.0,27914,Jasmine,Foster,S,F,2026-01-25
27915.0,27915,Jordan,Green,S,F,2026-01-25
27916.0,27916,Aaron,Carter,S,M,2026-01-25
27917.0,27917,Andrea,Sanders,S,F,2026-01-25
27918.0,27918,Samantha,Ross,M,F,2026-01-25
27919.0,27919,Ryan,Lal,S,M,2026-01-25
27920.0,27920,Mary,Howard,S,F,2026-01-25
27921.0,27921,Sydney,Long,M,F,2026-01-25
27922.0,27922,Isabella,King,M,F,2026-01-25
27923.0,27923,Douglas,Arun,S,M,2026-01-25
27924.0,27924,Jeffery,He,S,M,2026-01-25
27925.0,27925,Adam,Butler,S,M,2026-01-25
27926.0,27926,Eduardo,Mitchell,S,M,2026-01-25
27927.0,27927,Omar,Zhao,M,M,2026-01-25
27928.0,27928,Dianne,Slattengren,S,F,2026-01-25
27929.0,27929,Ross,Madan,S,M,2026-01-25
27930.0,27930,Clarence,Sharma,S,M,2026-01-25
27931.0,27931,Tabitha,Patel,M,F,2026-01-25
27932.0,27932,Leslie,Diaz,S,F,2026-01-25
27933.0,27933,Amber,Evans,S,F,2026-01-25
27934.0,27934,Lanna,Slaven,M,F,2026-01-25
27935.0,27935,Johnny,Chander,M,M,2026-01-25
27936.0,27936,Bruce,Martin,M,M,2026-01-25
27937.0,27937,Kristine,Alvarez,S,F,2026-01-25
27938.0,27938,Ricky,Serrano,S,M,2026-01-25
27939.0,27939,Lawrence,Navarro,M,M,2026-01-25
27940.0,27940,Ross,Suarez,S,M,2026-01-25
27941.0,27941,Margaret,Chen,M,F,2026-01-25
27942.0,27942,Marvin,Diaz,S,M,2026-01-25
27943.0,27943,Sabrina,Alvarez,S,F,2026-01-25
27944.0,27944,Dalton,Bell,S,M,2026-01-25
27945.0,27945,Christine,Andersen,S,F,2026-01-25
27946.0,27946,Katie,Holt,M,F,2026-01-25
27947.0,27947,Alison,Andersen,S,F,2026-01-25
27948.0,27948,Cathy,Sloan,M,M,2026-01-25
27949.0,27949,Jason,Russell,S,M,2026-01-25
27950.0,27950,Shannon,Sanz,M,M,2026-01-25
27951.0,27951,Roy,Torres,S,M,2026-01-25
27952.0,27952,Roy,Perez,M,M,2026-01-25
27953.0,27953,Marie,Garcia,M,F,2026-01-25
27954.0,27954,Brenda,Saunders,S,F,2026-01-25
27955.0,27955,Ramon,Wu,M,M,2026-01-25
27956.0,27956,Terrence,Jai,M,M,2026-01-25
27957.0,27957,Tabitha,Suri,S,F,2026-01-25
27958.0,27958,Marcus,Clark,S,M,2026-01-25
27959.0,27959,Armando,Ramos,S,M,2026-01-25
27960.0,27960,Randall,Alonso,M,M,2026-01-25
27961.0,27961,Alejandro,Zheng,M,M,2026-01-25
27962.0,27962,Rebekah,Martin,S,F,2026-01-25
27963.0,27963,Kendra,Dominguez,M,F,2026-01-25
27964.0,27964,Alicia,Shan,S,F,2026-01-25
27965.0,27965,Meredith,Gomez,S,F,2026-01-25
27966.0,27966,Jenny,Chen,S,F,2026-01-25
27967.0,27967,Stefanie,Patel,S,F,2026-01-25
27968.0,27968,Roger,Xu,M,M,2026-01-25
27969.0,27969,Bryant,Patel,M,M,2026-01-25
27970.0,27970,Willie,Andersen,M,M,2026-01-25
27971.0,27971,Jodi,Jai,S,F,2026-01-25
27972.0,27972,Leonard,Smith,M,M,2026-01-25
27973.0,27973,Randall,Serrano,M,M,2026-01-25
27974.0,27974,Dustin,Shen,S,M,2026-01-25
27975.0,27975,Jay,Gill,S,M,2026-01-25
27976.0,27976,Dominique,Gonzalez,S,F,2026-01-25
27977.0,27977,Jerome,Alonso,S,M,2026-01-25
27978.0,27978,Barbara,Luo,S,F,2026-01-25
27979.0,27979,Ramon,Zeng,M,M,2026-01-25
27980.0,27980,Crystal,Hu,M,F,2026-01-25
27981.0,27981,Aimee,Hu,S,F,2026-01-25
27982.0,27982,Cesar,Perez,S,M,2026-01-25
27983.0,27983,Ruben,Saunders,S,M,2026-01-25
27984.0,27984,Rebekah,Ramos,S,F,2026-01-25
27985.0,27985,Michele,Shen,S,F,2026-01-25
27986.0,27986,Henry,Vance,S,M,2026-01-25
27987.0,27987,Wyatt,Jenkins,S,M,2026-01-25
27988.0,27988,Dylan,Ross,M,M,2026-01-25
27989.0,27989,Joseph,Thomas,M,M,2026-01-25
27990.0,27990,Katherine,Thompson,S,F,2026-01-25
27991.0,27991,Natalie,Rivera,M,F,2026-01-25
27992.0,27992,Dylan,Taylor,S,M,2026-01-25
27993.0,27993,Hunter,Miller,S,M,2026-01-25
27994.0,27994,Jodi,Rai,M,F,2026-01-25
27995.0,27995,Carlos,Stewart,S,M,2026-01-25
27996.0,27996,Angela,Alexander,M,F,2026-01-25
27997.0,27997,Lydia,Malhotra,S,F,2026-01-25
27998.0,27998,Ethan,Lewis,S,M,2026-01-25
27999.0,27999,Nathan,Shan,S,M,2026-01-25
28000.0,28000,Rebecca,Roberts,S,F,2026-01-25
28001.0,28001,Sydney,Rodriguez,M,F,2026-01-25
28002.0,28002,Christy,Kumar,S,F,2026-01-25
28003.0,28003,Julia,Sanchez,M,F,2026-01-25
28004.0,28004,Andrea,Edwards,M,F,2026-01-25
28005.0,28005,Amber,Young,M,F,2026-01-25
28006.0,28006,Seth,Torres,S,M,2026-01-25
28007.0,28007,Clayton,Ye,M,M,2026-01-25
28008.0,28008,Jada,Baker,S,F,2026-01-25
28009.0,28009,Arianna,Washington,S,F,2026-01-25
28010.0,28010,Justin,Long,S,M,2026-01-25
28011.0,28011,Andrew,Lan,M,M,2026-01-25
28012.0,28012,Ian,Stewart,S,M,2026-01-25
28013.0,28013,James,Miller,M,M,2026-01-25
28014.0,28014,Rachel,Robinson,S,F,2026-01-25
28015.0,28015,Christian,Chen,M,M,2026-01-25
28016.0,28016,Cody,Sanders,S,M,2026-01-25
28017.0,28017,Christopher,Martin,S,M,2026-01-25
28018.0,28018,Rachel,Foster,S,F,2026-01-25
28019.0,28019,Melissa,Ramirez,M,F,2026-01-25
28020.0,28020,Lucas,Griffin,S,M,2026-01-25
28021.0,28021,Katherine,Nelson,S,F,2026-01-25
28022.0,28022,Jason,Lopez,S,M,2026-01-25
28023.0,28023,Andrea,James,S,F,2026-01-25
28024.0,28024,Miguel,Perry,M,M,2026-01-25
28025.0,28025,Mya,Russell,M,F,2026-01-25
28026.0,28026,Paige,Ross,M,F,2026-01-25
28027.0,28027,Destiny,Hughes,M,F,2026-01-25
28028.0,28028,Elijah,Allen,S,M,2026-01-25
28029.0,28029,Seth,Price,M,M,2026-01-25
28030.0,28030,Jason,Gonzalez,S,M,2026-01-25
28031.0,28031,Kari,Navarro,S,F,2026-01-25
28032.0,28032,Grace,Coleman,M,F,2026-01-25
28033.0,28033,Gavin,Jenkins,S,M,2026-01-25
28034.0,28034,Gabriella,Stewart,M,F,2026-01-25
28035.0,28035,Gabriella,Green,M,F,2026-01-25
28036.0,28036,Jonathan,Gonzales,S,M,2026-01-25
28037.0,28037,Jeremiah,Gonzales,M,M,2026-01-25
28038.0,28038,Philip,Gomez,M,M,2026-01-25
28039.0,28039,Xavier,Lee,S,M,2026-01-25
28040.0,28040,Jack,Mitchell,M,M,2026-01-25
28041.0,28041,Rebecca,Wright,S,F,2026-01-25
28042.0,28042,Joseph,Brown,S,M,2026-01-25
28043.0,28043,Gabrielle,Young,M,F,2026-01-25
28044.0,28044,Jimmy,Navarro,S,M,2026-01-25
28045.0,28045,Zachary,Thomas,M,M,2026-01-25
28046.0,28046,Michelle,Reed,M,F,2026-01-25
28047.0,28047,Jay,Sanchez,S,M,2026-01-25
28048.0,28048,Samuel,Powell,M,M,2026-01-25
28049.0,28049,Xavier,Washington,S,M,2026-01-25
28050.0,28050,Isaiah,Evans,M,M,2026-01-25
28051.0,28051,Thomas,Young,S,M,2026-01-25
28052.0,28052,Franklin,Li,M,M,2026-01-25
28053.0,28053,Jared,Howard,M,M,2026-01-25
28054.0,28054,Carol,Cox,M,F,2026-01-25
28055.0,28055,Brooke,Peterson,S,F,2026-01-25
28056.0,28056,Alex,Gray,M,M,2026-01-25
28057.0,28057,Rachel,Anderson,M,F,2026-01-25
28058.0,28058,Jaime,Alvarez,S,F,2026-01-25
28059.0,28059,Bradley,Shen,S,M,2026-01-25
28060.0,28060,Blake,Rodriguez,M,M,2026-01-25
28061.0,28061,Kyle,Lopez,S,M,2026-01-25
28062.0,28062,Xavier,Roberts,S,M,2026-01-25
28063.0,28063,Gabrielle,Turner,M,F,2026-01-25
28064.0,28064,Tamara,Nath,S,F,2026-01-25
28065.0,28065,Carrie,Gill,S,F,2026-01-25
28066.0,28066,Justin,Taylor,M,M,2026-01-25
28067.0,28067,Olivia,Bennett,M,F,2026-01-25
28068.0,28068,Amanda,Wood,S,F,2026-01-25
28069.0,28069,Jacob,Johnson,S,M,2026-01-25
28070.0,28070,Ian,Morris,S,M,2026-01-25
28071.0,28071,Trevor,Ross,M,M,2026-01-25
28072.0,28072,Alyssa,Morris,M,F,2026-01-25
28073.0,28073,Mackenzie,Green,S,F,2026-01-25
28074.0,28074,Justin,Davis,M,M,2026-01-25
28075.0,28075,Edward,Jones,S,M,2026-01-25
28076.0,28076,Logan,Williams,S,M,2026-01-25
28077.0,28077,Sarah,Williams,S,F,2026-01-25
28078.0,28078,Jack,Young,S,M,2026-01-25
28079.0,28079,Haley,Phillips,M,F,2026-01-25
28080.0,28080,Isabella,Peterson,S,F,2026-01-25
28081.0,28081,Paige,Watson,M,F,2026-01-25
28082.0,28082,Nathaniel,Peterson,S,M,2026-01-25
28083.0,28083,Kaitlyn,Foster,M,F,2026-01-25
28084.0,28084,Cameron,McDonald,S,M,2026-01-25
28085.0,28085,Jeremiah,Evans,M,M,2026-01-25
28086.0,28086,Bridget,Anand,S,F,2026-01-25
28087.0,28087,Maria,Simmons,S,F,2026-01-25
28088.0,28088,Marshall,Lal,M,M,2026-01-25
28089.0,28089,Xavier,Campbell,M,M,2026-01-25
28090.0,28090,Edward,Walker,M,M,2026-01-25
28091.0,28091,Valerie,Liang,S,F,2026-01-25
28092.0,28092,Morgan,Hall,S,F,2026-01-25
28093.0,28093,Brad,Kumar,M,M,2026-01-25
28094.0,28094,Melanie,Peterson,M,F,2026-01-25
28095.0,28095,Natalie,Bryant,M,F,2026-01-25
28096.0,28096,Alexandra,Stewart,M,F,2026-01-25
28097.0,28097,Jennifer,Barnes,S,F,2026-01-25
28098.0,28098,Roger,Zhu,M,M,2026-01-25
28099.0,28099,Jesse,Turner,M,M,2026-01-25
28100.0,28100,Kimberly,Gray,S,F,2026-01-25
28101.0,28101,Timothy,Bell,S,M,2026-01-25
28102.0,28102,Arturo,Deng,M,M,2026-01-25
28103.0,28103,Pedro,Martin,S,M,2026-01-25
28104.0,28104,Hannah,Williams,M,F,2026-01-25
28105.0,28105,Hannah,Garcia,M,F,2026-01-25
28106.0,28106,Chloe,Williams,M,F,2026-01-25
28107.0,28107,Tara,Simpson,S,F,2026-01-25
28108.0,28108,Roger,Yang,S,M,2026-01-25
28109.0,28109,Leonard,Tang,S,M,2026-01-25
28110.0,28110,Cassandra,Sai,M,F,2026-01-25
28111.0,28111,Jon,Zhang,M,M,2026-01-25
28112.0,28112,Savannah,Evans,M,F,2026-01-25
28113.0,28113,Amanda,Powell,S,F,2026-01-25
28114.0,28114,Jared,Cox,S,M,2026-01-25
28115.0,28115,Deanna,Jiménez,M,F,2026-01-25
28116.0,28116,Sabrina,Dominguez,S,F,2026-01-25
28117.0,28117,Craig,Vazquez,S,M,2026-01-25
28118.0,28118,Briana,Jiménez,M,F,2026-01-25
28119.0,28119,Curtis,Ma,S,M,2026-01-25
28120.0,28120,Pedro,Alvarez,S,M,2026-01-25
28121.0,28121,Julia,Robinson,M,F,2026-01-25
28122.0,28122,Gabriel,King,M,M,2026-01-25
28123.0,28123,Daisy,Ortega,S,F,2026-01-25
28124.0,28124,Mackenzie,Kelly,M,F,2026-01-25
28125.0,28125,Dalton,Jackson,M,M,2026-01-25
28126.0,28126,Anna,Johnson,M,F,2026-01-25
28127.0,28127,Fernando,Price,M,M,2026-01-25
28128.0,28128,Jeremiah,Lee,M,M,2026-01-25
28129.0,28129,Justin,Griffin,S,M,2026-01-25
28130.0,28130,Joshua,Taylor,S,M,2026-01-25
28131.0,28131,Todd,Zhu,S,M,2026-01-25
28132.0,28132,Clinton,Romero,S,M,2026-01-25
28133.0,28133,Willie,Huang,S,M,2026-01-25
28134.0,28134,Terrance,Rana,M,M,2026-01-25
28135.0,28135,Carla,Madan,S,F,2026-01-25
28136.0,28136,Kelli,Raje,M,F,2026-01-25
28137.0,28137,Kristi,Lopez,S,F,2026-01-25
28138.0,28138,Marvin,Ramos,S,M,2026-01-25
28139.0,28139,Carrie,Gutierrez,M,F,2026-01-25
28140.0,28140,Gilbert,Kumar,S,M,2026-01-25
28141.0,28141,Joseph,Robinson,M,M,2026-01-25
28142.0,28142,Willie,Lin,S,M,2026-01-25
28143.0,28143,Samuel,Gonzalez,S,M,2026-01-25
28144.0,28144,Noah,Phillips,S,M,2026-01-25
28145.0,28145,Brandon,Jones,S,M,2026-01-25
28146.0,28146,Gavin,Washington,S,M,2026-01-25
28147.0,28147,Omar,Black,S,M,2026-01-25
28148.0,28148,Jon,Zhao,S,M,2026-01-25
28149.0,28149,William,Miller,M,M,2026-01-25
28150.0,28150,Connor,Chen,S,M,2026-01-25
28151.0,28151,Katherine,Walker,S,F,2026-01-25
28152.0,28152,Ian,Rivera,M,M,2026-01-25
28153.0,28153,Mackenzie,Torres,S,F,2026-01-25
28154.0,28154,Katherine,Patterson,S,F,2026-01-25
28155.0,28155,Taylor,Watson,S,F,2026-01-25
28156.0,28156,Gabrielle,Hall,S,F,2026-01-25
28157.0,28157,Elijah,Edwards,M,M,2026-01-25
28158.0,28158,Clarence,Luo,S,M,2026-01-25
28159.0,28159,Tamara,Yang,M,F,2026-01-25
28160.0,28160,Melanie,Reed,S,F,2026-01-25
28161.0,28161,Jessica,Perry,S,F,2026-01-25
28162.0,28162,Bruce,Ward,M,M,2026-01-25
28163.0,28163,Rachel,Washington,M,F,2026-01-25
28164.0,28164,Gabrielle,Coleman,M,F,2026-01-25
28165.0,28165,Alexa,Rivera,M,F,2026-01-25
28166.0,28166,Cassidy,Coleman,M,F,2026-01-25
28167.0,28167,Samuel,Hughes,S,M,2026-01-25
28168.0,28168,Jacqueline,Ward,M,F,2026-01-25
28169.0,28169,Lucas,Blue,M,M,2026-01-25
28170.0,28170,Isabella,Johnson,M,F,2026-01-25
28171.0,28171,Aidan,Henderson,M,M,2026-01-25
28172.0,28172,Charles,Moore,M,M,2026-01-25
28173.0,28173,Timothy,Young,S,M,2026-01-25
28174.0,28174,Marco,Subram,M,M,2026-01-25
28175.0,28175,Clifford,Subram,M,M,2026-01-25
28176.0,28176,Natalie,Roberts,S,F,2026-01-25
28177.0,28177,Cameron,Henderson,S,M,2026-01-25
28178.0,28178,Katherine,James,S,F,2026-01-25
28179.0,28179,Billy,Alvarez,S,M,2026-01-25
28180.0,28180,Jerry,Chander,S,M,2026-01-25
28181.0,28181,Katherine,Rodriguez,M,F,2026-01-25
28182.0,28182,Fernando,Turner,M,M,2026-01-25
28183.0,28183,Nicole,Howard,M,F,2026-01-25
28184.0,28184,Madison,Russell,M,F,2026-01-25
28185.0,28185,Eric,Alexander,M,M,2026-01-25
28186.0,28186,Jenny,Wagner,M,F,2026-01-25
28187.0,28187,Aaron,Chen,M,M,2026-01-25
28188.0,28188,Kayla,Price,S,F,2026-01-25
28189.0,28189,James,Griffin,S,M,2026-01-25
28190.0,28190,Kimberly,Cook,S,F,2026-01-25
28191.0,28191,Mya,Long,S,F,2026-01-25
28192.0,28192,Abigail,Sanchez,M,F,2026-01-25
28193.0,28193,Taylor,Davis,S,F,2026-01-25
28194.0,28194,Lydia,Garcia,S,F,2026-01-25
28195.0,28195,Kellie,Martin,S,F,2026-01-25
28196.0,28196,Timothy,Cox,M,M,2026-01-25
28197.0,28197,Kayla,Rodriguez,S,F,2026-01-25
28198.0,28198,Jared,Moyer,M,M,2026-01-25
28199.0,28199,Alyssa,Jones,S,F,2026-01-25
28200.0,28200,Morgan,Henderson,M,F,2026-01-25
28201.0,28201,Tyler,Martinez,M,M,2026-01-25
28202.0,28202,Maria,King,S,F,2026-01-25
28203.0,28203,Victor,Gomez,M,M,2026-01-25
28204.0,28204,Peter,Xu,M,M,2026-01-25
28205.0,28205,Carolyn,Mehta,M,F,2026-01-25
28206.0,28206,Angelica,Long,S,F,2026-01-25
28207.0,28207,Larry,Moreno,M,M,2026-01-25
28208.0,28208,Karen,Sun,S,F,2026-01-25
28209.0,28209,Krista,Carlson,M,F,2026-01-25
28210.0,28210,Meghan,Alan,M,F,2026-01-25
28211.0,28211,Randall,Suarez,M,M,2026-01-25
28212.0,28212,Melody,Hernandez,M,F,2026-01-25
28213.0,28213,Jared,Morgan,M,M,2026-01-25
28214.0,28214,Hailey,King,M,F,2026-01-25
28215.0,28215,Priscilla,Shen,S,F,2026-01-25
28216.0,28216,Adrienne,Ramos,M,F,2026-01-25
28217.0,28217,Kristy,Carlson,S,F,2026-01-25
28218.0,28218,Denise,Arun,M,F,2026-01-25
28219.0,28219,Chad,Goel,S,M,2026-01-25
28220.0,28220,Kelsey,Xu,S,F,2026-01-25
28221.0,28221,Isabella,Rodriguez,M,F,2026-01-25
28222.0,28222,Eduardo,Lewis,S,M,2026-01-25
28223.0,28223,Jessica,Davis,S,F,2026-01-25
28224.0,28224,Spencer,Henderson,S,M,2026-01-25
28225.0,28225,Robert,Ross,M,M,2026-01-25
28226.0,28226,Sebastian,Ramirez,M,M,2026-01-25
28227.0,28227,Caleb,Wang,S,M,2026-01-25
28228.0,28228,Gloria,Reed,S,F,2026-01-25
28229.0,28229,Samantha,Wilson,S,F,2026-01-25
28230.0,28230,Stephanie,Morgan,S,F,2026-01-25
28231.0,28231,James,Powell,S,M,2026-01-25
28232.0,28232,Gavin,Russell,S,M,2026-01-25
28233.0,28233,Patrick,Richardson,S,M,2026-01-25
28234.0,28234,Jack,Nelson,M,M,2026-01-25
28235.0,28235,Cole,Rogers,S,M,2026-01-25
28236.0,28236,Isabel,Diaz,S,F,2026-01-25
28237.0,28237,Hailey,Foster,M,F,2026-01-25
28238.0,28238,Dalton,Flores,S,M,2026-01-25
28239.0,28239,Richard,Ramirez,S,M,2026-01-25
28240.0,28240,Eduardo,Clark,M,M,2026-01-25
28241.0,28241,Charles,King,M,M,2026-01-25
28242.0,28242,Madison,Butler,M,F,2026-01-25
28243.0,28243,Marcus,Cook,S,M,2026-01-25
28244.0,28244,Samantha,Davis,M,F,2026-01-25
28245.0,28245,Gavin,Henderson,S,M,2026-01-25
28246.0,28246,Alexa,Gray,S,F,2026-01-25
28247.0,28247,Jonathan,Adams,S,M,2026-01-25
28248.0,28248,Eric,Scott,S,M,2026-01-25
28249.0,28249,Julia,Carter,M,F,2026-01-25
28250.0,28250,Tyrone,Dominguez,M,M,2026-01-25
28251.0,28251,Joe,Rubio,M,M,2026-01-25
28252.0,28252,Sydney,Murphy,M,F,2026-01-25
28253.0,28253,Jeremiah,Green,S,M,2026-01-25
28254.0,28254,Jacqueline,Brooks,S,F,2026-01-25
28255.0,28255,Robert,Clark,S,M,2026-01-25
28256.0,28256,Colin,Beck,M,M,2026-01-25
28257.0,28257,Zachary,Martin,S,M,2026-01-25
28258.0,28258,Destiny,Bryant,S,F,2026-01-25
28259.0,28259,Samuel,Mitchell,M,M,2026-01-25
28260.0,28260,Hunter,Roberts,S,M,2026-01-25
28261.0,28261,Stephanie,Griffin,M,F,2026-01-25
28262.0,28262,Destiny,Diaz,M,F,2026-01-25
28263.0,28263,Jonathan,Lee,M,M,2026-01-25
28264.0,28264,Nicole,Diaz,S,F,2026-01-25
28265.0,28265,Shirleen,Travers,S,M,2026-01-25
28266.0,28266,Wyatt,Flores,S,M,2026-01-25
28267.0,28267,Jordan,Young,M,F,2026-01-25
28268.0,28268,Jordan,Campbell,S,F,2026-01-25
28269.0,28269,Alexandra,Green,S,F,2026-01-25
28270.0,28270,Samuel,Long,S,M,2026-01-25
28271.0,28271,Sean,Gonzalez,S,M,2026-01-25
28272.0,28272,Hunter,Jai,M,M,2026-01-25
28273.0,28273,Madeline,Mitchell,M,F,2026-01-25
28274.0,28274,William,Rodriguez,S,M,2026-01-25
28275.0,28275,Ian,Howard,S,M,2026-01-25
28276.0,28276,Christy,Deng,M,F,2026-01-25
28277.0,28277,Katrina,Deng,S,F,2026-01-25
28278.0,28278,Jaime,Becker,M,M,2026-01-25
28279.0,28279,Spencer,Simmons,M,M,2026-01-25
28280.0,28280,Tristan,Powell,S,M,2026-01-25
28281.0,28281,Juan,Cox,M,M,2026-01-25
28282.0,28282,Cindy,Foster,S,F,2026-01-25
28283.0,28283,Rachel,Long,S,F,2026-01-25
28284.0,28284,Bailey,Kelly,S,F,2026-01-25
28285.0,28285,Savannah,King,M,F,2026-01-25
28286.0,28286,Destiny,Alexander,M,F,2026-01-25
28287.0,28287,Lauren,Bennett,M,F,2026-01-25
28288.0,28288,Marco,Srini,S,M,2026-01-25
28289.0,28289,Jack,Gonzales,S,M,2026-01-25
28290.0,28290,Ian,Brooks,S,M,2026-01-25
28291.0,28291,David,Miller,S,M,2026-01-25
28292.0,28292,Alexandra,Smith,S,F,2026-01-25
28293.0,28293,Shelby,Cox,S,F,2026-01-25
28294.0,28294,Alexis,Jenkins,S,F,2026-01-25
28295.0,28295,Wyatt,Collins,M,M,2026-01-25
28296.0,28296,Thomas,Butler,S,M,2026-01-25
28297.0,28297,Gabrielle,Edwards,S,F,2026-01-25
28298.0,28298,Maria,Edwards,M,F,2026-01-25
28299.0,28299,Jonathan,Shan,S,M,2026-01-25
28300.0,28300,Abigail,Bennett,S,F,2026-01-25
28301.0,28301,Jasmine,Long,S,F,2026-01-25
28302.0,28302,Caroline,Hughes,M,F,2026-01-25
28303.0,28303,Justin,Lewis,S,M,2026-01-25
28304.0,28304,Colleen,Zeng,M,F,2026-01-25
28305.0,28305,Patricia,Lopez,S,F,2026-01-25
28306.0,28306,Elizabeth,Powell,M,F,2026-01-25
28307.0,28307,Morgan,Gray,M,F,2026-01-25
28308.0,28308,Hector,Serrano,S,M,2026-01-25
28309.0,28309,Julie,Lal,M,F,2026-01-25
28310.0,28310,Ross,Sanchez,M,M,2026-01-25
28311.0,28311,Terry,Raje,S,M,2026-01-25
28312.0,28312,Joy,Jimenez,S,F,2026-01-25
28313.0,28313,Brett,Perez,S,M,2026-01-25
28314.0,28314,Dwayne,Romero,S,M,2026-01-25
28315.0,28315,Stacy,Alonso,S,F,2026-01-25
28316.0,28316,Jaime,Martin,M,F,2026-01-25
28317.0,28317,Ivan,Weber,M,M,2026-01-25
28318.0,28318,Grace,Lee,M,F,2026-01-25
28319.0,28319,Ashlee,She,S,F,2026-01-25
28320.0,28320,Janet,Navarro,S,F,2026-01-25
28321.0,28321,Arturo,Wu,M,M,2026-01-25
28322.0,28322,Willie,Chen,S,M,2026-01-25
28323.0,28323,Nathan,Moore,S,M,2026-01-25
28324.0,28324,Jésus,Martin,M,M,2026-01-25
28325.0,28325,Drew,Lal,S,M,2026-01-25
28326.0,28326,Carla,Lopez,S,F,2026-01-25
28327.0,28327,Tabitha,Serrano,S,F,2026-01-25
28328.0,28328,Kyle,Green,M,M,2026-01-25
28329.0,28329,Marcus,Washington,S,M,2026-01-25
28330.0,28330,Charles,Bailey,M,M,2026-01-25
28331.0,28331,Colleen,Beck,M,F,2026-01-25
28332.0,28332,Ryan,Washington,M,M,2026-01-25
28333.0,28333,Jaime,Jimenez,M,F,2026-01-25
28334.0,28334,Marco,Tanara,S,F,2026-01-25
28335.0,28335,Rebekah,Srini,M,F,2026-01-25
28336.0,28336,Edward,Martin,M,M,2026-01-25
28337.0,28337,Melissa,Bennett,M,F,2026-01-25
28338.0,28338,Kristi,Vance,M,F,2026-01-25
28339.0,28339,Sean,Edwards,S,M,2026-01-25
28340.0,28340,Lucas,Butler,S,M,2026-01-25
28341.0,28341,Jeremy,Wilson,S,M,2026-01-25
28342.0,28342,Brianna,Murphy,M,F,2026-01-25
28343.0,28343,Shelby,Morgan,S,F,2026-01-25
28344.0,28344,Alvin,Zhu,S,M,2026-01-25
28345.0,28345,Diana,Serrano,M,F,2026-01-25
28346.0,28346,Eduardo,Russell,S,M,2026-01-25
28347.0,28347,Latoya,Anand,S,F,2026-01-25
28348.0,28348,Nichole,Jai,S,F,2026-01-25
28349.0,28349,Kristi,Vazquez,S,F,2026-01-25
28350.0,28350,Alisha,Holt,S,F,2026-01-25
28351.0,28351,Donald,Rodriguez,M,M,2026-01-25
28352.0,28352,Meghan,Sanz,S,F,2026-01-25
28353.0,28353,Summer,Kapoor,S,F,2026-01-25
28354.0,28354,Ian,Wilson,S,M,2026-01-25
28355.0,28355,Carlos,James,S,M,2026-01-25
28356.0,28356,Blake,Gonzalez,M,M,2026-01-25
28357.0,28357,Danielle,Howard,S,F,2026-01-25
28358.0,28358,Austin,Powell,M,M,2026-01-25
28359.0,28359,Madison,Anderson,M,F,2026-01-25
28360.0,28360,Isaiah,Adams,M,M,2026-01-25
28361.0,28361,Kayla,Wilson,M,F,2026-01-25
28362.0,28362,Kaylee,Sanchez,S,F,2026-01-25
28363.0,28363,Savannah,Travers,S,F,2026-01-25
28364.0,28364,Alison,Nara,M,F,2026-01-25
28365.0,28365,Stacey,Zhao,M,F,2026-01-25
28366.0,28366,Dalton,Rivera,S,M,2026-01-25
28367.0,28367,Jerome,Johnsen,S,M,2026-01-25
28368.0,28368,Fernando,Butler,S,M,2026-01-25
28369.0,28369,Carolyn,Moreno,S,F,2026-01-25
28370.0,28370,Eddie,Gutierrez,S,M,2026-01-25
28371.0,28371,Mandy,Liang,S,F,2026-01-25
28372.0,28372,Vincent,Hu,S,M,2026-01-25
28373.0,28373,Shane,Lopez,S,,2026-01-25
28374.0,28374,Ruben,Vance,M,,2026-01-25
28375.0,28375,Kathleen,Diaz,S,,2026-01-25
28376.0,28376,Eugene,Chen,S,,2026-01-25
28377.0,28377,Walter,Ortega,M,,2026-01-25
28378.0,28378,Sara,Sanchez,S,,2026-01-25
28379.0,28379,Edgar,Rana,M,,2026-01-25
28380.0,28380,Lindsay,Goel,S,,2026-01-25
28381.0,28381,Cedric,Tang,S,,2026-01-25
28382.0,28382,Roberto,Ortega,M,,2026-01-25
28383.0,28383,Lacey,Zhou,S,,2026-01-25
28384.0,28384,Tamara,Xie,M,,2026-01-25
28385.0,28385,Cassie,Deng,M,,2026-01-25
28386.0,28386,Sergio,Subram,M,,2026-01-25
28387.0,28387,Roberto,Alvarez,M,,2026-01-25
28388.0,28388,Sheila,Rowe,S,,2026-01-25
28389.0,28389,Rachael,Martinez,S,,2026-01-25
28390.0,28390,Frederick,Suri,S,,2026-01-25
28391.0,28391,Monique,Jimenez,M,,2026-01-25
28392.0,28392,Luke,Green,M,,2026-01-25
28393.0,28393,Ramon,Zheng,S,,2026-01-25
28394.0,28394,Alisha,Zhang,M,,2026-01-25
28395.0,28395,Shannon,Dominguez,S,,2026-01-25
28396.0,28396,Rebekah,Munoz,S,,2026-01-25
28397.0,28397,Cynthia,Rana,M,,2026-01-25
28398.0,28398,Shawn,Lal,S,,2026-01-25
28399.0,28399,Dale,Deng,M,,2026-01-25
28400.0,28400,Cedric,Anand,S,,2026-01-25
28401.0,28401,Maria,Alexander,S,,2026-01-25
28402.0,28402,Kristin,Kumar,S,,2026-01-25
28403.0,28403,Jaclyn,Sharma,M,,2026-01-25
28404.0,28404,Whitney,Raman,M,,2026-01-25
28405.0,28405,Erick,Malhotra,M,,2026-01-25
28406.0,28406,Gerald,Srini,M,,2026-01-25
28407.0,28407,Emma,Miller,S,,2026-01-25
28408.0,28408,Tasha,Lal,S,,2026-01-25
28409.0,28409,Bonnie,Rai,M,,2026-01-25
28410.0,28410,Cheryl,Gill,M,,2026-01-25
28411.0,28411,Jay,Rodriguez,S,,2026-01-25
28412.0,28412,Walter,Vazquez,S,,2026-01-25
28413.0,28413,Dalton,Martinez,M,,2026-01-25
28414.0,28414,Bradley,Luo,S,,2026-01-25
28415.0,28415,Melissa,Rogers,M,,2026-01-25
28416.0,28416,Roger,Black,M,,2026-01-25
28417.0,28417,Ashlee,Lal,M,,2026-01-25
28418.0,28418,Kelli,Zhu,M,,2026-01-25
28419.0,28419,Cheryl,Suarez,M,,2026-01-25
28420.0,28420,Tracy,Chapman,M,,2026-01-25
28421.0,28421,Monica,Gonzalez,S,,2026-01-25
28422.0,28422,Joy,Moyer,S,,2026-01-25
28423.0,28423,Victor,Ortega,S,,2026-01-25
28424.0,28424,Neil,Romero,S,,2026-01-25
28425.0,28425,Gilbert,Nara,S,,2026-01-25
28426.0,28426,Melvin,Xie,S,,2026-01-25
28427.0,28427,Yolanda,Deng,S,,2026-01-25
28428.0,28428,Ebony,Alvarez,S,,2026-01-25
28429.0,28429,Devin,Bell,S,,2026-01-25
28430.0,28430,Armando,Suarez,M,,2026-01-25
28431.0,28431,Tyrone,Sanz,M,,2026-01-25
28432.0,28432,Bruce,Carlson,S,,2026-01-25
28433.0,28433,Deborah,Shen,S,,2026-01-25
28434.0,28434,Brian,Lauer,S,,2026-01-25
28435.0,28435,Edwin,Liu,M,,2026-01-25
28436.0,28436,Derrick,Carlson,S,,2026-01-25
28437.0,28437,Mary,Smith,S,,2026-01-25
28438.0,28438,Heidi,Sanchez,S,,2026-01-25
28439.0,28439,Olivia,Gray,S,,2026-01-25
28440.0,28440,Allison,Ramirez,S,,2026-01-25
28441.0,28441,Peter,Nath,S,,2026-01-25
28442.0,28442,Phillip,Prasad,S,,2026-01-25
28443.0,28443,Alfredo,Dominguez,S,,2026-01-25
28444.0,28444,Pedro,Sai,S,,2026-01-25
28445.0,28445,Shaun,She,S,,2026-01-25
28446.0,28446,Mayra,Subram,M,,2026-01-25
28447.0,28447,Dalton,Walker,S,,2026-01-25
28448.0,28448,Katherine,Campbell,M,,2026-01-25
28449.0,28449,Jarred,Gill,M,,2026-01-25
28450.0,28450,Nelson,Martin,S,,2026-01-25
28451.0,28451,Nichole,Chander,M,,2026-01-25
28452.0,28452,Alexandra,Young,S,,2026-01-25
28453.0,28453,Valerie,Lin,M,,2026-01-25
28454.0,28454,Shawna,Simpson,M,,2026-01-25
28455.0,28455,Raymond,Sara,M,,2026-01-25
28456.0,28456,Todd,Xu,M,,2026-01-25
28457.0,28457,Bruce,Gonzalez,S,,2026-01-25
28458.0,28458,Casey,She,S,,2026-01-25
28459.0,28459,Dana,Muñoz,M,,2026-01-25
28460.0,28460,Nathan,Powell,M,,2026-01-25
28461.0,28461,Joe,Dominguez,M,,2026-01-25
28462.0,28462,Kendra,Serrano,M,,2026-01-25
28463.0,28463,Emmanuel,Arun,S,,2026-01-25
28464.0,28464,Eddie,Hernandez,M,,2026-01-25
28465.0,28465,Wendy,Serrano,M,F,2026-01-25
28466.0,28466,Marco,Chandra,S,M,2026-01-25
28467.0,28467,Tasha,Tang,M,F,2026-01-25
28468.0,28468,Melody,Harrison,M,F,2026-01-25
28469.0,28469,Morgan,Green,M,F,2026-01-25
28470.0,28470,Tamara,Tang,M,F,2026-01-25
28471.0,28471,Phillip,Sullivan,S,M,2026-01-25
28472.0,28472,Kellie,Ramos,M,F,2026-01-25
28473.0,28473,Bruce,Rodriguez,S,M,2026-01-25
28474.0,28474,Terrence,Nara,S,M,2026-01-25
28475.0,28475,Bruce,Ramos,S,M,2026-01-25
28476.0,28476,Bradley,Xie,S,M,2026-01-25
28477.0,28477,Kenneth,Tang,M,M,2026-01-25
28478.0,28478,Riley,Long,S,F,2026-01-25
28479.0,28479,Marvin,Gomez,S,M,2026-01-25
28480.0,28480,Arthur,Vazquez,S,M,2026-01-25
28481.0,28481,Kristine,Moreno,M,F,2026-01-25
28482.0,28482,Jaime,She,S,M,2026-01-25
28483.0,28483,Tara,Raje,S,F,2026-01-25
28484.0,28484,Harold,Raman,M,M,2026-01-25
28485.0,28485,Bianca,Wu,S,F,2026-01-25
28486.0,28486,Rebekah,Chandra,M,F,2026-01-25
28487.0,28487,Gerald,Gill,S,M,2026-01-25
28488.0,28488,Reginald,Travers,S,M,2026-01-25
28489.0,28489,Jeffery,Zhu,S,M,2026-01-25
28490.0,28490,Krista,Ramos,S,F,2026-01-25
28491.0,28491,Cassie,Jai,S,F,2026-01-25
28492.0,28492,Bethany,Tang,M,F,2026-01-25
28493.0,28493,Morgan,Wilson,M,F,2026-01-25
28494.0,28494,Ross,Martinez,S,M,2026-01-25
28495.0,28495,Catherine,Morgan,S,F,2026-01-25
28496.0,28496,Adam,Shan,S,M,2026-01-25
28497.0,28497,Alvin,Yang,S,M,2026-01-25
28498.0,28498,Tabitha,Ruiz,S,F,2026-01-25
28499.0,28499,Lydia,Srini,S,F,2026-01-25
28500.0,28500,Jermaine,Gonzalez,S,M,2026-01-25
28501.0,28501,Gerald,Perez,S,M,2026-01-25
28502.0,28502,Dominique,Jordan,S,F,2026-01-25
28503.0,28503,Jay,Sanz,S,M,2026-01-25
28504.0,28504,Reginald,Gomez,S,M,2026-01-25
28505.0,28505,Barbara,Xie,M,F,2026-01-25
28506.0,28506,Ruth,Schmidt,S,F,2026-01-25
28507.0,28507,Deanna,Suri,M,F,2026-01-25
28508.0,28508,Jaime,Romero,M,F,2026-01-25
28509.0,28509,Audrey,Diaz,S,F,2026-01-25
28510.0,28510,Gregory,Andersen,S,M,2026-01-25
28511.0,28511,Chase,Rivera,S,M,2026-01-25
28512.0,28512,Dwayne,Alonso,S,M,2026-01-25
28513.0,28513,Molly,Fernandez,M,F,2026-01-25
28514.0,28514,Lisa,Chen,S,F,2026-01-25
28515.0,28515,Tony,Lal,M,M,2026-01-25
28516.0,28516,Vincent,Lin,S,M,2026-01-25
28517.0,28517,Troy,Gonzalez,S,M,2026-01-25
28518.0,28518,Tammy,Sanchez,S,F,2026-01-25
28519.0,28519,Jésus,Ramos,M,M,2026-01-25
28520.0,28520,Susan,Liang,M,F,2026-01-25
28521.0,28521,Bradley,Tang,S,M,2026-01-25
28522.0,28522,Rosa,Ma,M,F,2026-01-25
28523.0,28523,Charles,James,S,M,2026-01-25
28524.0,28524,Paula,Gill,M,F,2026-01-25
28525.0,28525,Dominic,Rodriguez,S,M,2026-01-25
28526.0,28526,Luke,Yang,S,M,2026-01-25
28527.0,28527,Dwayne,Rubio,S,M,2026-01-25
28528.0,28528,Tasha,Chande,M,F,2026-01-25
28529.0,28529,Tara,Chande,S,F,2026-01-25
28530.0,28530,Gavin,Powell,S,M,2026-01-25
28531.0,28531,Jared,Reed,S,M,2026-01-25
28532.0,28532,Tony,Xie,M,M,2026-01-25
28533.0,28533,Clayton,Sun,S,M,2026-01-25
28534.0,28534,Sabrina,Romero,M,F,2026-01-25
28535.0,28535,Leslie,Ferrier,S,F,2026-01-25
28536.0,28536,Martha,Guo,M,F,2026-01-25
28537.0,28537,Christian,Hayes,S,M,2026-01-25
28538.0,28538,Jerome,Sanz,S,M,2026-01-25
28539.0,28539,Barbara,Zhou,S,F,2026-01-25
28540.0,28540,Leah,Zhang,M,F,2026-01-25
28541.0,28541,Isabella,Perez,S,F,2026-01-25
28542.0,28542,Martha,Zhao,S,F,2026-01-25
28543.0,28543,Roger,Ye,S,M,2026-01-25
28544.0,28544,Nicolas,Shan,S,M,2026-01-25
28545.0,28545,Micheal,Ramos,M,M,2026-01-25
28546.0,28546,Alisha,Xu,M,F,2026-01-25
28547.0,28547,April,Shen,S,F,2026-01-25
28548.0,28548,Krista,Ortega,S,F,2026-01-25
28549.0,28549,Lydia,Subram,M,F,2026-01-25
28550.0,28550,Wayne,Andersen,S,M,2026-01-25
28551.0,28551,Warren,Xu,S,M,2026-01-25
28552.0,28552,Holly,Subram,S,F,2026-01-25
28553.0,28553,Sabrina,Serrano,M,F,2026-01-25
28554.0,28554,Natalie,Sanders,M,F,2026-01-25
28555.0,28555,Monique,Serrano,M,F,2026-01-25
28556.0,28556,Isabel,Gonzales,M,F,2026-01-25
28557.0,28557,Casey,Alvarez,M,M,2026-01-25
28558.0,28558,Dawn,Stone,S,F,2026-01-25
28559.0,28559,Billy,Gutierrez,M,M,2026-01-25
28560.0,28560,Peggy,Smith,S,F,2026-01-25
28561.0,28561,Carlos,Kelly,S,M,2026-01-25
28562.0,28562,Phillip,Martinez,M,M,2026-01-25
28563.0,28563,Dennis,Cai,S,M,2026-01-25
28564.0,28564,Alisha,Deng,S,F,2026-01-25
28565.0,28565,James,Allen,S,M,2026-01-25
28566.0,28566,Colin,Sun,S,M,2026-01-25
28567.0,28567,Ann,Kapoor,S,F,2026-01-25
28568.0,28568,Daisy,Alonso,M,F,2026-01-25
28569.0,28569,Dustin,Jai,M,M,2026-01-25
28570.0,28570,Jenna,Turner,S,F,2026-01-25
28571.0,28571,Anna,Torres,S,F,2026-01-25
28572.0,28572,Jeffery,Ye,M,M,2026-01-25
28573.0,28573,Tyrone,Gill,S,M,2026-01-25
28574.0,28574,Kayla,Flores,S,F,2026-01-25
28575.0,28575,Linda,Gutierrez,S,F,2026-01-25
28576.0,28576,Sunil,Uppal,M,M,2026-01-25
28577.0,28577,Austin,Harris,M,M,2026-01-25
28578.0,28578,Zoe,Rogers,S,F,2026-01-25
28579.0,28579,Grace,Ross,S,F,2026-01-25
28580.0,28580,Aimee,Liu,M,F,2026-01-25
28581.0,28581,Allison,Collins,S,F,2026-01-25
28582.0,28582,Olivia,Hall,S,F,2026-01-25
28583.0,28583,Ryan,Long,M,M,2026-01-25
28584.0,28584,Rolando,Smith,M,F,2026-01-25
28585.0,28585,Julian,Russell,S,M,2026-01-25
28586.0,28586,Gabriel,Diaz,M,M,2026-01-25
28587.0,28587,Xavier,Harris,M,M,2026-01-25
28588.0,28588,Emma,Griffin,M,F,2026-01-25
28589.0,28589,John,Walker,S,M,2026-01-25
28590.0,28590,Gabriel,Jai,S,M,2026-01-25
28591.0,28591,Mary,Collins,S,F,2026-01-25
28592.0,28592,Alyssa,Johnson,S,F,2026-01-25
28593.0,28593,Faith,Peterson,S,F,2026-01-25
28594.0,28594,Sydney,Cooper,S,F,2026-01-25
28595.0,28595,Xavier,James,S,M,2026-01-25
28596.0,28596,Haley,Butler,S,F,2026-01-25
28597.0,28597,Brianna,Harris,S,F,2026-01-25
28598.0,28598,Wyatt,Russell,M,M,2026-01-25
28599.0,28599,Stephanie,Perry,S,F,2026-01-25
28600.0,28600,Destiny,Clark,S,F,2026-01-25
28601.0,28601,Christian,Gonzales,S,M,2026-01-25
28602.0,28602,Isabella,Morgan,S,F,2026-01-25
28603.0,28603,Brian,Bell,M,M,2026-01-25
28604.0,28604,Allison,James,S,F,2026-01-25
28605.0,28605,Caleb,Coleman,S,M,2026-01-25
28606.0,28606,Joshua,Wilson,S,M,2026-01-25
28607.0,28607,Hunter,Sharma,S,M,2026-01-25
28608.0,28608,Brian,Richardson,S,M,2026-01-25
28609.0,28609,Jose,Harris,M,M,2026-01-25
28610.0,28610,Jacqueline,Bailey,M,F,2026-01-25
28611.0,28611,Christian,Alexander,S,M,2026-01-25
28612.0,28612,Gabriel,Roberts,S,M,2026-01-25
28613.0,28613,James,Campbell,M,M,2026-01-25
28614.0,28614,Luis,Jenkins,S,M,2026-01-25
28615.0,28615,Jonathan,Flores,M,M,2026-01-25
28616.0,28616,Sarah,Harris,S,F,2026-01-25
28617.0,28617,Noah,Davis,S,M,2026-01-25
28618.0,28618,Katelyn,Bailey,M,F,2026-01-25
28619.0,28619,Brianna,Bailey,M,F,2026-01-25
28620.0,28620,Cole,Richardson,M,M,2026-01-25
28621.0,28621,Kristen,Liu,M,F,2026-01-25
28622.0,28622,Julia,Cooper,M,F,2026-01-25
28623.0,28623,Marcus,Turner,M,M,2026-01-25
28624.0,28624,Carson,Jenkins,S,M,2026-01-25
28625.0,28625,Logan,Griffin,S,M,2026-01-25
28626.0,28626,Bailey,Hernandez,S,F,2026-01-25
28627.0,28627,Edward,Collins,S,M,2026-01-25
28628.0,28628,Courtney,Phillips,S,F,2026-01-25
28629.0,28629,Cynthia,Madan,M,F,2026-01-25
28630.0,28630,Jack,Zimmerman,S,M,2026-01-25
28631.0,28631,Isaiah,Phillips,S,M,2026-01-25
28632.0,28632,Kathryn,Nath,M,F,2026-01-25
28633.0,28633,Christina,Howard,S,F,2026-01-25
28634.0,28634,Nathan,Mitchell,S,M,2026-01-25
28635.0,28635,Levi,Gonzalez,M,M,2026-01-25
28636.0,28636,Victoria,Bryant,M,F,2026-01-25
28637.0,28637,Brandon,Lee,M,M,2026-01-25
28638.0,28638,Alexandra,Thompson,S,F,2026-01-25
28639.0,28639,Jacqueline,Morgan,M,F,2026-01-25
28640.0,28640,Bryce,Cook,S,M,2026-01-25
28641.0,28641,Brittany,Butler,M,F,2026-01-25
28642.0,28642,Lauren,Ward,M,F,2026-01-25
28643.0,28643,Xavier,Gray,M,M,2026-01-25
28644.0,28644,Martha,Chow,M,F,2026-01-25
28645.0,28645,Martin,Fernandez,M,M,2026-01-25
28646.0,28646,Alexis,Moore,M,F,2026-01-25
28647.0,28647,Hannah,Foster,M,F,2026-01-25
28648.0,28648,Dylan,Harris,M,M,2026-01-25
28649.0,28649,Nathan,Martinez,S,M,2026-01-25
28650.0,28650,Jessica,Clark,M,F,2026-01-25
28651.0,28651,Lauren,Brown,M,F,2026-01-25
28652.0,28652,Mariah,Murphy,M,F,2026-01-25
28653.0,28653,Grace,Williams,M,F,2026-01-25
28654.0,28654,Miguel,Nelson,M,M,2026-01-25
28655.0,28655,Devin,Smith,M,M,2026-01-25
28656.0,28656,Lucas,Murphy,M,M,2026-01-25
28657.0,28657,Ryan,Hayes,S,M,2026-01-25
28658.0,28658,Jasmine,Bailey,S,F,2026-01-25
28659.0,28659,Vanessa,Simmons,S,F,2026-01-25
28660.0,28660,Justin,Anderson,S,M,2026-01-25
28661.0,28661,Dalton,Ward,S,M,2026-01-25
28662.0,28662,Isaiah,Murphy,S,M,2026-01-25
28663.0,28663,Marcus,Coleman,S,M,2026-01-25
28664.0,28664,Ashlee,Sharma,S,F,2026-01-25
28665.0,28665,Donna,Anand,M,F,2026-01-25
28666.0,28666,Kelvin,Zhu,M,M,2026-01-25
28667.0,28667,Devin,Williams,S,M,2026-01-25
28668.0,28668,Jeremy,Parker,S,M,2026-01-25
28669.0,28669,Jordan,Carter,S,M,2026-01-25
28670.0,28670,Julia,Gonzales,M,F,2026-01-25
28671.0,28671,Gabrielle,Russell,M,F,2026-01-25
28672.0,28672,Blake,Johnson,S,M,2026-01-25
28673.0,28673,Arianna,Reed,M,F,2026-01-25
28674.0,28674,Nathan,Yang,M,M,2026-01-25
28675.0,28675,Angel,Mitchell,S,M,2026-01-25
28676.0,28676,Alex,Bailey,S,M,2026-01-25
28677.0,28677,Damien,Tang,S,M,2026-01-25
28678.0,28678,Ben,Adams,S,M,2026-01-25
28679.0,28679,Julian,Bryant,S,M,2026-01-25
28680.0,28680,Hannah,Brown,S,F,2026-01-25
28681.0,28681,Victoria,Johnson,M,F,2026-01-25
28682.0,28682,Cassidy,Perry,M,F,2026-01-25
28683.0,28683,Mallory,Munoz,S,F,2026-01-25
28684.0,28684,Kristi,Saunders,M,F,2026-01-25
28685.0,28685,Marshall,Zhu,M,M,2026-01-25
28686.0,28686,Sheena,Jai,S,F,2026-01-25
28687.0,28687,Javier,Gutierrez,S,M,2026-01-25
28688.0,28688,Margaret,Ye,S,F,2026-01-25
28689.0,28689,Kelvin,Zhang,S,M,2026-01-25
28690.0,28690,Cory,Chandra,S,M,2026-01-25
28691.0,28691,Alejandro,Andersen,S,M,2026-01-25
28692.0,28692,Kristi,Rowe,S,F,2026-01-25
28693.0,28693,Tamara,Chande,S,F,2026-01-25
28694.0,28694,Larry,Suarez,M,M,2026-01-25
28695.0,28695,Mario,Raji,M,M,2026-01-25
28696.0,28696,Robin,Navarro,S,F,2026-01-25
28697.0,28697,Raquel,Gutierrez,M,F,2026-01-25
28698.0,28698,Kristina,Madan,S,F,2026-01-25
28699.0,28699,Leah,Lu,S,F,2026-01-25
28700.0,28700,Summer,Garcia,S,F,2026-01-25
28701.0,28701,Felicia,Gill,S,F,2026-01-25
28702.0,28702,Danny,Martin,S,M,2026-01-25
28703.0,28703,Felicia,Suarez,M,F,2026-01-25
28704.0,28704,Roy,Ruiz,M,M,2026-01-25
28705.0,28705,Ashley,Powell,S,F,2026-01-25
28706.0,28706,Reginald,Ashe,S,M,2026-01-25
28707.0,28707,Sharon,Raje,S,F,2026-01-25
28708.0,28708,Darryl,Sun,S,M,2026-01-25
28709.0,28709,Stefanie,Gonzalez,S,F,2026-01-25
28710.0,28710,Tyrone,Vazquez,M,M,2026-01-25
28711.0,28711,Rebekah,Torres,M,F,2026-01-25
28712.0,28712,Gregory,Goel,S,M,2026-01-25
28713.0,28713,Franklin,Nath,M,M,2026-01-25
28714.0,28714,Arturo,Gao,S,M,2026-01-25
28715.0,28715,Maria,Foster,S,F,2026-01-25
28716.0,28716,Darren,Garcia,S,M,2026-01-25
28717.0,28717,Calvin,Anand,M,M,2026-01-25
28718.0,28718,Cassandra,Raman,M,F,2026-01-25
28719.0,28719,Neil,Vazquez,S,M,2026-01-25
28720.0,28720,Candice,Liu,S,F,2026-01-25
28721.0,28721,Jaclyn,Lin,M,F,2026-01-25
28722.0,28722,Carmen,Stone,S,F,2026-01-25
28723.0,28723,Ryan,Yang,S,M,2026-01-25
28724.0,28724,Marvin,Navarro,S,M,2026-01-25
28725.0,28725,Edward,Jenkins,S,M,2026-01-25
28726.0,28726,Kelli,Liang,S,F,2026-01-25
28727.0,28727,Brett,Madan,S,M,2026-01-25
28728.0,28728,Dylan,Long,S,M,2026-01-25
28729.0,28729,Heather,Sun,S,F,2026-01-25
28730.0,28730,Nicole,Robinson,S,F,2026-01-25
28731.0,28731,Jermaine,Subram,S,M,2026-01-25
28732.0,28732,Bianca,Yang,M,F,2026-01-25
28733.0,28733,Diana,Ramos,M,F,2026-01-25
28734.0,28734,Briana,Moreno,M,F,2026-01-25
28735.0,28735,Kimberly,Morgan,S,F,2026-01-25
28736.0,28736,Paula,Navarro,S,F,2026-01-25
28737.0,28737,Eugene,Lin,S,M,2026-01-25
28738.0,28738,Lori,Romero,M,F,2026-01-25
28739.0,28739,Mya,Perry,S,F,2026-01-25
28740.0,28740,Alisha,Alan,M,F,2026-01-25
28741.0,28741,Bruce,Dominguez,M,M,2026-01-25
28742.0,28742,Erick,Vance,M,M,2026-01-25
28743.0,28743,Kelly,Wood,S,F,2026-01-25
28744.0,28744,Jenny,Xu,S,F,2026-01-25
28745.0,28745,Geoffrey,Rana,S,M,2026-01-25
28746.0,28746,Juan,Ruiz,M,M,2026-01-25
28747.0,28747,Arthur,Gonzalez,M,M,2026-01-25
28748.0,28748,Kelly,Washington,S,F,2026-01-25
28749.0,28749,Franklin,Zhou,S,M,2026-01-25
28750.0,28750,Andy,Romero,M,M,2026-01-25
28751.0,28751,Joe,Belson,M,M,2026-01-25
28752.0,28752,Andre,Subram,S,M,2026-01-25
28753.0,28753,Kristine,Carlson,S,F,2026-01-25
28754.0,28754,Chad,Nara,S,M,2026-01-25
28755.0,28755,Raymond,Gonzalez,S,M,2026-01-25
28756.0,28756,Stacey,Hee,S,F,2026-01-25
28757.0,28757,Ronald,Rodriguez,M,M,2026-01-25
28758.0,28758,Troy,Rodriguez,M,M,2026-01-25
28759.0,28759,Melissa,Rivera,S,F,2026-01-25
28760.0,28760,Lucas,Hall,M,M,2026-01-25
28761.0,28761,Robert,Campbell,S,M,2026-01-25
28762.0,28762,Aaron,Henderson,M,M,2026-01-25
28763.0,28763,Mohamed,Pal,S,F,2026-01-25
28764.0,28764,Frank,Rubio,S,M,2026-01-25
28765.0,28765,Abigail,Gonzales,M,F,2026-01-25
28766.0,28766,Joe,Alonso,S,M,2026-01-25
28767.0,28767,Gilbert,Hu,M,M,2026-01-25
28768.0,28768,Emmanuel,Rodriguez,S,M,2026-01-25
28769.0,28769,Brianna,Foster,S,F,2026-01-25
28770.0,28770,Sebastian,James,M,M,2026-01-25
28771.0,28771,Katherine,Russell,S,F,2026-01-25
28772.0,28772,Eric,Hughes,M,M,2026-01-25
28773.0,28773,Gerald,Malhotra,S,M,2026-01-25
28774.0,28774,Latasha,Rowe,M,F,2026-01-25
28775.0,28775,Morgan,Anderson,M,F,2026-01-25
28776.0,28776,Abigail,Morris,S,F,2026-01-25
28777.0,28777,Brittany,Wood,S,F,2026-01-25
28778.0,28778,Maurice,Sharma,M,M,2026-01-25
28779.0,28779,Morgan,Reed,S,F,2026-01-25
28780.0,28780,Melissa,Griffin,M,F,2026-01-25
28781.0,28781,Alex,Collins,S,M,2026-01-25
28782.0,28782,Cody,Howard,M,M,2026-01-25
28783.0,28783,Makayla,Rivera,M,F,2026-01-25
28784.0,28784,Briana,Gomez,M,F,2026-01-25
28785.0,28785,Jose,Foster,S,M,2026-01-25
28786.0,28786,Erick,Prasad,M,M,2026-01-25
28787.0,28787,Gabrielle,Wood,M,F,2026-01-25
28788.0,28788,Dominique,Martinez,M,F,2026-01-25
28789.0,28789,Elijah,Zhang,S,M,2026-01-25
28790.0,28790,Seth,Howard,S,M,2026-01-25
28791.0,28791,Richard,Johnston,M,M,2026-01-25
28792.0,28792,Henry,Stone,S,M,2026-01-25
28793.0,28793,Alexander,Jackson,M,M,2026-01-25
28794.0,28794,Juan,Cooper,S,M,2026-01-25
28795.0,28795,Jesse,Allen,S,M,2026-01-25
28796.0,28796,Cameron,Coleman,M,M,2026-01-25
28797.0,28797,Alexandra,Wood,S,F,2026-01-25
28798.0,28798,Timothy,Phillips,S,M,2026-01-25
28799.0,28799,Amber,Nelson,S,F,2026-01-25
28800.0,28800,Mason,Sanchez,S,M,2026-01-25
28801.0,28801,Katelyn,Hall,S,F,2026-01-25
28802.0,28802,Allison,Nelson,M,F,2026-01-25
28803.0,28803,Gabriella,Edwards,S,F,2026-01-25
28804.0,28804,Wyatt,Allen,S,M,2026-01-25
28805.0,28805,Marissa,Bennett,M,F,2026-01-25
28806.0,28806,Randall,Hernandez,S,M,2026-01-25
28807.0,28807,Maria,Cox,M,F,2026-01-25
28808.0,28808,Trinity,Watson,S,F,2026-01-25
28809.0,28809,Isaac,Cooper,M,M,2026-01-25
28810.0,28810,Kaylee,Blue,M,F,2026-01-25
28811.0,28811,Caleb,Phillips,M,M,2026-01-25
28812.0,28812,Brianna,Watson,M,F,2026-01-25
28813.0,28813,Cameron,Washington,M,M,2026-01-25
28814.0,28814,Anna,Butler,M,F,2026-01-25
28815.0,28815,Lauren,James,M,F,2026-01-25
28816.0,28816,Jessica,Cox,S,F,2026-01-25
28817.0,28817,James,Lee,M,M,2026-01-25
28818.0,28818,Dwayne,Hernandez,M,M,2026-01-25
28819.0,28819,Grace,Bennett,M,F,2026-01-25
28820.0,28820,Naomi,Alvarez,M,F,2026-01-25
28821.0,28821,Blake,Jackson,M,M,2026-01-25
28822.0,28822,Amanda,Alexander,M,F,2026-01-25
28823.0,28823,Xavier,Brown,M,M,2026-01-25
28824.0,28824,Brandon,Gonzales,S,M,2026-01-25
28825.0,28825,Caleb,Hernandez,M,M,2026-01-25
28826.0,28826,Jack,Sharma,M,M,2026-01-25
28827.0,28827,Joshua,Robinson,M,M,2026-01-25
28828.0,28828,Andrea,Murphy,S,F,2026-01-25
28829.0,28829,Robert,Bryant,M,M,2026-01-25
28830.0,28830,Matthew,Smith,M,M,2026-01-25
28831.0,28831,Elizabeth,Harris,M,F,2026-01-25
28832.0,28832,Joseph,Rodriguez,M,M,2026-01-25
28833.0,28833,Abigail,Harris,M,F,2026-01-25
28834.0,28834,Natalie,Hill,M,F,2026-01-25
28835.0,28835,Elijah,Phillips,S,M,2026-01-25
28836.0,28836,Lauren,Cook,S,F,2026-01-25
28837.0,28837,Victoria,Rodriguez,M,F,2026-01-25
28838.0,28838,Jasmine,Ross,S,F,2026-01-25
28839.0,28839,Connor,Parker,M,M,2026-01-25
28840.0,28840,Valerie,Harrison,S,F,2026-01-25
28841.0,28841,Samuel,Gonzales,M,M,2026-01-25
28842.0,28842,Nicole,Bailey,M,F,2026-01-25
28843.0,28843,Chloe,Price,M,F,2026-01-25
28844.0,28844,Emma,Rivera,S,F,2026-01-25
28845.0,28845,Kaitlyn,Simmons,S,F,2026-01-25
28846.0,28846,Cynthia,Lopez,S,F,2026-01-25
28847.0,28847,Carly,Xu,S,F,2026-01-25
28848.0,28848,Justin,Butler,S,M,2026-01-25
28849.0,28849,Garrett,Murphy,S,M,2026-01-25
28850.0,28850,Nelson,Hernandez,S,M,2026-01-25
28851.0,28851,Miguel,Mitchell,S,M,2026-01-25
28852.0,28852,Mariah,Watson,M,F,2026-01-25
28853.0,28853,Miguel,Davis,M,M,2026-01-25
28854.0,28854,Morgan,Walker,S,F,2026-01-25
28855.0,28855,Alexandra,Perez,S,F,2026-01-25
28856.0,28856,Luke,Wang,M,M,2026-01-25
28857.0,28857,Matthew,Johnson,S,M,2026-01-25
28858.0,28858,Aidan,Hughes,S,M,2026-01-25
28859.0,28859,Micah,Cai,S,M,2026-01-25
28860.0,28860,Ian,Anderson,M,M,2026-01-25
28861.0,28861,Alexandra,Walker,M,F,2026-01-25
28862.0,28862,Catherine,Ramirez,S,F,2026-01-25
28863.0,28863,Allison,Bell,M,F,2026-01-25
28864.0,28864,Natalie,Murphy,S,F,2026-01-25
28865.0,28865,Alex,Reed,M,M,2026-01-25
28866.0,28866,Aaron,Adams,S,M,2026-01-25
28867.0,28867,Natalie,Martinez,M,F,2026-01-25
28868.0,28868,Jason,Chen,M,M,2026-01-25
28869.0,28869,Isabella,Howard,S,F,2026-01-25
28870.0,28870,Brian,Watson,M,M,2026-01-25
28871.0,28871,Jasmine,West,S,F,2026-01-25
28872.0,28872,Kelli,He,S,F,2026-01-25
28873.0,28873,Roger,Deng,M,M,2026-01-25
28874.0,28874,Alexa,Brooks,M,F,2026-01-25
28875.0,28875,Denise,Smith,S,M,2026-01-25
28876.0,28876,Austin,Garcia,M,M,2026-01-25
28877.0,28877,Joe,Vance,S,M,2026-01-25
28878.0,28878,Alvin,Guo,M,M,2026-01-25
28879.0,28879,Edwin,Xie,S,M,2026-01-25
28880.0,28880,Felicia,Moyer,S,F,2026-01-25
28881.0,28881,Allen,Kapoor,M,M,2026-01-25
28882.0,28882,Tasha,Shen,M,F,2026-01-25
28883.0,28883,Eddie,Romero,M,M,2026-01-25
28884.0,28884,Sheila,Suarez,S,F,2026-01-25
28885.0,28885,Kelvin,Raji,S,M,2026-01-25
28886.0,28886,Franklin,Jai,M,M,2026-01-25
28887.0,28887,Casey,Serrano,S,M,2026-01-25
28888.0,28888,Casey,Lal,M,F,2026-01-25
28889.0,28889,Alison,Beck,M,F,2026-01-25
28890.0,28890,Jaclyn,Ma,M,F,2026-01-25
28891.0,28891,Jasmine,Smith,S,F,2026-01-25
28892.0,28892,Marissa,Bryant,S,F,2026-01-25
28893.0,28893,Jessie,Gutierrez,M,F,2026-01-25
28894.0,28894,Maurice,Xu,M,M,2026-01-25
28895.0,28895,Mitchell,Luo,S,M,2026-01-25
28896.0,28896,Edward,Davis,M,M,2026-01-25
28897.0,28897,Jennifer,Ross,S,F,2026-01-25
28898.0,28898,Melanie,Patterson,S,F,2026-01-25
28899.0,28899,Alejandro,Anand,M,M,2026-01-25
28900.0,28900,Jasmine,Price,S,F,2026-01-25
28901.0,28901,Martha,Hee,M,F,2026-01-25
28902.0,28902,Suzanne,She,S,F,2026-01-25
28903.0,28903,Kara,Luo,M,F,2026-01-25
28904.0,28904,Ian,Flores,M,M,2026-01-25
28905.0,28905,Katherine,Bailey,M,F,2026-01-25
28906.0,28906,Steve,Xu,M,M,2026-01-25
28907.0,28907,Blake,Jenkins,M,M,2026-01-25
28908.0,28908,Dominique,Sai,S,F,2026-01-25
28909.0,28909,Tommy,Champion,M,M,2026-01-25
28910.0,28910,Melody,Martin,S,F,2026-01-25
28911.0,28911,Levi,Rodriguez,M,M,2026-01-25
28912.0,28912,Alejandro,Zhu,M,M,2026-01-25
28913.0,28913,Krista,Diaz,S,F,2026-01-25
28914.0,28914,Alicia,Rai,M,F,2026-01-25
28915.0,28915,Johnny,Yuan,S,M,2026-01-25
28916.0,28916,Kathryn,Shan,M,F,2026-01-25
28917.0,28917,Sandra,Zhou,S,F,2026-01-25
28918.0,28918,Gina,Blanco,M,F,2026-01-25
28919.0,28919,Krystal,Wagner,M,F,2026-01-25
28920.0,28920,Renée,Alvarez,S,F,2026-01-25
28921.0,28921,Corey,Deng,M,M,2026-01-25
28922.0,28922,Brent,Ye,M,M,2026-01-25
28923.0,28923,Roberto,Hernandez,S,M,2026-01-25
28924.0,28924,Sydney,Washington,S,F,2026-01-25
28925.0,28925,Warren,Lu,M,M,2026-01-25
28926.0,28926,Danny,Schmidt,S,M,2026-01-25
28927.0,28927,Jermaine,Rana,S,M,2026-01-25
28928.0,28928,Margaret,Wu,S,F,2026-01-25
28929.0,28929,Marie,Fernandez,S,F,2026-01-25
28930.0,28930,Jarrod,Kapoor,M,M,2026-01-25
28931.0,28931,Darren,Jiménez,M,M,2026-01-25
28932.0,28932,Marshall,Ashe,M,M,2026-01-25
28933.0,28933,Colleen,Rai,M,F,2026-01-25
28934.0,28934,Ricardo,Nara,M,M,2026-01-25
28935.0,28935,Eddie,Johnsen,S,M,2026-01-25
28936.0,28936,Karla,Raje,M,F,2026-01-25
28937.0,28937,Tommy,Nath,S,M,2026-01-25
28938.0,28938,Sarah,Moore,M,F,2026-01-25
28939.0,28939,Ronald,Fernandez,M,M,2026-01-25
28940.0,28940,Kristine,Serrano,M,F,2026-01-25
28941.0,28941,Deanna,Moreno,S,F,2026-01-25
28942.0,28942,Frederick,Raman,M,M,2026-01-25
28943.0,28943,Arthur,Martin,S,M,2026-01-25
28944.0,28944,Whitney,Malhotra,M,F,2026-01-25
28945.0,28945,Rafael,Lal,M,M,2026-01-25
28946.0,28946,John,Anderson,S,M,2026-01-25
28947.0,28947,Grant,Nath,M,M,2026-01-25
28948.0,28948,Valerie,Ye,S,F,2026-01-25
28949.0,28949,Lance,Ramos,S,M,2026-01-25
28950.0,28950,Carl,Lal,S,M,2026-01-25
28951.0,28951,Monica,Rodriguez,M,F,2026-01-25
28952.0,28952,Arturo,Huang,S,M,2026-01-25
28953.0,28953,Trisha,Gao,S,F,2026-01-25
28954.0,28954,Omar,Hu,M,M,2026-01-25
28955.0,28955,Emmanuel,Fernandez,S,M,2026-01-25
28956.0,28956,Colleen,Xu,S,F,2026-01-25
28957.0,28957,Kate,Xu,S,F,2026-01-25
28958.0,28958,Randy,Liang,M,M,2026-01-25
28959.0,28959,Jimmy,Ashe,M,M,2026-01-25
28960.0,28960,Jacquelyn,Vazquez,M,F,2026-01-25
28961.0,28961,Mathew,Ramos,S,M,2026-01-25
28962.0,28962,Stanley,Lopez,S,M,2026-01-25
28963.0,28963,Ross,Prasad,S,M,2026-01-25
28964.0,28964,Trevor,Foster,S,M,2026-01-25
28965.0,28965,Trinity,Morris,M,F,2026-01-25
28966.0,28966,Martha,Li,S,F,2026-01-25
28967.0,28967,Jessica,Morris,S,F,2026-01-25
28968.0,28968,Marcus,Morgan,S,M,2026-01-25
28969.0,28969,Eduardo,Flores,M,M,2026-01-25
28970.0,28970,Danielle,Peterson,S,F,2026-01-25
28971.0,28971,Jason,Shan,S,M,2026-01-25
28972.0,28972,Taylor,Bennett,S,F,2026-01-25
28973.0,28973,Bryan,Cooper,S,M,2026-01-25
28974.0,28974,Kelly,Hayes,S,F,2026-01-25
28975.0,28975,Walter,Gill,M,M,2026-01-25
28976.0,28976,Christina,Peterson,S,F,2026-01-25
28977.0,28977,Carlos,Nelson,S,M,2026-01-25
28978.0,28978,Alexandria,Watson,M,F,2026-01-25
28979.0,28979,Matthew,Williams,M,M,2026-01-25
28980.0,28980,Alyssa,Watson,S,F,2026-01-25
28981.0,28981,Luke,Jai,S,M,2026-01-25
28982.0,28982,Sydney,Watson,S,F,2026-01-25
28983.0,28983,Sean,Lopez,S,M,2026-01-25
28984.0,28984,Katherine,Cox,M,F,2026-01-25
28985.0,28985,Andrew,Taylor,S,M,2026-01-25
28986.0,28986,Caleb,King,M,M,2026-01-25
28987.0,28987,Jessica,Harris,S,F,2026-01-25
28988.0,28988,Harold,Perez,S,M,2026-01-25
28989.0,28989,Angela,Cox,S,F,2026-01-25
28990.0,28990,Ann,Raman,S,F,2026-01-25
28991.0,28991,Timothy,Ward,S,M,2026-01-25
28992.0,28992,Darren,Fernandez,S,M,2026-01-25
28993.0,28993,Destiny,Perry,M,F,2026-01-25
28994.0,28994,Noah,Hayes,S,M,2026-01-25
28995.0,28995,Alexandra,Wright,S,F,2026-01-25
28996.0,28996,Rachel,Rivera,M,F,2026-01-25
28997.0,28997,Hector,Carlson,S,M,2026-01-25
28998.0,28998,Kristina,Rodriguez,M,F,2026-01-25
28999.0,28999,Edward,Martinez,M,M,2026-01-25
29000.0,29000,Nathan,Baker,S,M,2026-01-25
29001.0,29001,Carl,Nath,S,M,2026-01-25
29002.0,29002,Hannah,Walker,M,F,2026-01-25
29003.0,29003,Veronica,Perez,M,F,2026-01-25
29004.0,29004,Andrew,Thomas,M,M,2026-01-25
29005.0,29005,Cameron,Gonzales,S,M,2026-01-25
29006.0,29006,Christian,Kumar,S,M,2026-01-25
29007.0,29007,Elijah,Perry,S,M,2026-01-25
29008.0,29008,Andres,Luo,S,M,2026-01-25
29009.0,29009,Stanley,Arun,M,M,2026-01-25
29010.0,29010,Jennifer,Long,S,F,2026-01-25
29011.0,29011,Allison,Roberts,M,F,2026-01-25
29012.0,29012,Jeremiah,Taylor,M,M,2026-01-25
29013.0,29013,Emma,Hall,S,F,2026-01-25
29014.0,29014,Ryan,Powell,M,M,2026-01-25
29015.0,29015,Trinity,Murphy,M,F,2026-01-25
29016.0,29016,Jackson,Perez,S,M,2026-01-25
29017.0,29017,Gabriel,Long,M,M,2026-01-25
29018.0,29018,Drew,Luo,M,M,2026-01-25
29019.0,29019,Isaiah,Morris,S,M,2026-01-25
29020.0,29020,Jackson,Young,S,M,2026-01-25
29021.0,29021,William,Clark,S,M,2026-01-25
29022.0,29022,Sydney,Diaz,S,F,2026-01-25
29023.0,29023,Dalton,Campbell,M,M,2026-01-25
29024.0,29024,Deanna,Blanco,S,F,2026-01-25
29025.0,29025,Miguel,Hayes,S,M,2026-01-25
29026.0,29026,Sydney,Mitchell,M,F,2026-01-25
29027.0,29027,Jacob,Walker,S,M,2026-01-25
29028.0,29028,Samuel,Parker,S,M,2026-01-25
29029.0,29029,Marcus,Bennett,S,M,2026-01-25
29030.0,29030,Jeremy,Adams,M,M,2026-01-25
29031.0,29031,Brandon,Chen,M,M,2026-01-25
29032.0,29032,Taylor,Ramirez,S,F,2026-01-25
29033.0,29033,Natalie,Cooper,M,F,2026-01-25
29034.0,29034,Jonathan,Patterson,M,M,2026-01-25
29035.0,29035,Elijah,Scott,S,M,2026-01-25
29036.0,29036,Rebecca,Baker,M,F,2026-01-25
29037.0,29037,Brandon,Lewis,M,M,2026-01-25
29038.0,29038,Vanessa,Hughes,S,F,2026-01-25
29039.0,29039,Xavier,Hayes,S,M,2026-01-25
29040.0,29040,Colleen,Liu,S,F,2026-01-25
29041.0,29041,Charles,Collins,S,M,2026-01-25
29042.0,29042,Edward,Jackson,M,M,2026-01-25
29043.0,29043,Luke,Alexander,M,M,2026-01-25
29044.0,29044,Olivia,Wilson,S,F,2026-01-25
29045.0,29045,Anna,Jones,S,F,2026-01-25
29046.0,29046,Gabriella,Richardson,S,F,2026-01-25
29047.0,29047,Jack,Lopez,M,M,2026-01-25
29048.0,29048,William,Harris,S,M,2026-01-25
29049.0,29049,Kelly,Simmons,S,F,2026-01-25
29050.0,29050,Jack,Russell,S,M,2026-01-25
29051.0,29051,Michele,She,S,F,2026-01-25
29052.0,29052,Ian,Peterson,S,M,2026-01-25
29053.0,29053,Nelson,Gomez,S,M,2026-01-25
29054.0,29054,Abby,Kapoor,M,F,2026-01-25
29055.0,29055,Monica,Sai,M,F,2026-01-25
29056.0,29056,Angelica,Griffin,M,F,2026-01-25
29057.0,29057,Latoya,Andersen,S,F,2026-01-25
29058.0,29058,Olivia,Reed,S,F,2026-01-25
29059.0,29059,Jocelyn,Perry,S,F,2026-01-25
29060.0,29060,David,Washington,S,M,2026-01-25
29061.0,29061,Jaime,Kumar,S,M,2026-01-25
29062.0,29062,Dennis,Liu,M,M,2026-01-25
29063.0,29063,Alan,Liang,S,M,2026-01-25
29064.0,29064,Jose,Butler,S,M,2026-01-25
29065.0,29065,Pamela,Rodriguez,S,F,2026-01-25
29066.0,29066,Ricky,Suarez,M,M,2026-01-25
29067.0,29067,Russell,Chander,M,M,2026-01-25
29068.0,29068,Cassandra,Madan,S,F,2026-01-25
29069.0,29069,Clarence,Lin,S,M,2026-01-25
29070.0,29070,Arianna,Simmons,S,F,2026-01-25
29071.0,29071,Megan,Thomas,S,F,2026-01-25
29072.0,29072,Emma,Ramirez,S,F,2026-01-25
29073.0,29073,Melanie,Barnes,S,F,2026-01-25
29074.0,29074,Joan,Long,S,F,2026-01-25
29075.0,29075,Jack,Wright,S,M,2026-01-25
29076.0,29076,Megan,Miller,S,F,2026-01-25
29077.0,29077,Blake,Henderson,S,M,2026-01-25
29078.0,29078,Victoria,Sanders,M,F,2026-01-25
29079.0,29079,Brian,Rogers,M,M,2026-01-25
29080.0,29080,Yolanda,Nara,M,F,2026-01-25
29081.0,29081,Darren,Lopez,S,M,2026-01-25
29082.0,29082,Sabrina,Ramos,S,F,2026-01-25
29083.0,29083,Toni,Sullivan,S,F,2026-01-25
29084.0,29084,Beth,Hernandez,S,F,2026-01-25
29085.0,29085,Brad,Goel,M,M,2026-01-25
29086.0,29086,Frank,Diaz,S,M,2026-01-25
29087.0,29087,Steve,Ye,M,M,2026-01-25
29088.0,29088,Tamara,Anand,S,F,2026-01-25
29089.0,29089,Noah,Henderson,S,M,2026-01-25
29090.0,29090,Lacey,Ye,M,F,2026-01-25
29091.0,29091,Mallory,Hernandez,M,F,2026-01-25
29092.0,29092,Jessie,Ma,S,M,2026-01-25
29093.0,29093,Erik,Blanco,M,M,2026-01-25
29094.0,29094,Jessie,He,M,M,2026-01-25
29095.0,29095,Jaime,Jimenez,M,M,2026-01-25
29096.0,29096,Margaret,Stewart,M,F,2026-01-25
29097.0,29097,Bonnie,Beck,S,F,2026-01-25
29098.0,29098,Jimmy,Gill,M,M,2026-01-25
29099.0,29099,Tony,Shen,M,M,2026-01-25
29100.0,29100,Vanessa,Diaz,S,F,2026-01-25
29101.0,29101,Monique,Rubio,S,F,2026-01-25
29102.0,29102,Marie,Mehta,S,F,2026-01-25
29103.0,29103,Karl,Raji,M,M,2026-01-25
29104.0,29104,Nathan,Zhang,M,M,2026-01-25
29105.0,29105,Martha,Ma,M,F,2026-01-25
29106.0,29106,Calvin,Beck,S,M,2026-01-25
29107.0,29107,Tonya,Luo,S,F,2026-01-25
29108.0,29108,Seth,Evans,S,M,2026-01-25
29109.0,29109,Elizabeth,Miller,M,F,2026-01-25
29110.0,29110,Sydney,Smith,S,F,2026-01-25
29111.0,29111,Dale,Anand,S,M,2026-01-25
29112.0,29112,Edward,Powell,S,M,2026-01-25
29113.0,29113,Alícia,Anand,S,F,2026-01-25
29114.0,29114,Levi,Raman,M,M,2026-01-25
29115.0,29115,Jacquelyn,Munoz,M,F,2026-01-25
29116.0,29116,Janelle,Patel,M,F,2026-01-25
29117.0,29117,Glenn,She,S,M,2026-01-25
29118.0,29118,Noah,Griffin,S,M,2026-01-25
29119.0,29119,Lee,Oliver,S,M,2026-01-25
29120.0,29120,Kaitlyn,Brown,S,F,2026-01-25
29121.0,29121,Julie,Luo,S,F,2026-01-25
29122.0,29122,Shannon,Munoz,M,M,2026-01-25
29123.0,29123,Tonya,Goel,M,F,2026-01-25
29124.0,29124,Angel,Edwards,M,M,2026-01-25
29125.0,29125,Andrea,Reed,M,F,2026-01-25
29126.0,29126,Chloe,Cox,S,F,2026-01-25
29127.0,29127,Bryan,Murphy,M,M,2026-01-25
29128.0,29128,Alyssa,Reed,M,F,2026-01-25
29129.0,29129,Timothy,Watson,M,M,2026-01-25
29130.0,29130,Hannah,Washington,M,F,2026-01-25
29131.0,29131,Brandon,Coleman,S,M,2026-01-25
29132.0,29132,Brianna,Cook,S,F,2026-01-25
29133.0,29133,Sydney,King,S,F,2026-01-25
29134.0,29134,Pedro,Dominguez,M,M,2026-01-25
29135.0,29135,Adam,Allen,M,M,2026-01-25
29136.0,29136,Caroline,Bryant,M,F,2026-01-25
29137.0,29137,Jack,Allen,M,M,2026-01-25
29138.0,29138,Eduardo,Wood,M,M,2026-01-25
29139.0,29139,Riley,Coleman,S,F,2026-01-25
29140.0,29140,Richard,Ward,S,M,2026-01-25
29141.0,29141,Suzanne,Wang,S,F,2026-01-25
29142.0,29142,Ashley,Smith,M,F,2026-01-25
29143.0,29143,Grace,Jenkins,S,F,2026-01-25
29144.0,29144,Brandon,Zhang,M,M,2026-01-25
29145.0,29145,Shelby,Gray,M,F,2026-01-25
29146.0,29146,Ian,Henderson,M,M,2026-01-25
29147.0,29147,Mary,Roberts,S,F,2026-01-25
29148.0,29148,Gabriella,Murphy,S,F,2026-01-25
29149.0,29149,Ariana,Bell,M,F,2026-01-25
29150.0,29150,Wyatt,Griffin,M,M,2026-01-25
29151.0,29151,Caroline,Long,M,F,2026-01-25
29152.0,29152,Steven,Sanders,M,M,2026-01-25
29153.0,29153,Pedro,Arun,S,M,2026-01-25
29154.0,29154,Eduardo,Bennett,S,M,2026-01-25
29155.0,29155,Gabriella,Kelly,S,F,2026-01-25
29156.0,29156,Ashley,Barnes,S,F,2026-01-25
29157.0,29157,Seth,Powell,S,M,2026-01-25
29158.0,29158,Ian,Edwards,M,M,2026-01-25
29159.0,29159,Emma,Morgan,M,F,2026-01-25
29160.0,29160,Logan,Baker,S,M,2026-01-25
29161.0,29161,Thomas,Martinez,S,M,2026-01-25
29162.0,29162,Xavier,Murphy,M,M,2026-01-25
29163.0,29163,Mason,Murphy,S,M,2026-01-25
29164.0,29164,Jennifer,James,M,F,2026-01-25
29165.0,29165,Benjamin,Perry,S,M,2026-01-25
29166.0,29166,Jaime,Hernandez,S,M,2026-01-25
29167.0,29167,Dawn,Shen,S,F,2026-01-25
29168.0,29168,Derrick,Romero,S,M,2026-01-25
29169.0,29169,Victoria,Bailey,S,F,2026-01-25
29170.0,29170,Alexandra,Adams,S,F,2026-01-25
29171.0,29171,Jay,Alvarez,M,M,2026-01-25
29172.0,29172,Arturo,Carson,S,M,2026-01-25
29173.0,29173,Richard,Bradley,S,M,2026-01-25
29174.0,29174,Richard,Parker,S,M,2026-01-25
29175.0,29175,Sean,Rivera,M,M,2026-01-25
29176.0,29176,Luke,Evans,M,M,2026-01-25
29177.0,29177,Frank,Martin,M,M,2026-01-25
29178.0,29178,Candice,She,M,F,2026-01-25
29179.0,29179,Patricia,Mehta,M,F,2026-01-25
29180.0,29180,Erik,Gomez,M,M,2026-01-25
29181.0,29181,Melinda,Suarez,S,F,2026-01-25
29182.0,29182,Wesley,Xu,M,M,2026-01-25
29183.0,29183,Gabrielle,Simmons,M,F,2026-01-25
29184.0,29184,Kristi,Madan,M,F,2026-01-25
29185.0,29185,Warren,Li,M,M,2026-01-25
29186.0,29186,Mathew,Serrano,S,M,2026-01-25
29187.0,29187,Jerome,Ramos,M,M,2026-01-25
29188.0,29188,Colin,Kumar,S,M,2026-01-25
29189.0,29189,Roy,Dominguez,S,M,2026-01-25
29190.0,29190,Kaitlin,Suri,S,F,2026-01-25
29191.0,29191,Chelsea,Weber,S,F,2026-01-25
29192.0,29192,Jessica,Ramirez,M,F,2026-01-25
29193.0,29193,Alejandro,Liang,S,M,2026-01-25
29194.0,29194,Grace,Powell,M,F,2026-01-25
29195.0,29195,Barbara,Xu,M,F,2026-01-25
29196.0,29196,Darren,Serrano,M,M,2026-01-25
29197.0,29197,Morgan,Brown,S,F,2026-01-25
29198.0,29198,Faith,Ramirez,M,F,2026-01-25
29199.0,29199,James,Wilson,S,M,2026-01-25
29200.0,29200,Jackson,Collins,M,M,2026-01-25
29201.0,29201,Kara,Jai,S,F,2026-01-25
29202.0,29202,Jerry,Kumar,M,M,2026-01-25
29203.0,29203,Laura,Hu,M,F,2026-01-25
29204.0,29204,Austin,Sharma,S,M,2026-01-25
29205.0,29205,David,Long,M,M,2026-01-25
29206.0,29206,Nicholas,Anderson,M,M,2026-01-25
29207.0,29207,Katelyn,James,M,F,2026-01-25
29208.0,29208,Amber,Lopez,M,F,2026-01-25
29209.0,29209,Jordan,Evans,M,M,2026-01-25
29210.0,29210,Devin,Peterson,M,M,2026-01-25
29211.0,29211,Stephanie,Ross,M,F,2026-01-25
29212.0,29212,Jocelyn,Gonzales,S,F,2026-01-25
29213.0,29213,Jodi,Luo,S,F,2026-01-25
29214.0,29214,Joseph,Martinez,S,M,2026-01-25
29215.0,29215,Abigail,Barnes,S,F,2026-01-25
29216.0,29216,Antonio,Wood,S,M,2026-01-25
29217.0,29217,Alexis,Wilson,M,F,2026-01-25
29218.0,29218,Brandon,Moore,S,M,2026-01-25
29219.0,29219,Darren,Arun,S,M,2026-01-25
29220.0,29220,Melinda,Ramos,S,F,2026-01-25
29221.0,29221,Kelly,Bennett,S,F,2026-01-25
29222.0,29222,Evan,Perez,M,M,2026-01-25
29223.0,29223,Angel,Phillips,S,M,2026-01-25
29224.0,29224,Kaylee,Bailey,M,F,2026-01-25
29225.0,29225,Matthew,Lee,S,M,2026-01-25
29226.0,29226,Katherine,Lee,S,F,2026-01-25
29227.0,29227,Levi,Patel,S,M,2026-01-25
29228.0,29228,Courtney,Campbell,S,F,2026-01-25
29229.0,29229,Lance,Moreno,S,M,2026-01-25
29230.0,29230,Kaitlyn,Diaz,S,F,2026-01-25
29231.0,29231,Brittany,Simmons,S,F,2026-01-25
29232.0,29232,Samantha,Simmons,S,F,2026-01-25
29233.0,29233,Caitlin,Sanders,S,F,2026-01-25
29234.0,29234,Kevin,Lopez,M,M,2026-01-25
29235.0,29235,Isaiah,Rogers,S,M,2026-01-25
29236.0,29236,Eric,Young,S,M,2026-01-25
29237.0,29237,Jennifer,Jenkins,S,F,2026-01-25
29238.0,29238,Xavier,Powell,S,M,2026-01-25
29239.0,29239,Samantha,Miller,S,F,2026-01-25
29240.0,29240,Madeline,Allen,S,F,2026-01-25
29241.0,29241,Sophia,Evans,S,F,2026-01-25
29242.0,29242,Blake,Thomas,M,M,2026-01-25
29243.0,29243,Jared,Torres,S,M,2026-01-25
29244.0,29244,Eric,Ross,S,M,2026-01-25
29245.0,29245,Angel,Roberts,M,M,2026-01-25
29246.0,29246,Thomas,Williams,S,M,2026-01-25
29247.0,29247,Sara,Gray,S,F,2026-01-25
29248.0,29248,Jonathan,Martin,S,M,2026-01-25
29249.0,29249,Austin,Long,M,M,2026-01-25
29250.0,29250,Anthony,Williams,S,M,2026-01-25
29251.0,29251,Mandy,Zhou,M,F,2026-01-25
29252.0,29252,Alex,Parker,M,M,2026-01-25
29253.0,29253,Savannah,Green,S,F,2026-01-25
29254.0,29254,Erin,Sanchez,M,F,2026-01-25
29255.0,29255,Kyle,Washington,S,M,2026-01-25
29256.0,29256,Noah,Harris,M,M,2026-01-25
29257.0,29257,Jeremiah,Russell,S,M,2026-01-25
29258.0,29258,Makayla,James,M,F,2026-01-25
29259.0,29259,Jonathan,Davis,S,M,2026-01-25
29260.0,29260,Ricky,Carlson,S,M,2026-01-25
29261.0,29261,Robert,Turner,S,M,2026-01-25
29262.0,29262,Cassie,Raje,S,F,2026-01-25
29263.0,29263,Nathan,Li,M,M,2026-01-25
29264.0,29264,Riley,Brooks,M,F,2026-01-25
29265.0,29265,Marissa,Diaz,S,F,2026-01-25
29266.0,29266,Lucas,Anderson,S,M,2026-01-25
29267.0,29267,Jordan,Perez,M,F,2026-01-25
29268.0,29268,Marcus,Thomas,M,M,2026-01-25
29269.0,29269,Vanessa,Griffin,M,F,2026-01-25
29270.0,29270,Carlos,Allen,M,M,2026-01-25
29271.0,29271,Antonio,Henderson,S,M,2026-01-25
29272.0,29272,Alex,King,M,M,2026-01-25
29273.0,29273,Timothy,Lopez,M,M,2026-01-25
29274.0,29274,Miguel,Green,S,M,2026-01-25
29275.0,29275,Taylor,Thomas,S,F,2026-01-25
29276.0,29276,Sydney,Flores,M,F,2026-01-25
29277.0,29277,Samantha,Mohamed,S,F,2026-01-25
29278.0,29278,Janet,Scott,S,F,2026-01-25
29279.0,29279,Hailey,Turner,S,F,2026-01-25
29280.0,29280,Erin,Cook,S,F,2026-01-25
29281.0,29281,Charles,Anderson,S,M,2026-01-25
29282.0,29282,Taylor,Jackson,M,F,2026-01-25
29283.0,29283,Jeff,Smith,M,M,2026-01-25
29284.0,29284,Riley,Hughes,S,F,2026-01-25
29285.0,29285,Thomas,Adams,S,M,2026-01-25
29286.0,29286,Rodney,Alvarez,S,M,2026-01-25
29287.0,29287,Suzanne,Lin,M,F,2026-01-25
29288.0,29288,Glenn,Lin,M,M,2026-01-25
29289.0,29289,Devon,Raje,S,M,2026-01-25
29290.0,29290,Troy,Garcia,S,M,2026-01-25
29291.0,29291,Nancy,Subram,M,F,2026-01-25
29292.0,29292,Diana,Dominguez,S,F,2026-01-25
29293.0,29293,Nuan,Wu,S,M,2026-01-25
29294.0,29294,Allison,Cooper,S,F,2026-01-25
29295.0,29295,Glenn,Li,S,M,2026-01-25
29296.0,29296,Nichole,Luo,S,F,2026-01-25
29297.0,29297,Nina,Pal,S,F,2026-01-25
29298.0,29298,Diana,Moreno,S,F,2026-01-25
29299.0,29299,Bethany,Kumar,M,F,2026-01-25
29300.0,29300,Joe,Madan,S,M,2026-01-25
29301.0,29301,Alvin,Nath,M,M,2026-01-25
29302.0,29302,Carolyn,Fernandez,S,F,2026-01-25
29303.0,29303,Arturo,Pal,S,M,2026-01-25
29304.0,29304,Willie,Wang,M,M,2026-01-25
29305.0,29305,Beth,Alvarez,S,F,2026-01-25
29306.0,29306,Rafael,Anand,S,M,2026-01-25
29307.0,29307,Ross,Malhotra,S,M,2026-01-25
29308.0,29308,Phillip,Vance,S,M,2026-01-25
29309.0,29309,Rodney,Navarro,S,M,2026-01-25
29310.0,29310,Armando,Gutierrez,S,M,2026-01-25
29311.0,29311,Marie,Carlson,S,F,2026-01-25
29312.0,29312,Colleen,She,S,F,2026-01-25
29313.0,29313,Jésus,Sanz,M,M,2026-01-25
29314.0,29314,Meredith,Malhotra,M,F,2026-01-25
29315.0,29315,Jill,Gomez,M,F,2026-01-25
29316.0,29316,Max,Romero,S,M,2026-01-25
29317.0,29317,James,Hill,S,M,2026-01-25
29318.0,29318,Edgar,Perez,M,M,2026-01-25
29319.0,29319,Alvin,Pal,S,M,2026-01-25
29320.0,29320,Wesley,Huang,M,M,2026-01-25
29321.0,29321,Roger,Zheng,S,M,2026-01-25
29322.0,29322,Gavin,Alexander,S,M,2026-01-25
29323.0,29323,Andrea,Cooper,S,F,2026-01-25
29324.0,29324,Kayla,Williams,M,F,2026-01-25
29325.0,29325,Cameron,Thomas,M,M,2026-01-25
29326.0,29326,Victoria,Diaz,S,F,2026-01-25
29327.0,29327,Allen,Chandra,M,M,2026-01-25
29328.0,29328,Jason,Alexander,M,M,2026-01-25
29329.0,29329,Lucas,Campbell,S,M,2026-01-25
29330.0,29330,Alexa,Ward,M,F,2026-01-25
29331.0,29331,Melvin,Yuan,M,M,2026-01-25
29332.0,29332,Shawna,Goel,S,F,2026-01-25
29333.0,29333,Abby,Martinez,S,F,2026-01-25
29334.0,29334,Paige,Howard,S,F,2026-01-25
29335.0,29335,Justin,Bryant,S,M,2026-01-25
29336.0,29336,Nathaniel,Bailey,S,M,2026-01-25
29337.0,29337,Hector,Gomez,S,M,2026-01-25
29338.0,29338,Bridget,Shan,M,F,2026-01-25
29339.0,29339,Brandon,Li,S,M,2026-01-25
29340.0,29340,Rachel,Cox,S,F,2026-01-25
29341.0,29341,Lucas,Stewart,S,M,2026-01-25
29342.0,29342,Cassie,Anand,M,F,2026-01-25
29343.0,29343,Glenn,Wu,M,M,2026-01-25
29344.0,29344,Gilbert,Ye,S,M,2026-01-25
29345.0,29345,Randall,Diaz,S,M,2026-01-25
29346.0,29346,Briana,Ortega,S,F,2026-01-25
29347.0,29347,Jonathan,Edwards,M,M,2026-01-25
29348.0,29348,Miguel,Bryant,M,M,2026-01-25
29349.0,29349,Gabrielle,Bryant,S,F,2026-01-25
29350.0,29350,Julia,Thompson,S,F,2026-01-25
29351.0,29351,Jason,Hall,S,M,2026-01-25
29352.0,29352,Lydia,Gonzalez,S,F,2026-01-25
29353.0,29353,Orlando,Gomez,M,M,2026-01-25
29354.0,29354,Isaiah,Edwards,S,M,2026-01-25
29355.0,29355,Virginia,Fernandez,M,F,2026-01-25
29356.0,29356,Casey,Diaz,M,M,2026-01-25
29357.0,29357,Richard,Brown,S,M,2026-01-25
29358.0,29358,Priscilla,Chande,M,F,2026-01-25
29359.0,29359,Harold,Fernandez,M,M,2026-01-25
29360.0,29360,Bryant,Rodriguez,S,M,2026-01-25
29361.0,29361,Sheena,Nara,S,F,2026-01-25
29362.0,29362,Emmanuel,Chandra,S,M,2026-01-25
29363.0,29363,Cristina,Jai,S,F,2026-01-25
29364.0,29364,Lee,Rubio,M,M,2026-01-25
29365.0,29365,Cheryl,Carlson,S,F,2026-01-25
29366.0,29366,Dominic,Patel,S,M,2026-01-25
29367.0,29367,Randy,Ye,S,M,2026-01-25
29368.0,29368,Jermaine,Kapoor,S,M,2026-01-25
29369.0,29369,Arturo,He,S,M,2026-01-25
29370.0,29370,Mason,Kelly,S,M,2026-01-25
29371.0,29371,Matthew,Walker,M,M,2026-01-25
29372.0,29372,Daisy,Sanz,M,F,2026-01-25
29373.0,29373,Bobby,Subram,M,M,2026-01-25
29374.0,29374,Shane,Sai,M,M,2026-01-25
29375.0,29375,Sergio,Malhotra,M,M,2026-01-25
29376.0,29376,Matthew,Robinson,S,M,2026-01-25
29377.0,29377,Rebekah,Carlson,M,F,2026-01-25
29378.0,29378,Dominic,Vance,M,M,2026-01-25
29379.0,29379,Craig,Gill,M,M,2026-01-25
29380.0,29380,Teresa,Blanco,M,F,2026-01-25
29381.0,29381,Melvin,Shen,M,M,2026-01-25
29382.0,29382,Karla,Deng,M,F,2026-01-25
29383.0,29383,Kaitlin,Vance,S,F,2026-01-25
29384.0,29384,Latasha,Sanz,M,F,2026-01-25
29385.0,29385,Don,Lal,S,M,2026-01-25
29386.0,29386,Franklin,Wang,S,M,2026-01-25
29387.0,29387,Jenny,Cai,S,F,2026-01-25
29388.0,29388,Calvin,Kumar,M,M,2026-01-25
29389.0,29389,Thomas,Phillips,M,M,2026-01-25
29390.0,29390,Summer,Rodriguez,S,F,2026-01-25
29391.0,29391,Ebony,Chandra,S,F,2026-01-25
29392.0,29392,Tamara,Andersen,M,F,2026-01-25
29393.0,29393,Sheena,Rai,S,F,2026-01-25
29394.0,29394,Raquel,Torres,S,F,2026-01-25
29395.0,29395,Lydia,Rana,S,F,2026-01-25
29396.0,29396,Arturo,Zeng,M,M,2026-01-25
29397.0,29397,Walter,Ramos,M,M,2026-01-25
29398.0,29398,Bruce,Suri,S,M,2026-01-25
29399.0,29399,Janet,Gomez,S,F,2026-01-25
29400.0,29400,Marvin,Browning,M,M,2026-01-25
29401.0,29401,Jésus,Gomez,M,M,2026-01-25
29402.0,29402,Damien,Andersen,S,M,2026-01-25
29403.0,29403,Erik,Romero,M,M,2026-01-25
29404.0,29404,Chloe,Ross,S,F,2026-01-25
29405.0,29405,Meagan,Vance,S,F,2026-01-25
29406.0,29406,Melissa,Ward,M,F,2026-01-25
29407.0,29407,Samantha,Smith,M,F,2026-01-25
29408.0,29408,Heather,Chen,M,F,2026-01-25
29409.0,29409,Kelsey,Pal,S,F,2026-01-25
29410.0,29410,Lucas,Price,S,M,2026-01-25
29411.0,29411,Cara,Lin,M,F,2026-01-25
29412.0,29412,Melinda,Gutierrez,M,F,2026-01-25
29413.0,29413,Arthur,Garcia,M,M,2026-01-25
29414.0,29414,Lydia,Patel,S,F,2026-01-25
29415.0,29415,Oscar,Flores,S,M,2026-01-25
29416.0,29416,Pedro,Ramos,S,M,2026-01-25
29417.0,29417,Kellie,Vazquez,M,F,2026-01-25
29418.0,29418,Lindsey,Sharma,S,F,2026-01-25
29419.0,29419,Carrie,Vazquez,S,F,2026-01-25
29420.0,29420,Linda,Travers,M,F,2026-01-25
29421.0,29421,Blake,Williams,S,M,2026-01-25
29422.0,29422,Ian,Adams,S,M,2026-01-25
29423.0,29423,Tony,Luo,S,M,2026-01-25
29424.0,29424,Erik,Gill,M,M,2026-01-25
29425.0,29425,Tommy,Xie,S,M,2026-01-25
29426.0,29426,Neil,Gomez,S,M,2026-01-25
29427.0,29427,Wesley,Chen,S,M,2026-01-25
29428.0,29428,Kristopher,Perez,M,M,2026-01-25
29429.0,29429,Marie,Suarez,S,F,2026-01-25
29430.0,29430,Donna,Goel,S,F,2026-01-25
29431.0,29431,Marie,Gutierrez,M,F,2026-01-25
29432.0,29432,Gabrielle,Roberts,M,F,2026-01-25
29433.0,29433,,,M,M,2026-01-25
29433.0,29433,Thomas,King,M,M,2026-01-27
29434.0,29434,Donna,Yuan,M,F,2026-01-25
29435.0,29435,Stanley,Rodriguez,M,M,2026-01-25
29436.0,29436,Adriana,Raman,S,F,2026-01-25
29437.0,29437,Haley,Bell,S,F,2026-01-25
29438.0,29438,Terrance,Fernandez,M,M,2026-01-25
29439.0,29439,Laura,Zhu,M,F,2026-01-25
29440.0,29440,Rafael,Cai,S,M,2026-01-25
29441.0,29441,Adriana,Patel,M,F,2026-01-25
29442.0,29442,Damien,Yuan,S,M,2026-01-25
29443.0,29443,Gabriel,Phillips,S,M,2026-01-25
29444.0,29444,Beth,Blanco,M,F,2026-01-25
,566,,,,,
29445.0,29445,Bonnie,Lal,S,F,2026-01-25
29446.0,29446,Jamie,Ma,S,F,2026-01-25
29447.0,29447,Lindsay,Deng,S,F,2026-01-25
29448.0,29448,Lindsey,Yuan,S,F,2026-01-25
29449.0,29449,,Chen,S,,2026-01-25
29449.0,29449,Laura,Chen,S,F,2026-01-26
29450.0,29450,Bradley,Chande,S,M,2026-01-25
29451.0,29451,Geoffrey,Lopez,S,M,2026-01-25
29452.0,29452,Meredith,Romero,S,F,2026-01-25
29453.0,29453,Victor,Vazquez,M,M,2026-01-25
29454.0,29454,Victoria,Bradley,M,F,2026-01-25
29455.0,29455,Dawn,Zeng,M,F,2026-01-25
29456.0,29456,Lindsay,She,S,F,2026-01-25
29457.0,29457,Cynthia,Kapoor,S,F,2026-01-25
29458.0,29458,Danny,Moreno,S,M,2026-01-25
29459.0,29459,Marco,Malhotra,S,M,2026-01-25
29460.0,29460,Andres,Chander,M,M,2026-01-25
29461.0,29461,Colin,Xu,M,M,2026-01-25
29462.0,29462,Clinton,Hernandez,S,M,2026-01-25
29463.0,29463,Lucas,Gonzales,S,M,2026-01-25
29464.0,29464,Eugene,Gao,S,M,2026-01-25
29465.0,29465,Roy,Gill,S,M,2026-01-25
29466.0,29466,,,,,2026-01-25
29466.0,29466,Lance,Jimenez,M,,2026-01-26
29466.0,29466,Lance,Jimenez,M,M,2026-01-27
29467.0,29467,Monica,Mehta,M,F,2026-01-25
29468.0,29468,Jacqueline,Morris,M,F,2026-01-25
29469.0,29469,Dominique,Saunders,M,F,2026-01-25
29470.0,29470,Nathan,Roberts,S,,2026-01-25
29471.0,29471,Dana,Ortega,S,,2026-01-25
29472.0,29472,Lacey,Sharma,M,,2026-01-25
29473.0,29473,Carmen,,,,2026-01-25
29473.0,29473,Carmen,Subram,S,,2026-01-26
29474.0,29474,Jaime,Raje,M,,2026-01-25
29475.0,29475,Jared,Ward,S,,2026-01-25
,25,,,,,
29476.0,29476,Elizabeth,Bradley,M,,2026-01-25
29477.0,29477,Neil,Ruiz,M,,2026-01-25
29478.0,29478,Darren,Carlson,S,,2026-01-25
29479.0,29479,Tommy,Tang,M,,2026-01-25
29480.0,29480,Nina,Raji,S,,2026-01-25
29481.0,29481,Ivan,Suri,S,,2026-01-25
29482.0,29482,Clayton,Zhang,M,,2026-01-25
29483.0,29483,,Navarro,,,2026-01-25
29483.0,29483,Marc,Navarro,M,,2026-01-27
,13451235,,,,,
,A01Ass,,,,,
