product_id,store_id,stock_level,last_updated,supplier_id
PROD1435,STORE150,474,2024-11-17,SUP165
PROD1427,STORE190,410,2023-05-15,SUP244
PROD1173,STORE162,472,2024-02-27,SUP237
PROD1011,STORE167,322,2024-02-07,SUP296
PROD1446,STORE120,345,2025-04-14,SUP218
PROD1475,STORE178,422,2023-06-06,SUP238
PROD1062,STORE105,31,2024-02-09,SUP252
PROD1072,STORE189,238,2024-11-22,SUP142
PROD1400,STORE115,5,2024-11-03,SUP185
PROD1372,STORE111,360,2023-11-08,SUP145
PROD1249,STORE138,327,2023-06-06,SUP155
PROD1122,STORE170,197,2023-05-21,SUP179
PROD1427,STORE197,159,2023-07-13,SUP226
PROD1429,STORE133,15,2023-06-03,SUP268
PROD1290,STORE148,86,2024-09-06,SUP216
PROD1404,STORE189,230,2025-05-10,SUP285
PROD1257,STORE147,264,2023-07-19,SUP163
PROD1448,STORE147,333,2024-02-13,SUP181
PROD1069,STORE130,116,2024-09-29,SUP208
PROD1075,STORE173,100,2025-05-14,SUP211
PROD1455,STORE166,123,2025-01-16,SUP273
PROD1016,STORE108,59,2024-07-02,SUP246
PROD1318,STORE102,422,2024-06-21,SUP196
PROD1482,STORE187,382,2023-01-15,SUP198
PROD1301,STORE156,12,2025-04-29,SUP109
PROD1128,STORE145,414,2025-02-16,SUP121
PROD1416,STORE130,284,2023-04-20,SUP243
PROD1402,STORE190,410,2023-10-08,SUP268
PROD1370,STORE196,328,2024-04-30,SUP187
PROD1293,STORE196,347,2024-02-23,SUP145
PROD1483,STORE153,41,2024-10-20,SUP121
PROD1380,STORE164,117,2023-10-22,SUP204
PROD1041,STORE144,237,2023-09-02,SUP274
PROD1233,STORE132,491,2023-06-13,SUP279
PROD1390,STORE167,111,2023-05-27,SUP122
PROD1436,STORE197,38,2024-10-24,SUP278
PROD1239,STORE160,430,2024-11-06,SUP102
PROD1428,STORE117,21,2025-01-22,SUP254
PROD1405,STORE190,403,2025-04-14,SUP101
PROD1454,STORE134,182,2023-02-13,SUP138
PROD1394,STORE170,331,2024-01-18,SUP186
PROD1243,STORE175,491,2024-01-19,SUP254
PROD1159,STORE139,306,2023-11-13,SUP250
PROD1318,STORE167,330,2025-01-25,SUP168
PROD1185,STORE113,349,2023-09-18,SUP285
PROD1282,STORE161,7,2025-05-07,SUP155
PROD1462,STORE155,65,2025-03-16,SUP123
PROD1300,STORE120,111,2023-03-08,SUP277
PROD1093,STORE159,347,2023-01-13,SUP293
PROD1389,STORE158,162,2023-11-18,SUP246
PROD1259,STORE123,414,2023-04-25,SUP271
PROD1247,STORE175,92,2023-02-05,SUP173
PROD1352,STORE186,327,2024-12-02,SUP129
PROD1484,STORE191,97,2023-03-01,SUP162
PROD1162,STORE170,234,2023-08-05,SUP221
PROD1300,STORE143,262,2023-05-11,SUP142
PROD1263,STORE156,301,2023-08-17,SUP265
PROD1134,STORE198,453,2024-02-16,SUP276
PROD1152,STORE130,303,2023-03-27,SUP194
PROD1433,STORE195,72,2023-10-04,SUP244
PROD1417,STORE101,253,2024-09-26,SUP245
PROD1109,STORE116,153,2024-07-26,SUP250
PROD1099,STORE133,431,2025-07-22,SUP242
PROD1038,STORE176,247,2023-05-30,SUP191
PROD1314,STORE170,87,2025-06-24,SUP155
PROD1247,STORE173,316,2025-05-14,SUP145
PROD1273,STORE132,232,2025-06-30,SUP157
PROD1368,STORE101,295,2024-02-22,SUP280
PROD1480,STORE191,317,2025-02-24,SUP103
PROD1371,STORE169,423,2023-02-08,SUP225
PROD1104,STORE110,390,2025-03-20,SUP295
PROD1187,STORE128,232,2024-06-01,SUP293
PROD1096,STORE176,232,2023-08-06,SUP266
PROD1470,STORE175,254,2023-06-23,SUP107
PROD1402,STORE120,233,2024-05-03,SUP151
PROD1101,STORE198,477,2023-01-02,SUP150
PROD1455,STORE159,54,2023-05-26,SUP262
PROD1172,STORE111,127,2023-12-17,SUP299
PROD1058,STORE139,9,2023-12-10,SUP136
PROD1252,STORE183,180,2024-12-03,SUP278
PROD1207,STORE134,388,2024-03-23,SUP212
PROD1153,STORE108,388,2023-12-05,SUP152
PROD1154,STORE169,310,2024-12-03,SUP253
PROD1194,STORE164,288,2024-12-07,SUP131
PROD1492,STORE127,225,2024-10-19,SUP155
PROD1248,STORE174,313,2025-04-09,SUP239
PROD1205,STORE133,158,2024-04-11,SUP149
PROD1256,STORE145,121,2025-01-22,SUP267
PROD1019,STORE137,398,2023-11-29,SUP254
PROD1011,STORE199,386,2024-10-28,SUP176
PROD1197,STORE168,66,2025-01-03,SUP225
PROD1260,STORE158,340,2023-12-08,SUP273
PROD1305,STORE152,280,2024-12-06,SUP199
PROD1208,STORE146,51,2025-04-25,SUP282
PROD1260,STORE106,129,2024-06-05,SUP151
PROD1187,STORE128,198,2023-01-14,SUP119
PROD1254,STORE187,191,2025-07-12,SUP147
PROD1023,STORE168,495,2024-07-17,SUP230
PROD1071,STORE170,87,2024-08-22,SUP125
PROD1474,STORE196,486,2024-06-18,SUP195
PROD1185,STORE131,470,2023-07-14,SUP119
PROD1411,STORE142,362,2023-08-31,SUP111
PROD1476,STORE162,311,2024-01-29,SUP121
PROD1440,STORE170,26,2023-06-25,SUP160
PROD1367,STORE117,445,2023-05-13,SUP257
PROD1075,STORE138,166,2024-02-10,SUP102
PROD1490,STORE168,308,2023-02-07,SUP147
PROD1257,STORE113,65,2023-02-18,SUP198
PROD1085,STORE107,125,2025-02-28,SUP280
PROD1430,STORE193,464,2024-08-02,SUP120
PROD1238,STORE121,499,2024-02-20,SUP165
PROD1415,STORE103,314,2023-09-16,SUP299
PROD1101,STORE131,361,2024-04-18,SUP266
PROD1498,STORE142,258,2023-09-01,SUP245
PROD1148,STORE179,477,2024-11-27,SUP134
PROD1340,STORE130,397,2023-02-21,SUP133
PROD1155,STORE136,220,2024-02-25,SUP264
PROD1172,STORE184,355,2024-02-26,SUP130
PROD1099,STORE196,366,2024-03-30,SUP223
PROD1341,STORE157,322,2023-02-28,SUP257
PROD1241,STORE165,265,2024-02-01,SUP145
PROD1215,STORE164,186,2023-08-06,SUP150
PROD1234,STORE182,38,2024-02-21,SUP110
PROD1041,STORE123,160,2024-03-05,SUP253
PROD1059,STORE133,304,2025-01-10,SUP247
PROD1236,STORE108,367,2023-01-21,SUP209
PROD1029,STORE184,456,2024-05-17,SUP168
PROD1477,STORE106,282,2023-08-14,SUP167
PROD1075,STORE124,234,2023-05-13,SUP159
PROD1177,STORE133,317,2024-10-22,SUP299
PROD1315,STORE105,0,2025-06-18,SUP245
PROD1335,STORE114,435,2024-10-27,SUP262
PROD1111,STORE183,359,2023-03-22,SUP265
PROD1410,STORE126,317,2025-06-13,SUP241
PROD1264,STORE135,176,2025-03-09,SUP211
PROD1467,STORE190,27,2023-03-16,SUP248
PROD1221,STORE150,110,2025-01-27,SUP156
PROD1108,STORE165,431,2023-03-13,SUP109
PROD1167,STORE163,19,2023-12-31,SUP182
PROD1077,STORE120,278,2023-03-13,SUP110
PROD1342,STORE167,28,2025-01-17,SUP215
PROD1049,STORE136,241,2023-02-13,SUP113
PROD1094,STORE134,116,2023-03-22,SUP142
PROD1463,STORE145,471,2024-07-28,SUP208
PROD1314,STORE127,80,2023-07-08,SUP247
PROD1362,STORE167,409,2023-11-16,SUP248
PROD1273,STORE131,92,2023-05-28,SUP105
PROD1326,STORE155,215,2024-04-30,SUP122
PROD1473,STORE160,31,2023-09-04,SUP158
PROD1254,STORE193,243,2023-07-31,SUP165
PROD1265,STORE105,206,2024-11-19,SUP143
PROD1087,STORE110,224,2023-08-21,SUP140
PROD1217,STORE146,124,2023-11-28,SUP186
PROD1223,STORE191,6,2024-09-12,SUP249
PROD1146,STORE122,139,2024-12-01,SUP134
PROD1169,STORE146,36,2024-01-06,SUP128
PROD1424,STORE132,274,2024-12-29,SUP104
PROD1328,STORE130,160,2023-03-18,SUP210
PROD1428,STORE181,447,2023-09-17,SUP212
PROD1425,STORE133,238,2025-02-25,SUP293
PROD1464,STORE185,196,2024-10-05,SUP299
PROD1150,STORE158,334,2024-08-05,SUP202
PROD1448,STORE170,178,2024-05-30,SUP271
PROD1123,STORE146,398,2024-05-23,SUP253
PROD1304,STORE141,45,2023-04-25,SUP108
PROD1042,STORE171,61,2023-05-05,SUP287
PROD1216,STORE121,409,2023-05-08,SUP162
PROD1395,STORE158,218,2024-02-06,SUP265
PROD1029,STORE104,250,2023-09-11,SUP162
PROD1387,STORE103,322,2025-05-10,SUP121
PROD1197,STORE159,156,2023-11-14,SUP292
PROD1164,STORE154,338,2024-06-13,SUP266
PROD1060,STORE118,253,2023-07-08,SUP233
PROD1096,STORE172,394,2023-10-13,SUP209
PROD1088,STORE129,37,2024-04-29,SUP207
PROD1485,STORE107,419,2024-03-14,SUP124
PROD1081,STORE195,338,2023-08-04,SUP148
PROD1372,STORE158,162,2024-12-29,SUP287
PROD1235,STORE160,239,2024-05-22,SUP282
PROD1306,STORE125,113,2024-08-06,SUP256
PROD1489,STORE163,14,2024-11-13,SUP196
PROD1378,STORE191,245,2025-04-06,SUP134
PROD1388,STORE162,180,2024-03-26,SUP195
PROD1387,STORE124,123,2024-01-26,SUP201
PROD1491,STORE192,140,2023-01-04,SUP224
PROD1250,STORE198,166,2025-04-04,SUP270
PROD1117,STORE185,276,2023-05-29,SUP258
PROD1358,STORE166,390,2024-01-09,SUP114
PROD1384,STORE122,19,2024-07-23,SUP142
PROD1230,STORE130,447,2024-09-18,SUP293
PROD1350,STORE179,397,2023-10-15,SUP127
PROD1304,STORE149,270,2025-05-22,SUP200
PROD1401,STORE193,412,2025-04-18,SUP246
PROD1448,STORE136,269,2025-02-28,SUP296
PROD1495,STORE183,260,2023-04-14,SUP223
PROD1356,STORE146,27,2023-08-16,SUP176
PROD1206,STORE146,396,2023-01-20,SUP256
PROD1303,STORE141,82,2023-09-15,SUP102
PROD1429,STORE150,388,2023-07-06,SUP204
PROD1381,STORE145,348,2024-09-26,SUP127
PROD1039,STORE149,376,2024-08-09,SUP242
PROD1266,STORE111,408,2023-11-09,SUP285
PROD1222,STORE116,199,2023-06-26,SUP150
PROD1074,STORE131,52,2023-07-20,SUP262
PROD1315,STORE146,425,2024-01-02,SUP257
PROD1265,STORE178,81,2023-10-16,SUP166
PROD1228,STORE166,257,2025-07-08,SUP266
PROD1128,STORE177,375,2023-02-09,SUP207
PROD1043,STORE174,488,2023-03-26,SUP264
PROD1131,STORE130,332,2025-05-08,SUP150
PROD1301,STORE121,158,2024-12-11,SUP113
PROD1418,STORE121,259,2025-01-17,SUP123
PROD1111,STORE150,402,2025-05-08,SUP240
PROD1322,STORE165,399,2025-07-21,SUP151
PROD1314,STORE119,436,2025-03-27,SUP289
PROD1019,STORE132,196,2024-04-11,SUP299
PROD1124,STORE188,189,2024-06-03,SUP117
PROD1487,STORE155,410,2025-02-04,SUP253
PROD1433,STORE173,436,2023-02-28,SUP136
PROD1279,STORE147,464,2023-01-15,SUP190
PROD1486,STORE103,293,2023-03-30,SUP137
PROD1226,STORE158,85,2025-02-17,SUP105
PROD1452,STORE114,305,2024-07-08,SUP179
PROD1203,STORE131,225,2023-01-13,SUP287
PROD1451,STORE195,139,2023-08-14,SUP143
PROD1066,STORE191,200,2025-07-20,SUP130
PROD1242,STORE128,57,2023-05-16,SUP190
PROD1467,STORE135,161,2024-08-24,SUP171
PROD1320,STORE192,358,2023-01-27,SUP140
PROD1413,STORE124,424,2024-01-01,SUP230
PROD1112,STORE153,383,2024-11-05,SUP182
PROD1261,STORE106,127,2023-06-25,SUP132
PROD1365,STORE191,269,2023-01-06,SUP115
PROD1126,STORE104,426,2023-05-01,SUP199
PROD1415,STORE120,180,2024-08-08,SUP276
PROD1410,STORE114,30,2024-01-17,SUP257
PROD1398,STORE144,19,2023-05-01,SUP114
PROD1174,STORE155,274,2025-05-13,SUP287
PROD1157,STORE172,430,2024-07-19,SUP267
PROD1375,STORE148,446,2025-04-04,SUP185
PROD1107,STORE194,224,2023-05-13,SUP291
PROD1399,STORE152,97,2024-10-10,SUP203
PROD1405,STORE155,279,2024-06-22,SUP188
PROD1409,STORE113,250,2024-07-19,SUP129
PROD1494,STORE118,313,2024-12-26,SUP216
PROD1434,STORE114,136,2023-12-10,SUP238
PROD1420,STORE142,20,2024-11-30,SUP238
PROD1392,STORE199,474,2023-08-27,SUP235
PROD1234,STORE100,387,2025-06-24,SUP238
PROD1062,STORE167,447,2023-02-12,SUP220
PROD1238,STORE198,160,2025-03-03,SUP297
PROD1262,STORE109,33,2025-06-15,SUP294
PROD1274,STORE140,402,2025-07-19,SUP234
PROD1277,STORE190,434,2025-04-24,SUP285
PROD1359,STORE154,236,2024-10-19,SUP247
PROD1077,STORE111,323,2025-01-29,SUP224
PROD1141,STORE141,173,2023-01-30,SUP279
PROD1311,STORE168,449,2023-11-02,SUP134
PROD1417,STORE154,406,2024-05-17,SUP274
PROD1233,STORE184,126,2024-04-29,SUP274
PROD1333,STORE103,447,2023-02-28,SUP284
PROD1250,STORE130,485,2025-02-22,SUP145
PROD1080,STORE118,459,2023-02-10,SUP239
PROD1062,STORE148,231,2025-06-21,SUP226
PROD1259,STORE191,497,2024-03-11,SUP299
PROD1177,STORE162,57,2024-07-11,SUP192
PROD1348,STORE137,290,2024-01-04,SUP183
PROD1226,STORE111,429,2025-01-17,SUP254
PROD1296,STORE169,325,2024-02-24,SUP101
PROD1023,STORE106,398,2025-02-15,SUP183
PROD1348,STORE194,168,2024-10-12,SUP195
PROD1485,STORE156,78,2023-06-29,SUP126
PROD1026,STORE124,223,2023-03-26,SUP202
PROD1227,STORE181,69,2023-07-27,SUP288
PROD1363,STORE131,475,2024-06-14,SUP267
PROD1212,STORE161,102,2023-08-11,SUP240
PROD1433,STORE138,358,2024-05-19,SUP222
PROD1273,STORE138,282,2025-07-23,SUP103
PROD1438,STORE105,473,2023-06-28,SUP151
PROD1125,STORE187,169,2025-05-23,SUP162
PROD1195,STORE144,378,2024-07-06,SUP116
PROD1499,STORE143,311,2025-04-19,SUP206
PROD1252,STORE154,488,2023-04-26,SUP137
PROD1445,STORE106,68,2023-04-13,SUP250
PROD1242,STORE169,309,2025-06-20,SUP255
PROD1030,STORE108,388,2025-06-26,SUP124
PROD1002,STORE109,141,2024-03-24,SUP116
PROD1155,STORE160,323,2023-05-27,SUP269
PROD1232,STORE172,231,2023-01-24,SUP129
PROD1234,STORE147,388,2024-08-19,SUP221
PROD1119,STORE163,139,2023-06-06,SUP128
PROD1271,STORE132,357,2023-07-23,SUP222
PROD1395,STORE138,489,2025-05-27,SUP241
PROD1371,STORE104,101,2023-09-17,SUP112
PROD1175,STORE107,379,2024-12-24,SUP299
PROD1398,STORE140,6,2023-11-15,SUP240
PROD1425,STORE158,304,2023-08-15,SUP159
PROD1049,STORE191,32,2024-04-30,SUP194
PROD1258,STORE171,225,2024-08-20,SUP128
PROD1106,STORE154,125,2025-01-25,SUP137
PROD1434,STORE181,91,2023-11-27,SUP213
PROD1023,STORE150,264,2023-10-17,SUP263
PROD1103,STORE183,233,2023-06-08,SUP234
PROD1445,STORE104,254,2025-04-16,SUP259
PROD1310,STORE154,255,2023-03-15,SUP169
PROD1167,STORE114,293,2024-02-04,SUP244
PROD1175,STORE198,385,2025-02-15,SUP107
PROD1130,STORE107,488,2023-01-12,SUP268
PROD1051,STORE106,104,2024-06-25,SUP271
PROD1336,STORE103,389,2025-02-22,SUP175
PROD1342,STORE102,359,2025-06-12,SUP152
PROD1356,STORE115,71,2024-05-17,SUP126
PROD1140,STORE153,364,2023-08-27,SUP189
PROD1388,STORE191,479,2025-02-24,SUP209
PROD1020,STORE134,433,2023-03-02,SUP209
PROD1003,STORE150,147,2023-02-11,SUP132
PROD1276,STORE106,332,2024-11-04,SUP244
PROD1361,STORE134,42,2024-02-10,SUP264
PROD1416,STORE155,309,2023-04-06,SUP195
PROD1163,STORE111,376,2024-08-13,SUP173
PROD1418,STORE166,489,2024-09-25,SUP235
PROD1427,STORE143,316,2025-07-27,SUP193
PROD1082,STORE165,68,2024-05-20,SUP288
PROD1144,STORE125,141,2024-05-31,SUP150
PROD1249,STORE124,462,2023-12-11,SUP234
PROD1102,STORE123,54,2024-11-21,SUP225
PROD1382,STORE107,102,2024-08-08,SUP243
PROD1281,STORE104,257,2024-04-18,SUP270
PROD1245,STORE160,456,2024-01-18,SUP279
PROD1426,STORE131,148,2023-11-21,SUP113
PROD1011,STORE108,179,2023-07-31,SUP259
PROD1202,STORE113,454,2025-02-11,SUP282
PROD1446,STORE142,452,2023-02-12,SUP273
PROD1180,STORE186,78,2025-03-01,SUP168
PROD1148,STORE135,182,2024-10-08,SUP290
PROD1437,STORE194,377,2023-01-22,SUP199
PROD1306,STORE124,37,2023-08-03,SUP130
PROD1003,STORE106,373,2023-12-06,SUP284
PROD1358,STORE100,76,2025-02-24,SUP255
PROD1454,STORE155,275,2023-11-17,SUP132
PROD1332,STORE140,254,2024-11-13,SUP142
PROD1247,STORE189,248,2023-08-21,SUP225
PROD1497,STORE124,441,2024-07-16,SUP290
PROD1372,STORE146,144,2024-04-22,SUP196
PROD1402,STORE175,454,2023-12-13,SUP156
PROD1201,STORE103,321,2023-12-05,SUP188
PROD1419,STORE133,400,2023-06-10,SUP178
PROD1443,STORE113,108,2023-06-04,SUP186
PROD1110,STORE153,170,2025-02-07,SUP135
PROD1032,STORE122,313,2024-08-27,SUP249
PROD1307,STORE121,103,2023-06-05,SUP209
PROD1093,STORE154,481,2024-09-16,SUP120
PROD1495,STORE114,259,2023-12-10,SUP118
PROD1216,STORE193,420,2023-08-10,SUP213
PROD1039,STORE187,174,2025-07-03,SUP126
PROD1488,STORE199,22,2024-01-22,SUP234
PROD1435,STORE116,239,2025-03-06,SUP126
PROD1415,STORE133,287,2025-07-27,SUP261
PROD1397,STORE158,61,2023-12-26,SUP236
PROD1138,STORE136,462,2024-03-13,SUP120
PROD1219,STORE101,289,2025-02-12,SUP156
PROD1313,STORE142,95,2024-01-10,SUP177
PROD1079,STORE129,481,2024-10-12,SUP225
PROD1109,STORE171,329,2024-12-17,SUP273
PROD1338,STORE107,154,2025-05-22,SUP241
PROD1407,STORE169,273,2024-01-15,SUP109
PROD1414,STORE112,63,2025-03-02,SUP242
PROD1250,STORE128,338,2023-12-10,SUP288
PROD1369,STORE121,450,2023-01-02,SUP283
PROD1422,STORE142,398,2023-01-12,SUP177
PROD1408,STORE116,50,2023-02-10,SUP280
PROD1001,STORE163,242,2024-01-22,SUP111
PROD1344,STORE173,497,2025-06-06,SUP129
PROD1187,STORE191,256,2024-08-17,SUP113
PROD1188,STORE134,103,2024-06-07,SUP241
PROD1262,STORE137,160,2024-01-28,SUP234
PROD1199,STORE177,492,2024-12-15,SUP281
PROD1474,STORE122,288,2025-05-07,SUP147
PROD1322,STORE158,388,2024-11-02,SUP106
PROD1291,STORE113,84,2024-06-11,SUP256
PROD1438,STORE182,178,2024-10-14,SUP296
PROD1154,STORE103,111,2025-02-03,SUP297
PROD1470,STORE180,347,2025-04-04,SUP110
PROD1095,STORE188,198,2024-07-17,SUP217
PROD1391,STORE100,62,2023-06-17,SUP173
PROD1419,STORE153,33,2023-09-04,SUP199
PROD1110,STORE114,361,2023-08-30,SUP234
PROD1190,STORE171,129,2024-12-08,SUP211
PROD1360,STORE101,10,2023-10-30,SUP238
PROD1007,STORE151,96,2023-07-28,SUP299
PROD1192,STORE164,111,2024-12-26,SUP200
PROD1361,STORE154,250,2023-05-02,SUP272
PROD1330,STORE103,446,2024-09-19,SUP121
PROD1158,STORE136,194,2025-03-19,SUP274
PROD1219,STORE139,357,2023-01-12,SUP276
PROD1150,STORE102,435,2024-04-29,SUP180
PROD1240,STORE191,107,2024-04-20,SUP128
PROD1385,STORE190,305,2025-03-26,SUP210
PROD1343,STORE192,286,2023-09-28,SUP228
PROD1227,STORE161,136,2024-02-10,SUP246
PROD1459,STORE155,50,2023-09-27,SUP105
PROD1349,STORE126,427,2024-02-24,SUP228
PROD1397,STORE128,49,2024-03-23,SUP134
PROD1131,STORE120,131,2024-03-13,SUP223
PROD1340,STORE127,356,2023-12-26,SUP268
PROD1474,STORE101,78,2023-04-05,SUP200
PROD1026,STORE163,404,2025-06-07,SUP142
PROD1456,STORE111,43,2024-06-26,SUP213
PROD1383,STORE145,231,2023-02-17,SUP276
PROD1041,STORE146,383,2023-09-28,SUP127
PROD1410,STORE160,20,2023-09-28,SUP205
PROD1077,STORE155,109,2025-07-23,SUP266
PROD1121,STORE152,458,2025-04-06,SUP172
PROD1192,STORE171,475,2023-04-06,SUP242
PROD1141,STORE109,453,2024-09-16,SUP181
PROD1138,STORE118,126,2025-05-19,SUP153
PROD1167,STORE122,445,2024-03-09,SUP273
PROD1359,STORE154,255,2024-09-25,SUP130
PROD1179,STORE189,186,2024-04-12,SUP220
PROD1436,STORE184,90,2023-12-24,SUP181
PROD1299,STORE195,299,2025-01-15,SUP122
PROD1131,STORE129,489,2024-07-04,SUP188
PROD1061,STORE105,354,2024-07-12,SUP254
PROD1044,STORE100,58,2024-07-09,SUP144
PROD1325,STORE190,382,2023-10-28,SUP177
PROD1305,STORE175,322,2024-07-27,SUP106
PROD1183,STORE161,181,2025-06-24,SUP260
PROD1175,STORE149,39,2024-03-17,SUP205
PROD1128,STORE152,26,2024-07-30,SUP293
PROD1436,STORE151,492,2023-09-12,SUP239
PROD1143,STORE116,320,2023-03-10,SUP158
PROD1270,STORE139,217,2024-04-27,SUP172
PROD1496,STORE119,496,2025-01-22,SUP251
PROD1440,STORE189,324,2025-07-16,SUP100
PROD1121,STORE147,302,2023-03-27,SUP199
PROD1314,STORE188,93,2025-03-12,SUP134
PROD1022,STORE190,226,2023-11-16,SUP124
PROD1314,STORE163,380,2024-05-23,SUP164
PROD1241,STORE182,299,2023-06-19,SUP242
PROD1380,STORE115,424,2023-06-20,SUP288
PROD1463,STORE195,441,2023-11-19,SUP148
PROD1232,STORE197,306,2023-10-28,SUP234
PROD1145,STORE140,495,2024-11-21,SUP138
PROD1146,STORE114,35,2023-12-10,SUP163
PROD1396,STORE191,51,2025-05-06,SUP108
PROD1163,STORE145,244,2025-07-12,SUP191
PROD1200,STORE172,242,2024-09-30,SUP189
PROD1060,STORE154,393,2023-11-16,SUP136
PROD1495,STORE173,406,2025-02-28,SUP263
PROD1495,STORE173,374,2024-09-12,SUP223
PROD1044,STORE175,234,2023-07-15,SUP206
PROD1189,STORE169,213,2023-08-21,SUP153
PROD1454,STORE191,8,2024-08-29,SUP256
PROD1033,STORE181,476,2024-02-15,SUP290
PROD1003,STORE185,468,2023-06-05,SUP124
PROD1136,STORE196,418,2023-08-28,SUP143
PROD1037,STORE176,447,2025-07-27,SUP278
PROD1210,STORE120,289,2023-04-23,SUP258
PROD1099,STORE152,442,2025-01-07,SUP231
PROD1307,STORE104,67,2023-01-06,SUP274
PROD1273,STORE184,252,2023-03-13,SUP216
PROD1116,STORE119,226,2024-12-03,SUP186
PROD1167,STORE185,124,2024-09-28,SUP210
PROD1292,STORE159,256,2023-03-25,SUP184
PROD1227,STORE129,154,2023-03-23,SUP270
PROD1403,STORE179,183,2023-07-03,SUP266
PROD1473,STORE166,153,2024-05-19,SUP204
PROD1469,STORE121,39,2024-12-19,SUP234
PROD1016,STORE141,298,2025-02-08,SUP105
PROD1345,STORE188,93,2023-09-26,SUP247
PROD1131,STORE157,272,2024-12-15,SUP254
PROD1423,STORE110,349,2023-02-17,SUP102
PROD1266,STORE166,301,2025-04-27,SUP237
PROD1137,STORE140,350,2024-09-08,SUP212
PROD1101,STORE180,206,2023-05-09,SUP166
PROD1006,STORE172,17,2024-02-29,SUP144
PROD1159,STORE148,394,2023-05-13,SUP117
PROD1378,STORE190,116,2023-03-27,SUP116
PROD1094,STORE118,224,2025-06-24,SUP170
PROD1066,STORE123,64,2025-04-19,SUP265
PROD1072,STORE131,35,2024-10-01,SUP116
PROD1058,STORE110,156,2025-01-12,SUP121
PROD1493,STORE107,113,2024-12-14,SUP295
PROD1037,STORE100,184,2023-11-08,SUP103
PROD1482,STORE136,120,2023-09-22,SUP205
PROD1166,STORE147,265,2024-09-25,SUP263
PROD1106,STORE193,104,2024-08-25,SUP205
PROD1192,STORE115,462,2024-05-09,SUP211
PROD1145,STORE119,276,2025-04-12,SUP191
PROD1410,STORE165,210,2024-11-18,SUP111
PROD1144,STORE160,95,2024-10-07,SUP231
PROD1310,STORE122,284,2024-10-31,SUP141
PROD1319,STORE109,262,2024-10-26,SUP100
PROD1211,STORE158,120,2023-07-26,SUP225
PROD1350,STORE128,331,2023-03-28,SUP115
PROD1326,STORE110,341,2025-05-24,SUP225
PROD1052,STORE104,415,2024-07-30,SUP264
PROD1143,STORE156,367,2023-04-28,SUP230
PROD1332,STORE116,238,2025-01-08,SUP187
PROD1098,STORE193,334,2024-01-23,SUP245
PROD1002,STORE160,129,2023-04-10,SUP111
PROD1485,STORE128,439,2023-10-02,SUP267
PROD1314,STORE121,147,2023-05-31,SUP258
PROD1050,STORE114,58,2024-07-12,SUP104
PROD1257,STORE113,24,2023-07-26,SUP182
PROD1453,STORE178,235,2024-02-24,SUP164
PROD1105,STORE120,331,2023-09-09,SUP125
PROD1347,STORE179,51,2023-08-03,SUP120
PROD1218,STORE151,148,2025-02-26,SUP176
PROD1011,STORE163,41,2024-08-05,SUP152
PROD1271,STORE159,196,2023-04-19,SUP202
PROD1327,STORE104,184,2024-10-11,SUP225
PROD1397,STORE159,257,2024-04-17,SUP101
PROD1144,STORE170,159,2024-08-20,SUP239
PROD1257,STORE161,250,2023-07-31,SUP156
PROD1170,STORE150,386,2024-09-16,SUP112
PROD1291,STORE106,213,2024-09-18,SUP180
PROD1315,STORE143,194,2023-08-04,SUP224
PROD1003,STORE124,5,2024-07-27,SUP247
PROD1201,STORE110,257,2024-10-10,SUP273
PROD1005,STORE102,306,2024-10-24,SUP140
PROD1309,STORE105,272,2023-03-14,SUP183
PROD1340,STORE181,337,2024-09-08,SUP257
PROD1329,STORE185,399,2024-02-10,SUP283
PROD1020,STORE122,489,2024-08-18,SUP134
PROD1326,STORE126,214,2024-03-04,SUP227
PROD1253,STORE132,408,2025-04-28,SUP292
PROD1197,STORE117,484,2023-04-02,SUP179
PROD1257,STORE138,418,2024-01-10,SUP112
PROD1274,STORE164,339,2024-06-24,SUP134
PROD1282,STORE188,417,2024-12-18,SUP199
PROD1028,STORE165,37,2023-03-09,SUP102
PROD1047,STORE102,84,2025-04-08,SUP243
PROD1369,STORE120,273,2024-02-05,SUP291
PROD1065,STORE120,20,2023-01-25,SUP268
PROD1275,STORE176,438,2025-06-09,SUP217
PROD1119,STORE138,329,2023-06-16,SUP245
PROD1273,STORE177,338,2023-05-12,SUP190
PROD1061,STORE157,164,2024-10-02,SUP232
PROD1452,STORE135,126,2025-05-14,SUP221
PROD1246,STORE194,276,2024-11-23,SUP127
PROD1195,STORE182,286,2023-03-24,SUP196
PROD1332,STORE163,346,2025-02-06,SUP228
PROD1413,STORE106,172,2024-12-30,SUP285
PROD1359,STORE157,112,2023-01-24,SUP168
PROD1214,STORE188,42,2024-01-23,SUP209
PROD1032,STORE182,225,2025-06-25,SUP183
PROD1299,STORE158,495,2024-05-23,SUP226
PROD1289,STORE131,319,2025-01-12,SUP160
PROD1062,STORE105,383,2024-03-03,SUP240
PROD1119,STORE188,123,2025-06-24,SUP274
PROD1484,STORE159,403,2025-02-12,SUP161
PROD1296,STORE172,267,2024-07-20,SUP252
PROD1492,STORE157,263,2023-11-23,SUP171
PROD1110,STORE197,229,2024-08-20,SUP158
PROD1196,STORE142,493,2023-06-03,SUP106
PROD1323,STORE115,447,2025-02-26,SUP272
PROD1125,STORE177,119,2023-07-25,SUP253
PROD1250,STORE160,425,2023-04-06,SUP211
PROD1389,STORE176,120,2024-09-16,SUP282
PROD1016,STORE123,380,2024-11-21,SUP104
PROD1309,STORE125,209,2024-02-04,SUP202
PROD1334,STORE157,117,2024-07-31,SUP216
PROD1261,STORE126,222,2024-04-27,SUP296
PROD1311,STORE155,436,2024-08-17,SUP209
PROD1491,STORE128,488,2025-02-16,SUP196
PROD1001,STORE131,467,2023-12-04,SUP178
PROD1128,STORE108,258,2025-04-21,SUP289
PROD1148,STORE114,443,2024-01-20,SUP166
PROD1499,STORE153,461,2023-05-04,SUP100
PROD1314,STORE136,396,2025-07-28,SUP264
PROD1186,STORE198,179,2024-12-20,SUP115
PROD1416,STORE140,451,2024-08-04,SUP253
PROD1216,STORE115,237,2024-09-21,SUP227
PROD1127,STORE160,15,2023-11-05,SUP118
PROD1316,STORE167,32,2024-01-07,SUP228
PROD1140,STORE168,304,2023-01-19,SUP293
PROD1436,STORE105,200,2023-06-10,SUP126
PROD1053,STORE180,265,2023-05-08,SUP184
PROD1322,STORE194,479,2025-03-08,SUP248
PROD1198,STORE187,333,2023-01-19,SUP150
PROD1431,STORE139,132,2025-04-09,SUP131
PROD1073,STORE187,310,2023-09-29,SUP208
PROD1164,STORE182,117,2024-08-06,SUP175
PROD1293,STORE117,30,2024-07-20,SUP296
PROD1163,STORE100,93,2023-11-25,SUP115
PROD1388,STORE117,240,2023-05-07,SUP245
PROD1006,STORE158,261,2024-08-01,SUP284
PROD1085,STORE167,267,2025-02-18,SUP158
PROD1307,STORE156,201,2024-07-05,SUP252
PROD1253,STORE147,25,2023-09-03,SUP246
PROD1494,STORE158,465,2023-04-13,SUP296
PROD1291,STORE106,474,2024-12-27,SUP173
PROD1204,STORE115,248,2025-07-15,SUP140
PROD1125,STORE178,56,2024-04-23,SUP114
PROD1421,STORE173,89,2024-10-11,SUP124
PROD1110,STORE193,451,2024-04-26,SUP159
PROD1409,STORE112,17,2025-05-19,SUP245
PROD1116,STORE176,84,2024-05-18,SUP271
PROD1418,STORE158,163,2023-08-28,SUP116
PROD1215,STORE115,340,2023-01-05,SUP298
PROD1372,STORE144,28,2025-04-22,SUP139
PROD1369,STORE195,270,2024-07-13,SUP178
PROD1070,STORE149,257,2023-09-09,SUP215
PROD1319,STORE147,325,2023-10-20,SUP188
PROD1020,STORE189,149,2023-12-17,SUP101
PROD1063,STORE161,58,2025-03-31,SUP263
PROD1196,STORE132,173,2023-08-19,SUP242
PROD1104,STORE158,458,2025-07-24,SUP108
PROD1289,STORE120,299,2023-12-07,SUP297
PROD1457,STORE140,375,2024-02-13,SUP214
PROD1171,STORE154,292,2023-05-07,SUP105
PROD1071,STORE158,496,2023-07-25,SUP210
PROD1339,STORE195,470,2023-06-23,SUP164
PROD1011,STORE126,120,2024-06-19,SUP193
PROD1075,STORE143,494,2024-07-25,SUP185
PROD1307,STORE192,489,2025-05-15,SUP251
PROD1054,STORE130,97,2025-03-30,SUP185
PROD1380,STORE111,51,2024-09-23,SUP259
PROD1365,STORE137,137,2024-02-22,SUP269
PROD1197,STORE174,315,2024-08-21,SUP100
PROD1457,STORE186,7,2023-03-08,SUP229
PROD1101,STORE109,483,2024-02-23,SUP106
PROD1313,STORE133,298,2024-04-10,SUP189
PROD1119,STORE110,339,2023-01-29,SUP199
PROD1381,STORE118,295,2023-05-24,SUP195
PROD1180,STORE155,273,2023-01-07,SUP170
PROD1380,STORE114,407,2023-07-08,SUP216
PROD1029,STORE115,13,2024-06-28,SUP177
PROD1212,STORE192,244,2023-04-30,SUP194
PROD1480,STORE142,433,2024-11-15,SUP214
PROD1009,STORE150,449,2024-05-27,SUP238
PROD1262,STORE185,71,2024-11-01,SUP198
PROD1120,STORE148,398,2024-04-11,SUP191
PROD1442,STORE169,53,2024-08-06,SUP294
PROD1423,STORE122,121,2023-11-22,SUP197
PROD1174,STORE103,392,2024-03-31,SUP213
PROD1094,STORE134,132,2023-09-21,SUP152
PROD1128,STORE100,188,2025-04-20,SUP199
PROD1032,STORE158,382,2025-03-22,SUP255
PROD1142,STORE147,140,2025-05-29,SUP289
PROD1084,STORE171,198,2025-03-07,SUP123
PROD1380,STORE108,87,2025-03-11,SUP259
PROD1309,STORE153,11,2023-01-23,SUP126
PROD1154,STORE126,262,2023-08-19,SUP128
PROD1031,STORE140,306,2024-08-12,SUP186
PROD1482,STORE182,84,2024-02-27,SUP290
PROD1472,STORE185,456,2025-02-10,SUP254
PROD1283,STORE128,218,2023-12-07,SUP158
PROD1351,STORE142,174,2023-10-25,SUP122
PROD1318,STORE195,94,2024-08-10,SUP255
PROD1278,STORE147,423,2023-09-14,SUP155
PROD1025,STORE193,79,2025-04-28,SUP235
PROD1473,STORE120,112,2024-07-21,SUP148
PROD1436,STORE197,178,2024-04-24,SUP272
PROD1397,STORE139,444,2025-04-02,SUP289
PROD1411,STORE158,384,2025-06-23,SUP233
PROD1038,STORE167,284,2024-06-15,SUP155
PROD1115,STORE183,307,2023-09-06,SUP179
PROD1157,STORE175,370,2024-03-22,SUP210
PROD1014,STORE122,213,2024-03-21,SUP156
PROD1195,STORE185,349,2025-06-24,SUP175
PROD1234,STORE196,218,2024-11-17,SUP146
PROD1024,STORE129,256,2025-05-01,SUP202
PROD1460,STORE192,310,2023-09-27,SUP211
PROD1308,STORE187,280,2025-01-17,SUP124
PROD1383,STORE174,139,2025-03-26,SUP133
PROD1169,STORE143,331,2024-12-16,SUP170
PROD1094,STORE138,43,2024-01-27,SUP118
PROD1339,STORE109,284,2024-10-29,SUP158
PROD1201,STORE158,191,2025-04-03,SUP225
PROD1002,STORE175,442,2024-09-23,SUP179
PROD1257,STORE144,294,2023-12-06,SUP218
PROD1169,STORE166,94,2023-07-17,SUP166
PROD1029,STORE134,421,2025-02-04,SUP131
PROD1412,STORE130,198,2023-04-15,SUP201
PROD1182,STORE193,483,2025-01-09,SUP147
PROD1243,STORE151,324,2023-08-26,SUP255
PROD1330,STORE185,47,2024-04-22,SUP113
PROD1475,STORE145,371,2023-06-04,SUP245
PROD1324,STORE168,310,2023-02-13,SUP256
PROD1369,STORE139,442,2025-02-28,SUP264
PROD1328,STORE101,183,2023-08-20,SUP120
PROD1354,STORE135,436,2023-09-04,SUP214
PROD1350,STORE135,281,2025-02-27,SUP272
PROD1130,STORE124,384,2024-03-07,SUP191
PROD1475,STORE116,287,2024-07-26,SUP153
PROD1104,STORE109,150,2023-08-07,SUP241
PROD1116,STORE105,382,2024-03-01,SUP133
PROD1436,STORE174,198,2023-03-08,SUP264
PROD1205,STORE183,2,2025-07-12,SUP201
PROD1262,STORE194,319,2023-01-12,SUP212
PROD1184,STORE134,360,2025-07-12,SUP181
PROD1183,STORE148,138,2024-02-29,SUP124
PROD1127,STORE128,313,2024-02-19,SUP275
PROD1305,STORE187,222,2024-05-02,SUP132
PROD1294,STORE199,233,2023-06-19,SUP241
PROD1027,STORE184,491,2024-08-25,SUP204
PROD1496,STORE195,474,2024-08-07,SUP175
PROD1336,STORE107,457,2024-03-16,SUP157
PROD1020,STORE133,484,2025-06-21,SUP122
PROD1484,STORE116,204,2024-10-07,SUP260
PROD1308,STORE149,376,2023-05-28,SUP196
PROD1304,STORE105,149,2024-09-17,SUP236
PROD1372,STORE128,81,2023-07-11,SUP180
PROD1172,STORE190,357,2023-06-30,SUP122
PROD1200,STORE112,238,2025-01-17,SUP282
PROD1297,STORE148,448,2023-03-26,SUP192
PROD1447,STORE156,10,2023-04-21,SUP141
PROD1499,STORE117,190,2023-02-20,SUP202
PROD1016,STORE137,221,2024-06-02,SUP277
PROD1293,STORE146,306,2023-10-02,SUP293
PROD1007,STORE118,148,2024-07-21,SUP132
PROD1042,STORE131,43,2023-07-15,SUP271
PROD1432,STORE176,55,2023-03-01,SUP109
PROD1263,STORE182,298,2023-10-27,SUP177
PROD1373,STORE115,469,2023-02-17,SUP191
PROD1423,STORE112,433,2024-08-30,SUP192
PROD1147,STORE190,329,2025-03-17,SUP163
PROD1247,STORE136,36,2024-12-17,SUP201
PROD1226,STORE117,26,2023-10-07,SUP163
PROD1468,STORE143,207,2025-02-01,SUP291
PROD1269,STORE129,71,2024-12-22,SUP196
PROD1149,STORE173,17,2024-11-27,SUP157
PROD1272,STORE170,82,2024-10-07,SUP214
PROD1367,STORE152,314,2023-01-20,SUP154
PROD1011,STORE169,106,2023-10-27,SUP293
PROD1223,STORE117,86,2024-11-20,SUP243
PROD1302,STORE122,351,2025-05-25,SUP274
PROD1353,STORE167,452,2025-06-21,SUP258
PROD1493,STORE163,183,2025-04-21,SUP157
PROD1087,STORE107,1,2023-07-06,SUP110
PROD1237,STORE101,345,2025-02-24,SUP197
PROD1396,STORE171,101,2024-12-22,SUP119
PROD1334,STORE121,184,2025-01-20,SUP274
PROD1334,STORE172,210,2023-11-15,SUP168
PROD1188,STORE172,341,2025-01-20,SUP230
PROD1414,STORE155,262,2024-10-03,SUP170
PROD1287,STORE102,455,2025-03-25,SUP246
PROD1215,STORE100,328,2024-03-21,SUP252
PROD1409,STORE170,51,2024-07-31,SUP261
PROD1394,STORE113,295,2025-06-22,SUP169
PROD1100,STORE107,399,2023-09-26,SUP176
PROD1230,STORE175,459,2023-01-07,SUP183
PROD1246,STORE114,288,2023-10-23,SUP282
PROD1418,STORE161,203,2023-08-25,SUP259
PROD1097,STORE157,169,2024-04-17,SUP220
PROD1161,STORE181,338,2023-06-18,SUP135
PROD1242,STORE190,23,2024-10-18,SUP266
PROD1122,STORE171,385,2024-04-17,SUP243
PROD1265,STORE163,209,2024-11-01,SUP201
PROD1159,STORE139,309,2023-02-09,SUP139
PROD1391,STORE115,339,2024-01-27,SUP140
PROD1277,STORE113,392,2024-07-17,SUP141
PROD1331,STORE140,415,2024-11-10,SUP299
PROD1339,STORE161,152,2024-05-14,SUP256
PROD1395,STORE146,465,2023-04-24,SUP273
PROD1325,STORE121,317,2023-10-14,SUP147
PROD1445,STORE140,413,2023-12-06,SUP286
PROD1126,STORE186,381,2023-02-05,SUP214
PROD1161,STORE174,311,2024-04-25,SUP192
PROD1410,STORE130,236,2023-11-05,SUP123
PROD1063,STORE154,19,2024-07-25,SUP261
PROD1374,STORE121,463,2024-09-10,SUP267
PROD1414,STORE121,389,2025-02-27,SUP227
PROD1386,STORE186,449,2024-10-21,SUP172
PROD1343,STORE102,332,2023-01-30,SUP274
PROD1458,STORE114,383,2023-07-08,SUP262
PROD1095,STORE199,231,2023-04-24,SUP127
PROD1214,STORE142,360,2023-07-30,SUP137
PROD1164,STORE116,485,2024-04-15,SUP266
PROD1459,STORE139,296,2025-04-03,SUP188
PROD1060,STORE153,88,2025-04-02,SUP183
PROD1161,STORE127,222,2023-07-16,SUP290
PROD1125,STORE101,61,2025-03-28,SUP294
PROD1199,STORE162,131,2024-12-24,SUP240
PROD1467,STORE148,460,2024-12-30,SUP106
PROD1100,STORE106,389,2023-05-12,SUP159
PROD1199,STORE158,467,2023-11-14,SUP215
PROD1215,STORE187,128,2024-06-08,SUP255
PROD1340,STORE101,96,2025-07-22,SUP218
PROD1351,STORE153,450,2024-09-16,SUP165
PROD1072,STORE158,60,2024-02-22,SUP222
PROD1171,STORE121,414,2023-02-24,SUP123
PROD1243,STORE134,151,2023-06-28,SUP190
PROD1158,STORE159,177,2023-10-09,SUP117
PROD1448,STORE115,411,2024-05-22,SUP134
PROD1480,STORE150,228,2025-04-30,SUP149
PROD1328,STORE189,96,2023-02-14,SUP140
PROD1452,STORE103,156,2025-05-15,SUP130
PROD1382,STORE129,246,2025-07-06,SUP179
PROD1409,STORE142,422,2024-05-15,SUP163
PROD1123,STORE167,448,2024-03-08,SUP203
PROD1351,STORE142,65,2024-06-26,SUP179
PROD1073,STORE170,32,2023-11-03,SUP129
PROD1192,STORE145,478,2023-01-28,SUP239
PROD1028,STORE196,335,2024-08-23,SUP210
PROD1059,STORE120,197,2023-09-20,SUP187
PROD1055,STORE109,68,2023-09-11,SUP240
PROD1410,STORE192,15,2024-01-09,SUP220
PROD1254,STORE118,294,2025-06-26,SUP117
PROD1394,STORE115,344,2024-08-15,SUP254
PROD1160,STORE182,53,2024-06-05,SUP231
PROD1391,STORE116,466,2024-06-08,SUP201
PROD1179,STORE183,297,2024-07-22,SUP153
PROD1196,STORE120,367,2024-11-27,SUP231
PROD1056,STORE144,310,2024-12-30,SUP271
PROD1421,STORE140,17,2023-07-02,SUP117
PROD1372,STORE110,478,2025-05-19,SUP125
PROD1161,STORE132,3,2024-06-18,SUP298
PROD1203,STORE150,26,2024-02-02,SUP233
PROD1126,STORE139,140,2023-06-29,SUP141
PROD1364,STORE193,430,2024-09-11,SUP215
PROD1176,STORE147,150,2024-03-27,SUP293
PROD1217,STORE162,413,2025-01-15,SUP143
PROD1228,STORE161,136,2025-06-15,SUP133
PROD1483,STORE161,148,2023-12-16,SUP297
PROD1328,STORE138,11,2025-01-14,SUP183
PROD1278,STORE181,26,2024-01-09,SUP179
PROD1165,STORE120,44,2024-10-01,SUP213
PROD1407,STORE134,378,2024-07-28,SUP231
PROD1228,STORE180,227,2024-07-13,SUP144
PROD1321,STORE171,431,2025-04-26,SUP189
PROD1445,STORE182,1,2025-05-25,SUP234
PROD1215,STORE100,468,2024-10-02,SUP164
PROD1264,STORE178,123,2024-01-06,SUP145
PROD1238,STORE113,29,2025-01-31,SUP190
PROD1044,STORE145,283,2025-06-20,SUP293
PROD1054,STORE144,447,2025-01-06,SUP258
PROD1490,STORE127,201,2024-01-04,SUP281
PROD1335,STORE165,19,2024-08-19,SUP126
PROD1360,STORE177,191,2024-01-09,SUP256
PROD1139,STORE177,448,2024-10-06,SUP265
PROD1114,STORE192,446,2023-11-27,SUP210
PROD1499,STORE176,99,2023-06-05,SUP258
PROD1455,STORE126,103,2025-07-06,SUP265
PROD1387,STORE122,474,2024-10-01,SUP251
PROD1398,STORE177,228,2025-02-18,SUP182
PROD1062,STORE198,429,2025-01-15,SUP174
PROD1243,STORE149,198,2024-07-31,SUP190
PROD1169,STORE101,100,2023-03-06,SUP201
PROD1383,STORE122,59,2024-09-09,SUP207
PROD1477,STORE167,475,2023-01-01,SUP207
PROD1396,STORE133,222,2025-02-09,SUP256
PROD1057,STORE102,447,2024-12-31,SUP174
PROD1225,STORE122,309,2024-02-07,SUP119
PROD1298,STORE118,218,2025-05-16,SUP141
PROD1163,STORE187,405,2023-01-25,SUP178
PROD1194,STORE110,484,2024-03-26,SUP216
PROD1448,STORE194,113,2024-07-31,SUP188
PROD1440,STORE179,462,2023-08-28,SUP226
PROD1105,STORE106,386,2024-12-25,SUP134
PROD1190,STORE121,62,2024-05-28,SUP292
PROD1473,STORE176,375,2025-06-29,SUP214
PROD1292,STORE148,216,2024-03-22,SUP144
PROD1321,STORE160,346,2024-01-28,SUP148
PROD1464,STORE143,24,2023-10-26,SUP172
PROD1369,STORE174,469,2024-02-10,SUP290
PROD1164,STORE119,96,2023-09-06,SUP143
PROD1156,STORE134,149,2024-08-17,SUP129
PROD1115,STORE177,106,2023-11-28,SUP107
PROD1359,STORE121,432,2024-11-07,SUP142
PROD1178,STORE175,92,2024-04-24,SUP193
PROD1390,STORE104,372,2023-01-22,SUP297
PROD1011,STORE157,295,2024-07-30,SUP189
PROD1234,STORE135,23,2024-04-19,SUP264
PROD1038,STORE147,69,2025-07-15,SUP202
PROD1431,STORE108,462,2023-11-07,SUP260
PROD1350,STORE109,126,2023-04-09,SUP265
PROD1303,STORE120,422,2023-01-13,SUP179
PROD1237,STORE143,150,2024-03-26,SUP204
PROD1054,STORE106,275,2025-03-07,SUP282
PROD1470,STORE160,73,2024-07-02,SUP103
PROD1371,STORE134,198,2024-02-08,SUP226
PROD1050,STORE114,167,2024-12-26,SUP172
PROD1351,STORE180,231,2024-08-11,SUP141
PROD1183,STORE110,203,2023-11-24,SUP237
PROD1357,STORE102,53,2024-12-28,SUP250
PROD1329,STORE196,459,2023-10-01,SUP166
PROD1125,STORE197,288,2023-01-21,SUP174
PROD1014,STORE156,309,2024-02-14,SUP243
PROD1130,STORE187,1,2023-05-03,SUP109
PROD1014,STORE171,43,2024-11-01,SUP125
PROD1096,STORE122,404,2025-06-16,SUP263
PROD1064,STORE188,6,2024-06-19,SUP292
PROD1491,STORE189,402,2024-02-05,SUP213
PROD1447,STORE104,187,2023-12-31,SUP212
PROD1381,STORE193,297,2023-01-04,SUP222
PROD1188,STORE185,433,2024-09-14,SUP171
PROD1306,STORE173,78,2025-04-13,SUP286
PROD1048,STORE195,76,2024-03-29,SUP245
PROD1312,STORE105,350,2023-12-06,SUP178
PROD1204,STORE185,211,2025-04-30,SUP235
PROD1392,STORE117,417,2023-03-24,SUP183
PROD1119,STORE160,265,2024-06-03,SUP282
PROD1379,STORE197,125,2024-07-24,SUP118
PROD1496,STORE194,24,2023-01-08,SUP219
PROD1045,STORE157,454,2023-10-04,SUP181
PROD1154,STORE103,205,2024-08-03,SUP222
PROD1298,STORE180,392,2023-03-22,SUP271
PROD1072,STORE193,435,2025-01-03,SUP178
PROD1360,STORE155,203,2024-07-29,SUP141
PROD1425,STORE154,31,2024-05-12,SUP193
PROD1395,STORE105,263,2023-01-28,SUP211
PROD1361,STORE185,164,2025-04-11,SUP137
PROD1071,STORE178,34,2025-03-10,SUP130
PROD1250,STORE126,380,2024-07-07,SUP296
PROD1005,STORE174,383,2024-07-28,SUP279
PROD1424,STORE197,343,2023-08-13,SUP162
PROD1455,STORE167,350,2023-08-27,SUP135
PROD1346,STORE151,368,2024-01-06,SUP155
PROD1048,STORE165,342,2024-03-27,SUP133
PROD1286,STORE171,195,2024-07-01,SUP232
PROD1324,STORE181,150,2023-02-24,SUP203
PROD1170,STORE196,171,2023-01-14,SUP223
PROD1199,STORE164,415,2023-02-20,SUP230
PROD1422,STORE189,456,2025-04-18,SUP158
PROD1390,STORE128,114,2023-09-26,SUP110
PROD1105,STORE141,384,2025-04-05,SUP179
PROD1303,STORE167,416,2024-01-23,SUP143
PROD1062,STORE160,452,2024-02-27,SUP218
PROD1313,STORE147,25,2024-02-19,SUP191
PROD1481,STORE160,83,2024-06-19,SUP140
PROD1474,STORE129,306,2024-10-14,SUP223
PROD1114,STORE176,25,2025-01-25,SUP214
PROD1376,STORE174,430,2025-03-17,SUP272
PROD1307,STORE165,136,2023-08-04,SUP147
PROD1288,STORE169,467,2023-11-10,SUP138
PROD1150,STORE149,383,2023-01-20,SUP157
PROD1054,STORE198,479,2023-08-14,SUP273
PROD1358,STORE187,310,2023-06-10,SUP142
PROD1345,STORE115,391,2024-04-19,SUP188
PROD1306,STORE102,181,2023-12-30,SUP294
PROD1383,STORE114,293,2024-05-08,SUP281
PROD1055,STORE155,486,2025-07-24,SUP212
PROD1013,STORE102,318,2024-11-14,SUP103
PROD1068,STORE132,166,2023-07-31,SUP207
PROD1466,STORE104,378,2024-02-14,SUP148
PROD1483,STORE185,285,2023-12-12,SUP110
PROD1093,STORE124,18,2023-04-07,SUP267
PROD1463,STORE114,368,2023-08-02,SUP136
PROD1183,STORE190,19,2025-02-03,SUP109
PROD1190,STORE184,435,2024-12-26,SUP275
PROD1174,STORE148,277,2023-03-05,SUP235
PROD1217,STORE163,81,2025-01-14,SUP228
PROD1420,STORE189,162,2024-09-26,SUP232
PROD1271,STORE177,54,2023-02-28,SUP137
PROD1211,STORE132,165,2025-01-14,SUP237
PROD1359,STORE126,128,2025-05-08,SUP204
PROD1352,STORE119,11,2024-04-05,SUP253
PROD1390,STORE109,159,2023-08-23,SUP255
PROD1130,STORE171,234,2025-03-24,SUP184
PROD1115,STORE161,338,2023-04-14,SUP118
PROD1051,STORE106,429,2023-12-10,SUP186
PROD1326,STORE131,408,2025-03-13,SUP256
PROD1331,STORE169,463,2023-06-21,SUP282
PROD1294,STORE169,321,2023-05-25,SUP238
PROD1152,STORE169,182,2024-05-15,SUP199
PROD1384,STORE188,86,2023-09-16,SUP167
PROD1151,STORE172,15,2025-03-10,SUP268
PROD1494,STORE107,40,2025-06-30,SUP108
PROD1011,STORE105,213,2024-12-18,SUP288
PROD1388,STORE148,451,2025-06-05,SUP221
PROD1124,STORE144,111,2024-07-19,SUP206
PROD1434,STORE129,498,2024-01-04,SUP145
PROD1018,STORE143,59,2025-02-21,SUP298
PROD1393,STORE191,486,2023-01-13,SUP232
PROD1329,STORE101,408,2023-04-27,SUP175
PROD1476,STORE172,334,2023-08-30,SUP136
PROD1080,STORE184,436,2024-04-22,SUP205
PROD1178,STORE100,344,2024-03-20,SUP296
PROD1492,STORE161,97,2025-01-27,SUP136
PROD1201,STORE144,295,2024-04-24,SUP187
PROD1268,STORE198,399,2024-10-01,SUP119
PROD1048,STORE103,473,2024-11-16,SUP189
PROD1104,STORE191,266,2024-11-21,SUP113
PROD1221,STORE170,249,2024-03-29,SUP244
PROD1059,STORE124,376,2023-02-17,SUP173
PROD1410,STORE151,229,2024-01-29,SUP248
PROD1058,STORE104,324,2025-05-26,SUP190
PROD1012,STORE185,293,2023-05-05,SUP250
PROD1397,STORE181,446,2024-04-03,SUP193
PROD1367,STORE133,408,2024-09-04,SUP109
PROD1280,STORE101,314,2023-03-10,SUP208
PROD1378,STORE127,238,2025-03-17,SUP295
PROD1388,STORE112,468,2025-05-24,SUP206
PROD1293,STORE176,413,2023-12-02,SUP131
PROD1207,STORE168,161,2025-02-27,SUP190
PROD1418,STORE164,76,2024-02-24,SUP171
PROD1355,STORE122,86,2024-12-19,SUP100
PROD1326,STORE107,243,2025-02-10,SUP165
PROD1114,STORE141,35,2025-04-30,SUP243
PROD1269,STORE103,142,2025-04-23,SUP259
PROD1410,STORE123,393,2023-05-20,SUP269
PROD1069,STORE179,457,2025-02-17,SUP288
PROD1106,STORE172,444,2023-07-03,SUP241
PROD1397,STORE124,190,2023-06-25,SUP125
PROD1151,STORE103,219,2024-12-06,SUP225
PROD1333,STORE165,325,2023-12-20,SUP257
PROD1301,STORE117,436,2024-03-20,SUP299
PROD1447,STORE123,473,2025-04-06,SUP230
PROD1153,STORE108,303,2025-01-06,SUP294
PROD1443,STORE163,282,2025-05-29,SUP185
PROD1406,STORE158,119,2024-11-01,SUP169
PROD1134,STORE174,36,2024-11-23,SUP219
PROD1315,STORE139,338,2023-07-31,SUP278
PROD1099,STORE146,484,2023-04-08,SUP274
PROD1106,STORE137,69,2024-02-23,SUP101
PROD1243,STORE156,130,2023-11-05,SUP296
PROD1392,STORE105,97,2024-11-08,SUP182
PROD1311,STORE168,342,2024-03-07,SUP179
PROD1075,STORE185,409,2025-04-07,SUP118
PROD1488,STORE142,100,2023-08-04,SUP138
PROD1019,STORE163,316,2024-10-11,SUP251
PROD1190,STORE172,175,2025-06-06,SUP292
PROD1002,STORE150,50,2025-03-13,SUP192
PROD1100,STORE103,428,2025-03-24,SUP280
PROD1346,STORE161,118,2023-01-29,SUP225
PROD1334,STORE157,260,2023-09-02,SUP213
PROD1027,STORE178,65,2025-05-07,SUP298
PROD1278,STORE172,275,2025-04-11,SUP256
PROD1106,STORE127,86,2025-02-21,SUP211
PROD1119,STORE109,141,2023-04-07,SUP195
PROD1268,STORE185,448,2023-01-28,SUP120
PROD1357,STORE172,326,2024-08-13,SUP169
PROD1294,STORE119,200,2023-12-30,SUP164
PROD1295,STORE163,466,2025-05-17,SUP113
PROD1191,STORE176,220,2025-04-23,SUP138
PROD1013,STORE180,160,2024-04-18,SUP261
PROD1070,STORE180,361,2024-09-04,SUP164
PROD1330,STORE173,259,2023-07-12,SUP187
PROD1267,STORE182,170,2023-12-02,SUP278
PROD1152,STORE131,49,2025-07-13,SUP212
PROD1182,STORE155,311,2025-05-10,SUP177
PROD1427,STORE163,471,2023-01-12,SUP130
PROD1151,STORE172,171,2023-09-29,SUP131
PROD1077,STORE178,211,2023-05-13,SUP274
PROD1327,STORE126,327,2023-06-01,SUP181
PROD1330,STORE142,498,2024-11-06,SUP247
PROD1183,STORE125,197,2024-08-21,SUP133
PROD1383,STORE105,286,2023-10-20,SUP147
PROD1491,STORE150,407,2024-11-30,SUP239
PROD1015,STORE149,416,2023-03-05,SUP194
PROD1163,STORE144,202,2023-07-28,SUP182
PROD1229,STORE150,126,2023-10-12,SUP297
PROD1274,STORE115,259,2023-02-22,SUP169
PROD1209,STORE187,387,2023-10-17,SUP190
PROD1114,STORE165,161,2025-04-15,SUP234
PROD1353,STORE153,478,2025-06-17,SUP170
PROD1287,STORE139,222,2024-07-30,SUP237
PROD1438,STORE146,3,2023-09-23,SUP171
PROD1286,STORE131,187,2025-07-02,SUP241
PROD1004,STORE114,40,2023-03-20,SUP192
PROD1067,STORE187,81,2024-08-20,SUP135
PROD1454,STORE172,13,2025-02-19,SUP155
PROD1436,STORE176,102,2023-03-27,SUP134
PROD1392,STORE187,258,2024-01-20,SUP105
PROD1402,STORE131,419,2024-02-25,SUP215
PROD1318,STORE191,20,2024-07-06,SUP118
PROD1374,STORE106,103,2024-05-26,SUP278
PROD1298,STORE115,213,2025-07-06,SUP128
PROD1370,STORE168,358,2024-01-12,SUP220
PROD1053,STORE127,180,2024-08-28,SUP147
PROD1201,STORE105,465,2025-01-08,SUP178
PROD1057,STORE102,402,2025-01-10,SUP281
PROD1186,STORE131,369,2023-10-12,SUP103
PROD1103,STORE138,58,2024-12-20,SUP211
PROD1267,STORE118,422,2023-04-16,SUP293
PROD1192,STORE120,244,2024-08-25,SUP164
PROD1070,STORE123,31,2023-06-17,SUP298
PROD1208,STORE110,287,2024-08-10,SUP134
PROD1459,STORE183,15,2023-11-11,SUP291
PROD1455,STORE159,243,2024-08-15,SUP293
PROD1071,STORE139,104,2024-10-11,SUP285
PROD1218,STORE151,403,2024-12-10,SUP172
PROD1340,STORE135,289,2025-03-01,SUP188
PROD1456,STORE159,312,2023-01-09,SUP118
PROD1473,STORE147,50,2023-06-11,SUP224
PROD1282,STORE176,379,2024-07-21,SUP285
PROD1437,STORE198,487,2024-02-11,SUP286
PROD1285,STORE176,180,2025-04-05,SUP139
PROD1440,STORE190,279,2024-11-11,SUP179
PROD1010,STORE114,11,2024-06-25,SUP298
PROD1303,STORE173,488,2023-08-31,SUP184
PROD1344,STORE120,179,2024-03-11,SUP113
PROD1336,STORE166,421,2023-06-21,SUP242
PROD1099,STORE133,92,2024-03-02,SUP228
PROD1150,STORE113,334,2025-06-18,SUP216
PROD1416,STORE131,155,2023-06-04,SUP273
PROD1082,STORE162,277,2024-09-24,SUP117
PROD1156,STORE175,77,2024-12-26,SUP144
PROD1460,STORE148,235,2023-05-02,SUP133
PROD1336,STORE175,65,2024-08-11,SUP220
PROD1438,STORE153,381,2024-03-29,SUP277
PROD1086,STORE136,206,2023-12-27,SUP233
PROD1290,STORE179,380,2024-07-06,SUP232
PROD1111,STORE133,469,2025-01-26,SUP196
PROD1406,STORE159,384,2025-04-12,SUP256
PROD1077,STORE126,388,2024-07-14,SUP229
PROD1431,STORE141,136,2024-08-10,SUP257
PROD1430,STORE134,102,2025-06-02,SUP275
PROD1478,STORE158,71,2024-10-10,SUP292
PROD1149,STORE167,16,2023-11-08,SUP183
PROD1440,STORE132,68,2023-06-25,SUP107
PROD1179,STORE188,223,2024-10-15,SUP281
PROD1282,STORE119,367,2023-01-16,SUP124
PROD1074,STORE117,7,2024-12-22,SUP123
PROD1126,STORE191,286,2023-03-05,SUP246
PROD1408,STORE152,232,2025-01-13,SUP175
PROD1437,STORE191,289,2025-05-04,SUP138
PROD1214,STORE171,447,2024-09-15,SUP186
PROD1353,STORE131,143,2024-09-10,SUP295
PROD1126,STORE169,482,2024-02-17,SUP142
PROD1421,STORE180,142,2024-02-22,SUP147
PROD1490,STORE105,468,2025-03-12,SUP157
PROD1192,STORE145,216,2023-12-02,SUP234
PROD1180,STORE133,84,2025-01-29,SUP192
PROD1064,STORE175,20,2023-09-22,SUP261
PROD1014,STORE156,134,2025-02-22,SUP178
PROD1307,STORE135,106,2024-10-02,SUP109
PROD1212,STORE124,461,2024-11-21,SUP193
PROD1423,STORE144,122,2024-11-24,SUP177
PROD1295,STORE172,138,2024-03-27,SUP157
PROD1391,STORE194,34,2024-01-03,SUP142
PROD1123,STORE124,37,2024-08-07,SUP180
PROD1209,STORE105,499,2023-04-27,SUP129
PROD1350,STORE178,38,2023-12-17,SUP238
PROD1181,STORE173,357,2024-01-30,SUP142
PROD1436,STORE183,67,2023-07-27,SUP257
PROD1005,STORE107,455,2023-07-21,SUP281
PROD1470,STORE109,445,2025-03-28,SUP297
PROD1330,STORE132,312,2025-02-10,SUP235
PROD1112,STORE102,337,2024-01-12,SUP178
PROD1352,STORE180,371,2024-12-16,SUP280
PROD1236,STORE164,30,2025-02-23,SUP210
PROD1442,STORE159,351,2023-01-06,SUP119
PROD1348,STORE125,379,2025-05-23,SUP117
PROD1197,STORE162,181,2024-11-21,SUP109
PROD1007,STORE100,65,2024-08-13,SUP213
PROD1033,STORE102,285,2024-01-17,SUP260
PROD1108,STORE169,31,2023-12-19,SUP211
PROD1217,STORE132,250,2024-06-03,SUP229
PROD1455,STORE160,326,2023-07-22,SUP261
PROD1212,STORE183,174,2024-09-02,SUP101
PROD1390,STORE197,410,2023-09-10,SUP294
PROD1007,STORE181,1,2023-12-20,SUP165
PROD1138,STORE107,313,2023-06-02,SUP204
PROD1009,STORE112,253,2024-12-15,SUP147
PROD1212,STORE103,24,2024-12-24,SUP287
PROD1175,STORE182,221,2024-06-28,SUP122
PROD1088,STORE104,321,2024-01-24,SUP214
PROD1141,STORE143,303,2023-04-02,SUP149
PROD1079,STORE146,92,2024-02-15,SUP212
PROD1180,STORE119,55,2024-05-11,SUP144
PROD1431,STORE165,125,2025-06-26,SUP106
PROD1203,STORE191,113,2023-07-12,SUP170
PROD1498,STORE170,21,2024-02-12,SUP224
PROD1147,STORE125,333,2025-05-15,SUP267
PROD1221,STORE119,36,2025-06-24,SUP238
PROD1117,STORE126,68,2025-05-24,SUP171
PROD1217,STORE154,33,2024-05-23,SUP133
PROD1336,STORE179,268,2025-06-09,SUP217
PROD1365,STORE198,98,2025-06-06,SUP225
PROD1154,STORE181,267,2024-02-24,SUP118
PROD1349,STORE127,314,2024-12-20,SUP261
PROD1171,STORE181,140,2024-09-04,SUP129
PROD1129,STORE114,41,2025-02-26,SUP113
PROD1437,STORE133,223,2025-06-08,SUP252
PROD1201,STORE109,262,2023-10-10,SUP255
PROD1465,STORE108,399,2023-02-11,SUP292
PROD1178,STORE197,183,2025-07-07,SUP147
PROD1072,STORE110,125,2025-01-02,SUP197
PROD1394,STORE100,421,2023-07-01,SUP237
PROD1341,STORE138,297,2025-07-21,SUP182
PROD1426,STORE126,270,2024-08-05,SUP224
PROD1344,STORE154,119,2025-04-24,SUP144
PROD1047,STORE102,248,2024-02-28,SUP284
PROD1222,STORE142,70,2025-05-16,SUP113
PROD1490,STORE173,382,2025-02-18,SUP272
PROD1263,STORE126,52,2023-04-24,SUP234
PROD1401,STORE152,283,2024-08-06,SUP228
PROD1034,STORE152,371,2025-01-29,SUP252
PROD1405,STORE154,330,2024-03-01,SUP173
PROD1178,STORE171,81,2025-07-21,SUP223
PROD1385,STORE111,493,2024-08-08,SUP198
PROD1368,STORE123,53,2023-08-15,SUP245
PROD1335,STORE165,228,2023-07-01,SUP165
PROD1033,STORE185,98,2024-02-09,SUP214
PROD1111,STORE163,65,2024-01-11,SUP288
PROD1426,STORE143,73,2024-05-24,SUP280
PROD1077,STORE131,50,2025-01-02,SUP125
PROD1125,STORE110,369,2025-07-23,SUP275
PROD1115,STORE176,411,2024-09-04,SUP282
PROD1448,STORE125,90,2023-01-30,SUP284
PROD1353,STORE155,269,2023-06-18,SUP205
PROD1313,STORE190,305,2024-05-14,SUP191
PROD1229,STORE154,400,2024-07-06,SUP116
PROD1452,STORE171,318,2023-12-27,SUP216
PROD1218,STORE119,216,2023-03-16,SUP273
PROD1305,STORE142,495,2023-11-27,SUP161
PROD1425,STORE150,382,2025-02-21,SUP233
PROD1360,STORE157,298,2023-08-15,SUP293
PROD1072,STORE174,332,2023-02-08,SUP279
PROD1473,STORE157,354,2024-09-21,SUP222
PROD1303,STORE168,412,2025-04-25,SUP107
PROD1135,STORE133,496,2024-11-17,SUP157
PROD1000,STORE177,422,2023-10-27,SUP210
PROD1343,STORE190,376,2025-01-05,SUP254
PROD1076,STORE177,243,2023-02-11,SUP299
PROD1124,STORE101,200,2025-07-24,SUP171
PROD1487,STORE143,59,2024-03-16,SUP298
PROD1482,STORE163,236,2023-09-27,SUP285
PROD1363,STORE126,315,2024-08-28,SUP237
PROD1294,STORE103,101,2024-01-04,SUP108
PROD1167,STORE182,90,2024-07-09,SUP179
PROD1028,STORE157,194,2023-03-09,SUP122
PROD1022,STORE169,14,2025-02-15,SUP219
PROD1126,STORE143,247,2023-12-02,SUP147
PROD1165,STORE133,427,2023-04-03,SUP139
PROD1325,STORE187,222,2024-07-03,SUP221
PROD1492,STORE188,13,2025-03-24,SUP219
PROD1294,STORE164,336,2024-06-17,SUP210
PROD1120,STORE127,330,2025-05-30,SUP160
PROD1286,STORE123,259,2023-02-09,SUP183
PROD1096,STORE169,94,2024-06-03,SUP129
PROD1473,STORE143,172,2025-05-26,SUP184
PROD1186,STORE158,357,2024-02-01,SUP257
PROD1401,STORE134,104,2023-04-05,SUP132
PROD1350,STORE132,469,2024-02-17,SUP111
PROD1182,STORE121,17,2024-12-14,SUP236
PROD1076,STORE195,17,2025-01-21,SUP202
PROD1278,STORE108,181,2024-04-08,SUP237
PROD1268,STORE107,10,2024-06-20,SUP138
PROD1161,STORE139,470,2025-01-21,SUP235
PROD1291,STORE117,179,2023-08-06,SUP100
PROD1432,STORE125,98,2025-04-30,SUP167
PROD1329,STORE186,410,2024-11-06,SUP130
PROD1233,STORE152,401,2024-01-05,SUP293
PROD1462,STORE160,179,2024-11-17,SUP256
PROD1357,STORE107,392,2023-01-28,SUP282
PROD1351,STORE156,213,2024-06-02,SUP142
PROD1033,STORE166,443,2024-10-21,SUP206
PROD1272,STORE102,330,2024-02-08,SUP285
PROD1325,STORE110,262,2024-05-29,SUP267
PROD1317,STORE183,191,2025-01-09,SUP203
PROD1470,STORE194,282,2024-12-05,SUP227
PROD1369,STORE111,230,2024-04-01,SUP293
PROD1479,STORE173,257,2024-06-20,SUP220
PROD1087,STORE156,52,2024-06-07,SUP184
PROD1227,STORE103,357,2024-09-30,SUP210
PROD1056,STORE184,208,2024-08-07,SUP286
PROD1246,STORE175,434,2024-01-29,SUP122
PROD1431,STORE113,203,2023-07-20,SUP265
PROD1222,STORE133,375,2023-02-07,SUP286
PROD1455,STORE169,264,2024-12-19,SUP239
PROD1386,STORE164,293,2023-08-29,SUP259
PROD1252,STORE107,313,2023-02-26,SUP122
PROD1399,STORE131,75,2023-10-26,SUP109
PROD1472,STORE121,480,2023-10-21,SUP123
PROD1041,STORE141,410,2024-06-17,SUP263
PROD1240,STORE173,263,2024-01-24,SUP211
PROD1108,STORE164,360,2024-04-17,SUP264
PROD1344,STORE109,3,2023-12-08,SUP181
PROD1355,STORE101,266,2024-02-28,SUP220
PROD1093,STORE102,65,2024-01-27,SUP198
PROD1119,STORE111,100,2023-04-27,SUP162
PROD1460,STORE170,106,2025-05-16,SUP244
PROD1301,STORE170,474,2024-02-25,SUP220
PROD1313,STORE142,223,2024-04-10,SUP257
PROD1083,STORE178,295,2023-10-26,SUP107
PROD1160,STORE121,220,2024-04-25,SUP208
PROD1241,STORE179,205,2025-05-08,SUP142
PROD1365,STORE135,30,2025-01-19,SUP101
PROD1075,STORE174,39,2025-03-11,SUP105
PROD1019,STORE112,380,2023-08-04,SUP196
PROD1237,STORE172,43,2023-01-07,SUP269
PROD1249,STORE182,146,2024-08-02,SUP181
PROD1321,STORE124,185,2025-04-04,SUP253
PROD1235,STORE151,439,2025-03-11,SUP132
PROD1420,STORE118,406,2023-10-08,SUP260
PROD1217,STORE100,262,2024-02-19,SUP196
PROD1432,STORE173,211,2025-05-18,SUP206
PROD1002,STORE168,21,2024-07-03,SUP183
PROD1345,STORE104,210,2023-08-04,SUP102
PROD1150,STORE130,165,2024-10-19,SUP258
PROD1192,STORE129,56,2024-03-14,SUP254
PROD1243,STORE128,190,2023-03-08,SUP113
PROD1104,STORE136,433,2023-11-17,SUP235
PROD1034,STORE189,190,2025-03-18,SUP176
PROD1426,STORE176,197,2024-02-19,SUP242
PROD1325,STORE127,490,2025-07-13,SUP242
PROD1295,STORE107,341,2024-05-03,SUP266
PROD1457,STORE179,179,2025-06-16,SUP291
PROD1455,STORE179,19,2024-07-25,SUP146
PROD1058,STORE124,378,2023-01-11,SUP166
PROD1196,STORE187,41,2024-02-05,SUP229
PROD1370,STORE107,165,2024-04-08,SUP296
PROD1308,STORE107,31,2025-03-18,SUP206
PROD1009,STORE114,442,2023-08-28,SUP164
PROD1306,STORE185,166,2025-03-24,SUP181
PROD1319,STORE133,343,2025-04-11,SUP299
PROD1173,STORE115,493,2023-01-11,SUP203
PROD1052,STORE102,376,2024-11-12,SUP182
PROD1065,STORE103,307,2023-06-20,SUP101
PROD1024,STORE176,437,2024-07-03,SUP252
PROD1432,STORE174,19,2024-06-27,SUP239
PROD1426,STORE176,111,2024-09-28,SUP145
PROD1410,STORE187,311,2025-02-07,SUP230
PROD1167,STORE146,241,2024-07-06,SUP172
PROD1104,STORE141,312,2024-09-11,SUP137
PROD1439,STORE177,56,2025-04-09,SUP292
PROD1313,STORE129,109,2023-09-05,SUP273
PROD1387,STORE118,305,2024-06-21,SUP258
PROD1048,STORE153,492,2023-08-03,SUP271
PROD1339,STORE180,124,2024-05-15,SUP236
PROD1458,STORE130,478,2023-10-28,SUP124
PROD1378,STORE170,156,2024-06-04,SUP240
PROD1291,STORE107,298,2024-10-30,SUP178
PROD1448,STORE118,229,2025-04-06,SUP226
PROD1239,STORE180,386,2024-04-27,SUP247
PROD1071,STORE150,229,2023-09-07,SUP144
PROD1478,STORE101,133,2023-04-07,SUP259
PROD1296,STORE181,61,2023-07-16,SUP104
PROD1467,STORE187,30,2025-02-11,SUP231
PROD1095,STORE186,14,2024-06-02,SUP262
PROD1018,STORE170,256,2025-01-13,SUP290
PROD1036,STORE184,224,2024-07-19,SUP166
PROD1279,STORE129,473,2023-08-23,SUP287
PROD1047,STORE172,258,2025-01-22,SUP234
PROD1235,STORE106,77,2024-01-16,SUP281
PROD1167,STORE121,151,2023-08-09,SUP299
PROD1234,STORE108,94,2025-05-22,SUP272
PROD1479,STORE172,24,2024-05-30,SUP201
PROD1231,STORE195,391,2024-04-13,SUP282
PROD1218,STORE140,169,2024-07-07,SUP159
PROD1259,STORE115,57,2024-01-09,SUP101
PROD1064,STORE111,114,2023-11-15,SUP251
PROD1427,STORE194,304,2024-11-01,SUP197
PROD1248,STORE171,457,2024-11-21,SUP228
PROD1482,STORE184,387,2023-05-10,SUP210
PROD1154,STORE183,242,2023-04-03,SUP194
PROD1215,STORE153,485,2023-11-06,SUP115
PROD1056,STORE183,86,2025-06-17,SUP146
PROD1133,STORE174,186,2024-07-29,SUP146
PROD1246,STORE121,133,2023-09-26,SUP158
PROD1460,STORE100,130,2023-10-22,SUP182
PROD1141,STORE185,467,2024-02-14,SUP261
PROD1229,STORE154,64,2023-04-24,SUP135
PROD1248,STORE192,49,2024-05-09,SUP159
PROD1481,STORE168,42,2025-04-28,SUP122
PROD1081,STORE126,119,2025-04-05,SUP217
PROD1209,STORE178,203,2024-04-22,SUP153
PROD1427,STORE198,460,2024-09-09,SUP132
PROD1373,STORE119,392,2025-01-04,SUP269
PROD1124,STORE186,481,2024-03-09,SUP237
PROD1380,STORE154,176,2025-07-12,SUP170
PROD1448,STORE153,223,2024-01-11,SUP170
PROD1409,STORE162,101,2024-08-01,SUP175
PROD1331,STORE191,67,2024-08-04,SUP258
PROD1423,STORE110,397,2024-06-10,SUP250
PROD1370,STORE192,227,2023-03-15,SUP162
PROD1217,STORE190,37,2024-10-23,SUP164
PROD1048,STORE111,120,2025-03-01,SUP160
PROD1152,STORE138,268,2025-03-31,SUP271
PROD1200,STORE176,298,2025-04-01,SUP291
PROD1094,STORE132,299,2024-02-15,SUP203
PROD1129,STORE171,445,2024-09-16,SUP239
PROD1479,STORE150,319,2023-09-25,SUP160
PROD1278,STORE173,148,2023-05-05,SUP174
PROD1409,STORE104,495,2025-07-16,SUP180
PROD1096,STORE156,279,2023-09-25,SUP233
PROD1448,STORE194,201,2023-02-14,SUP286
PROD1380,STORE156,77,2025-01-09,SUP253
PROD1285,STORE115,355,2024-12-08,SUP250
PROD1116,STORE186,85,2023-10-09,SUP161
PROD1447,STORE198,404,2025-01-20,SUP240
PROD1096,STORE141,455,2025-04-09,SUP225
PROD1090,STORE137,15,2024-11-09,SUP126
PROD1361,STORE184,421,2025-05-17,SUP272
PROD1480,STORE153,281,2025-06-21,SUP183
PROD1061,STORE169,398,2024-06-18,SUP129
PROD1239,STORE161,235,2023-04-14,SUP197
PROD1412,STORE171,262,2025-04-16,SUP183
PROD1259,STORE101,158,2023-03-12,SUP178
PROD1432,STORE170,349,2023-08-20,SUP191
PROD1163,STORE113,77,2024-04-05,SUP240
PROD1138,STORE120,131,2023-05-16,SUP289
PROD1216,STORE190,62,2025-03-05,SUP168
PROD1025,STORE124,207,2024-01-28,SUP233
PROD1236,STORE148,72,2023-07-27,SUP128
PROD1438,STORE140,473,2024-01-19,SUP228
PROD1234,STORE194,423,2024-04-24,SUP290
PROD1226,STORE118,118,2023-09-25,SUP248
PROD1290,STORE138,465,2023-12-22,SUP179
PROD1445,STORE164,352,2025-03-02,SUP206
PROD1253,STORE105,435,2025-03-09,SUP184
PROD1483,STORE182,122,2023-05-17,SUP213
PROD1053,STORE121,320,2024-05-13,SUP257
PROD1245,STORE194,55,2023-06-20,SUP167
PROD1269,STORE102,228,2023-10-23,SUP186
PROD1053,STORE138,125,2025-03-01,SUP215
PROD1460,STORE183,0,2023-06-05,SUP257
PROD1276,STORE115,86,2023-01-24,SUP248
PROD1262,STORE164,366,2024-09-02,SUP198
PROD1126,STORE122,343,2023-10-12,SUP150
PROD1415,STORE172,40,2024-01-23,SUP137
PROD1188,STORE189,124,2024-12-29,SUP262
PROD1041,STORE164,53,2024-06-29,SUP260
PROD1474,STORE194,245,2025-07-10,SUP150
PROD1003,STORE140,213,2023-05-14,SUP190
PROD1259,STORE126,425,2023-02-09,SUP171
PROD1398,STORE170,213,2025-04-13,SUP211
PROD1352,STORE106,157,2024-06-12,SUP265
PROD1449,STORE110,347,2024-02-02,SUP296
PROD1398,STORE115,398,2024-02-06,SUP228
PROD1265,STORE188,190,2024-07-29,SUP226
PROD1186,STORE133,294,2023-01-20,SUP246
PROD1212,STORE153,1,2023-07-18,SUP213
PROD1119,STORE180,361,2023-12-10,SUP128
PROD1099,STORE114,172,2025-06-14,SUP277
PROD1422,STORE100,229,2023-12-25,SUP278
PROD1185,STORE144,64,2024-02-03,SUP124
PROD1036,STORE151,327,2024-01-29,SUP207
PROD1014,STORE165,240,2025-03-14,SUP149
PROD1418,STORE174,476,2023-11-25,SUP213
PROD1039,STORE148,181,2023-10-07,SUP289
PROD1272,STORE109,470,2023-08-17,SUP104
PROD1302,STORE138,330,2025-07-06,SUP288
PROD1262,STORE133,48,2024-12-21,SUP184
PROD1287,STORE145,471,2025-01-29,SUP224
PROD1341,STORE111,298,2024-05-18,SUP158
PROD1008,STORE165,242,2023-11-27,SUP262
PROD1050,STORE151,399,2025-03-20,SUP101
PROD1400,STORE192,372,2023-11-04,SUP139
PROD1018,STORE179,281,2024-08-13,SUP150
PROD1334,STORE118,427,2023-11-20,SUP197
PROD1002,STORE192,87,2023-07-07,SUP191
PROD1084,STORE116,473,2025-04-02,SUP109
PROD1095,STORE150,361,2024-09-23,SUP246
PROD1177,STORE136,487,2023-01-15,SUP201
PROD1389,STORE126,325,2023-01-05,SUP277
PROD1024,STORE142,267,2024-12-25,SUP123
PROD1052,STORE194,434,2025-07-04,SUP237
PROD1032,STORE167,334,2025-03-07,SUP177
PROD1387,STORE190,74,2023-09-19,SUP203
PROD1118,STORE150,373,2023-06-22,SUP237
PROD1401,STORE179,293,2023-02-05,SUP119
PROD1309,STORE172,143,2023-05-02,SUP148
PROD1011,STORE126,235,2025-03-02,SUP253
PROD1462,STORE136,411,2024-01-25,SUP105
PROD1220,STORE184,129,2024-08-07,SUP116
PROD1073,STORE185,331,2025-07-14,SUP136
PROD1135,STORE132,17,2025-06-06,SUP107
PROD1049,STORE127,53,2023-06-30,SUP217
PROD1049,STORE129,471,2025-03-04,SUP224
PROD1108,STORE143,254,2023-06-21,SUP202
PROD1143,STORE137,278,2024-08-30,SUP134
PROD1007,STORE128,85,2025-03-26,SUP134
PROD1356,STORE130,436,2024-05-14,SUP170
PROD1099,STORE100,37,2023-04-28,SUP203
PROD1183,STORE108,469,2024-10-09,SUP183
PROD1445,STORE153,409,2023-10-23,SUP243
PROD1383,STORE198,325,2023-07-15,SUP201
PROD1015,STORE153,204,2023-10-03,SUP144
PROD1281,STORE170,367,2025-05-11,SUP297
PROD1212,STORE158,167,2025-06-03,SUP156
PROD1141,STORE165,446,2023-05-21,SUP179
PROD1117,STORE164,233,2025-01-13,SUP231
PROD1349,STORE168,361,2024-01-02,SUP219
PROD1412,STORE189,280,2023-08-02,SUP292
PROD1072,STORE115,123,2024-07-10,SUP235
PROD1156,STORE188,232,2023-05-14,SUP218
PROD1128,STORE128,457,2023-08-25,SUP126
PROD1303,STORE168,83,2024-08-14,SUP221
PROD1370,STORE113,373,2023-03-02,SUP143
PROD1023,STORE113,253,2024-12-02,SUP208
PROD1444,STORE103,206,2024-10-23,SUP224
PROD1151,STORE187,204,2023-08-14,SUP265
PROD1193,STORE182,307,2024-01-25,SUP161
PROD1438,STORE112,407,2023-03-01,SUP208
PROD1419,STORE126,480,2023-09-27,SUP195
PROD1031,STORE186,131,2025-04-04,SUP136
PROD1350,STORE183,210,2025-05-02,SUP146
PROD1365,STORE175,383,2024-08-17,SUP116
PROD1245,STORE173,124,2024-04-02,SUP262
PROD1305,STORE119,116,2024-05-07,SUP180
PROD1419,STORE156,162,2023-11-20,SUP256
PROD1450,STORE142,498,2024-01-17,SUP222
PROD1491,STORE179,34,2025-05-27,SUP253
PROD1481,STORE137,128,2024-12-06,SUP269
PROD1467,STORE199,110,2024-05-05,SUP299
PROD1072,STORE111,72,2024-05-02,SUP233
PROD1281,STORE158,272,2024-07-16,SUP110
PROD1316,STORE118,420,2023-04-20,SUP103
PROD1036,STORE111,97,2023-11-11,SUP290
PROD1070,STORE180,173,2025-03-24,SUP152
PROD1498,STORE140,80,2024-09-24,SUP231
PROD1081,STORE127,229,2023-04-12,SUP109
PROD1435,STORE156,137,2023-09-15,SUP244
PROD1120,STORE192,454,2023-02-16,SUP188
PROD1415,STORE129,276,2024-11-12,SUP174
PROD1229,STORE181,222,2024-11-30,SUP207
PROD1373,STORE199,130,2025-07-21,SUP112
PROD1492,STORE174,72,2023-04-30,SUP243
PROD1402,STORE185,378,2024-07-01,SUP155
PROD1031,STORE119,283,2025-06-25,SUP104
PROD1184,STORE158,369,2025-07-10,SUP271
PROD1471,STORE118,45,2024-11-22,SUP279
PROD1427,STORE190,425,2025-03-17,SUP183
PROD1259,STORE181,177,2025-06-29,SUP169
PROD1018,STORE112,48,2023-03-05,SUP171
PROD1019,STORE149,473,2023-02-19,SUP155
PROD1374,STORE105,99,2025-06-17,SUP192
PROD1235,STORE162,372,2024-08-08,SUP266
PROD1306,STORE163,35,2025-01-28,SUP156
PROD1400,STORE140,78,2023-03-08,SUP205
PROD1340,STORE126,35,2024-04-20,SUP173
PROD1214,STORE147,377,2023-12-01,SUP212
PROD1327,STORE184,266,2024-05-05,SUP164
PROD1437,STORE174,152,2024-06-21,SUP229
PROD1387,STORE118,354,2025-03-10,SUP167
PROD1215,STORE119,215,2024-12-10,SUP225
PROD1211,STORE156,477,2023-12-18,SUP115
PROD1196,STORE145,374,2024-04-28,SUP296
PROD1369,STORE122,324,2023-10-24,SUP117
PROD1075,STORE107,340,2024-03-28,SUP107
PROD1389,STORE117,108,2024-08-12,SUP204
PROD1154,STORE146,310,2023-12-01,SUP262
PROD1371,STORE157,163,2023-01-17,SUP210
PROD1051,STORE198,283,2024-03-03,SUP258
PROD1165,STORE180,441,2024-02-09,SUP164
PROD1438,STORE197,30,2023-02-18,SUP227
PROD1349,STORE118,79,2023-05-20,SUP224
PROD1298,STORE100,473,2025-01-15,SUP156
PROD1235,STORE182,349,2025-03-14,SUP200
PROD1382,STORE184,481,2024-05-05,SUP169
PROD1475,STORE164,34,2024-09-30,SUP183
PROD1098,STORE191,255,2024-08-19,SUP268
PROD1413,STORE182,84,2023-07-28,SUP297
PROD1409,STORE127,201,2025-06-05,SUP266
PROD1023,STORE191,129,2023-10-24,SUP280
PROD1314,STORE181,261,2024-07-11,SUP276
PROD1327,STORE127,250,2024-08-18,SUP283
PROD1179,STORE133,101,2023-09-18,SUP110
PROD1196,STORE132,1,2023-07-14,SUP170
PROD1482,STORE171,313,2024-05-09,SUP183
PROD1176,STORE104,312,2024-01-03,SUP216
PROD1099,STORE116,154,2023-12-24,SUP255
PROD1236,STORE110,308,2024-12-09,SUP193
PROD1236,STORE161,302,2024-09-26,SUP241
PROD1376,STORE184,365,2025-02-13,SUP134
PROD1475,STORE103,396,2025-07-22,SUP131
PROD1494,STORE124,158,2024-11-05,SUP296
PROD1367,STORE116,459,2024-05-15,SUP121
PROD1027,STORE108,308,2024-02-29,SUP119
PROD1311,STORE156,149,2023-07-08,SUP180
PROD1483,STORE157,273,2024-07-26,SUP280
PROD1232,STORE160,247,2025-05-15,SUP247
PROD1206,STORE115,316,2024-07-14,SUP292
PROD1215,STORE124,175,2023-04-12,SUP280
PROD1235,STORE130,17,2024-12-01,SUP169
PROD1471,STORE192,6,2024-12-16,SUP119
PROD1383,STORE109,6,2025-01-07,SUP164
PROD1238,STORE183,495,2024-07-06,SUP219
PROD1322,STORE174,389,2024-02-22,SUP213
PROD1412,STORE195,256,2024-04-25,SUP192
PROD1418,STORE150,74,2023-03-06,SUP266
PROD1346,STORE178,230,2024-08-14,SUP258
PROD1055,STORE176,301,2023-07-24,SUP222
PROD1352,STORE192,202,2023-09-21,SUP197
PROD1119,STORE194,250,2024-09-09,SUP297
PROD1068,STORE122,70,2024-02-23,SUP237
PROD1132,STORE117,145,2023-08-04,SUP211
PROD1493,STORE180,477,2023-05-02,SUP108
PROD1222,STORE149,139,2024-03-23,SUP247
PROD1000,STORE186,418,2024-08-12,SUP119
PROD1070,STORE195,449,2024-10-24,SUP267
PROD1014,STORE122,261,2023-08-20,SUP254
PROD1069,STORE199,211,2024-04-16,SUP229
PROD1035,STORE145,42,2024-09-16,SUP247
PROD1285,STORE113,110,2024-07-07,SUP154
PROD1414,STORE151,497,2025-04-03,SUP140
PROD1252,STORE127,48,2025-06-01,SUP135
PROD1051,STORE161,25,2023-08-20,SUP203
PROD1278,STORE133,311,2024-08-17,SUP239
PROD1179,STORE120,218,2023-09-18,SUP274
PROD1012,STORE147,20,2023-01-19,SUP200
PROD1241,STORE149,12,2024-12-05,SUP186
PROD1291,STORE197,267,2025-03-15,SUP299
PROD1159,STORE109,492,2025-02-02,SUP231
PROD1039,STORE128,249,2023-11-07,SUP108
PROD1428,STORE197,270,2024-02-22,SUP227
PROD1266,STORE123,480,2024-01-30,SUP219
PROD1034,STORE143,128,2023-12-19,SUP186
PROD1091,STORE156,47,2025-05-15,SUP264
PROD1291,STORE103,147,2023-11-16,SUP244
PROD1451,STORE104,26,2023-01-04,SUP205
PROD1115,STORE105,156,2023-08-27,SUP167
PROD1238,STORE191,3,2023-09-24,SUP186
PROD1265,STORE167,73,2024-02-14,SUP152
PROD1007,STORE161,61,2023-08-09,SUP198
PROD1197,STORE162,475,2025-01-04,SUP217
PROD1339,STORE141,16,2025-02-10,SUP294
PROD1354,STORE181,462,2023-03-12,SUP278
PROD1203,STORE177,379,2024-01-02,SUP123
PROD1038,STORE198,69,2023-01-01,SUP144
PROD1422,STORE166,482,2023-05-20,SUP136
PROD1449,STORE175,148,2024-03-25,SUP178
PROD1143,STORE192,139,2023-11-30,SUP194
PROD1421,STORE189,428,2023-01-04,SUP181
PROD1039,STORE108,137,2024-06-18,SUP207
PROD1445,STORE196,128,2024-10-21,SUP202
PROD1119,STORE193,210,2024-07-21,SUP213
PROD1345,STORE166,262,2024-12-19,SUP154
PROD1364,STORE153,11,2023-03-25,SUP152
PROD1099,STORE198,6,2023-02-28,SUP130
PROD1380,STORE147,452,2025-01-19,SUP200
PROD1158,STORE189,318,2025-01-24,SUP143
PROD1336,STORE100,187,2023-10-07,SUP245
PROD1455,STORE140,382,2025-03-16,SUP172
PROD1185,STORE120,307,2024-01-28,SUP106
PROD1407,STORE163,8,2025-07-06,SUP149
PROD1163,STORE152,343,2024-03-25,SUP177
PROD1204,STORE168,151,2025-03-22,SUP240
PROD1027,STORE161,473,2024-01-25,SUP186
PROD1149,STORE171,299,2025-04-24,SUP128
PROD1443,STORE161,435,2024-07-10,SUP165
PROD1311,STORE137,36,2024-03-25,SUP101
PROD1376,STORE144,216,2024-10-17,SUP193
PROD1372,STORE157,390,2023-06-09,SUP215
PROD1425,STORE127,391,2023-04-30,SUP220
PROD1482,STORE189,260,2023-01-15,SUP184
PROD1148,STORE153,457,2024-09-21,SUP200
PROD1359,STORE170,316,2024-09-11,SUP240
PROD1187,STORE139,278,2024-03-02,SUP130
PROD1151,STORE196,214,2023-12-11,SUP205
PROD1455,STORE183,204,2023-08-04,SUP203
PROD1056,STORE166,91,2024-07-25,SUP276
PROD1208,STORE185,263,2025-04-06,SUP136
PROD1183,STORE160,53,2023-09-30,SUP221
PROD1473,STORE162,420,2024-01-04,SUP106
PROD1197,STORE140,209,2025-04-14,SUP117
PROD1010,STORE113,392,2025-03-15,SUP228
PROD1467,STORE198,327,2024-06-09,SUP205
PROD1093,STORE143,389,2023-11-26,SUP281
PROD1125,STORE132,154,2024-08-05,SUP262
PROD1119,STORE149,365,2024-03-29,SUP131
PROD1339,STORE174,474,2024-06-08,SUP249
PROD1167,STORE101,15,2025-01-20,SUP253
PROD1396,STORE154,319,2023-07-04,SUP276
PROD1247,STORE108,272,2023-02-20,SUP282
PROD1101,STORE156,85,2024-04-12,SUP186
PROD1032,STORE147,39,2025-07-01,SUP276
PROD1406,STORE164,413,2023-11-02,SUP209
PROD1009,STORE172,365,2023-08-17,SUP110
PROD1303,STORE105,84,2023-11-27,SUP296
PROD1028,STORE143,204,2023-08-04,SUP152
PROD1471,STORE139,268,2024-05-05,SUP122
PROD1398,STORE187,224,2023-11-26,SUP116
PROD1105,STORE121,350,2025-01-30,SUP182
PROD1245,STORE156,266,2024-08-01,SUP263
PROD1164,STORE123,321,2025-05-30,SUP202
PROD1255,STORE188,425,2024-05-09,SUP173
PROD1337,STORE186,66,2023-02-12,SUP218
PROD1305,STORE155,177,2025-04-22,SUP105
PROD1256,STORE194,348,2023-12-17,SUP108
PROD1122,STORE168,31,2024-12-28,SUP273
PROD1297,STORE169,242,2024-08-21,SUP173
PROD1141,STORE123,325,2024-05-17,SUP213
PROD1104,STORE146,220,2023-12-28,SUP101
PROD1032,STORE143,9,2023-09-14,SUP282
PROD1416,STORE161,296,2024-09-19,SUP271
PROD1423,STORE196,40,2025-07-07,SUP129
PROD1345,STORE197,109,2024-11-06,SUP256
PROD1472,STORE169,364,2023-11-06,SUP122
PROD1340,STORE100,299,2024-03-31,SUP110
PROD1226,STORE115,338,2024-08-09,SUP138
PROD1289,STORE126,325,2024-10-19,SUP100
PROD1025,STORE168,212,2024-12-14,SUP237
PROD1274,STORE114,443,2023-11-28,SUP176
PROD1080,STORE142,25,2024-06-28,SUP122
PROD1323,STORE127,450,2024-06-24,SUP197
PROD1001,STORE184,167,2025-02-01,SUP116
PROD1115,STORE172,123,2023-04-17,SUP224
PROD1118,STORE187,428,2023-04-05,SUP238
PROD1227,STORE166,36,2024-07-29,SUP183
PROD1313,STORE102,311,2023-05-20,SUP277
PROD1179,STORE149,38,2024-10-01,SUP160
PROD1054,STORE156,170,2023-09-16,SUP109
PROD1016,STORE152,206,2024-08-11,SUP220
PROD1005,STORE143,82,2025-01-18,SUP181
PROD1145,STORE102,161,2025-07-23,SUP293
PROD1020,STORE113,65,2024-04-28,SUP104
PROD1243,STORE132,47,2023-10-07,SUP134
PROD1150,STORE162,51,2023-04-01,SUP148
PROD1359,STORE159,268,2023-03-18,SUP208
PROD1254,STORE141,253,2023-07-04,SUP284
PROD1343,STORE174,422,2023-07-23,SUP107
PROD1399,STORE126,210,2025-05-03,SUP242
PROD1418,STORE103,61,2025-06-28,SUP166
PROD1238,STORE168,126,2025-05-25,SUP224
PROD1059,STORE150,252,2024-10-25,SUP230
PROD1029,STORE144,203,2023-12-05,SUP295
PROD1146,STORE113,12,2023-07-03,SUP197
PROD1291,STORE131,327,2023-08-10,SUP159
PROD1008,STORE117,371,2025-04-24,SUP207
PROD1465,STORE187,110,2024-07-19,SUP235
PROD1441,STORE139,129,2025-06-16,SUP257
PROD1077,STORE108,447,2023-09-20,SUP237
PROD1311,STORE178,27,2025-04-29,SUP299
PROD1094,STORE140,123,2024-01-27,SUP154
PROD1006,STORE122,474,2023-07-17,SUP109
PROD1406,STORE171,120,2024-06-18,SUP184
PROD1261,STORE106,350,2023-04-06,SUP238
PROD1254,STORE138,365,2025-01-24,SUP162
PROD1453,STORE111,237,2025-01-12,SUP247
PROD1386,STORE103,335,2023-09-23,SUP160
PROD1319,STORE184,15,2024-04-23,SUP267
PROD1134,STORE190,119,2025-01-09,SUP110
PROD1202,STORE148,117,2025-07-05,SUP254
PROD1356,STORE145,303,2023-02-04,SUP234
PROD1338,STORE151,114,2024-06-21,SUP218
PROD1006,STORE107,184,2024-11-12,SUP242
PROD1399,STORE138,191,2025-06-27,SUP147
PROD1177,STORE149,470,2023-11-28,SUP168
PROD1004,STORE105,318,2023-06-26,SUP168
PROD1177,STORE175,423,2023-05-25,SUP295
PROD1382,STORE166,338,2024-12-01,SUP245
PROD1085,STORE166,419,2024-06-30,SUP211
PROD1147,STORE164,469,2024-10-29,SUP100
PROD1047,STORE102,389,2024-04-11,SUP102
PROD1355,STORE164,424,2024-10-13,SUP123
PROD1430,STORE154,182,2023-07-26,SUP209
PROD1090,STORE179,405,2023-09-10,SUP107
PROD1087,STORE163,343,2024-12-10,SUP262
PROD1485,STORE161,405,2024-02-28,SUP162
PROD1080,STORE192,75,2023-01-23,SUP158
PROD1014,STORE131,431,2023-07-07,SUP149
PROD1436,STORE126,81,2023-06-12,SUP134
PROD1212,STORE141,67,2023-09-15,SUP241
PROD1406,STORE110,158,2023-04-26,SUP117
PROD1283,STORE136,307,2023-01-18,SUP100
PROD1407,STORE145,256,2024-07-18,SUP212
PROD1200,STORE182,105,2023-10-13,SUP181
PROD1152,STORE165,25,2024-01-22,SUP254
PROD1299,STORE193,161,2023-01-28,SUP256
PROD1008,STORE180,167,2025-03-13,SUP181
PROD1495,STORE193,260,2023-01-09,SUP109
PROD1499,STORE121,170,2023-02-05,SUP224
PROD1178,STORE165,421,2023-07-11,SUP159
PROD1039,STORE163,438,2023-08-17,SUP138
PROD1398,STORE188,176,2023-07-20,SUP127
PROD1180,STORE165,90,2023-03-05,SUP260
PROD1333,STORE189,351,2024-10-15,SUP129
PROD1098,STORE102,163,2023-09-21,SUP110
PROD1053,STORE172,277,2024-05-28,SUP221
PROD1344,STORE167,10,2024-05-11,SUP101
PROD1032,STORE157,400,2024-02-27,SUP254
PROD1344,STORE188,49,2023-01-20,SUP148
PROD1275,STORE196,471,2024-11-01,SUP248
PROD1304,STORE129,146,2024-06-09,SUP280
PROD1205,STORE107,41,2024-10-18,SUP276
PROD1001,STORE164,433,2023-04-23,SUP266
PROD1380,STORE103,68,2025-01-01,SUP129
PROD1279,STORE185,126,2024-09-30,SUP265
PROD1095,STORE147,226,2024-01-01,SUP281
PROD1258,STORE137,149,2024-08-23,SUP109
PROD1123,STORE106,318,2023-09-13,SUP219
PROD1018,STORE107,53,2023-06-10,SUP220
PROD1137,STORE125,334,2024-09-24,SUP298
PROD1186,STORE120,176,2023-08-29,SUP175
PROD1428,STORE128,156,2023-03-21,SUP108
PROD1282,STORE119,462,2023-03-06,SUP123
PROD1433,STORE131,294,2024-10-12,SUP153
PROD1183,STORE179,354,2024-04-03,SUP151
PROD1250,STORE107,452,2024-01-15,SUP240
PROD1279,STORE166,362,2023-02-14,SUP221
PROD1287,STORE104,151,2024-01-19,SUP194
PROD1255,STORE151,73,2024-10-28,SUP224
PROD1345,STORE156,332,2023-06-12,SUP268
PROD1352,STORE174,139,2024-03-09,SUP192
PROD1232,STORE153,241,2025-01-25,SUP128
PROD1469,STORE180,123,2024-10-08,SUP197
PROD1489,STORE102,345,2023-06-08,SUP267
PROD1474,STORE152,440,2025-05-19,SUP146
PROD1200,STORE119,41,2023-07-27,SUP287
PROD1171,STORE138,96,2023-07-12,SUP186
PROD1494,STORE129,482,2025-06-05,SUP128
PROD1246,STORE124,297,2025-01-14,SUP228
PROD1478,STORE145,18,2024-05-07,SUP179
PROD1325,STORE180,420,2025-06-06,SUP293
PROD1178,STORE184,432,2024-06-25,SUP280
PROD1000,STORE185,497,2023-11-13,SUP279
PROD1036,STORE172,15,2024-11-04,SUP222
PROD1251,STORE171,160,2024-06-03,SUP106
PROD1238,STORE107,222,2024-05-26,SUP175
PROD1197,STORE134,331,2023-01-18,SUP169
PROD1430,STORE131,412,2024-05-23,SUP202
PROD1219,STORE169,430,2025-04-15,SUP231
PROD1102,STORE192,194,2024-06-22,SUP151
PROD1252,STORE132,384,2024-02-02,SUP105
PROD1106,STORE121,214,2024-07-26,SUP138
PROD1022,STORE163,21,2023-10-29,SUP268
PROD1349,STORE187,179,2024-03-04,SUP280
PROD1201,STORE148,269,2023-07-21,SUP264
PROD1046,STORE157,139,2024-09-18,SUP262
PROD1093,STORE111,82,2023-10-24,SUP261
PROD1064,STORE182,484,2025-02-26,SUP298
PROD1434,STORE129,379,2024-09-05,SUP132
PROD1034,STORE105,458,2023-03-22,SUP189
PROD1031,STORE185,421,2025-06-14,SUP267
PROD1246,STORE149,498,2024-02-02,SUP125
PROD1019,STORE190,473,2023-11-06,SUP219
PROD1314,STORE130,358,2023-01-20,SUP253
PROD1311,STORE153,260,2025-04-28,SUP228
PROD1059,STORE103,255,2024-10-12,SUP208
PROD1408,STORE182,103,2023-02-22,SUP244
PROD1314,STORE148,64,2023-04-16,SUP286
PROD1120,STORE105,290,2023-01-17,SUP249
PROD1478,STORE128,82,2023-04-09,SUP233
PROD1194,STORE170,292,2025-05-23,SUP183
PROD1294,STORE112,90,2023-05-31,SUP113
PROD1103,STORE166,378,2024-10-02,SUP145
PROD1394,STORE153,245,2023-01-24,SUP235
PROD1095,STORE182,166,2023-10-31,SUP229
PROD1177,STORE180,149,2023-06-30,SUP254
PROD1243,STORE126,306,2023-02-19,SUP125
PROD1231,STORE100,97,2024-09-26,SUP214
PROD1428,STORE107,440,2023-08-17,SUP234
PROD1331,STORE105,76,2024-06-05,SUP250
PROD1392,STORE108,214,2025-01-11,SUP133
PROD1442,STORE159,435,2023-05-28,SUP171
PROD1497,STORE182,409,2025-03-30,SUP209
PROD1083,STORE181,250,2024-04-12,SUP247
PROD1472,STORE178,164,2024-12-07,SUP291
PROD1277,STORE154,63,2025-06-18,SUP129
PROD1007,STORE156,395,2023-03-01,SUP169
PROD1282,STORE176,461,2025-03-31,SUP164
PROD1341,STORE197,27,2025-04-01,SUP261
PROD1001,STORE111,84,2024-01-10,SUP289
PROD1263,STORE191,356,2025-04-24,SUP174
PROD1330,STORE188,230,2025-02-22,SUP139
PROD1406,STORE195,200,2023-11-09,SUP120
PROD1431,STORE142,421,2024-04-19,SUP161
PROD1167,STORE126,437,2023-09-11,SUP240
PROD1128,STORE153,225,2025-01-18,SUP236
PROD1265,STORE186,430,2024-06-10,SUP257
PROD1444,STORE131,338,2023-12-29,SUP148
PROD1086,STORE133,370,2025-07-04,SUP252
PROD1013,STORE135,131,2024-01-31,SUP122
PROD1320,STORE172,248,2024-09-25,SUP192
PROD1054,STORE103,21,2023-12-01,SUP195
PROD1007,STORE127,55,2024-05-04,SUP166
PROD1020,STORE161,491,2023-03-17,SUP231
PROD1251,STORE127,89,2024-10-17,SUP190
PROD1298,STORE139,356,2023-09-02,SUP159
PROD1116,STORE160,328,2024-08-02,SUP183
PROD1243,STORE129,390,2025-05-09,SUP259
PROD1228,STORE127,44,2023-03-19,SUP241
PROD1308,STORE189,371,2024-04-12,SUP113
PROD1209,STORE183,17,2023-02-12,SUP135
PROD1360,STORE144,105,2023-07-15,SUP262
PROD1232,STORE184,495,2023-09-24,SUP148
PROD1306,STORE106,439,2025-01-04,SUP263
PROD1123,STORE148,478,2023-04-11,SUP276
PROD1233,STORE102,262,2024-02-07,SUP297
PROD1397,STORE152,305,2024-10-13,SUP129
PROD1380,STORE108,117,2023-12-26,SUP201
PROD1354,STORE146,145,2024-06-15,SUP216
PROD1475,STORE181,379,2024-02-19,SUP179
PROD1265,STORE198,292,2023-10-26,SUP240
PROD1149,STORE141,460,2024-08-08,SUP177
PROD1341,STORE179,5,2024-01-19,SUP208
PROD1053,STORE126,158,2023-04-18,SUP116
PROD1321,STORE104,144,2024-09-17,SUP130
PROD1365,STORE170,400,2024-07-28,SUP175
PROD1248,STORE169,216,2024-11-18,SUP177
PROD1084,STORE172,377,2024-06-23,SUP251
PROD1436,STORE126,274,2025-07-19,SUP174
PROD1225,STORE103,29,2024-08-08,SUP105
PROD1137,STORE167,416,2023-02-02,SUP127
PROD1167,STORE175,311,2024-10-05,SUP221
PROD1274,STORE109,84,2023-04-02,SUP226
PROD1055,STORE135,193,2024-11-21,SUP220
PROD1481,STORE151,290,2025-05-08,SUP163
PROD1446,STORE192,365,2025-05-01,SUP193
PROD1157,STORE108,429,2023-08-15,SUP275
PROD1242,STORE121,455,2024-10-20,SUP157
PROD1271,STORE126,346,2024-05-24,SUP145
PROD1189,STORE168,337,2023-01-07,SUP100
PROD1089,STORE119,296,2024-03-05,SUP140
PROD1450,STORE104,76,2024-09-12,SUP232
PROD1344,STORE151,381,2023-07-30,SUP117
PROD1086,STORE158,122,2023-08-24,SUP296
PROD1021,STORE130,320,2024-10-08,SUP282
PROD1204,STORE167,416,2023-10-11,SUP190
PROD1431,STORE150,364,2024-01-02,SUP136
PROD1087,STORE116,130,2023-02-15,SUP216
PROD1372,STORE194,445,2023-12-01,SUP186
PROD1371,STORE170,264,2023-05-04,SUP226
PROD1451,STORE125,211,2023-01-30,SUP175
PROD1391,STORE165,224,2024-01-03,SUP218
PROD1483,STORE156,110,2024-11-25,SUP116
PROD1381,STORE194,258,2023-06-20,SUP135
PROD1433,STORE189,456,2024-10-15,SUP121
PROD1214,STORE171,38,2024-06-10,SUP186
PROD1421,STORE177,382,2023-08-08,SUP146
PROD1165,STORE109,422,2023-12-01,SUP133
PROD1248,STORE145,467,2023-11-15,SUP173
PROD1081,STORE187,461,2023-02-02,SUP223
PROD1091,STORE120,272,2023-09-10,SUP109
PROD1184,STORE157,160,2024-06-18,SUP168
PROD1353,STORE139,402,2023-09-10,SUP166
PROD1085,STORE123,206,2025-01-31,SUP142
PROD1279,STORE168,142,2025-07-05,SUP251
PROD1343,STORE187,418,2024-11-17,SUP294
PROD1471,STORE188,191,2024-09-20,SUP129
PROD1365,STORE196,433,2025-07-01,SUP237
PROD1010,STORE116,226,2024-05-25,SUP178
PROD1337,STORE177,319,2023-04-26,SUP120
PROD1434,STORE172,86,2024-07-27,SUP204
PROD1246,STORE112,45,2024-04-21,SUP239
PROD1297,STORE134,302,2023-10-12,SUP296
PROD1154,STORE181,157,2025-01-24,SUP260
PROD1128,STORE187,112,2024-10-02,SUP110
PROD1207,STORE172,229,2024-07-05,SUP114
PROD1227,STORE146,258,2024-10-26,SUP182
PROD1281,STORE111,281,2023-12-01,SUP253
PROD1202,STORE130,19,2023-09-16,SUP189
PROD1267,STORE122,93,2025-05-31,SUP145
PROD1182,STORE161,357,2024-07-30,SUP275
PROD1387,STORE194,347,2024-09-02,SUP204
PROD1040,STORE118,143,2023-09-08,SUP122
PROD1380,STORE120,416,2023-02-05,SUP199
PROD1412,STORE177,262,2025-07-20,SUP119
PROD1212,STORE183,166,2024-04-14,SUP268
PROD1226,STORE150,482,2025-02-12,SUP140
PROD1487,STORE196,397,2025-03-14,SUP234
PROD1092,STORE122,220,2023-12-06,SUP206
PROD1460,STORE199,368,2024-03-04,SUP150
PROD1190,STORE192,349,2024-04-20,SUP187
PROD1033,STORE167,106,2023-06-19,SUP139
PROD1070,STORE159,407,2024-05-11,SUP288
PROD1439,STORE116,263,2025-03-15,SUP259
PROD1035,STORE136,442,2024-07-19,SUP196
PROD1412,STORE118,471,2023-04-18,SUP293
PROD1282,STORE199,180,2023-09-03,SUP282
PROD1182,STORE180,404,2023-12-10,SUP275
PROD1209,STORE182,216,2024-10-09,SUP199
PROD1237,STORE167,284,2025-06-09,SUP248
PROD1427,STORE124,478,2024-06-14,SUP186
PROD1345,STORE163,359,2023-12-08,SUP278
PROD1412,STORE184,38,2024-01-17,SUP186
PROD1183,STORE158,224,2025-01-04,SUP179
PROD1250,STORE188,473,2025-05-23,SUP202
PROD1155,STORE146,51,2024-08-29,SUP110
PROD1199,STORE180,180,2025-06-24,SUP206
PROD1289,STORE162,316,2024-03-07,SUP291
PROD1064,STORE126,445,2025-03-17,SUP266
PROD1160,STORE165,99,2023-12-13,SUP102
PROD1278,STORE192,400,2024-12-20,SUP171
PROD1014,STORE126,447,2024-07-12,SUP272
PROD1113,STORE138,478,2024-07-05,SUP109
PROD1081,STORE115,113,2023-03-11,SUP183
PROD1049,STORE131,459,2024-06-25,SUP140
PROD1179,STORE178,87,2024-07-04,SUP272
PROD1255,STORE157,403,2023-11-03,SUP286
PROD1314,STORE139,401,2023-05-21,SUP272
PROD1470,STORE141,16,2025-05-16,SUP211
PROD1279,STORE100,255,2024-01-11,SUP254
PROD1491,STORE129,29,2025-01-10,SUP241
PROD1065,STORE146,397,2023-08-29,SUP282
PROD1109,STORE166,395,2025-02-08,SUP193
PROD1034,STORE157,158,2024-05-22,SUP213
PROD1036,STORE184,351,2024-10-11,SUP150
PROD1336,STORE127,104,2023-05-23,SUP281
PROD1453,STORE121,221,2024-10-29,SUP110
PROD1129,STORE151,112,2025-05-27,SUP207
PROD1112,STORE127,81,2023-10-14,SUP223
PROD1140,STORE138,14,2023-03-27,SUP194
PROD1163,STORE104,275,2023-05-29,SUP136
PROD1462,STORE191,445,2025-05-29,SUP213
PROD1460,STORE107,269,2023-11-30,SUP251
PROD1339,STORE113,158,2023-04-06,SUP149
PROD1473,STORE126,243,2023-10-10,SUP217
PROD1037,STORE187,123,2025-03-22,SUP193
PROD1200,STORE172,348,2024-07-05,SUP166
PROD1306,STORE183,455,2023-02-13,SUP114
PROD1261,STORE138,182,2023-01-16,SUP237
PROD1258,STORE171,171,2024-04-20,SUP288
PROD1042,STORE177,411,2023-03-18,SUP278
PROD1110,STORE198,216,2025-03-27,SUP221
PROD1156,STORE182,138,2023-02-28,SUP225
PROD1313,STORE102,1,2023-12-26,SUP154
PROD1329,STORE144,389,2024-10-15,SUP197
PROD1336,STORE185,441,2024-07-11,SUP295
PROD1388,STORE116,360,2023-02-07,SUP250
PROD1433,STORE170,322,2025-03-25,SUP258
PROD1123,STORE147,96,2025-03-29,SUP133
PROD1350,STORE177,349,2025-04-10,SUP292
PROD1255,STORE138,141,2025-03-17,SUP196
PROD1203,STORE158,141,2024-02-27,SUP152
PROD1470,STORE127,374,2024-12-24,SUP278
PROD1377,STORE177,157,2024-07-07,SUP110
PROD1457,STORE121,403,2024-06-22,SUP198
PROD1488,STORE144,494,2023-10-01,SUP234
PROD1412,STORE168,355,2023-02-01,SUP295
PROD1089,STORE187,382,2024-04-27,SUP266
PROD1464,STORE163,210,2023-08-23,SUP137
PROD1218,STORE100,356,2024-12-02,SUP164
PROD1316,STORE195,285,2023-03-27,SUP181
PROD1007,STORE145,432,2025-06-08,SUP195
PROD1123,STORE175,20,2024-10-07,SUP275
PROD1111,STORE147,421,2024-06-28,SUP205
PROD1054,STORE195,53,2024-11-10,SUP236
PROD1406,STORE104,242,2023-01-16,SUP231
PROD1109,STORE163,20,2023-07-17,SUP239
PROD1472,STORE173,25,2023-12-11,SUP242
PROD1138,STORE121,456,2024-01-18,SUP261
PROD1068,STORE112,397,2025-02-03,SUP159
PROD1043,STORE102,486,2023-06-14,SUP233
PROD1143,STORE101,350,2024-12-28,SUP125
PROD1281,STORE199,483,2024-06-22,SUP129
PROD1423,STORE121,369,2023-05-29,SUP240
PROD1314,STORE116,363,2025-02-02,SUP293
PROD1291,STORE175,383,2024-10-25,SUP106
PROD1221,STORE164,308,2025-07-22,SUP123
PROD1030,STORE188,68,2024-01-27,SUP115
PROD1156,STORE151,394,2025-04-19,SUP112
PROD1370,STORE113,63,2023-02-06,SUP258
PROD1427,STORE141,174,2024-04-04,SUP126
PROD1459,STORE100,301,2023-05-01,SUP128
PROD1254,STORE122,29,2024-08-05,SUP283
PROD1174,STORE197,485,2024-04-13,SUP147
PROD1424,STORE172,158,2024-09-06,SUP169
PROD1169,STORE166,137,2023-11-29,SUP214
PROD1114,STORE194,266,2025-07-09,SUP179
PROD1040,STORE197,178,2023-03-03,SUP165
PROD1354,STORE155,198,2023-06-24,SUP228
PROD1166,STORE132,288,2025-01-08,SUP262
PROD1457,STORE160,26,2023-10-17,SUP246
PROD1049,STORE143,96,2023-06-23,SUP185
PROD1337,STORE119,202,2024-06-20,SUP117
PROD1236,STORE165,139,2023-07-13,SUP124
PROD1225,STORE143,498,2023-09-09,SUP258
PROD1352,STORE136,284,2024-09-25,SUP166
PROD1091,STORE181,435,2024-02-20,SUP112
PROD1202,STORE178,12,2023-05-31,SUP131
PROD1136,STORE133,77,2023-07-23,SUP153
PROD1426,STORE121,41,2023-12-18,SUP173
PROD1402,STORE167,173,2025-07-28,SUP185
PROD1240,STORE134,252,2024-09-15,SUP204
PROD1221,STORE121,246,2024-04-21,SUP231
PROD1192,STORE138,322,2025-05-13,SUP101
PROD1273,STORE173,427,2025-07-13,SUP246
PROD1414,STORE151,180,2023-02-16,SUP115
PROD1440,STORE163,488,2023-06-22,SUP111
PROD1407,STORE132,367,2024-01-17,SUP204
PROD1334,STORE199,388,2024-02-26,SUP225
PROD1371,STORE101,31,2023-04-24,SUP119
PROD1237,STORE169,225,2024-11-14,SUP160
PROD1469,STORE150,213,2023-05-08,SUP216
PROD1434,STORE194,48,2024-08-17,SUP164
PROD1129,STORE189,433,2024-03-05,SUP282
PROD1199,STORE124,307,2024-01-13,SUP184
PROD1032,STORE190,384,2024-04-24,SUP282
PROD1487,STORE168,118,2025-06-20,SUP154
PROD1191,STORE187,395,2024-07-16,SUP194
PROD1341,STORE187,401,2024-09-02,SUP216
PROD1092,STORE165,281,2023-12-01,SUP243
PROD1415,STORE195,194,2023-04-12,SUP271
PROD1235,STORE119,425,2024-01-02,SUP113
PROD1220,STORE124,63,2024-10-21,SUP233
PROD1012,STORE166,360,2023-02-02,SUP112
PROD1149,STORE144,449,2025-03-10,SUP294
PROD1114,STORE159,420,2024-04-12,SUP293
PROD1262,STORE108,368,2025-05-08,SUP134
PROD1025,STORE147,389,2024-01-14,SUP135
PROD1344,STORE122,361,2023-10-31,SUP133
PROD1072,STORE105,262,2024-10-20,SUP197
PROD1030,STORE139,158,2024-05-29,SUP106
PROD1230,STORE116,205,2023-05-20,SUP296
PROD1303,STORE107,254,2025-05-05,SUP149
PROD1115,STORE122,92,2023-10-20,SUP206
PROD1287,STORE102,100,2024-11-19,SUP275
PROD1158,STORE173,442,2023-05-02,SUP283
PROD1453,STORE175,418,2024-02-27,SUP208
PROD1286,STORE174,492,2023-04-18,SUP230
PROD1499,STORE109,277,2025-01-09,SUP189
PROD1256,STORE109,251,2024-06-08,SUP202
PROD1196,STORE124,100,2023-04-03,SUP143
PROD1272,STORE135,126,2024-08-14,SUP179
PROD1218,STORE110,186,2025-05-09,SUP264
PROD1468,STORE124,244,2023-06-29,SUP102
PROD1206,STORE150,410,2023-04-21,SUP255
PROD1267,STORE156,336,2024-12-04,SUP145
PROD1403,STORE188,236,2024-12-20,SUP177
PROD1185,STORE187,322,2025-06-16,SUP249
PROD1178,STORE104,42,2024-12-11,SUP224
PROD1150,STORE159,432,2025-03-03,SUP200
PROD1137,STORE162,368,2023-07-22,SUP102
PROD1010,STORE177,370,2023-07-05,SUP209
PROD1017,STORE131,5,2024-10-09,SUP212
PROD1402,STORE106,409,2023-09-13,SUP229
PROD1363,STORE179,168,2024-08-28,SUP273
PROD1018,STORE162,340,2024-02-21,SUP162
PROD1013,STORE177,49,2023-11-04,SUP241
PROD1091,STORE148,191,2023-11-10,SUP165
PROD1190,STORE103,47,2025-01-09,SUP239
PROD1313,STORE187,98,2023-01-04,SUP266
PROD1411,STORE195,354,2024-04-11,SUP207
PROD1327,STORE153,79,2023-03-05,SUP146
PROD1441,STORE134,66,2023-07-22,SUP238
PROD1299,STORE191,198,2024-04-12,SUP147
PROD1362,STORE113,59,2024-04-18,SUP272
PROD1385,STORE178,91,2023-02-01,SUP290
PROD1292,STORE140,498,2023-04-02,SUP287
PROD1333,STORE140,234,2023-05-21,SUP192
PROD1057,STORE137,426,2025-06-02,SUP215
PROD1202,STORE118,271,2024-05-27,SUP153
PROD1412,STORE108,155,2024-01-13,SUP194
PROD1024,STORE169,123,2024-08-07,SUP223
PROD1210,STORE172,53,2024-03-01,SUP252
PROD1148,STORE191,379,2025-04-29,SUP140
PROD1310,STORE147,362,2023-10-15,SUP185
PROD1218,STORE153,66,2023-06-13,SUP199
PROD1069,STORE185,86,2024-09-14,SUP180
PROD1109,STORE167,243,2024-05-31,SUP266
PROD1393,STORE192,257,2023-02-26,SUP121
PROD1180,STORE177,326,2025-03-04,SUP130
PROD1033,STORE162,276,2023-11-18,SUP270
PROD1135,STORE168,95,2023-11-26,SUP256
PROD1225,STORE136,218,2023-11-08,SUP134
PROD1085,STORE189,265,2023-06-08,SUP278
PROD1151,STORE165,248,2025-02-19,SUP276
PROD1193,STORE154,358,2023-10-27,SUP274
PROD1113,STORE183,369,2025-03-08,SUP275
PROD1287,STORE137,211,2023-06-18,SUP117
PROD1142,STORE187,293,2024-11-24,SUP196
PROD1413,STORE141,294,2024-07-13,SUP169
PROD1043,STORE153,46,2024-12-23,SUP254
PROD1103,STORE153,409,2023-12-20,SUP201
PROD1167,STORE197,440,2025-01-24,SUP216
PROD1211,STORE168,4,2024-10-20,SUP147
PROD1414,STORE170,417,2025-02-02,SUP159
PROD1334,STORE141,236,2023-06-10,SUP272
PROD1282,STORE186,112,2023-08-22,SUP258
PROD1151,STORE170,10,2024-10-24,SUP100
PROD1452,STORE185,151,2024-05-16,SUP297
PROD1464,STORE198,466,2023-01-31,SUP191
PROD1432,STORE116,167,2024-04-05,SUP115
PROD1306,STORE121,318,2023-06-21,SUP123
PROD1011,STORE161,132,2025-01-10,SUP266
PROD1384,STORE162,385,2023-09-16,SUP276
PROD1067,STORE136,445,2025-03-01,SUP246
PROD1299,STORE178,110,2024-02-17,SUP293
PROD1322,STORE124,449,2023-01-31,SUP271
PROD1253,STORE158,87,2024-08-03,SUP269
PROD1135,STORE164,462,2024-06-10,SUP111
PROD1454,STORE127,416,2024-12-11,SUP189
PROD1434,STORE194,25,2024-02-23,SUP275
PROD1050,STORE191,22,2023-03-17,SUP288
PROD1288,STORE135,466,2023-06-23,SUP237
PROD1495,STORE157,209,2024-11-18,SUP193
PROD1187,STORE126,299,2024-02-06,SUP260
PROD1108,STORE135,386,2023-04-05,SUP267
PROD1376,STORE106,386,2023-04-27,SUP257
PROD1426,STORE165,231,2025-05-21,SUP123
PROD1329,STORE105,269,2023-07-22,SUP120
PROD1440,STORE191,189,2024-10-31,SUP295
PROD1187,STORE170,129,2024-03-01,SUP235
PROD1270,STORE168,234,2023-09-26,SUP163
PROD1469,STORE157,226,2023-05-29,SUP195
PROD1204,STORE133,40,2024-11-30,SUP178
PROD1106,STORE156,442,2023-10-12,SUP270
PROD1098,STORE117,398,2024-12-28,SUP165
PROD1190,STORE111,328,2025-07-19,SUP290
PROD1334,STORE105,398,2025-02-03,SUP154
PROD1241,STORE126,453,2025-01-16,SUP294
PROD1176,STORE127,172,2025-05-20,SUP201
PROD1180,STORE154,423,2025-01-23,SUP232
PROD1392,STORE191,334,2025-07-01,SUP110
PROD1000,STORE102,49,2025-07-25,SUP280
PROD1158,STORE142,323,2024-05-26,SUP150
PROD1271,STORE183,364,2025-06-09,SUP260
PROD1010,STORE162,474,2025-01-27,SUP114
PROD1184,STORE198,149,2025-01-07,SUP271
PROD1081,STORE154,21,2025-05-06,SUP191
PROD1046,STORE170,7,2023-07-01,SUP195
PROD1183,STORE121,241,2024-02-13,SUP174
PROD1119,STORE130,463,2023-07-27,SUP106
PROD1099,STORE109,17,2025-04-06,SUP193
PROD1259,STORE175,465,2023-10-29,SUP128
PROD1353,STORE168,77,2024-02-13,SUP164
PROD1099,STORE188,104,2025-06-28,SUP269
PROD1267,STORE183,150,2024-10-13,SUP168
PROD1379,STORE190,289,2025-07-01,SUP117
PROD1412,STORE161,228,2024-05-30,SUP287
PROD1012,STORE141,163,2025-03-15,SUP120
PROD1496,STORE120,273,2023-07-22,SUP244
PROD1168,STORE185,162,2023-01-28,SUP240
PROD1318,STORE178,388,2025-04-15,SUP185
PROD1338,STORE110,145,2023-03-07,SUP165
PROD1279,STORE198,373,2024-04-21,SUP291
PROD1122,STORE170,241,2024-01-09,SUP141
PROD1447,STORE148,447,2023-08-04,SUP249
PROD1385,STORE197,96,2024-02-11,SUP199
PROD1497,STORE154,83,2024-03-21,SUP195
PROD1160,STORE150,294,2025-05-15,SUP118
PROD1062,STORE153,369,2023-02-02,SUP162
PROD1387,STORE159,449,2023-04-05,SUP129
PROD1491,STORE119,259,2024-01-18,SUP259
PROD1122,STORE198,324,2024-07-04,SUP277
PROD1145,STORE108,463,2023-07-27,SUP166
PROD1383,STORE119,174,2024-06-01,SUP113
PROD1345,STORE164,404,2023-08-08,SUP117
PROD1033,STORE172,196,2024-01-17,SUP260
PROD1471,STORE140,396,2024-04-23,SUP294
PROD1468,STORE189,278,2023-08-17,SUP274
PROD1173,STORE195,112,2024-05-19,SUP282
PROD1182,STORE121,443,2025-06-08,SUP115
PROD1285,STORE137,6,2023-03-16,SUP129
PROD1339,STORE129,447,2023-07-16,SUP111
PROD1159,STORE103,301,2024-01-18,SUP160
PROD1373,STORE151,209,2024-10-09,SUP256
PROD1100,STORE172,359,2024-01-10,SUP226
PROD1028,STORE153,26,2024-01-31,SUP186
PROD1016,STORE141,14,2024-03-25,SUP223
PROD1174,STORE147,351,2023-09-05,SUP140
PROD1417,STORE135,419,2024-06-13,SUP261
PROD1446,STORE132,421,2025-02-13,SUP143
PROD1108,STORE119,190,2023-06-03,SUP226
PROD1356,STORE195,55,2024-06-11,SUP147
PROD1394,STORE177,245,2023-04-11,SUP264
PROD1091,STORE151,250,2025-06-09,SUP100
PROD1385,STORE132,456,2024-11-23,SUP108
PROD1429,STORE112,144,2024-01-31,SUP159
PROD1306,STORE150,228,2024-03-15,SUP299
PROD1493,STORE178,43,2023-11-16,SUP205
PROD1002,STORE168,295,2024-09-19,SUP244
PROD1314,STORE162,451,2023-12-30,SUP268
PROD1005,STORE196,468,2024-03-28,SUP226
PROD1125,STORE132,170,2024-06-03,SUP249
PROD1448,STORE132,125,2024-07-20,SUP259
PROD1167,STORE182,379,2023-08-24,SUP259
PROD1281,STORE131,271,2023-10-05,SUP146
PROD1119,STORE100,40,2024-11-15,SUP157
PROD1101,STORE111,445,2024-01-09,SUP111
PROD1384,STORE150,164,2024-01-11,SUP172
PROD1268,STORE179,13,2023-07-31,SUP154
PROD1375,STORE133,209,2025-04-11,SUP211
PROD1218,STORE118,274,2023-03-22,SUP234
PROD1205,STORE107,304,2023-12-31,SUP101
PROD1203,STORE101,31,2024-09-26,SUP215
PROD1117,STORE104,265,2023-05-11,SUP201
PROD1287,STORE154,87,2023-03-16,SUP200
PROD1196,STORE147,269,2023-09-21,SUP159
PROD1494,STORE150,266,2023-07-26,SUP296
PROD1195,STORE125,467,2023-04-18,SUP247
PROD1123,STORE163,238,2023-02-24,SUP217
PROD1364,STORE195,327,2024-03-06,SUP125
PROD1008,STORE149,115,2024-06-21,SUP261
PROD1057,STORE155,450,2023-12-25,SUP280
PROD1303,STORE117,256,2025-05-25,SUP260
PROD1347,STORE152,276,2025-01-06,SUP162
PROD1293,STORE148,342,2024-09-11,SUP100
PROD1016,STORE101,190,2024-03-07,SUP213
PROD1489,STORE164,235,2023-06-27,SUP183
PROD1428,STORE180,165,2024-06-15,SUP227
PROD1369,STORE158,102,2023-06-19,SUP275
PROD1106,STORE130,285,2023-10-04,SUP271
PROD1206,STORE184,338,2025-03-04,SUP161
PROD1076,STORE163,227,2023-01-24,SUP181
PROD1122,STORE126,81,2023-09-06,SUP278
PROD1374,STORE119,463,2024-06-01,SUP205
PROD1405,STORE186,456,2024-05-02,SUP298
PROD1433,STORE120,11,2023-01-12,SUP186
PROD1128,STORE156,219,2024-02-19,SUP167
PROD1385,STORE140,370,2023-03-31,SUP198
PROD1096,STORE198,326,2024-07-24,SUP160
PROD1390,STORE179,322,2023-08-30,SUP192
PROD1297,STORE187,325,2023-08-14,SUP177
PROD1244,STORE165,46,2025-05-29,SUP219
PROD1262,STORE165,49,2025-01-20,SUP292
PROD1419,STORE179,392,2024-02-02,SUP210
PROD1414,STORE190,263,2025-01-26,SUP121
PROD1018,STORE194,81,2025-01-18,SUP286
PROD1095,STORE145,24,2024-04-19,SUP260
PROD1380,STORE116,462,2023-09-10,SUP157
PROD1410,STORE101,113,2023-06-23,SUP236
PROD1221,STORE177,158,2025-05-16,SUP116
PROD1385,STORE110,261,2024-01-01,SUP230
PROD1003,STORE173,314,2023-06-07,SUP196
PROD1397,STORE168,121,2023-05-25,SUP232
PROD1112,STORE170,127,2023-12-08,SUP121
PROD1015,STORE192,202,2023-06-25,SUP298
PROD1344,STORE143,421,2024-01-29,SUP171
PROD1428,STORE180,352,2024-12-29,SUP218
PROD1490,STORE118,339,2024-07-19,SUP286
PROD1370,STORE129,49,2023-12-19,SUP240
PROD1445,STORE100,330,2023-12-24,SUP173
PROD1463,STORE139,166,2025-03-12,SUP293
PROD1192,STORE197,191,2023-11-17,SUP185
PROD1177,STORE157,188,2024-02-10,SUP237
PROD1074,STORE148,401,2023-06-11,SUP261
PROD1213,STORE155,255,2024-03-26,SUP195
PROD1238,STORE169,90,2024-02-03,SUP148
PROD1435,STORE127,190,2023-05-11,SUP236
PROD1323,STORE138,131,2024-12-07,SUP142
PROD1094,STORE147,458,2025-06-21,SUP227
PROD1053,STORE128,145,2025-02-05,SUP148
PROD1213,STORE126,26,2024-04-13,SUP177
PROD1417,STORE197,12,2023-12-11,SUP223
PROD1033,STORE124,242,2024-10-06,SUP285
PROD1230,STORE130,165,2023-07-10,SUP259
PROD1327,STORE117,358,2024-08-31,SUP177
PROD1085,STORE164,368,2025-06-12,SUP201
PROD1295,STORE101,113,2023-02-18,SUP144
PROD1459,STORE103,364,2025-03-02,SUP253
PROD1473,STORE116,470,2023-02-09,SUP166
PROD1188,STORE178,243,2024-04-03,SUP101
PROD1349,STORE138,409,2023-09-25,SUP269
PROD1270,STORE105,166,2023-08-29,SUP215
PROD1457,STORE122,151,2025-07-11,SUP219
PROD1297,STORE181,351,2023-05-07,SUP122
PROD1202,STORE158,286,2023-01-11,SUP230
PROD1105,STORE137,399,2024-09-05,SUP282
PROD1092,STORE147,473,2024-05-01,SUP169
PROD1167,STORE180,152,2025-04-27,SUP110
PROD1388,STORE165,118,2024-05-22,SUP116
PROD1065,STORE158,255,2023-08-22,SUP135
PROD1369,STORE111,176,2023-09-03,SUP101
PROD1446,STORE141,225,2024-09-23,SUP249
PROD1014,STORE169,476,2023-05-14,SUP189
PROD1436,STORE139,233,2024-12-14,SUP265
PROD1151,STORE134,355,2024-08-05,SUP183
PROD1335,STORE132,22,2024-11-10,SUP163
PROD1252,STORE145,229,2023-07-15,SUP203
PROD1033,STORE115,361,2024-11-10,SUP176
PROD1097,STORE172,301,2023-10-18,SUP283
PROD1294,STORE120,283,2024-12-26,SUP249
PROD1199,STORE106,419,2025-01-07,SUP209
PROD1107,STORE174,426,2024-12-16,SUP231
PROD1244,STORE104,109,2024-07-25,SUP224
PROD1314,STORE173,37,2023-02-20,SUP194
PROD1339,STORE109,389,2024-02-02,SUP215
PROD1221,STORE170,260,2023-02-21,SUP208
PROD1115,STORE157,274,2025-01-08,SUP288
PROD1084,STORE159,393,2025-06-24,SUP262
PROD1065,STORE134,325,2024-07-19,SUP195
PROD1018,STORE147,244,2024-10-28,SUP297
PROD1056,STORE148,324,2024-06-22,SUP282
PROD1491,STORE162,438,2024-10-18,SUP142
PROD1245,STORE116,155,2025-04-20,SUP258
PROD1354,STORE197,438,2025-06-26,SUP210
PROD1324,STORE128,61,2024-04-11,SUP291
PROD1158,STORE186,160,2025-02-28,SUP240
PROD1342,STORE187,451,2025-06-01,SUP233
PROD1165,STORE122,130,2025-06-08,SUP296
PROD1393,STORE186,12,2024-12-14,SUP274
PROD1242,STORE143,149,2025-07-09,SUP197
PROD1393,STORE174,257,2024-02-25,SUP149
PROD1473,STORE145,427,2023-08-30,SUP178
PROD1147,STORE111,353,2025-01-01,SUP229
PROD1125,STORE145,436,2023-03-31,SUP297
PROD1259,STORE165,339,2025-03-26,SUP192
PROD1168,STORE197,370,2025-05-07,SUP126
PROD1080,STORE180,366,2025-01-18,SUP136
PROD1089,STORE117,27,2023-12-21,SUP246
PROD1031,STORE198,232,2024-09-20,SUP206
PROD1011,STORE105,279,2023-11-24,SUP280
PROD1297,STORE126,352,2023-09-13,SUP159
PROD1147,STORE190,58,2024-09-09,SUP208
PROD1344,STORE176,257,2023-07-16,SUP283
PROD1004,STORE147,58,2024-07-17,SUP145
PROD1029,STORE130,434,2025-05-03,SUP108
PROD1189,STORE193,323,2024-04-14,SUP274
PROD1298,STORE120,425,2023-03-27,SUP293
PROD1127,STORE137,443,2023-04-18,SUP270
PROD1098,STORE138,342,2023-02-26,SUP188
PROD1307,STORE164,394,2023-06-21,SUP167
PROD1127,STORE197,381,2024-07-24,SUP174
PROD1088,STORE180,74,2024-07-17,SUP176
PROD1125,STORE175,381,2023-11-24,SUP247
PROD1439,STORE147,51,2024-06-18,SUP292
PROD1392,STORE116,436,2024-05-09,SUP221
PROD1240,STORE163,333,2024-03-16,SUP294
PROD1340,STORE196,278,2025-05-26,SUP125
PROD1082,STORE183,125,2025-02-09,SUP138
PROD1406,STORE146,186,2024-04-18,SUP222
PROD1437,STORE104,295,2024-12-29,SUP167
PROD1034,STORE112,182,2024-11-10,SUP124
PROD1120,STORE194,363,2023-05-26,SUP253
PROD1249,STORE178,405,2023-03-13,SUP251
PROD1287,STORE180,496,2023-11-04,SUP141
PROD1430,STORE110,355,2025-05-07,SUP265
PROD1225,STORE113,487,2025-01-11,SUP174
PROD1062,STORE194,400,2025-04-30,SUP242
PROD1256,STORE102,425,2024-09-29,SUP165
PROD1384,STORE118,244,2023-10-11,SUP200
PROD1389,STORE141,173,2025-01-05,SUP171
PROD1169,STORE104,140,2024-03-26,SUP252
PROD1041,STORE199,235,2023-06-04,SUP155
PROD1178,STORE165,90,2024-07-15,SUP269
PROD1296,STORE170,311,2025-05-02,SUP298
PROD1491,STORE104,100,2023-05-20,SUP226
PROD1350,STORE135,449,2024-09-09,SUP279
PROD1118,STORE122,444,2024-09-04,SUP244
PROD1111,STORE137,466,2025-06-15,SUP121
PROD1419,STORE112,190,2023-12-14,SUP189
PROD1054,STORE106,70,2024-11-19,SUP148
PROD1165,STORE114,278,2023-10-20,SUP144
PROD1223,STORE143,44,2024-07-19,SUP114
PROD1214,STORE117,414,2024-02-02,SUP162
PROD1441,STORE168,114,2024-06-02,SUP191
PROD1360,STORE183,252,2024-05-03,SUP213
PROD1008,STORE145,337,2023-11-21,SUP116
PROD1096,STORE168,395,2025-02-19,SUP245
PROD1080,STORE113,275,2025-05-04,SUP149
PROD1006,STORE167,284,2024-04-03,SUP269
PROD1339,STORE197,9,2025-03-07,SUP223
PROD1018,STORE104,83,2024-07-07,SUP223
PROD1205,STORE135,115,2024-08-14,SUP100
PROD1361,STORE149,441,2025-03-06,SUP219
PROD1155,STORE166,491,2025-07-26,SUP299
PROD1398,STORE180,212,2024-04-05,SUP238
PROD1356,STORE100,386,2025-04-16,SUP151
PROD1460,STORE189,212,2023-06-27,SUP215
PROD1026,STORE183,237,2024-04-01,SUP125
PROD1302,STORE102,255,2024-03-02,SUP230
PROD1110,STORE189,448,2024-08-24,SUP238
PROD1325,STORE100,474,2025-04-26,SUP162
PROD1127,STORE195,119,2023-04-21,SUP173
PROD1014,STORE198,254,2024-02-22,SUP170
PROD1105,STORE185,370,2024-09-30,SUP255
PROD1271,STORE102,340,2023-05-23,SUP216
PROD1176,STORE152,323,2025-04-12,SUP130
PROD1414,STORE196,177,2024-09-13,SUP162
PROD1394,STORE110,5,2025-02-07,SUP228
PROD1259,STORE178,309,2024-10-11,SUP100
PROD1463,STORE168,141,2023-01-23,SUP255
PROD1330,STORE146,245,2023-07-21,SUP112
PROD1462,STORE150,235,2024-10-22,SUP106
PROD1424,STORE195,299,2023-07-29,SUP292
PROD1001,STORE179,77,2023-05-26,SUP287
PROD1112,STORE106,190,2023-09-10,SUP175
PROD1313,STORE147,411,2025-04-13,SUP298
PROD1392,STORE183,346,2024-11-26,SUP126
PROD1371,STORE181,300,2024-11-27,SUP156
PROD1402,STORE171,281,2024-10-13,SUP146
PROD1452,STORE168,11,2024-07-23,SUP180
PROD1114,STORE184,444,2025-02-15,SUP279
PROD1191,STORE148,344,2024-04-15,SUP210
PROD1009,STORE115,447,2024-06-10,SUP259
PROD1223,STORE139,244,2024-01-16,SUP138
PROD1352,STORE149,13,2023-07-08,SUP113
PROD1103,STORE157,281,2025-02-25,SUP214
PROD1307,STORE100,54,2023-08-22,SUP212
PROD1193,STORE100,354,2024-08-30,SUP219
PROD1173,STORE113,203,2025-02-17,SUP242
PROD1299,STORE147,242,2024-02-23,SUP156
PROD1439,STORE183,247,2024-11-24,SUP260
PROD1075,STORE188,23,2024-01-29,SUP258
PROD1124,STORE178,260,2023-11-27,SUP267
PROD1013,STORE153,203,2023-07-12,SUP277
PROD1498,STORE116,449,2025-07-16,SUP251
PROD1035,STORE108,313,2024-06-05,SUP164
PROD1093,STORE163,335,2024-02-22,SUP248
PROD1066,STORE124,494,2024-09-05,SUP177
PROD1013,STORE111,73,2023-04-08,SUP276
PROD1216,STORE101,410,2023-07-17,SUP130
PROD1162,STORE166,267,2025-05-25,SUP121
PROD1166,STORE125,261,2024-01-12,SUP268
PROD1361,STORE159,317,2023-09-16,SUP101
PROD1365,STORE150,377,2024-08-12,SUP248
PROD1077,STORE106,256,2024-10-17,SUP132
PROD1282,STORE146,159,2024-07-10,SUP242
PROD1011,STORE136,422,2025-02-26,SUP131
PROD1270,STORE146,189,2024-01-28,SUP157
PROD1029,STORE122,255,2024-12-31,SUP248
PROD1165,STORE112,465,2023-01-04,SUP291
PROD1386,STORE186,299,2023-07-29,SUP208
PROD1222,STORE111,2,2023-02-19,SUP143
PROD1275,STORE133,364,2024-05-02,SUP131
PROD1294,STORE134,295,2023-12-12,SUP180
PROD1124,STORE138,174,2023-11-12,SUP270
PROD1385,STORE191,375,2023-12-22,SUP238
PROD1218,STORE183,211,2025-06-20,SUP154
PROD1078,STORE161,365,2024-10-02,SUP123
PROD1198,STORE100,475,2025-06-19,SUP146
PROD1035,STORE152,444,2023-06-04,SUP181
PROD1119,STORE199,439,2024-03-18,SUP284
PROD1173,STORE181,454,2023-10-06,SUP189
PROD1296,STORE152,310,2024-02-25,SUP129
PROD1079,STORE127,292,2024-07-17,SUP122
PROD1220,STORE105,41,2023-06-18,SUP214
PROD1048,STORE151,228,2023-07-06,SUP224
PROD1159,STORE158,461,2025-06-26,SUP178
PROD1104,STORE131,95,2024-02-23,SUP105
PROD1079,STORE162,240,2024-09-20,SUP189
PROD1325,STORE153,82,2024-11-19,SUP207
PROD1027,STORE178,299,2023-02-26,SUP192
PROD1134,STORE100,33,2024-04-21,SUP198
PROD1002,STORE143,181,2024-11-26,SUP112
PROD1431,STORE169,309,2023-08-23,SUP241
PROD1455,STORE122,289,2025-06-15,SUP198
PROD1144,STORE141,1,2024-12-01,SUP279
PROD1353,STORE170,322,2023-11-14,SUP162
PROD1092,STORE109,64,2025-02-16,SUP191
PROD1470,STORE114,231,2024-09-26,SUP126
PROD1107,STORE107,99,2025-05-17,SUP104
PROD1146,STORE134,384,2024-11-16,SUP132
PROD1172,STORE196,432,2023-11-03,SUP137
PROD1188,STORE190,387,2023-05-13,SUP111
PROD1373,STORE190,384,2023-07-30,SUP197
PROD1250,STORE122,311,2025-04-24,SUP249
PROD1388,STORE194,229,2023-04-23,SUP264
PROD1397,STORE181,3,2024-02-13,SUP141
PROD1087,STORE165,42,2023-07-25,SUP109
PROD1123,STORE140,407,2023-03-14,SUP203
PROD1041,STORE130,38,2025-03-02,SUP166
PROD1253,STORE133,368,2024-03-10,SUP154
PROD1143,STORE149,421,2024-10-11,SUP271
PROD1362,STORE159,157,2025-06-27,SUP215
PROD1224,STORE148,380,2023-10-15,SUP258
PROD1152,STORE162,109,2025-01-24,SUP141
PROD1268,STORE173,116,2025-06-24,SUP128
PROD1477,STORE189,128,2023-08-14,SUP289
PROD1466,STORE181,325,2023-11-02,SUP247
PROD1204,STORE139,291,2024-07-08,SUP132
PROD1020,STORE117,258,2025-05-10,SUP123
PROD1366,STORE149,417,2024-09-17,SUP262
PROD1390,STORE106,249,2024-06-07,SUP209
PROD1280,STORE176,489,2024-01-27,SUP220
PROD1206,STORE190,57,2023-07-08,SUP289
PROD1300,STORE175,100,2023-01-17,SUP227
PROD1001,STORE117,146,2024-04-26,SUP208
PROD1325,STORE164,421,2024-05-28,SUP273
PROD1307,STORE123,435,2024-08-09,SUP294
PROD1076,STORE114,38,2024-03-08,SUP180
PROD1242,STORE141,399,2023-04-02,SUP152
PROD1271,STORE192,422,2024-04-06,SUP189
PROD1295,STORE155,251,2023-06-14,SUP291
PROD1227,STORE123,467,2024-11-22,SUP146
PROD1006,STORE163,179,2024-07-04,SUP211
PROD1284,STORE119,358,2024-06-10,SUP227
PROD1203,STORE172,258,2023-05-25,SUP195
PROD1182,STORE174,165,2024-03-23,SUP285
PROD1108,STORE115,121,2024-02-21,SUP279
PROD1067,STORE119,130,2025-03-17,SUP294
PROD1057,STORE182,336,2023-01-07,SUP147
PROD1288,STORE133,383,2024-07-05,SUP249
PROD1114,STORE110,116,2024-11-19,SUP152
PROD1270,STORE105,256,2024-11-19,SUP133
PROD1346,STORE128,68,2025-05-26,SUP248
PROD1163,STORE178,447,2023-01-10,SUP252
PROD1215,STORE193,484,2025-04-18,SUP279
PROD1483,STORE183,328,2023-10-21,SUP261
PROD1085,STORE164,472,2023-12-10,SUP217
PROD1217,STORE161,197,2023-11-20,SUP267
PROD1141,STORE150,51,2024-11-02,SUP227
PROD1023,STORE169,1,2025-01-27,SUP203
PROD1494,STORE181,344,2023-11-20,SUP166
PROD1335,STORE150,311,2025-02-13,SUP286
PROD1306,STORE121,31,2023-04-05,SUP212
PROD1208,STORE189,40,2025-06-26,SUP261
PROD1282,STORE197,465,2023-09-09,SUP214
PROD1091,STORE157,274,2023-09-23,SUP265
PROD1377,STORE122,279,2025-06-04,SUP108
PROD1237,STORE139,420,2023-12-24,SUP244
PROD1423,STORE145,1,2023-09-19,SUP220
PROD1430,STORE116,385,2023-06-13,SUP180
PROD1418,STORE154,31,2023-06-22,SUP290
PROD1019,STORE189,232,2025-06-02,SUP170
PROD1193,STORE181,395,2024-10-16,SUP166
PROD1231,STORE152,249,2024-08-20,SUP275
PROD1321,STORE154,97,2023-08-22,SUP217
PROD1489,STORE114,346,2023-05-29,SUP275
PROD1159,STORE197,44,2025-06-20,SUP128
PROD1494,STORE171,246,2025-04-26,SUP243
PROD1463,STORE155,345,2025-05-15,SUP236
PROD1329,STORE163,385,2025-03-04,SUP178
PROD1027,STORE157,139,2023-10-25,SUP202
PROD1408,STORE102,228,2024-10-15,SUP236
PROD1017,STORE192,417,2024-11-17,SUP230
PROD1112,STORE120,198,2024-05-26,SUP151
PROD1149,STORE193,392,2024-02-25,SUP104
PROD1209,STORE124,306,2024-04-02,SUP159
PROD1054,STORE109,361,2023-06-06,SUP172
PROD1105,STORE187,269,2023-02-22,SUP208
PROD1159,STORE164,377,2024-12-24,SUP247
PROD1140,STORE145,36,2024-01-14,SUP271
PROD1265,STORE108,304,2025-05-28,SUP140
PROD1428,STORE132,35,2023-02-19,SUP159
PROD1413,STORE118,161,2023-12-09,SUP124
PROD1354,STORE115,388,2023-04-13,SUP268
PROD1313,STORE125,409,2023-07-29,SUP194
PROD1059,STORE188,192,2024-09-24,SUP224
PROD1040,STORE195,179,2025-02-16,SUP242
PROD1305,STORE184,291,2025-05-09,SUP252
PROD1267,STORE131,293,2025-05-11,SUP221
PROD1225,STORE192,97,2023-01-30,SUP247
PROD1202,STORE162,433,2023-06-09,SUP247
PROD1103,STORE148,333,2023-11-03,SUP236
PROD1208,STORE121,6,2025-03-04,SUP211
PROD1266,STORE157,120,2024-12-13,SUP225
PROD1436,STORE190,100,2023-03-01,SUP100
PROD1044,STORE180,237,2023-09-11,SUP200
PROD1013,STORE135,296,2024-06-14,SUP234
PROD1145,STORE199,199,2024-09-06,SUP291
PROD1246,STORE136,9,2023-01-06,SUP104
PROD1337,STORE167,23,2024-11-25,SUP252
PROD1045,STORE193,286,2023-05-08,SUP177
PROD1027,STORE154,211,2024-10-27,SUP119
PROD1413,STORE174,52,2023-03-05,SUP223
PROD1472,STORE104,455,2023-06-11,SUP186
PROD1174,STORE136,464,2025-03-21,SUP238
PROD1297,STORE169,22,2023-01-11,SUP104
PROD1152,STORE168,10,2024-05-12,SUP184
PROD1028,STORE101,321,2024-09-07,SUP289
PROD1413,STORE143,286,2025-07-11,SUP228
PROD1161,STORE165,107,2023-06-28,SUP192
PROD1358,STORE149,225,2023-05-23,SUP295
PROD1476,STORE128,269,2023-10-31,SUP219
PROD1028,STORE185,190,2023-11-01,SUP112
PROD1298,STORE114,426,2023-07-13,SUP119
PROD1063,STORE168,465,2023-12-22,SUP147
PROD1425,STORE106,163,2024-06-03,SUP166
PROD1244,STORE145,312,2023-04-07,SUP296
PROD1239,STORE192,23,2024-09-28,SUP223
PROD1435,STORE178,322,2023-12-22,SUP259
PROD1498,STORE172,368,2023-02-11,SUP206
PROD1316,STORE172,252,2023-12-12,SUP251
PROD1062,STORE195,252,2024-09-09,SUP200
PROD1267,STORE186,328,2023-03-31,SUP297
PROD1388,STORE153,133,2023-01-22,SUP240
PROD1249,STORE176,2,2023-12-03,SUP154
PROD1028,STORE148,101,2023-10-30,SUP232
PROD1364,STORE105,211,2023-09-20,SUP100
PROD1248,STORE151,265,2025-06-02,SUP109
PROD1217,STORE139,199,2024-05-05,SUP157
PROD1103,STORE166,266,2025-06-18,SUP246
PROD1180,STORE162,67,2023-07-01,SUP279
PROD1363,STORE117,289,2023-07-05,SUP257
PROD1032,STORE186,134,2024-05-27,SUP265
PROD1494,STORE125,132,2024-12-12,SUP203
PROD1209,STORE191,330,2023-09-29,SUP187
PROD1205,STORE116,138,2025-05-01,SUP134
PROD1038,STORE172,186,2024-04-03,SUP183
PROD1051,STORE197,471,2025-01-30,SUP178
PROD1267,STORE131,120,2023-04-19,SUP125
PROD1378,STORE122,443,2023-03-18,SUP224
PROD1356,STORE179,454,2024-04-18,SUP255
PROD1269,STORE164,125,2023-12-27,SUP155
PROD1340,STORE183,498,2023-10-24,SUP255
PROD1047,STORE105,154,2023-05-21,SUP108
PROD1433,STORE105,154,2023-11-06,SUP133
PROD1436,STORE176,106,2023-12-14,SUP224
PROD1446,STORE125,217,2023-03-29,SUP158
PROD1359,STORE105,277,2023-11-05,SUP192
PROD1228,STORE144,171,2025-05-04,SUP216
PROD1284,STORE190,436,2024-01-03,SUP242
PROD1253,STORE132,257,2023-12-11,SUP292
PROD1066,STORE106,21,2024-01-29,SUP173
PROD1259,STORE118,300,2023-02-23,SUP229
PROD1117,STORE185,56,2023-06-20,SUP158
PROD1446,STORE156,262,2023-06-17,SUP279
PROD1160,STORE101,412,2024-08-03,SUP257
PROD1252,STORE127,466,2024-01-20,SUP179
PROD1135,STORE178,198,2023-02-15,SUP291
PROD1376,STORE161,266,2023-10-19,SUP156
PROD1194,STORE112,257,2025-04-20,SUP179
PROD1140,STORE103,132,2023-02-26,SUP218
PROD1315,STORE143,287,2024-03-04,SUP242
PROD1352,STORE102,281,2023-12-08,SUP200
PROD1176,STORE150,29,2023-08-04,SUP217
PROD1402,STORE109,386,2024-03-18,SUP170
PROD1384,STORE117,330,2025-07-09,SUP248
PROD1278,STORE173,493,2023-09-25,SUP146
PROD1470,STORE115,237,2024-10-16,SUP145
PROD1089,STORE166,73,2025-04-25,SUP172
PROD1267,STORE188,450,2023-08-01,SUP205
PROD1246,STORE178,343,2023-06-18,SUP175
PROD1038,STORE128,276,2024-04-17,SUP183
PROD1162,STORE124,29,2025-03-10,SUP204
PROD1198,STORE182,170,2025-02-14,SUP142
PROD1411,STORE137,225,2023-09-06,SUP269
PROD1301,STORE160,287,2023-11-19,SUP217
PROD1092,STORE196,337,2024-03-02,SUP234
PROD1044,STORE191,15,2023-02-18,SUP261
PROD1250,STORE177,416,2023-01-02,SUP293
PROD1480,STORE161,140,2023-08-21,SUP272
PROD1143,STORE129,175,2024-02-25,SUP107
PROD1119,STORE107,180,2024-04-27,SUP236
PROD1236,STORE155,240,2025-03-03,SUP250
PROD1242,STORE107,459,2023-09-11,SUP123
PROD1336,STORE109,453,2023-12-13,SUP147
PROD1163,STORE152,93,2024-11-01,SUP123
PROD1450,STORE171,445,2023-09-06,SUP194
PROD1140,STORE116,489,2023-12-03,SUP135
PROD1375,STORE183,385,2025-01-01,SUP271
PROD1039,STORE158,193,2025-02-20,SUP244
PROD1038,STORE131,149,2025-05-22,SUP280
PROD1129,STORE104,275,2023-09-24,SUP117
PROD1159,STORE102,59,2024-08-04,SUP130
PROD1456,STORE145,304,2025-04-24,SUP103
PROD1430,STORE110,171,2023-11-07,SUP152
PROD1158,STORE197,315,2025-06-20,SUP214
PROD1215,STORE145,469,2024-01-21,SUP214
PROD1113,STORE126,334,2025-06-03,SUP202
PROD1157,STORE173,472,2023-11-16,SUP269
PROD1105,STORE172,420,2023-06-09,SUP184
PROD1198,STORE132,211,2023-04-30,SUP100
PROD1362,STORE120,31,2024-07-23,SUP123
PROD1118,STORE198,272,2025-03-10,SUP158
PROD1416,STORE108,248,2024-12-16,SUP121
PROD1424,STORE132,183,2025-02-22,SUP293
PROD1499,STORE181,95,2024-10-09,SUP103
PROD1233,STORE150,156,2025-06-05,SUP117
PROD1167,STORE135,418,2024-03-11,SUP221
PROD1427,STORE141,237,2023-01-18,SUP214
PROD1245,STORE134,448,2024-02-05,SUP124
PROD1398,STORE183,104,2023-11-11,SUP183
PROD1359,STORE113,386,2024-05-30,SUP184
PROD1090,STORE117,186,2023-04-09,SUP243
PROD1412,STORE145,448,2024-11-07,SUP194
PROD1165,STORE115,285,2023-03-11,SUP101
PROD1244,STORE151,144,2025-07-13,SUP173
PROD1449,STORE174,294,2024-07-10,SUP178
PROD1292,STORE107,150,2025-06-25,SUP248
PROD1137,STORE165,450,2024-08-24,SUP145
PROD1170,STORE130,384,2023-09-02,SUP239
PROD1057,STORE172,217,2023-06-16,SUP104
PROD1097,STORE190,273,2023-12-04,SUP295
PROD1234,STORE170,194,2024-12-22,SUP294
PROD1358,STORE109,326,2024-09-12,SUP163
PROD1275,STORE132,432,2024-01-14,SUP253
PROD1351,STORE126,134,2024-08-15,SUP281
PROD1114,STORE115,335,2024-08-16,SUP185
PROD1168,STORE158,127,2024-09-04,SUP177
PROD1278,STORE173,406,2024-12-14,SUP138
PROD1306,STORE102,137,2023-01-01,SUP154
PROD1346,STORE155,267,2024-03-22,SUP149
PROD1228,STORE182,409,2024-04-09,SUP294
PROD1011,STORE160,399,2025-01-19,SUP244
PROD1496,STORE192,212,2023-04-26,SUP227
PROD1040,STORE183,254,2024-11-16,SUP234
PROD1365,STORE126,466,2023-06-15,SUP123
PROD1174,STORE192,74,2024-04-11,SUP117
PROD1148,STORE112,293,2023-02-10,SUP249
PROD1021,STORE141,347,2025-05-09,SUP236
PROD1427,STORE187,204,2023-08-21,SUP271
PROD1350,STORE157,371,2024-10-23,SUP151
PROD1314,STORE120,352,2024-07-03,SUP281
PROD1213,STORE192,149,2023-09-04,SUP280
PROD1082,STORE126,253,2024-06-02,SUP138
PROD1043,STORE162,145,2023-06-16,SUP238
PROD1409,STORE173,296,2025-01-15,SUP179
PROD1431,STORE124,381,2025-02-24,SUP128
PROD1424,STORE169,15,2024-05-14,SUP233
PROD1016,STORE140,470,2024-01-14,SUP135
PROD1182,STORE174,245,2023-03-24,SUP204
PROD1476,STORE186,274,2024-12-10,SUP245
PROD1351,STORE193,489,2025-06-19,SUP229
PROD1494,STORE160,257,2023-10-12,SUP280
PROD1072,STORE104,26,2024-09-04,SUP152
PROD1414,STORE161,46,2024-11-08,SUP138
PROD1338,STORE181,94,2023-07-06,SUP118
PROD1118,STORE155,83,2024-04-30,SUP103
PROD1008,STORE125,6,2024-11-20,SUP120
PROD1244,STORE129,349,2023-04-17,SUP286
PROD1070,STORE105,253,2024-08-07,SUP146
PROD1328,STORE174,222,2024-10-25,SUP182
PROD1267,STORE136,53,2024-08-04,SUP177
PROD1453,STORE189,154,2025-06-18,SUP258
PROD1452,STORE139,337,2023-04-29,SUP298
PROD1294,STORE144,267,2025-05-15,SUP200
PROD1377,STORE119,14,2025-06-03,SUP228
PROD1473,STORE183,87,2025-01-21,SUP257
PROD1148,STORE141,102,2024-07-07,SUP207
PROD1016,STORE130,248,2024-07-06,SUP140
PROD1353,STORE159,370,2024-07-03,SUP268
PROD1231,STORE101,118,2024-03-31,SUP266
PROD1224,STORE100,200,2025-02-04,SUP221
PROD1047,STORE130,463,2025-01-09,SUP274
PROD1249,STORE116,276,2023-05-25,SUP277
PROD1305,STORE121,471,2024-06-22,SUP127
PROD1176,STORE176,136,2025-04-26,SUP102
PROD1371,STORE136,496,2025-01-03,SUP251
PROD1120,STORE167,497,2024-01-19,SUP100
PROD1294,STORE111,316,2025-02-21,SUP299
PROD1321,STORE142,97,2024-06-02,SUP191
PROD1471,STORE100,12,2024-06-22,SUP247
PROD1305,STORE114,475,2023-11-17,SUP145
PROD1452,STORE144,219,2024-08-01,SUP159
PROD1307,STORE150,143,2024-07-20,SUP183
PROD1388,STORE106,98,2024-01-29,SUP129
PROD1079,STORE115,491,2025-07-08,SUP208
PROD1457,STORE106,332,2023-05-03,SUP231
PROD1429,STORE144,147,2025-05-01,SUP115
PROD1298,STORE182,261,2025-07-16,SUP119
PROD1142,STORE151,208,2023-05-10,SUP164
PROD1214,STORE148,126,2023-12-27,SUP178
PROD1316,STORE131,37,2024-04-30,SUP239
PROD1096,STORE135,129,2023-09-06,SUP266
PROD1271,STORE126,41,2024-02-22,SUP132
PROD1447,STORE130,139,2024-03-31,SUP131
PROD1007,STORE145,46,2024-12-03,SUP154
PROD1192,STORE155,472,2024-06-15,SUP110
PROD1047,STORE153,191,2023-02-16,SUP259
PROD1472,STORE132,451,2024-12-21,SUP245
PROD1274,STORE167,348,2025-01-23,SUP252
PROD1012,STORE138,155,2024-09-23,SUP165
PROD1266,STORE148,247,2023-02-04,SUP137
PROD1090,STORE153,372,2023-07-02,SUP165
PROD1454,STORE165,94,2024-10-25,SUP299
PROD1297,STORE143,282,2024-03-04,SUP171
PROD1137,STORE146,135,2023-06-20,SUP182
PROD1236,STORE136,476,2024-06-07,SUP123
PROD1345,STORE108,197,2025-03-11,SUP263
PROD1191,STORE137,199,2024-08-01,SUP128
PROD1067,STORE184,299,2024-02-26,SUP164
PROD1267,STORE183,250,2023-06-18,SUP290
PROD1033,STORE148,168,2024-12-08,SUP252
PROD1484,STORE106,130,2024-02-19,SUP245
PROD1358,STORE152,387,2023-03-07,SUP155
PROD1155,STORE121,169,2023-10-10,SUP164
PROD1164,STORE126,3,2023-08-21,SUP136
PROD1287,STORE137,249,2023-05-30,SUP167
PROD1207,STORE153,311,2024-11-15,SUP233
PROD1362,STORE196,434,2023-08-04,SUP293
PROD1306,STORE182,469,2024-12-28,SUP192
PROD1198,STORE176,237,2024-04-11,SUP275
PROD1282,STORE144,469,2023-07-06,SUP281
PROD1061,STORE110,289,2024-05-24,SUP222
PROD1428,STORE113,183,2024-11-24,SUP250
PROD1239,STORE185,340,2023-08-18,SUP289
PROD1131,STORE131,428,2023-02-11,SUP208
PROD1019,STORE185,202,2025-01-20,SUP151
PROD1362,STORE128,249,2023-08-02,SUP273
PROD1391,STORE132,462,2024-10-31,SUP232
PROD1181,STORE147,297,2023-02-04,SUP269
PROD1357,STORE150,3,2023-10-06,SUP234
PROD1256,STORE108,241,2023-02-10,SUP167
PROD1340,STORE128,123,2024-07-20,SUP114
PROD1369,STORE166,413,2023-02-20,SUP281
PROD1362,STORE183,158,2024-01-08,SUP229
PROD1294,STORE173,166,2024-07-27,SUP275
PROD1129,STORE115,358,2023-07-18,SUP159
PROD1497,STORE189,17,2024-11-30,SUP296
PROD1033,STORE169,42,2025-05-06,SUP187
PROD1471,STORE169,138,2025-06-25,SUP105
PROD1322,STORE170,167,2025-01-21,SUP250
PROD1065,STORE188,358,2025-06-30,SUP169
PROD1201,STORE167,68,2024-04-01,SUP244
PROD1216,STORE104,142,2024-06-14,SUP142
PROD1110,STORE165,401,2023-08-03,SUP219
PROD1027,STORE133,361,2024-12-09,SUP142
PROD1418,STORE100,310,2023-04-26,SUP168
PROD1138,STORE171,372,2025-04-14,SUP242
PROD1029,STORE174,424,2023-12-28,SUP294
PROD1166,STORE118,288,2023-10-17,SUP237
PROD1342,STORE102,1,2023-07-26,SUP190
PROD1048,STORE181,132,2023-08-31,SUP181
PROD1230,STORE108,49,2023-06-23,SUP178
PROD1073,STORE195,412,2023-04-09,SUP125
PROD1138,STORE114,164,2025-02-22,SUP270
PROD1495,STORE118,209,2024-02-27,SUP247
PROD1016,STORE190,111,2023-12-30,SUP168
PROD1000,STORE111,412,2025-03-31,SUP272
PROD1165,STORE128,24,2024-08-17,SUP238
PROD1374,STORE122,218,2025-05-14,SUP123
PROD1122,STORE158,413,2024-04-15,SUP245
PROD1454,STORE129,190,2023-11-13,SUP150
PROD1406,STORE154,176,2025-04-29,SUP271
PROD1308,STORE115,143,2023-10-26,SUP262
PROD1396,STORE146,238,2023-05-31,SUP203
PROD1017,STORE162,28,2025-03-13,SUP268
PROD1149,STORE189,160,2023-03-02,SUP172
PROD1467,STORE114,353,2025-06-10,SUP170
PROD1277,STORE141,19,2025-01-31,SUP191
PROD1123,STORE105,340,2024-10-28,SUP160
PROD1057,STORE183,243,2025-01-11,SUP181
PROD1096,STORE146,186,2024-08-13,SUP223
PROD1300,STORE189,362,2025-07-01,SUP224
PROD1487,STORE170,208,2024-10-16,SUP144
PROD1120,STORE114,318,2024-12-07,SUP123
PROD1133,STORE142,395,2024-10-25,SUP292
PROD1100,STORE167,326,2023-01-10,SUP284
PROD1114,STORE160,12,2025-06-10,SUP256
PROD1122,STORE183,337,2024-06-30,SUP266
PROD1444,STORE128,124,2024-09-22,SUP107
PROD1258,STORE198,205,2023-03-07,SUP147
PROD1403,STORE100,268,2024-03-08,SUP163
PROD1080,STORE117,31,2024-01-16,SUP241
PROD1131,STORE172,451,2024-04-09,SUP256
PROD1169,STORE175,417,2024-12-03,SUP165
PROD1313,STORE147,61,2023-02-26,SUP157
PROD1148,STORE147,130,2025-05-19,SUP200
PROD1388,STORE138,483,2024-03-07,SUP155
PROD1380,STORE111,74,2023-10-27,SUP247
PROD1135,STORE125,10,2024-02-12,SUP204
PROD1097,STORE111,353,2023-06-25,SUP110
PROD1126,STORE141,43,2023-07-12,SUP253
PROD1052,STORE176,94,2024-04-06,SUP278
PROD1423,STORE145,234,2023-02-04,SUP171
PROD1236,STORE131,291,2023-04-18,SUP159
PROD1405,STORE163,141,2024-12-09,SUP111
PROD1463,STORE116,146,2023-05-13,SUP295
PROD1164,STORE173,261,2024-10-06,SUP169
PROD1018,STORE104,364,2024-07-20,SUP272
PROD1158,STORE178,393,2023-10-16,SUP222
PROD1135,STORE133,259,2024-05-21,SUP121
PROD1200,STORE125,123,2024-08-21,SUP231
PROD1328,STORE140,255,2025-02-19,SUP268
PROD1262,STORE120,208,2025-04-12,SUP204
PROD1317,STORE183,472,2025-04-22,SUP242
PROD1192,STORE121,154,2023-12-23,SUP180
PROD1477,STORE172,96,2024-04-01,SUP265
PROD1465,STORE151,116,2025-07-17,SUP157
PROD1445,STORE102,229,2023-11-08,SUP173
PROD1176,STORE195,408,2023-03-14,SUP287
PROD1475,STORE140,32,2024-11-25,SUP127
PROD1141,STORE122,219,2023-08-14,SUP107
PROD1133,STORE166,419,2024-08-07,SUP213
PROD1029,STORE168,123,2025-02-20,SUP176
PROD1000,STORE133,244,2024-12-19,SUP142
PROD1319,STORE144,69,2024-08-04,SUP233
PROD1433,STORE176,225,2024-07-09,SUP116
PROD1443,STORE117,77,2024-01-21,SUP115
PROD1043,STORE139,402,2025-05-04,SUP162
PROD1343,STORE185,62,2024-01-26,SUP218
PROD1256,STORE131,212,2025-01-28,SUP126
PROD1402,STORE179,169,2023-12-06,SUP232
PROD1433,STORE123,476,2023-10-05,SUP203
PROD1358,STORE156,111,2024-11-12,SUP213
PROD1032,STORE101,157,2024-02-07,SUP120
PROD1115,STORE171,129,2023-05-21,SUP230
PROD1230,STORE138,301,2024-02-21,SUP177
PROD1340,STORE128,105,2024-04-14,SUP110
PROD1285,STORE168,121,2024-02-07,SUP105
PROD1227,STORE185,349,2024-12-01,SUP269
PROD1191,STORE188,224,2023-10-22,SUP297
PROD1289,STORE126,177,2023-09-09,SUP110
PROD1001,STORE117,143,2024-11-10,SUP233
PROD1102,STORE120,490,2023-11-16,SUP231
PROD1337,STORE116,98,2025-01-26,SUP131
PROD1413,STORE140,251,2025-03-28,SUP103
PROD1390,STORE141,267,2023-07-21,SUP129
PROD1404,STORE168,148,2024-12-24,SUP268
PROD1314,STORE158,367,2023-02-07,SUP107
PROD1280,STORE158,412,2023-06-18,SUP227
PROD1163,STORE137,367,2025-05-30,SUP181
PROD1479,STORE142,435,2023-01-19,SUP234
PROD1106,STORE132,483,2024-01-03,SUP170
PROD1326,STORE182,113,2025-06-15,SUP295
PROD1160,STORE115,363,2024-01-25,SUP265
PROD1008,STORE149,490,2024-07-18,SUP113
PROD1271,STORE191,14,2023-06-05,SUP114
PROD1116,STORE109,436,2024-10-28,SUP159
PROD1182,STORE119,189,2023-08-09,SUP176
PROD1044,STORE142,344,2025-07-06,SUP255
PROD1135,STORE165,219,2024-07-01,SUP161
PROD1358,STORE112,290,2024-10-15,SUP253
PROD1197,STORE197,190,2024-02-13,SUP191
PROD1499,STORE134,48,2025-06-29,SUP253
PROD1011,STORE153,283,2023-07-13,SUP210
PROD1189,STORE166,321,2023-01-16,SUP279
PROD1376,STORE113,357,2023-04-20,SUP270
PROD1180,STORE150,217,2023-04-10,SUP220
PROD1026,STORE138,298,2024-12-27,SUP217
PROD1169,STORE147,408,2025-06-05,SUP297
PROD1360,STORE191,255,2024-12-22,SUP244
PROD1479,STORE106,448,2023-07-21,SUP151
PROD1398,STORE139,236,2023-05-04,SUP152
PROD1360,STORE187,368,2023-03-03,SUP135
PROD1200,STORE169,422,2024-02-28,SUP281
PROD1202,STORE119,428,2023-09-26,SUP191
PROD1307,STORE150,197,2024-09-02,SUP209
PROD1231,STORE127,345,2025-03-02,SUP198
PROD1042,STORE194,276,2024-08-31,SUP273
PROD1216,STORE195,480,2023-05-24,SUP289
PROD1238,STORE196,244,2023-05-24,SUP276
PROD1065,STORE141,259,2025-02-16,SUP206
PROD1072,STORE137,380,2025-07-06,SUP250
PROD1055,STORE118,299,2023-05-13,SUP156
PROD1178,STORE186,176,2024-09-01,SUP177
PROD1024,STORE106,453,2025-07-22,SUP282
PROD1179,STORE122,59,2023-08-26,SUP104
PROD1384,STORE155,349,2024-01-01,SUP162
PROD1063,STORE138,196,2024-04-25,SUP213
PROD1366,STORE178,254,2024-09-06,SUP244
PROD1051,STORE177,315,2024-07-16,SUP130
PROD1214,STORE162,295,2024-04-03,SUP170
PROD1404,STORE182,140,2023-12-27,SUP299
PROD1473,STORE158,448,2024-04-07,SUP207
PROD1484,STORE126,280,2024-01-16,SUP136
PROD1461,STORE150,347,2023-05-24,SUP187
PROD1105,STORE148,404,2024-11-05,SUP178
PROD1119,STORE146,107,2023-10-19,SUP218
PROD1475,STORE127,119,2023-08-29,SUP180
PROD1138,STORE106,373,2024-01-16,SUP195
PROD1340,STORE144,358,2024-05-31,SUP205
PROD1116,STORE127,310,2025-03-03,SUP281
PROD1113,STORE110,486,2023-01-13,SUP153
PROD1467,STORE163,274,2024-10-18,SUP220
PROD1447,STORE101,427,2025-05-31,SUP210
PROD1085,STORE144,399,2024-04-27,SUP234
PROD1285,STORE182,210,2023-08-10,SUP187
PROD1054,STORE196,15,2023-06-26,SUP127
PROD1151,STORE176,498,2024-09-23,SUP205
PROD1064,STORE137,290,2024-02-18,SUP153
PROD1376,STORE159,448,2023-04-11,SUP244
PROD1218,STORE152,277,2024-12-15,SUP262
PROD1012,STORE127,134,2025-07-09,SUP281
PROD1131,STORE161,100,2024-07-09,SUP241
PROD1377,STORE101,63,2023-02-09,SUP285
PROD1434,STORE129,77,2024-09-09,SUP102
PROD1292,STORE159,411,2025-03-31,SUP122
PROD1123,STORE156,445,2025-04-22,SUP186
PROD1025,STORE151,296,2023-03-19,SUP269
PROD1072,STORE122,368,2023-04-15,SUP256
PROD1371,STORE173,3,2023-10-20,SUP268
PROD1332,STORE158,6,2025-07-23,SUP293
PROD1397,STORE161,300,2023-12-16,SUP283
PROD1468,STORE108,231,2024-07-22,SUP102
PROD1183,STORE140,82,2023-12-24,SUP140
PROD1177,STORE154,456,2024-07-05,SUP122
PROD1458,STORE195,75,2023-03-25,SUP256
PROD1485,STORE167,98,2024-02-22,SUP282
PROD1342,STORE115,451,2023-04-07,SUP144
PROD1421,STORE174,5,2024-09-29,SUP151
PROD1141,STORE172,320,2023-06-20,SUP280
PROD1316,STORE123,236,2025-06-15,SUP268
PROD1470,STORE115,342,2024-07-17,SUP108
PROD1370,STORE182,302,2025-06-12,SUP170
PROD1111,STORE178,151,2024-05-22,SUP103
PROD1368,STORE102,241,2023-10-03,SUP168
PROD1347,STORE106,459,2023-08-01,SUP125
PROD1424,STORE171,355,2024-11-02,SUP275
PROD1277,STORE197,461,2024-01-19,SUP289
PROD1192,STORE175,373,2025-07-10,SUP108
PROD1242,STORE156,232,2024-09-19,SUP282
PROD1253,STORE107,267,2025-01-29,SUP166
PROD1283,STORE166,18,2023-05-06,SUP131
PROD1166,STORE169,399,2025-05-25,SUP182
PROD1201,STORE156,316,2024-08-03,SUP275
PROD1084,STORE156,19,2024-03-23,SUP244
PROD1234,STORE119,226,2023-02-05,SUP249
PROD1094,STORE104,301,2025-04-05,SUP151
PROD1415,STORE143,341,2025-05-20,SUP266
PROD1010,STORE188,494,2023-04-25,SUP116
PROD1053,STORE164,419,2024-04-02,SUP297
PROD1152,STORE181,421,2024-12-18,SUP234
PROD1438,STORE149,260,2024-12-26,SUP263
PROD1060,STORE157,358,2024-09-01,SUP208
PROD1038,STORE180,90,2024-05-22,SUP132
PROD1295,STORE137,480,2024-10-03,SUP143
PROD1413,STORE105,436,2025-02-21,SUP160
PROD1032,STORE187,122,2025-03-19,SUP237
PROD1098,STORE130,147,2023-06-22,SUP222
PROD1108,STORE168,295,2024-03-06,SUP221
PROD1203,STORE161,67,2023-04-05,SUP177
PROD1169,STORE151,490,2023-10-03,SUP259
PROD1445,STORE136,10,2024-09-05,SUP119
PROD1195,STORE112,51,2023-10-28,SUP230
PROD1104,STORE165,16,2023-01-18,SUP179
PROD1152,STORE173,255,2023-06-19,SUP203
PROD1108,STORE106,380,2023-12-07,SUP257
PROD1311,STORE133,117,2024-12-23,SUP164
PROD1228,STORE192,228,2024-07-09,SUP121
PROD1320,STORE104,92,2025-02-23,SUP276
PROD1132,STORE120,171,2023-12-09,SUP161
PROD1162,STORE155,355,2023-10-07,SUP292
PROD1039,STORE185,272,2024-08-12,SUP187
PROD1460,STORE172,391,2024-05-16,SUP196
PROD1043,STORE162,92,2023-07-22,SUP179
PROD1334,STORE117,130,2024-09-11,SUP167
PROD1248,STORE160,248,2024-04-04,SUP100
PROD1069,STORE145,499,2024-08-05,SUP121
PROD1293,STORE176,372,2023-07-21,SUP258
PROD1201,STORE150,29,2024-05-26,SUP125
PROD1237,STORE158,163,2023-03-14,SUP289
PROD1422,STORE188,261,2023-03-17,SUP202
PROD1258,STORE146,361,2023-10-14,SUP107
PROD1001,STORE110,418,2023-09-08,SUP295
PROD1479,STORE172,398,2025-02-09,SUP149
PROD1238,STORE168,328,2025-01-01,SUP272
PROD1332,STORE146,362,2025-03-23,SUP122
PROD1339,STORE139,317,2024-05-07,SUP206
PROD1421,STORE197,26,2025-03-27,SUP125
PROD1284,STORE164,212,2023-12-22,SUP251
PROD1103,STORE100,295,2023-09-13,SUP197
PROD1179,STORE152,463,2023-04-06,SUP129
PROD1227,STORE120,342,2025-06-11,SUP224
PROD1191,STORE138,255,2024-09-17,SUP266
PROD1145,STORE115,57,2023-11-30,SUP175
PROD1287,STORE103,481,2024-05-07,SUP201
PROD1308,STORE195,59,2025-03-28,SUP298
PROD1322,STORE183,58,2023-05-21,SUP274
PROD1013,STORE100,301,2023-12-10,SUP183
PROD1129,STORE157,343,2024-06-30,SUP276
PROD1263,STORE163,402,2024-11-05,SUP291
PROD1435,STORE158,222,2024-07-31,SUP157
PROD1216,STORE183,300,2023-07-15,SUP272
PROD1446,STORE170,214,2024-05-21,SUP230
PROD1490,STORE156,11,2023-05-23,SUP180
PROD1024,STORE115,161,2023-12-14,SUP188
PROD1141,STORE184,256,2023-08-07,SUP273
PROD1290,STORE150,378,2024-10-15,SUP282
PROD1493,STORE178,123,2023-04-23,SUP139
PROD1163,STORE143,276,2023-08-07,SUP144
PROD1367,STORE138,76,2024-01-23,SUP247
PROD1131,STORE167,323,2024-04-12,SUP124
PROD1239,STORE137,14,2025-07-03,SUP274
PROD1442,STORE129,290,2023-05-30,SUP264
PROD1274,STORE115,234,2024-04-28,SUP225
PROD1406,STORE182,222,2023-09-24,SUP267
PROD1264,STORE191,270,2024-12-17,SUP283
PROD1108,STORE155,137,2023-01-11,SUP152
PROD1145,STORE173,172,2023-01-30,SUP186
PROD1365,STORE146,264,2023-07-30,SUP185
PROD1477,STORE189,324,2025-07-16,SUP181
PROD1107,STORE122,361,2023-05-25,SUP134
PROD1296,STORE115,311,2023-09-07,SUP134
PROD1300,STORE146,69,2025-02-27,SUP135
PROD1237,STORE172,319,2024-09-20,SUP107
PROD1357,STORE154,303,2023-11-30,SUP207
PROD1384,STORE170,197,2024-11-09,SUP206
PROD1392,STORE151,192,2023-08-26,SUP201
PROD1324,STORE161,276,2025-05-09,SUP151
PROD1470,STORE184,465,2023-07-15,SUP246
PROD1114,STORE170,482,2024-10-17,SUP241
PROD1014,STORE167,310,2024-03-30,SUP230
PROD1123,STORE163,30,2023-10-25,SUP139
PROD1338,STORE106,242,2024-04-30,SUP204
PROD1485,STORE137,311,2024-05-27,SUP275
PROD1364,STORE153,299,2025-02-18,SUP280
PROD1064,STORE185,450,2024-03-04,SUP213
PROD1202,STORE126,264,2023-09-02,SUP128
PROD1114,STORE154,410,2025-06-27,SUP211
PROD1261,STORE128,397,2025-07-04,SUP201
PROD1005,STORE129,96,2023-11-09,SUP281
PROD1093,STORE163,131,2023-08-31,SUP163
PROD1350,STORE151,205,2025-06-09,SUP202
PROD1232,STORE188,490,2024-01-20,SUP214
PROD1394,STORE172,69,2023-03-26,SUP210
PROD1142,STORE108,3,2023-06-12,SUP188
PROD1197,STORE199,467,2025-03-05,SUP140
PROD1227,STORE181,133,2023-03-13,SUP213
PROD1027,STORE106,215,2025-05-29,SUP190
PROD1383,STORE110,358,2024-02-02,SUP263
PROD1181,STORE129,9,2023-12-17,SUP280
PROD1449,STORE150,443,2023-03-24,SUP218
PROD1068,STORE135,483,2025-04-07,SUP218
PROD1052,STORE138,404,2023-01-09,SUP160
PROD1229,STORE148,146,2024-12-14,SUP115
PROD1416,STORE129,87,2023-02-01,SUP263
PROD1435,STORE145,460,2025-05-14,SUP236
PROD1150,STORE136,130,2023-05-24,SUP271
PROD1426,STORE178,13,2025-02-08,SUP179
PROD1191,STORE113,329,2025-05-16,SUP183
PROD1128,STORE107,128,2024-01-25,SUP166
PROD1454,STORE128,273,2023-10-23,SUP209
PROD1121,STORE183,188,2024-03-06,SUP260
PROD1056,STORE195,146,2025-04-07,SUP246
PROD1135,STORE126,450,2023-07-20,SUP296
PROD1498,STORE178,131,2024-06-08,SUP117
PROD1115,STORE173,0,2024-04-04,SUP211
PROD1095,STORE123,215,2023-04-21,SUP150
PROD1080,STORE145,143,2023-04-04,SUP211
PROD1036,STORE169,385,2025-05-10,SUP249
PROD1058,STORE110,349,2024-10-18,SUP195
PROD1476,STORE132,427,2024-07-05,SUP165
PROD1329,STORE177,41,2023-06-16,SUP100
PROD1274,STORE129,212,2023-04-29,SUP114
PROD1107,STORE154,303,2024-01-02,SUP234
PROD1157,STORE170,494,2023-09-07,SUP266
PROD1298,STORE166,235,2024-08-02,SUP198
PROD1083,STORE197,21,2024-10-04,SUP116
PROD1156,STORE189,388,2023-11-10,SUP157
PROD1316,STORE168,173,2025-06-21,SUP110
PROD1341,STORE164,164,2023-12-27,SUP185
PROD1241,STORE145,28,2023-07-19,SUP240
PROD1089,STORE118,157,2024-11-23,SUP274
PROD1152,STORE119,320,2023-02-09,SUP146
PROD1469,STORE125,314,2024-02-04,SUP180
PROD1046,STORE110,398,2023-06-23,SUP129
PROD1336,STORE175,411,2025-02-13,SUP226
PROD1423,STORE146,274,2023-10-17,SUP256
PROD1197,STORE150,200,2024-04-12,SUP217
PROD1071,STORE145,71,2024-12-10,SUP269
PROD1214,STORE131,407,2023-06-16,SUP217
PROD1461,STORE181,64,2024-03-03,SUP153
PROD1134,STORE139,83,2024-10-04,SUP121
PROD1183,STORE101,149,2023-09-27,SUP179
PROD1160,STORE175,499,2023-03-28,SUP176
PROD1297,STORE137,376,2024-09-06,SUP284
PROD1276,STORE123,106,2024-08-10,SUP145
PROD1009,STORE157,392,2023-10-28,SUP203
PROD1337,STORE192,323,2023-05-11,SUP259
PROD1283,STORE139,347,2023-05-13,SUP104
PROD1262,STORE141,302,2025-05-10,SUP181
PROD1150,STORE122,285,2023-06-23,SUP276
PROD1153,STORE164,220,2025-04-07,SUP158
PROD1215,STORE160,309,2024-01-30,SUP271
PROD1265,STORE108,109,2023-02-15,SUP137
PROD1151,STORE183,230,2024-03-07,SUP130
PROD1303,STORE103,265,2023-11-13,SUP125
PROD1453,STORE140,306,2024-08-18,SUP260
PROD1457,STORE133,451,2025-07-09,SUP145
PROD1328,STORE161,277,2025-02-11,SUP244
PROD1291,STORE131,29,2023-04-08,SUP144
PROD1112,STORE115,41,2024-02-17,SUP163
PROD1492,STORE172,349,2023-11-19,SUP177
PROD1089,STORE172,310,2024-07-09,SUP125
PROD1299,STORE136,255,2024-06-24,SUP286
PROD1428,STORE188,144,2025-03-28,SUP206
PROD1225,STORE114,160,2023-01-27,SUP298
PROD1454,STORE115,99,2023-10-23,SUP249
PROD1459,STORE104,203,2023-07-07,SUP180
PROD1486,STORE178,74,2023-02-05,SUP155
PROD1043,STORE132,415,2025-03-06,SUP125
PROD1353,STORE177,247,2024-06-05,SUP289
PROD1124,STORE122,244,2023-01-16,SUP145
PROD1409,STORE115,271,2024-07-27,SUP280
PROD1126,STORE198,442,2025-03-09,SUP177
PROD1046,STORE138,212,2023-12-23,SUP194
PROD1062,STORE155,181,2023-10-27,SUP234
PROD1493,STORE140,396,2024-08-06,SUP241
PROD1215,STORE158,56,2024-05-21,SUP146
PROD1119,STORE195,397,2024-05-07,SUP140
PROD1465,STORE126,320,2023-01-23,SUP175
PROD1185,STORE102,162,2023-03-22,SUP146
PROD1252,STORE167,56,2024-05-27,SUP180
PROD1019,STORE146,496,2025-07-19,SUP113
PROD1457,STORE190,372,2023-10-26,SUP126
PROD1422,STORE115,331,2025-03-29,SUP142
PROD1257,STORE160,62,2024-07-12,SUP252
PROD1312,STORE139,174,2024-09-30,SUP261
PROD1351,STORE173,425,2024-08-18,SUP150
PROD1229,STORE163,220,2023-02-22,SUP132
PROD1419,STORE153,345,2023-10-15,SUP199
PROD1168,STORE136,171,2024-05-16,SUP187
PROD1432,STORE132,321,2024-03-27,SUP107
PROD1155,STORE124,137,2023-06-24,SUP198
PROD1408,STORE140,252,2025-05-29,SUP292
PROD1086,STORE157,427,2025-01-04,SUP260
PROD1081,STORE146,150,2023-09-11,SUP119
PROD1195,STORE192,433,2023-01-14,SUP272
PROD1321,STORE192,360,2024-05-25,SUP241
PROD1184,STORE190,75,2025-05-23,SUP115
PROD1391,STORE115,391,2025-04-11,SUP124
PROD1260,STORE183,71,2025-04-22,SUP178
PROD1260,STORE120,368,2023-02-18,SUP285
PROD1465,STORE116,287,2025-03-21,SUP170
PROD1000,STORE148,151,2023-12-18,SUP224
PROD1299,STORE130,381,2024-11-06,SUP151
PROD1347,STORE173,417,2024-03-31,SUP198
PROD1485,STORE188,259,2023-06-08,SUP182
PROD1023,STORE136,92,2023-05-01,SUP175
PROD1023,STORE118,131,2023-04-15,SUP267
PROD1348,STORE181,487,2025-05-04,SUP252
PROD1349,STORE116,10,2023-07-02,SUP169
PROD1050,STORE190,362,2025-04-19,SUP221
PROD1115,STORE170,54,2025-07-20,SUP258
PROD1414,STORE123,419,2025-07-22,SUP191
PROD1059,STORE185,230,2024-10-02,SUP247
PROD1285,STORE164,68,2024-03-01,SUP137
PROD1226,STORE124,125,2023-05-22,SUP149
PROD1179,STORE131,31,2025-07-11,SUP128
PROD1370,STORE195,403,2023-02-23,SUP242
PROD1080,STORE146,120,2024-02-24,SUP235
PROD1485,STORE143,455,2025-07-06,SUP121
PROD1127,STORE161,463,2024-02-24,SUP103
PROD1143,STORE171,308,2023-09-11,SUP144
PROD1076,STORE122,344,2024-10-18,SUP123
PROD1325,STORE174,271,2023-06-20,SUP249
PROD1204,STORE123,138,2024-01-08,SUP264
PROD1487,STORE101,214,2023-07-07,SUP131
PROD1239,STORE124,71,2025-07-06,SUP118
PROD1067,STORE178,272,2023-03-26,SUP253
PROD1414,STORE198,174,2024-10-11,SUP175
PROD1184,STORE107,111,2023-03-05,SUP229
PROD1115,STORE193,147,2023-05-14,SUP277
PROD1186,STORE189,420,2024-09-05,SUP258
PROD1493,STORE192,406,2023-05-28,SUP260
PROD1066,STORE149,189,2024-09-05,SUP207
PROD1440,STORE102,247,2023-10-27,SUP280
PROD1278,STORE116,205,2023-08-24,SUP160
PROD1127,STORE160,72,2024-07-13,SUP180
PROD1103,STORE174,81,2025-03-02,SUP111
PROD1253,STORE195,83,2023-07-11,SUP102
PROD1108,STORE162,405,2025-02-27,SUP114
PROD1478,STORE171,459,2023-09-15,SUP119
PROD1463,STORE103,331,2023-07-12,SUP265
PROD1133,STORE196,376,2023-01-06,SUP192
PROD1081,STORE118,344,2023-01-03,SUP271
PROD1037,STORE178,134,2024-03-14,SUP286
PROD1202,STORE110,172,2023-04-20,SUP238
PROD1210,STORE152,146,2024-08-05,SUP196
PROD1250,STORE150,155,2024-07-02,SUP203
PROD1492,STORE118,57,2023-12-14,SUP128
PROD1041,STORE117,392,2023-07-28,SUP213
PROD1012,STORE194,190,2023-07-30,SUP209
PROD1339,STORE184,457,2023-03-03,SUP292
PROD1030,STORE137,124,2024-07-15,SUP259
PROD1436,STORE173,258,2023-01-23,SUP121
PROD1173,STORE198,481,2023-10-16,SUP197
PROD1098,STORE155,349,2024-10-13,SUP126
PROD1336,STORE146,222,2024-12-28,SUP170
PROD1499,STORE148,293,2023-05-07,SUP241
PROD1388,STORE183,303,2023-11-29,SUP278
PROD1242,STORE101,482,2024-08-10,SUP129
PROD1258,STORE195,281,2023-12-31,SUP152
PROD1457,STORE145,471,2023-04-06,SUP111
PROD1468,STORE141,307,2025-03-25,SUP181
PROD1380,STORE152,143,2023-07-24,SUP254
PROD1146,STORE119,462,2023-11-30,SUP169
PROD1127,STORE191,295,2025-04-23,SUP252
PROD1253,STORE173,400,2025-04-03,SUP187
PROD1276,STORE135,124,2024-08-13,SUP292
PROD1448,STORE132,374,2024-06-03,SUP145
PROD1491,STORE195,359,2025-07-15,SUP177
PROD1431,STORE126,38,2023-09-08,SUP115
PROD1019,STORE163,185,2023-09-17,SUP236
PROD1436,STORE182,367,2023-10-09,SUP222
PROD1238,STORE124,254,2025-04-14,SUP203
PROD1297,STORE110,261,2023-11-17,SUP212
PROD1108,STORE183,306,2024-12-27,SUP107
PROD1414,STORE190,149,2024-04-21,SUP276
PROD1039,STORE118,176,2023-01-12,SUP125
PROD1076,STORE156,199,2024-07-30,SUP191
PROD1147,STORE106,306,2024-07-12,SUP280
PROD1456,STORE126,149,2023-10-27,SUP154
PROD1086,STORE125,337,2024-01-13,SUP250
PROD1097,STORE157,154,2023-12-26,SUP172
PROD1445,STORE188,63,2025-04-02,SUP258
PROD1230,STORE104,268,2025-05-03,SUP207
PROD1022,STORE155,195,2024-07-28,SUP137
PROD1477,STORE134,77,2023-09-07,SUP131
PROD1344,STORE120,70,2023-02-19,SUP135
PROD1204,STORE115,400,2025-02-22,SUP171
PROD1350,STORE118,298,2024-02-29,SUP221
PROD1297,STORE190,482,2025-05-06,SUP106
PROD1110,STORE114,409,2025-07-27,SUP115
PROD1349,STORE186,161,2024-12-05,SUP134
PROD1382,STORE176,206,2025-01-08,SUP269
PROD1134,STORE154,37,2024-11-08,SUP100
PROD1070,STORE161,293,2024-07-31,SUP148
PROD1386,STORE166,415,2023-02-24,SUP118
PROD1131,STORE158,199,2023-05-09,SUP229
PROD1155,STORE175,9,2023-10-28,SUP140
PROD1319,STORE140,373,2025-07-18,SUP129
PROD1470,STORE184,400,2025-02-08,SUP187
PROD1449,STORE152,405,2024-09-28,SUP251
PROD1002,STORE199,308,2024-05-06,SUP197
PROD1414,STORE165,314,2025-01-25,SUP279
PROD1150,STORE169,312,2023-01-12,SUP233
PROD1234,STORE114,40,2025-03-15,SUP297
PROD1400,STORE166,338,2023-11-11,SUP276
PROD1256,STORE151,146,2024-07-09,SUP136
PROD1365,STORE118,165,2023-03-20,SUP230
PROD1315,STORE154,171,2023-04-30,SUP125
PROD1121,STORE165,111,2023-08-30,SUP138
PROD1310,STORE173,292,2024-05-20,SUP126
PROD1394,STORE150,264,2023-02-21,SUP277
PROD1358,STORE197,104,2023-02-18,SUP155
PROD1204,STORE107,11,2024-09-22,SUP240
PROD1232,STORE162,96,2024-01-21,SUP224
PROD1494,STORE168,274,2023-07-14,SUP124
PROD1206,STORE140,243,2023-11-18,SUP285
PROD1220,STORE169,20,2024-03-04,SUP148
PROD1246,STORE108,432,2024-05-14,SUP163
PROD1294,STORE179,274,2024-01-21,SUP273
PROD1428,STORE136,59,2024-11-02,SUP111
PROD1487,STORE117,156,2025-05-03,SUP196
PROD1203,STORE178,363,2023-05-08,SUP189
PROD1002,STORE159,333,2024-04-04,SUP247
PROD1394,STORE134,371,2023-05-25,SUP131
PROD1107,STORE117,80,2024-07-27,SUP223
PROD1223,STORE153,276,2025-05-25,SUP289
PROD1489,STORE139,100,2024-07-22,SUP111
PROD1281,STORE141,301,2024-06-29,SUP279
PROD1478,STORE178,248,2023-04-18,SUP284
PROD1388,STORE118,381,2023-01-31,SUP124
PROD1023,STORE167,189,2024-07-08,SUP131
PROD1052,STORE174,126,2023-10-06,SUP279
PROD1197,STORE172,263,2024-10-06,SUP289
PROD1151,STORE179,465,2023-01-27,SUP270
PROD1313,STORE162,128,2024-05-18,SUP121
PROD1204,STORE197,18,2025-01-28,SUP177
PROD1219,STORE161,408,2023-04-09,SUP132
PROD1037,STORE153,182,2024-01-03,SUP296
PROD1286,STORE127,12,2023-04-11,SUP229
PROD1215,STORE134,110,2025-07-14,SUP297
PROD1064,STORE152,388,2024-11-28,SUP140
PROD1380,STORE144,285,2023-05-10,SUP157
PROD1495,STORE174,143,2023-02-28,SUP192
PROD1099,STORE156,35,2023-07-31,SUP270
PROD1413,STORE152,186,2023-02-07,SUP204
PROD1259,STORE179,391,2025-06-21,SUP111
PROD1228,STORE183,379,2023-07-01,SUP180
PROD1281,STORE112,380,2023-03-13,SUP275
PROD1219,STORE186,197,2024-07-28,SUP129
PROD1448,STORE162,303,2024-04-25,SUP111
PROD1428,STORE196,428,2024-08-16,SUP182
PROD1048,STORE193,186,2024-11-19,SUP106
PROD1223,STORE100,120,2024-12-21,SUP267
PROD1308,STORE144,255,2024-02-17,SUP191
PROD1405,STORE115,261,2024-04-12,SUP170
PROD1378,STORE180,151,2025-04-07,SUP277
PROD1467,STORE118,378,2023-07-09,SUP241
PROD1358,STORE104,336,2023-11-29,SUP176
PROD1269,STORE110,349,2024-06-03,SUP282
PROD1136,STORE172,193,2024-08-08,SUP283
PROD1097,STORE147,74,2023-07-29,SUP122
PROD1249,STORE174,3,2024-10-14,SUP223
PROD1424,STORE122,218,2024-08-06,SUP266
PROD1387,STORE135,18,2024-08-05,SUP147
PROD1030,STORE108,360,2023-08-04,SUP129
PROD1333,STORE122,37,2024-03-26,SUP201
PROD1479,STORE112,395,2025-06-22,SUP281
PROD1125,STORE131,416,2024-03-29,SUP257
PROD1148,STORE151,104,2025-06-12,SUP287
PROD1391,STORE143,388,2025-02-25,SUP102
PROD1410,STORE105,366,2024-06-23,SUP256
PROD1430,STORE179,167,2023-07-28,SUP157
PROD1119,STORE123,285,2025-07-27,SUP253
PROD1209,STORE126,58,2023-01-16,SUP106
PROD1460,STORE149,396,2023-01-06,SUP247
PROD1414,STORE151,324,2025-05-14,SUP184
PROD1192,STORE142,95,2024-11-20,SUP105
PROD1398,STORE110,315,2024-07-29,SUP104
PROD1256,STORE180,452,2025-03-20,SUP219
PROD1273,STORE173,382,2025-03-26,SUP289
PROD1139,STORE121,476,2024-10-05,SUP283
PROD1065,STORE134,461,2025-03-07,SUP146
PROD1426,STORE133,58,2023-01-28,SUP116
PROD1160,STORE146,130,2023-09-02,SUP273
PROD1197,STORE144,232,2024-01-25,SUP240
PROD1039,STORE177,194,2023-01-21,SUP163
PROD1067,STORE159,471,2025-03-17,SUP296
PROD1344,STORE125,72,2024-12-17,SUP194
PROD1337,STORE130,261,2025-01-21,SUP257
PROD1119,STORE178,214,2023-05-09,SUP197
PROD1016,STORE135,19,2023-02-03,SUP215
PROD1240,STORE143,219,2024-12-26,SUP260
PROD1017,STORE191,215,2023-07-09,SUP167
PROD1419,STORE140,320,2023-10-25,SUP170
PROD1281,STORE101,103,2025-01-07,SUP120
PROD1315,STORE156,197,2024-01-08,SUP210
PROD1028,STORE145,375,2025-06-25,SUP133
PROD1203,STORE130,399,2025-06-08,SUP236
PROD1163,STORE160,127,2023-08-28,SUP267
PROD1366,STORE187,493,2023-02-28,SUP249
PROD1432,STORE106,419,2024-05-09,SUP105
PROD1002,STORE102,181,2023-12-11,SUP126
PROD1013,STORE102,242,2025-03-10,SUP133
PROD1260,STORE118,97,2024-04-18,SUP292
PROD1303,STORE130,137,2024-08-04,SUP228
PROD1323,STORE141,491,2024-09-26,SUP179
PROD1093,STORE142,88,2025-05-09,SUP139
PROD1319,STORE130,38,2023-09-01,SUP250
PROD1228,STORE141,373,2024-06-07,SUP170
PROD1010,STORE142,227,2025-01-12,SUP164
PROD1496,STORE125,394,2025-06-16,SUP254
PROD1234,STORE133,460,2023-12-05,SUP173
PROD1079,STORE150,118,2023-11-19,SUP150
PROD1210,STORE146,331,2023-10-05,SUP246
PROD1012,STORE113,133,2024-01-04,SUP181
PROD1182,STORE177,433,2023-05-28,SUP188
PROD1164,STORE196,261,2024-08-24,SUP173
PROD1411,STORE123,178,2023-04-12,SUP121
PROD1232,STORE178,287,2023-01-17,SUP170
PROD1006,STORE162,487,2024-03-25,SUP171
PROD1370,STORE195,356,2023-02-19,SUP265
PROD1272,STORE166,427,2023-12-03,SUP130
PROD1405,STORE174,216,2025-01-21,SUP261
PROD1060,STORE127,360,2023-05-04,SUP279
PROD1495,STORE160,20,2024-11-12,SUP250
PROD1480,STORE195,117,2023-07-31,SUP203
PROD1258,STORE107,157,2023-05-12,SUP288
PROD1457,STORE199,12,2023-07-07,SUP296
PROD1317,STORE187,70,2024-09-09,SUP153
PROD1041,STORE160,231,2024-08-12,SUP153
PROD1438,STORE199,107,2025-02-07,SUP281
PROD1495,STORE194,379,2023-04-08,SUP114
PROD1315,STORE181,445,2024-07-17,SUP116
PROD1072,STORE157,54,2023-04-30,SUP138
PROD1205,STORE182,49,2025-03-12,SUP243
PROD1374,STORE108,68,2023-12-31,SUP102
PROD1441,STORE146,65,2023-10-19,SUP199
PROD1107,STORE130,318,2023-05-22,SUP250
PROD1416,STORE122,475,2024-08-02,SUP105
PROD1032,STORE127,240,2023-10-11,SUP115
PROD1009,STORE195,478,2024-12-24,SUP189
PROD1299,STORE164,352,2023-09-17,SUP191
PROD1376,STORE127,296,2025-04-26,SUP129
PROD1478,STORE176,489,2024-10-06,SUP231
PROD1129,STORE157,431,2023-02-03,SUP170
PROD1036,STORE188,13,2025-05-22,SUP162
PROD1457,STORE112,449,2023-12-20,SUP294
PROD1195,STORE118,389,2024-01-25,SUP109
PROD1424,STORE190,158,2025-03-15,SUP182
PROD1190,STORE109,83,2024-04-20,SUP100
PROD1157,STORE147,312,2023-11-18,SUP205
PROD1252,STORE197,210,2023-06-07,SUP102
PROD1414,STORE172,100,2023-06-28,SUP147
PROD1242,STORE169,189,2025-01-26,SUP184
PROD1323,STORE156,218,2024-05-27,SUP249
PROD1229,STORE178,13,2025-07-28,SUP226
PROD1349,STORE126,376,2024-05-29,SUP109
PROD1009,STORE162,1,2023-05-26,SUP244
PROD1434,STORE118,379,2024-03-09,SUP180
PROD1174,STORE142,401,2025-01-03,SUP192
PROD1020,STORE138,65,2023-07-21,SUP278
PROD1068,STORE132,403,2023-09-08,SUP117
PROD1410,STORE153,408,2023-04-01,SUP290
PROD1362,STORE198,351,2024-07-07,SUP242
PROD1272,STORE174,255,2024-08-21,SUP164
PROD1024,STORE145,392,2024-08-10,SUP171
PROD1288,STORE194,79,2023-05-21,SUP218
PROD1243,STORE152,266,2024-04-29,SUP220
PROD1406,STORE130,107,2024-06-02,SUP125
PROD1387,STORE185,218,2024-11-30,SUP114
PROD1410,STORE163,169,2025-04-09,SUP161
PROD1002,STORE100,485,2023-10-04,SUP202
PROD1241,STORE132,496,2023-04-04,SUP184
PROD1076,STORE137,94,2023-07-06,SUP298
PROD1358,STORE148,137,2025-07-02,SUP255
PROD1466,STORE140,146,2024-09-09,SUP131
PROD1479,STORE111,344,2023-01-26,SUP160
PROD1426,STORE103,273,2023-06-05,SUP262
PROD1084,STORE187,390,2023-11-15,SUP232
PROD1147,STORE185,374,2024-05-23,SUP153
PROD1087,STORE177,273,2023-09-05,SUP288
PROD1412,STORE140,486,2023-07-09,SUP202
PROD1279,STORE108,278,2025-07-19,SUP259
PROD1346,STORE126,135,2025-05-23,SUP127
PROD1462,STORE114,163,2025-03-11,SUP116
PROD1413,STORE109,170,2024-11-28,SUP294
PROD1086,STORE186,266,2025-06-30,SUP145
PROD1360,STORE174,180,2025-01-30,SUP146
PROD1305,STORE100,228,2024-08-08,SUP181
PROD1117,STORE162,66,2025-07-04,SUP211
PROD1450,STORE174,269,2024-09-03,SUP122
PROD1056,STORE187,77,2024-01-18,SUP198
PROD1102,STORE194,43,2025-05-12,SUP177
PROD1390,STORE151,361,2024-06-18,SUP149
PROD1199,STORE125,84,2023-02-22,SUP131
PROD1041,STORE140,380,2023-08-29,SUP130
PROD1309,STORE192,180,2024-07-09,SUP192
PROD1478,STORE141,49,2024-03-22,SUP105
PROD1386,STORE190,305,2024-07-10,SUP193
PROD1296,STORE179,58,2024-05-19,SUP233
PROD1013,STORE152,451,2023-02-01,SUP151
PROD1341,STORE103,305,2024-12-06,SUP164
PROD1034,STORE199,290,2024-12-29,SUP115
PROD1384,STORE183,96,2024-08-10,SUP195
PROD1191,STORE116,138,2023-01-09,SUP288
PROD1084,STORE181,152,2024-11-12,SUP179
PROD1345,STORE119,454,2024-12-07,SUP281
PROD1250,STORE110,241,2024-10-18,SUP109
PROD1379,STORE183,24,2024-10-04,SUP250
PROD1345,STORE174,165,2023-04-22,SUP175
PROD1122,STORE176,245,2023-08-17,SUP236
PROD1469,STORE172,105,2023-02-23,SUP280
PROD1237,STORE161,331,2025-07-19,SUP218
PROD1446,STORE198,39,2023-01-19,SUP284
PROD1235,STORE142,97,2024-01-05,SUP107
PROD1303,STORE181,431,2023-08-10,SUP190
PROD1121,STORE102,389,2025-05-05,SUP248
PROD1409,STORE113,357,2025-05-12,SUP229
PROD1029,STORE187,125,2023-02-24,SUP149
PROD1370,STORE156,215,2025-05-31,SUP149
PROD1175,STORE149,282,2024-12-08,SUP106
PROD1062,STORE186,24,2024-04-27,SUP123
PROD1446,STORE180,91,2023-02-19,SUP152
PROD1392,STORE113,360,2025-04-02,SUP242
PROD1263,STORE112,376,2024-07-27,SUP268
PROD1480,STORE170,100,2024-12-05,SUP130
PROD1008,STORE165,366,2025-07-23,SUP241
PROD1062,STORE156,278,2025-02-05,SUP264
PROD1435,STORE199,17,2025-05-26,SUP133
PROD1401,STORE187,363,2023-09-08,SUP182
PROD1387,STORE130,129,2023-09-21,SUP225
PROD1474,STORE135,14,2025-01-17,SUP164
PROD1036,STORE122,499,2025-05-13,SUP111
PROD1105,STORE183,5,2023-05-18,SUP274
PROD1284,STORE136,300,2023-12-08,SUP132
PROD1083,STORE167,110,2023-11-07,SUP175
PROD1320,STORE121,283,2023-08-16,SUP117
PROD1437,STORE128,368,2024-03-26,SUP164
PROD1026,STORE158,191,2023-01-07,SUP176
PROD1126,STORE159,388,2023-01-10,SUP115
PROD1140,STORE180,193,2024-08-04,SUP253
PROD1207,STORE152,236,2024-08-16,SUP265
PROD1388,STORE159,471,2023-09-21,SUP172
PROD1465,STORE107,148,2024-04-03,SUP291
PROD1280,STORE181,225,2025-05-27,SUP114
PROD1238,STORE189,89,2025-07-01,SUP261
PROD1265,STORE110,379,2023-12-07,SUP200
PROD1291,STORE140,237,2024-01-20,SUP275
PROD1311,STORE177,401,2024-02-29,SUP138
PROD1433,STORE136,226,2023-12-02,SUP271
PROD1227,STORE199,61,2023-09-15,SUP181
PROD1368,STORE197,29,2023-02-02,SUP295
PROD1336,STORE159,418,2023-04-17,SUP201
PROD1121,STORE182,57,2023-01-19,SUP228
PROD1052,STORE151,0,2025-02-21,SUP207
PROD1129,STORE119,4,2023-12-15,SUP227
PROD1282,STORE167,494,2024-05-09,SUP178
PROD1362,STORE108,170,2024-10-03,SUP165
PROD1149,STORE100,61,2024-03-26,SUP298
PROD1239,STORE156,158,2023-07-08,SUP178
PROD1003,STORE196,56,2024-10-11,SUP235
PROD1248,STORE168,369,2023-09-07,SUP121
PROD1016,STORE182,394,2023-04-10,SUP120
PROD1141,STORE139,438,2023-03-06,SUP190
PROD1279,STORE170,212,2023-05-15,SUP241
PROD1423,STORE199,121,2023-09-19,SUP277
PROD1072,STORE168,197,2024-03-13,SUP218
PROD1467,STORE154,154,2024-12-18,SUP281
PROD1109,STORE193,405,2023-01-15,SUP188
PROD1181,STORE187,341,2023-04-26,SUP125
PROD1024,STORE137,486,2024-05-28,SUP141
PROD1071,STORE156,422,2024-05-23,SUP246
PROD1085,STORE125,237,2023-10-15,SUP281
PROD1365,STORE179,162,2024-07-19,SUP186
PROD1269,STORE105,97,2025-03-17,SUP262
PROD1474,STORE192,120,2024-08-26,SUP267
PROD1008,STORE153,212,2024-09-20,SUP214
PROD1416,STORE148,390,2024-11-01,SUP253
PROD1017,STORE174,192,2023-11-11,SUP266
PROD1208,STORE109,94,2023-08-14,SUP129
PROD1297,STORE111,271,2025-05-21,SUP192
PROD1040,STORE173,303,2025-01-24,SUP261
PROD1068,STORE164,355,2023-05-01,SUP129
PROD1229,STORE124,381,2024-11-15,SUP291
PROD1162,STORE103,253,2025-06-20,SUP264
PROD1009,STORE196,447,2025-02-11,SUP203
PROD1096,STORE136,131,2023-06-24,SUP199
PROD1097,STORE126,164,2024-11-13,SUP270
PROD1346,STORE173,199,2025-07-21,SUP277
PROD1455,STORE125,334,2024-10-26,SUP276
PROD1210,STORE120,477,2023-05-16,SUP171
PROD1104,STORE135,352,2024-09-29,SUP259
PROD1493,STORE169,250,2024-12-13,SUP132
PROD1225,STORE161,349,2025-01-10,SUP222
PROD1008,STORE140,40,2023-01-04,SUP116
PROD1092,STORE110,20,2023-06-13,SUP120
PROD1253,STORE124,381,2023-04-22,SUP103
PROD1279,STORE187,404,2024-09-13,SUP134
PROD1491,STORE123,184,2023-04-03,SUP110
PROD1063,STORE135,185,2025-04-04,SUP144
PROD1161,STORE117,82,2024-10-19,SUP199
PROD1499,STORE197,407,2024-10-24,SUP139
PROD1479,STORE173,417,2024-08-07,SUP234
PROD1429,STORE120,358,2025-07-16,SUP259
PROD1010,STORE156,177,2024-07-29,SUP268
PROD1232,STORE184,215,2025-07-13,SUP107
PROD1092,STORE139,34,2025-03-16,SUP164
PROD1185,STORE187,452,2025-04-26,SUP188
PROD1268,STORE167,418,2023-10-30,SUP254
PROD1124,STORE146,382,2024-06-16,SUP285
PROD1051,STORE182,495,2024-04-24,SUP121
PROD1159,STORE152,488,2025-04-05,SUP138
PROD1121,STORE103,422,2024-02-20,SUP272
PROD1275,STORE110,446,2023-01-11,SUP140
PROD1048,STORE149,475,2025-06-04,SUP134
PROD1211,STORE146,13,2023-05-18,SUP231
PROD1392,STORE159,4,2023-08-24,SUP149
PROD1093,STORE101,417,2025-05-27,SUP272
PROD1164,STORE155,419,2024-08-05,SUP160
PROD1384,STORE137,302,2025-03-11,SUP153
PROD1138,STORE111,419,2023-07-30,SUP189
PROD1131,STORE145,384,2025-03-29,SUP182
PROD1446,STORE100,138,2024-05-09,SUP177
PROD1380,STORE133,212,2025-04-24,SUP169
PROD1202,STORE109,21,2025-06-11,SUP189
PROD1411,STORE158,421,2024-03-14,SUP170
PROD1396,STORE130,64,2024-09-24,SUP198
PROD1128,STORE143,181,2024-07-31,SUP297
PROD1257,STORE171,312,2025-03-14,SUP141
PROD1400,STORE198,204,2024-03-13,SUP268
PROD1475,STORE182,301,2023-09-14,SUP265
PROD1136,STORE120,240,2023-08-29,SUP191
PROD1468,STORE122,130,2024-08-20,SUP219
PROD1229,STORE190,177,2025-01-28,SUP174
PROD1071,STORE113,377,2024-06-22,SUP201
PROD1040,STORE155,440,2023-01-25,SUP279
PROD1328,STORE128,443,2024-10-23,SUP209
PROD1431,STORE163,281,2025-02-15,SUP212
PROD1407,STORE154,30,2024-02-14,SUP276
PROD1493,STORE159,326,2024-01-22,SUP116
PROD1240,STORE116,93,2025-06-18,SUP256
PROD1305,STORE177,496,2023-05-28,SUP105
PROD1450,STORE134,346,2024-10-08,SUP148
PROD1350,STORE185,67,2023-12-12,SUP284
PROD1130,STORE177,241,2023-04-29,SUP189
PROD1393,STORE119,71,2023-09-10,SUP201
PROD1001,STORE163,263,2023-03-21,SUP261
PROD1161,STORE127,85,2023-08-01,SUP287
PROD1274,STORE172,186,2024-01-11,SUP278
PROD1127,STORE108,29,2025-02-09,SUP217
PROD1028,STORE187,137,2024-03-23,SUP114
PROD1231,STORE126,236,2023-05-20,SUP220
PROD1029,STORE105,246,2024-10-22,SUP226
PROD1209,STORE112,73,2023-07-03,SUP173
PROD1426,STORE185,206,2023-04-30,SUP263
PROD1090,STORE181,134,2023-03-24,SUP125
PROD1472,STORE129,402,2024-05-08,SUP170
PROD1355,STORE146,26,2023-02-24,SUP110
PROD1162,STORE127,474,2023-12-05,SUP238
PROD1381,STORE144,492,2023-03-16,SUP168
PROD1340,STORE195,346,2024-05-14,SUP115
PROD1342,STORE128,155,2023-04-06,SUP225
PROD1009,STORE178,437,2025-07-04,SUP117
PROD1276,STORE131,467,2024-02-20,SUP264
PROD1325,STORE157,470,2024-07-22,SUP213
PROD1356,STORE144,403,2023-04-21,SUP182
PROD1299,STORE132,274,2024-12-16,SUP231
PROD1158,STORE123,379,2023-08-16,SUP143
PROD1165,STORE115,464,2023-04-13,SUP170
PROD1143,STORE134,246,2023-12-27,SUP294
PROD1184,STORE109,328,2024-07-24,SUP239
PROD1411,STORE122,390,2024-06-15,SUP224
PROD1203,STORE116,377,2023-10-16,SUP182
PROD1048,STORE137,418,2024-10-12,SUP244
PROD1475,STORE138,101,2025-07-06,SUP200
PROD1345,STORE187,238,2024-03-07,SUP281
PROD1191,STORE134,70,2024-11-14,SUP277
PROD1116,STORE189,294,2023-11-07,SUP119
PROD1197,STORE125,487,2023-09-28,SUP272
PROD1132,STORE119,266,2024-12-09,SUP231
PROD1170,STORE130,19,2025-04-01,SUP274
PROD1140,STORE109,486,2023-05-11,SUP283
PROD1258,STORE196,331,2023-02-12,SUP191
PROD1099,STORE139,284,2024-02-23,SUP189
PROD1440,STORE183,361,2023-11-29,SUP101
PROD1467,STORE121,416,2023-04-25,SUP263
PROD1101,STORE171,408,2023-12-02,SUP284
PROD1370,STORE137,156,2024-08-02,SUP229
PROD1468,STORE181,392,2023-12-05,SUP156
PROD1361,STORE185,353,2024-02-16,SUP140
PROD1168,STORE110,397,2023-07-24,SUP240
PROD1304,STORE174,446,2023-03-25,SUP254
PROD1150,STORE110,22,2025-06-11,SUP256
PROD1331,STORE180,402,2023-06-29,SUP281
PROD1314,STORE192,125,2023-12-27,SUP178
PROD1407,STORE196,400,2023-06-17,SUP224
PROD1301,STORE124,347,2024-07-21,SUP108
PROD1105,STORE122,376,2024-09-08,SUP255
PROD1355,STORE107,51,2024-11-25,SUP217
PROD1389,STORE121,43,2024-11-03,SUP123
PROD1168,STORE122,339,2023-02-06,SUP131
PROD1174,STORE171,14,2025-03-16,SUP134
PROD1092,STORE188,195,2023-11-20,SUP137
PROD1081,STORE117,264,2023-03-06,SUP261
PROD1363,STORE106,147,2024-03-03,SUP210
PROD1403,STORE199,322,2025-01-18,SUP298
PROD1381,STORE103,480,2024-12-09,SUP126
PROD1317,STORE110,311,2025-01-04,SUP139
PROD1132,STORE161,228,2024-06-16,SUP289
PROD1292,STORE123,471,2024-07-12,SUP226
PROD1047,STORE139,286,2024-11-13,SUP100
PROD1183,STORE105,272,2023-01-09,SUP103
PROD1242,STORE139,253,2024-02-10,SUP282
PROD1486,STORE166,251,2024-10-21,SUP293
PROD1279,STORE124,7,2024-10-16,SUP244
PROD1094,STORE104,83,2023-05-10,SUP269
PROD1128,STORE171,432,2025-06-19,SUP233
PROD1038,STORE113,457,2024-07-17,SUP172
PROD1460,STORE172,425,2025-02-15,SUP174
PROD1012,STORE108,189,2023-04-09,SUP263
PROD1020,STORE161,416,2025-02-11,SUP212
PROD1289,STORE142,51,2024-05-15,SUP192
PROD1452,STORE178,314,2023-08-11,SUP178
PROD1002,STORE195,53,2024-11-10,SUP223
PROD1228,STORE189,403,2024-01-10,SUP279
PROD1030,STORE104,180,2023-10-21,SUP164
PROD1053,STORE193,394,2023-01-10,SUP168
PROD1184,STORE197,162,2025-02-04,SUP118
PROD1231,STORE129,105,2024-05-02,SUP224
PROD1231,STORE166,61,2024-01-25,SUP229
PROD1354,STORE161,369,2023-02-02,SUP103
PROD1028,STORE150,371,2023-01-27,SUP243
PROD1239,STORE144,118,2024-01-23,SUP265
PROD1426,STORE141,302,2024-09-10,SUP227
PROD1381,STORE103,103,2023-02-21,SUP281
PROD1486,STORE111,477,2023-08-30,SUP141
PROD1280,STORE160,405,2025-05-20,SUP101
PROD1143,STORE196,433,2023-10-08,SUP110
PROD1144,STORE178,256,2024-06-24,SUP291
PROD1059,STORE111,241,2025-04-28,SUP215
PROD1206,STORE168,217,2023-09-18,SUP204
PROD1054,STORE129,393,2025-03-09,SUP271
PROD1278,STORE111,31,2025-06-10,SUP164
PROD1272,STORE198,89,2024-04-19,SUP264
PROD1031,STORE114,425,2023-10-21,SUP263
PROD1331,STORE158,41,2023-04-28,SUP237
PROD1027,STORE144,340,2023-08-04,SUP233
PROD1030,STORE160,88,2024-10-24,SUP180
PROD1286,STORE157,365,2024-02-23,SUP199
PROD1427,STORE112,219,2023-05-04,SUP250
PROD1226,STORE154,476,2024-04-09,SUP176
PROD1281,STORE163,397,2025-01-30,SUP199
PROD1301,STORE162,128,2024-12-30,SUP283
PROD1213,STORE134,440,2024-12-07,SUP294
PROD1139,STORE186,462,2023-12-11,SUP130
PROD1077,STORE195,219,2023-06-21,SUP287
PROD1109,STORE103,22,2024-04-02,SUP288
PROD1267,STORE193,380,2023-10-08,SUP131
PROD1250,STORE149,343,2023-03-09,SUP173
PROD1351,STORE192,67,2023-11-21,SUP102
PROD1076,STORE103,470,2025-02-12,SUP255
PROD1364,STORE139,361,2025-07-05,SUP221
PROD1382,STORE192,124,2024-04-26,SUP257
PROD1341,STORE196,111,2024-06-26,SUP120
PROD1259,STORE186,103,2025-02-22,SUP165
PROD1118,STORE130,36,2025-05-25,SUP270
PROD1354,STORE190,177,2023-09-09,SUP266
PROD1120,STORE161,155,2024-07-28,SUP207
PROD1026,STORE172,440,2023-03-25,SUP255
PROD1125,STORE100,338,2023-10-15,SUP140
PROD1170,STORE128,99,2025-01-02,SUP209
PROD1402,STORE136,425,2023-07-17,SUP271
PROD1440,STORE157,1,2023-04-03,SUP172
PROD1085,STORE196,166,2024-05-03,SUP209
PROD1349,STORE120,71,2023-01-29,SUP297
PROD1024,STORE119,491,2023-02-11,SUP278
PROD1227,STORE147,345,2023-11-07,SUP215
PROD1410,STORE140,46,2025-07-07,SUP143
PROD1229,STORE190,266,2025-03-18,SUP141
PROD1112,STORE123,368,2023-07-13,SUP286
PROD1347,STORE119,173,2025-07-19,SUP178
PROD1117,STORE185,172,2025-01-09,SUP170
PROD1104,STORE160,117,2024-12-26,SUP193
PROD1285,STORE169,245,2023-04-23,SUP149
PROD1026,STORE109,347,2024-01-20,SUP254
PROD1211,STORE111,266,2023-10-27,SUP297
PROD1346,STORE191,259,2024-05-17,SUP163
PROD1215,STORE140,88,2023-05-02,SUP220
PROD1364,STORE102,390,2024-07-26,SUP210
PROD1206,STORE190,11,2023-10-17,SUP123
PROD1011,STORE109,21,2025-02-21,SUP157
PROD1139,STORE172,377,2023-06-30,SUP222
PROD1452,STORE150,64,2023-11-18,SUP119
PROD1181,STORE183,234,2023-03-05,SUP109
PROD1244,STORE135,211,2023-04-08,SUP184
PROD1111,STORE119,276,2023-01-19,SUP121
PROD1032,STORE140,345,2024-05-19,SUP258
PROD1337,STORE149,184,2023-08-08,SUP100
PROD1337,STORE110,8,2024-09-13,SUP251
PROD1179,STORE142,365,2025-05-21,SUP259
PROD1362,STORE150,227,2023-12-05,SUP255
PROD1348,STORE172,275,2024-02-23,SUP296
PROD1486,STORE156,415,2023-09-05,SUP215
PROD1350,STORE163,139,2023-01-23,SUP199
PROD1037,STORE118,118,2025-05-12,SUP290
PROD1296,STORE129,307,2024-11-05,SUP206
PROD1189,STORE165,247,2025-01-31,SUP280
PROD1122,STORE155,88,2023-09-06,SUP211
PROD1268,STORE125,165,2023-08-30,SUP173
PROD1208,STORE135,476,2024-05-14,SUP280
PROD1130,STORE188,373,2025-02-06,SUP292
PROD1459,STORE147,49,2024-05-08,SUP196
PROD1397,STORE149,436,2025-02-13,SUP253
PROD1263,STORE121,272,2025-02-22,SUP142
PROD1279,STORE105,217,2023-12-04,SUP297
PROD1499,STORE153,219,2024-06-16,SUP105
PROD1112,STORE149,176,2025-02-12,SUP221
PROD1046,STORE163,306,2024-08-29,SUP182
PROD1438,STORE160,72,2023-07-09,SUP228
PROD1043,STORE127,389,2024-10-06,SUP195
PROD1321,STORE188,483,2023-11-29,SUP111
PROD1082,STORE181,424,2023-09-02,SUP157
PROD1198,STORE137,256,2024-05-07,SUP114
PROD1363,STORE107,406,2023-02-27,SUP138
PROD1080,STORE143,305,2024-11-14,SUP268
PROD1407,STORE166,372,2024-11-27,SUP256
PROD1306,STORE110,328,2024-09-30,SUP250
PROD1298,STORE149,439,2023-12-10,SUP290
PROD1290,STORE144,164,2025-01-01,SUP276
PROD1415,STORE166,83,2025-04-10,SUP244
PROD1359,STORE169,403,2025-04-16,SUP221
PROD1418,STORE140,16,2024-08-02,SUP294
PROD1319,STORE198,163,2024-12-07,SUP287
PROD1213,STORE180,121,2025-05-26,SUP277
PROD1437,STORE111,16,2025-05-29,SUP256
PROD1468,STORE127,263,2024-09-06,SUP192
PROD1093,STORE192,19,2023-02-25,SUP287
PROD1469,STORE152,204,2025-05-12,SUP203
PROD1047,STORE119,158,2024-10-15,SUP256
PROD1384,STORE137,95,2025-03-08,SUP165
PROD1356,STORE194,160,2023-01-30,SUP131
PROD1246,STORE192,206,2025-02-27,SUP106
PROD1492,STORE152,0,2025-02-09,SUP227
PROD1449,STORE117,63,2023-12-06,SUP299
PROD1171,STORE171,194,2025-07-08,SUP105
PROD1406,STORE114,450,2023-01-17,SUP131
PROD1361,STORE100,206,2025-01-28,SUP237
PROD1241,STORE110,161,2024-05-21,SUP276
PROD1120,STORE147,407,2024-11-14,SUP147
PROD1417,STORE150,496,2024-07-01,SUP184
PROD1027,STORE116,322,2024-07-06,SUP225
PROD1141,STORE137,212,2025-07-14,SUP237
PROD1192,STORE157,13,2024-12-19,SUP298
PROD1486,STORE128,377,2024-03-11,SUP177
PROD1087,STORE148,171,2024-05-31,SUP173
PROD1400,STORE116,269,2024-06-13,SUP299
PROD1119,STORE163,290,2023-10-30,SUP294
PROD1030,STORE141,320,2025-02-11,SUP130
PROD1144,STORE147,76,2025-06-05,SUP230
PROD1324,STORE195,184,2024-12-21,SUP110
PROD1321,STORE132,83,2023-01-18,SUP208
PROD1178,STORE138,469,2023-03-15,SUP208
PROD1104,STORE175,324,2024-07-21,SUP199
PROD1394,STORE163,170,2023-03-28,SUP185
PROD1116,STORE125,263,2024-09-10,SUP253
PROD1166,STORE128,326,2024-03-12,SUP154
PROD1250,STORE158,239,2025-07-09,SUP160
PROD1027,STORE105,19,2023-01-18,SUP217
PROD1143,STORE178,490,2024-06-22,SUP214
PROD1346,STORE166,408,2023-10-06,SUP207
PROD1497,STORE108,39,2025-05-14,SUP209
PROD1050,STORE126,417,2023-01-26,SUP142
PROD1483,STORE153,293,2023-01-15,SUP118
PROD1002,STORE137,172,2025-05-24,SUP149
PROD1230,STORE120,298,2023-08-14,SUP180
PROD1486,STORE147,143,2023-02-13,SUP100
PROD1290,STORE110,230,2025-06-04,SUP165
PROD1388,STORE195,448,2023-12-04,SUP111
PROD1086,STORE119,362,2023-01-26,SUP100
PROD1364,STORE139,83,2025-07-04,SUP251
PROD1021,STORE148,385,2024-10-25,SUP151
PROD1417,STORE158,309,2024-10-03,SUP103
PROD1093,STORE156,129,2023-09-27,SUP264
PROD1444,STORE129,19,2024-05-19,SUP269
PROD1093,STORE128,45,2024-09-16,SUP130
PROD1068,STORE125,232,2024-11-13,SUP124
PROD1396,STORE126,316,2025-04-27,SUP298
PROD1343,STORE128,483,2024-02-24,SUP272
PROD1201,STORE166,246,2023-09-23,SUP289
PROD1014,STORE131,133,2024-09-29,SUP249
PROD1240,STORE173,82,2023-01-30,SUP175
PROD1382,STORE137,221,2025-03-09,SUP107
PROD1341,STORE124,41,2025-05-26,SUP168
PROD1133,STORE192,131,2024-05-11,SUP274
PROD1137,STORE150,417,2025-02-03,SUP266
PROD1218,STORE106,443,2023-10-15,SUP115
PROD1298,STORE129,237,2024-03-21,SUP198
PROD1472,STORE174,84,2024-06-22,SUP178
PROD1078,STORE144,135,2024-05-22,SUP227
PROD1221,STORE179,208,2024-05-22,SUP299
PROD1154,STORE193,224,2024-02-20,SUP231
PROD1211,STORE138,155,2024-02-24,SUP106
PROD1137,STORE138,150,2024-05-28,SUP244
PROD1317,STORE195,244,2025-07-07,SUP231
PROD1366,STORE107,207,2024-07-10,SUP103
PROD1404,STORE124,97,2023-08-12,SUP185
PROD1276,STORE159,252,2023-11-16,SUP184
PROD1219,STORE135,199,2024-04-30,SUP179
PROD1388,STORE197,174,2024-01-01,SUP125
PROD1372,STORE108,446,2024-01-01,SUP187
PROD1460,STORE135,398,2025-07-24,SUP190
PROD1054,STORE175,249,2024-09-01,SUP190
PROD1056,STORE183,38,2023-06-29,SUP285
PROD1203,STORE132,259,2025-05-14,SUP267
PROD1335,STORE159,287,2024-11-03,SUP181
PROD1040,STORE151,402,2024-08-05,SUP120
PROD1415,STORE172,425,2023-12-24,SUP196
PROD1288,STORE195,209,2023-08-19,SUP281
PROD1259,STORE145,211,2023-02-27,SUP211
PROD1144,STORE146,112,2023-05-01,SUP267
PROD1129,STORE195,269,2024-08-14,SUP278
PROD1386,STORE157,440,2023-01-27,SUP204
PROD1381,STORE113,114,2023-12-19,SUP174
PROD1491,STORE156,385,2023-06-05,SUP269
PROD1494,STORE175,95,2024-01-05,SUP298
PROD1391,STORE113,466,2024-07-02,SUP128
PROD1225,STORE157,407,2025-01-19,SUP198
PROD1201,STORE189,36,2024-07-18,SUP167
PROD1180,STORE126,179,2025-01-17,SUP219
PROD1098,STORE143,159,2023-10-28,SUP141
PROD1433,STORE165,474,2024-02-02,SUP281
PROD1397,STORE194,446,2025-01-05,SUP279
PROD1416,STORE176,233,2024-10-03,SUP132
PROD1377,STORE155,52,2024-04-15,SUP119
PROD1195,STORE122,268,2024-04-03,SUP128
PROD1297,STORE144,352,2024-05-12,SUP184
PROD1357,STORE119,214,2023-01-28,SUP241
PROD1384,STORE110,239,2024-10-09,SUP247
PROD1166,STORE199,272,2024-06-01,SUP250
PROD1040,STORE158,150,2024-12-24,SUP290
PROD1238,STORE177,38,2023-05-05,SUP214
PROD1313,STORE182,252,2025-04-18,SUP253
PROD1179,STORE115,277,2024-10-04,SUP240
PROD1091,STORE127,84,2024-03-07,SUP269
PROD1322,STORE128,251,2023-01-25,SUP134
PROD1253,STORE132,62,2025-03-12,SUP111
PROD1112,STORE181,211,2025-01-21,SUP216
PROD1489,STORE113,50,2024-08-21,SUP271
PROD1475,STORE198,43,2024-06-29,SUP217
PROD1044,STORE140,209,2024-01-15,SUP194
PROD1445,STORE186,69,2023-11-10,SUP241
PROD1020,STORE131,417,2023-12-08,SUP291
PROD1372,STORE104,242,2024-03-03,SUP143
PROD1262,STORE129,452,2023-02-27,SUP184
PROD1094,STORE174,218,2023-02-20,SUP232
PROD1326,STORE111,424,2024-12-28,SUP189
PROD1199,STORE113,372,2023-11-05,SUP110
PROD1342,STORE132,262,2025-04-08,SUP215
PROD1465,STORE179,414,2023-06-03,SUP233
PROD1190,STORE101,318,2023-10-12,SUP275
PROD1159,STORE127,125,2025-06-29,SUP221
PROD1314,STORE196,412,2025-02-26,SUP163
PROD1076,STORE167,367,2024-05-16,SUP218
PROD1154,STORE190,333,2025-05-11,SUP152
PROD1493,STORE131,77,2025-05-14,SUP257
PROD1285,STORE197,211,2023-12-11,SUP110
PROD1149,STORE134,303,2023-07-29,SUP260
PROD1089,STORE185,4,2024-09-07,SUP179
PROD1423,STORE156,107,2025-05-26,SUP121
PROD1464,STORE191,380,2025-05-22,SUP131
PROD1412,STORE139,221,2025-06-17,SUP134
PROD1179,STORE174,76,2023-08-21,SUP119
PROD1266,STORE188,42,2024-08-10,SUP139
PROD1184,STORE177,333,2024-08-07,SUP232
PROD1167,STORE154,89,2023-02-14,SUP122
PROD1343,STORE189,447,2023-01-14,SUP215
PROD1494,STORE188,340,2024-07-14,SUP165
PROD1281,STORE117,409,2025-03-18,SUP125
PROD1394,STORE199,38,2024-05-27,SUP206
PROD1450,STORE199,354,2024-07-25,SUP199
PROD1047,STORE123,291,2023-12-29,SUP251
PROD1244,STORE187,152,2024-07-09,SUP174
PROD1067,STORE149,455,2023-05-28,SUP195
PROD1425,STORE190,482,2024-11-01,SUP291
PROD1033,STORE197,347,2024-10-28,SUP284
PROD1188,STORE129,414,2025-01-22,SUP281
PROD1233,STORE162,430,2025-07-22,SUP126
PROD1057,STORE155,245,2024-07-16,SUP197
PROD1110,STORE142,251,2024-04-08,SUP160
PROD1413,STORE104,1,2025-03-14,SUP120
PROD1227,STORE110,473,2024-03-02,SUP283
PROD1380,STORE188,134,2025-01-02,SUP173
PROD1151,STORE185,6,2024-07-21,SUP206
PROD1132,STORE113,284,2024-07-22,SUP292
PROD1207,STORE141,35,2024-06-22,SUP162
PROD1458,STORE151,173,2024-11-18,SUP153
PROD1430,STORE152,459,2025-07-26,SUP228
PROD1151,STORE115,432,2025-03-12,SUP192
PROD1279,STORE134,147,2025-04-20,SUP210
PROD1284,STORE132,478,2023-08-11,SUP182
PROD1081,STORE165,62,2023-06-08,SUP242
PROD1440,STORE152,448,2024-02-13,SUP133
PROD1443,STORE150,262,2024-09-25,SUP130
PROD1410,STORE116,295,2025-04-24,SUP195
PROD1173,STORE112,356,2024-11-05,SUP267
PROD1257,STORE117,167,2025-03-10,SUP129
PROD1383,STORE194,155,2024-03-10,SUP195
PROD1232,STORE173,215,2024-12-25,SUP136
PROD1152,STORE182,49,2023-01-06,SUP192
PROD1237,STORE169,252,2023-08-22,SUP102
PROD1352,STORE150,452,2024-03-05,SUP133
PROD1253,STORE162,4,2025-06-20,SUP116
PROD1031,STORE117,301,2023-01-17,SUP170
PROD1032,STORE153,438,2025-02-28,SUP283
PROD1011,STORE167,392,2024-06-01,SUP177
PROD1231,STORE141,470,2025-02-08,SUP272
PROD1060,STORE188,187,2023-08-19,SUP216
PROD1183,STORE164,359,2025-03-02,SUP258
PROD1283,STORE117,148,2023-09-06,SUP246
PROD1373,STORE126,381,2025-01-08,SUP185
PROD1258,STORE157,169,2025-05-02,SUP295
PROD1161,STORE122,307,2023-12-06,SUP123
PROD1288,STORE150,46,2025-01-14,SUP160
PROD1334,STORE146,156,2024-05-15,SUP155
PROD1065,STORE149,11,2023-05-05,SUP170
PROD1167,STORE112,113,2024-07-15,SUP289
PROD1461,STORE199,69,2024-09-01,SUP210
PROD1083,STORE197,420,2025-07-08,SUP176
PROD1313,STORE198,98,2024-06-11,SUP108
PROD1188,STORE158,85,2023-06-10,SUP264
PROD1461,STORE183,251,2024-07-02,SUP105
PROD1164,STORE165,295,2023-09-28,SUP128
PROD1309,STORE126,217,2024-10-05,SUP196
PROD1312,STORE166,412,2024-05-10,SUP228
PROD1433,STORE129,374,2024-05-18,SUP265
PROD1341,STORE183,368,2023-11-30,SUP199
PROD1001,STORE189,41,2023-10-24,SUP128
PROD1254,STORE140,461,2024-03-17,SUP158
PROD1403,STORE161,204,2024-11-29,SUP155
PROD1247,STORE167,29,2024-11-03,SUP181
PROD1451,STORE107,176,2025-03-30,SUP207
PROD1416,STORE191,357,2025-05-30,SUP209
PROD1407,STORE117,256,2023-12-22,SUP288
PROD1470,STORE186,61,2023-05-09,SUP213
PROD1002,STORE143,490,2024-12-07,SUP298
PROD1453,STORE129,258,2024-08-01,SUP194
PROD1272,STORE162,321,2025-02-12,SUP229
PROD1110,STORE195,359,2024-10-16,SUP154
PROD1084,STORE173,335,2025-02-21,SUP157
PROD1228,STORE196,421,2024-04-18,SUP209
PROD1163,STORE165,406,2023-12-02,SUP162
PROD1131,STORE174,40,2023-12-06,SUP246
PROD1489,STORE141,180,2023-04-26,SUP238
PROD1066,STORE179,6,2025-07-25,SUP202
PROD1279,STORE128,9,2024-05-26,SUP216
PROD1440,STORE117,367,2025-01-21,SUP213
PROD1303,STORE109,471,2023-05-10,SUP122
PROD1050,STORE159,463,2023-05-29,SUP267
PROD1170,STORE152,97,2023-10-31,SUP245
PROD1044,STORE156,293,2024-09-02,SUP140
PROD1019,STORE170,448,2024-12-15,SUP127
PROD1482,STORE114,460,2023-11-08,SUP261
PROD1182,STORE152,333,2024-02-13,SUP255
PROD1411,STORE124,383,2023-06-25,SUP252
PROD1320,STORE153,209,2025-07-15,SUP256
PROD1182,STORE117,194,2025-01-24,SUP262
PROD1054,STORE102,492,2025-03-27,SUP153
PROD1237,STORE149,93,2023-07-24,SUP267
PROD1364,STORE150,305,2023-07-28,SUP144
PROD1368,STORE138,161,2024-03-05,SUP294
PROD1042,STORE110,107,2025-05-01,SUP224
PROD1085,STORE174,242,2023-12-03,SUP217
PROD1277,STORE113,46,2025-01-10,SUP102
PROD1162,STORE124,377,2025-03-06,SUP172
PROD1492,STORE128,472,2025-07-27,SUP264
PROD1427,STORE133,242,2023-06-05,SUP192
PROD1428,STORE184,233,2025-05-02,SUP113
PROD1123,STORE115,205,2024-09-18,SUP224
PROD1317,STORE169,139,2023-02-08,SUP288
PROD1105,STORE160,413,2023-01-14,SUP171
PROD1314,STORE110,284,2024-07-21,SUP215
PROD1124,STORE122,457,2024-09-04,SUP253
PROD1408,STORE183,420,2025-02-04,SUP247
PROD1265,STORE199,412,2023-01-30,SUP245
PROD1475,STORE113,336,2024-12-18,SUP290
PROD1058,STORE116,180,2023-01-08,SUP103
PROD1207,STORE187,363,2024-01-29,SUP247
PROD1153,STORE179,381,2024-07-10,SUP202
PROD1402,STORE113,86,2024-03-22,SUP262
PROD1451,STORE177,248,2025-02-26,SUP283
PROD1194,STORE194,356,2025-04-03,SUP187
PROD1093,STORE116,340,2023-09-02,SUP174
PROD1341,STORE127,166,2024-04-02,SUP292
PROD1242,STORE168,22,2025-05-09,SUP164
PROD1015,STORE145,461,2024-06-25,SUP195
PROD1321,STORE160,235,2023-04-06,SUP211
PROD1254,STORE145,149,2025-03-10,SUP249
PROD1231,STORE113,224,2023-01-29,SUP109
PROD1496,STORE152,330,2024-03-06,SUP161
PROD1249,STORE190,101,2023-06-18,SUP176
PROD1140,STORE178,10,2024-03-24,SUP203
PROD1057,STORE172,496,2024-01-14,SUP224
PROD1324,STORE174,213,2025-02-19,SUP151
PROD1034,STORE128,277,2024-06-08,SUP180
PROD1182,STORE172,268,2024-06-01,SUP116
PROD1297,STORE126,284,2023-10-22,SUP200
PROD1023,STORE116,353,2024-04-15,SUP208
PROD1483,STORE183,82,2024-11-20,SUP164
PROD1322,STORE141,423,2023-09-19,SUP222
PROD1336,STORE109,383,2024-03-09,SUP148
PROD1480,STORE178,322,2024-09-26,SUP190
PROD1403,STORE142,67,2023-01-11,SUP215
PROD1112,STORE199,465,2025-01-12,SUP234
PROD1146,STORE159,229,2025-03-21,SUP204
PROD1443,STORE123,80,2025-04-21,SUP127
PROD1168,STORE126,294,2023-04-02,SUP184
PROD1165,STORE192,190,2023-11-22,SUP267
PROD1366,STORE166,424,2024-04-26,SUP220
PROD1017,STORE104,217,2023-06-07,SUP233
PROD1171,STORE135,338,2024-02-21,SUP145
PROD1101,STORE153,418,2025-02-21,SUP101
PROD1193,STORE101,491,2025-07-07,SUP110
PROD1250,STORE199,401,2025-04-19,SUP110
PROD1248,STORE140,149,2024-05-14,SUP276
PROD1139,STORE161,491,2025-04-01,SUP247
PROD1301,STORE126,46,2025-02-04,SUP129
PROD1419,STORE107,102,2023-05-06,SUP215
PROD1430,STORE174,489,2023-05-06,SUP209
PROD1323,STORE193,238,2024-11-29,SUP122
PROD1169,STORE179,63,2024-12-08,SUP200
PROD1398,STORE128,170,2023-08-03,SUP101
PROD1333,STORE193,118,2023-05-04,SUP241
PROD1001,STORE151,111,2023-01-17,SUP255
PROD1117,STORE178,341,2024-06-07,SUP189
PROD1446,STORE108,334,2023-04-26,SUP145
PROD1381,STORE188,297,2023-06-06,SUP120
PROD1082,STORE142,399,2023-04-18,SUP181
PROD1239,STORE147,118,2025-04-14,SUP148
PROD1331,STORE114,477,2024-11-18,SUP235
PROD1137,STORE171,107,2023-02-09,SUP131
PROD1406,STORE160,354,2023-09-05,SUP204
PROD1009,STORE164,109,2023-04-29,SUP245
PROD1371,STORE172,167,2023-04-25,SUP101
PROD1070,STORE133,69,2023-03-31,SUP159
PROD1135,STORE132,236,2023-05-23,SUP254
PROD1330,STORE176,152,2025-06-23,SUP129
PROD1064,STORE166,111,2023-03-30,SUP271
PROD1310,STORE131,85,2023-07-15,SUP174
PROD1249,STORE139,104,2024-07-10,SUP259
PROD1458,STORE162,18,2023-11-16,SUP226
PROD1477,STORE198,36,2025-06-13,SUP170
PROD1050,STORE133,172,2024-09-25,SUP114
PROD1058,STORE162,46,2025-03-30,SUP291
PROD1447,STORE129,126,2024-08-01,SUP114
PROD1351,STORE100,142,2024-11-17,SUP197
PROD1442,STORE198,435,2025-06-10,SUP123
PROD1023,STORE132,247,2024-05-22,SUP208
PROD1400,STORE140,73,2024-08-14,SUP166
PROD1168,STORE191,317,2023-06-29,SUP166
PROD1307,STORE157,305,2024-09-23,SUP229
PROD1290,STORE133,210,2024-08-23,SUP168
PROD1221,STORE161,34,2023-10-01,SUP226
PROD1299,STORE167,338,2023-07-11,SUP146
PROD1043,STORE160,313,2023-07-22,SUP288
PROD1051,STORE181,165,2023-01-17,SUP163
PROD1095,STORE108,471,2024-12-17,SUP210
PROD1158,STORE115,494,2023-12-06,SUP273
PROD1238,STORE178,214,2024-12-14,SUP286
PROD1445,STORE170,452,2024-07-31,SUP168
PROD1482,STORE108,213,2024-11-13,SUP105
PROD1373,STORE149,469,2023-07-24,SUP265
PROD1410,STORE102,281,2024-04-18,SUP280
PROD1040,STORE102,129,2023-12-30,SUP167
PROD1490,STORE159,256,2023-03-09,SUP186
PROD1357,STORE129,466,2024-05-01,SUP285
PROD1067,STORE155,58,2024-04-12,SUP148
PROD1169,STORE149,428,2024-01-08,SUP272
PROD1233,STORE115,208,2023-02-05,SUP162
PROD1286,STORE142,400,2024-06-23,SUP127
PROD1452,STORE102,25,2023-07-18,SUP299
PROD1384,STORE193,446,2023-03-14,SUP243
PROD1415,STORE160,357,2023-08-06,SUP132
PROD1499,STORE137,433,2025-01-26,SUP251
PROD1336,STORE191,484,2024-05-03,SUP103
PROD1355,STORE138,240,2025-01-22,SUP276
PROD1184,STORE156,275,2025-03-07,SUP227
PROD1499,STORE193,222,2023-06-11,SUP147
PROD1367,STORE166,342,2023-04-28,SUP263
PROD1434,STORE104,256,2025-06-28,SUP216
PROD1099,STORE160,334,2024-12-27,SUP283
PROD1471,STORE142,210,2024-04-03,SUP100
PROD1495,STORE169,232,2024-06-05,SUP167
PROD1057,STORE185,494,2023-01-26,SUP271
PROD1402,STORE164,486,2024-12-02,SUP221
PROD1142,STORE117,227,2025-07-26,SUP236
PROD1250,STORE172,199,2023-01-13,SUP283
PROD1456,STORE103,492,2023-04-25,SUP161
PROD1283,STORE152,174,2023-07-31,SUP124
PROD1355,STORE144,209,2023-04-05,SUP281
PROD1359,STORE147,56,2024-02-10,SUP253
PROD1449,STORE178,221,2023-01-31,SUP172
PROD1441,STORE196,272,2023-05-25,SUP102
PROD1210,STORE198,424,2024-01-16,SUP144
PROD1281,STORE161,169,2024-11-27,SUP107
PROD1217,STORE117,339,2025-07-23,SUP201
PROD1249,STORE180,461,2023-10-27,SUP267
PROD1199,STORE164,272,2025-06-19,SUP298
PROD1238,STORE158,20,2023-09-09,SUP286
PROD1182,STORE110,133,2023-02-08,SUP203
PROD1201,STORE128,179,2023-05-03,SUP236
PROD1140,STORE117,283,2023-11-27,SUP106
PROD1232,STORE106,322,2025-04-16,SUP278
PROD1028,STORE175,174,2023-08-23,SUP113
PROD1287,STORE137,230,2023-07-31,SUP104
PROD1135,STORE174,1,2025-06-18,SUP156
PROD1292,STORE178,181,2023-09-24,SUP160
PROD1049,STORE106,366,2024-08-18,SUP152
PROD1219,STORE172,488,2025-03-29,SUP193
PROD1430,STORE122,71,2025-04-27,SUP248
PROD1105,STORE149,51,2024-02-05,SUP205
PROD1299,STORE117,350,2024-09-29,SUP294
PROD1492,STORE154,163,2024-12-11,SUP209
PROD1020,STORE121,153,2023-12-26,SUP148
PROD1068,STORE156,403,2025-03-13,SUP298
PROD1106,STORE112,30,2024-12-20,SUP101
PROD1234,STORE184,342,2025-06-14,SUP122
PROD1225,STORE111,132,2025-06-18,SUP287
PROD1053,STORE103,489,2024-07-01,SUP138
PROD1330,STORE125,95,2023-08-17,SUP246
PROD1392,STORE157,306,2023-08-18,SUP285
PROD1330,STORE127,18,2023-05-02,SUP146
PROD1073,STORE167,447,2025-04-17,SUP158
PROD1189,STORE160,456,2024-09-01,SUP179
PROD1443,STORE138,0,2024-08-26,SUP136
PROD1131,STORE175,33,2024-09-16,SUP176
PROD1472,STORE101,384,2024-07-24,SUP201
PROD1080,STORE196,200,2025-03-14,SUP152
PROD1460,STORE140,482,2023-06-08,SUP197
PROD1395,STORE177,66,2023-10-29,SUP138
PROD1371,STORE103,9,2024-09-29,SUP174
PROD1465,STORE144,261,2025-05-06,SUP179
PROD1019,STORE115,34,2024-09-05,SUP205
PROD1435,STORE128,38,2024-04-07,SUP213
PROD1364,STORE136,0,2024-01-03,SUP133
PROD1107,STORE133,340,2024-01-15,SUP261
PROD1264,STORE136,323,2025-01-29,SUP209
PROD1409,STORE121,48,2024-10-23,SUP187
PROD1085,STORE122,24,2024-04-07,SUP268
PROD1186,STORE109,327,2025-05-24,SUP254
PROD1492,STORE128,251,2023-08-26,SUP238
PROD1156,STORE127,435,2024-01-08,SUP197
PROD1239,STORE161,279,2024-11-30,SUP132
PROD1384,STORE168,305,2025-01-26,SUP133
PROD1403,STORE111,50,2025-07-19,SUP203
PROD1354,STORE113,38,2025-04-21,SUP256
PROD1267,STORE191,380,2024-12-25,SUP150
PROD1190,STORE158,325,2023-12-12,SUP109
PROD1287,STORE100,101,2024-01-20,SUP252
PROD1386,STORE106,297,2025-02-27,SUP161
PROD1307,STORE167,107,2024-09-08,SUP273
PROD1288,STORE149,195,2025-03-28,SUP173
PROD1103,STORE189,417,2023-01-15,SUP180
PROD1088,STORE143,350,2025-01-13,SUP128
PROD1362,STORE175,175,2023-06-04,SUP156
PROD1490,STORE148,342,2025-01-02,SUP219
PROD1317,STORE149,55,2024-01-22,SUP209
PROD1198,STORE141,456,2024-10-21,SUP280
PROD1108,STORE182,306,2024-12-12,SUP252
PROD1273,STORE128,401,2024-04-20,SUP120
PROD1472,STORE126,253,2024-01-07,SUP259
PROD1379,STORE172,236,2024-04-25,SUP142
PROD1186,STORE190,327,2023-10-18,SUP240
PROD1491,STORE126,452,2023-04-03,SUP223
PROD1330,STORE156,96,2024-07-13,SUP234
PROD1095,STORE145,55,2023-04-19,SUP207
PROD1416,STORE193,142,2025-05-21,SUP128
PROD1169,STORE171,168,2024-10-02,SUP280
PROD1496,STORE101,372,2024-01-02,SUP287
PROD1296,STORE106,189,2025-02-02,SUP200
PROD1176,STORE110,144,2023-07-03,SUP266
PROD1192,STORE173,15,2024-07-03,SUP260
PROD1210,STORE173,292,2025-01-16,SUP196
PROD1490,STORE142,206,2024-09-14,SUP148
PROD1329,STORE142,444,2024-10-22,SUP148
PROD1408,STORE198,181,2025-02-06,SUP253
PROD1325,STORE180,25,2023-02-26,SUP274
PROD1082,STORE186,305,2025-02-14,SUP297
PROD1185,STORE149,398,2024-01-02,SUP268
PROD1413,STORE174,237,2024-03-04,SUP217
PROD1362,STORE109,311,2023-12-25,SUP261
PROD1323,STORE132,149,2023-05-19,SUP149
PROD1489,STORE196,140,2025-01-03,SUP280
PROD1393,STORE186,12,2023-09-09,SUP198
PROD1223,STORE164,236,2024-12-24,SUP285
PROD1498,STORE187,301,2023-01-22,SUP223
PROD1453,STORE150,327,2024-08-25,SUP200
PROD1312,STORE168,296,2024-06-28,SUP233
PROD1383,STORE195,453,2024-05-05,SUP155
PROD1383,STORE181,433,2025-03-04,SUP118
PROD1409,STORE193,457,2024-10-12,SUP207
PROD1298,STORE170,307,2023-05-16,SUP107
PROD1262,STORE113,87,2025-01-05,SUP282
PROD1037,STORE168,287,2024-09-17,SUP179
PROD1067,STORE199,72,2024-03-19,SUP180
PROD1179,STORE124,112,2023-09-03,SUP255
PROD1267,STORE100,263,2024-06-13,SUP197
PROD1171,STORE140,316,2024-08-02,SUP279
PROD1222,STORE114,72,2023-10-06,SUP260
PROD1104,STORE165,184,2023-06-07,SUP166
PROD1292,STORE129,426,2023-02-19,SUP163
PROD1454,STORE182,289,2024-11-17,SUP166
PROD1005,STORE167,201,2024-09-23,SUP184
PROD1478,STORE175,140,2025-06-13,SUP279
PROD1351,STORE119,349,2024-07-06,SUP188
PROD1376,STORE126,194,2024-04-30,SUP135
PROD1350,STORE187,476,2024-05-02,SUP256
PROD1051,STORE185,202,2023-02-21,SUP258
PROD1324,STORE159,174,2024-08-01,SUP240
PROD1005,STORE181,267,2024-10-14,SUP100
PROD1327,STORE110,271,2024-02-16,SUP238
PROD1220,STORE136,477,2023-05-29,SUP282
PROD1385,STORE186,127,2024-07-03,SUP237
PROD1138,STORE195,33,2024-03-13,SUP244
PROD1496,STORE195,79,2023-05-02,SUP283
PROD1258,STORE120,42,2023-02-24,SUP119
PROD1127,STORE135,286,2023-01-12,SUP118
PROD1101,STORE180,498,2025-06-08,SUP290
PROD1482,STORE144,105,2025-06-24,SUP223
PROD1349,STORE111,480,2023-03-20,SUP204
PROD1198,STORE192,84,2024-11-30,SUP186
PROD1161,STORE140,166,2023-07-26,SUP171
PROD1454,STORE162,118,2025-01-28,SUP221
PROD1276,STORE173,445,2023-05-16,SUP141
PROD1059,STORE138,306,2024-08-07,SUP213
PROD1248,STORE190,197,2024-05-31,SUP280
PROD1272,STORE196,404,2024-12-09,SUP112
PROD1413,STORE130,148,2023-12-05,SUP199
PROD1146,STORE170,381,2023-10-12,SUP179
PROD1261,STORE112,10,2024-04-08,SUP287
PROD1474,STORE131,118,2025-01-21,SUP206
PROD1480,STORE100,426,2024-11-07,SUP109
PROD1491,STORE177,68,2023-05-30,SUP123
PROD1130,STORE198,215,2024-11-16,SUP291
PROD1189,STORE103,49,2025-03-02,SUP294
PROD1092,STORE124,430,2025-04-15,SUP269
PROD1396,STORE100,229,2023-10-27,SUP105
PROD1025,STORE192,229,2025-06-22,SUP238
PROD1379,STORE125,143,2023-12-06,SUP122
PROD1144,STORE175,437,2024-12-08,SUP115
PROD1007,STORE162,170,2025-03-22,SUP280
PROD1086,STORE120,39,2024-12-08,SUP206
PROD1262,STORE124,467,2023-12-13,SUP104
PROD1346,STORE101,96,2023-08-05,SUP194
PROD1407,STORE113,102,2023-10-08,SUP260
PROD1245,STORE102,101,2025-05-03,SUP257
PROD1116,STORE186,189,2025-07-04,SUP233
PROD1132,STORE162,446,2023-12-24,SUP166
PROD1023,STORE172,24,2023-04-04,SUP249
PROD1271,STORE189,437,2023-02-07,SUP208
PROD1139,STORE143,472,2024-02-11,SUP207
PROD1124,STORE164,73,2024-06-03,SUP195
PROD1190,STORE114,73,2024-07-10,SUP180
PROD1482,STORE185,79,2024-05-02,SUP109
PROD1071,STORE104,303,2024-04-15,SUP181
PROD1330,STORE135,193,2024-08-07,SUP105
PROD1418,STORE162,21,2023-07-23,SUP205
PROD1188,STORE155,413,2024-08-31,SUP287
PROD1195,STORE161,167,2023-03-18,SUP120
PROD1079,STORE180,362,2024-05-03,SUP166
PROD1432,STORE103,233,2023-05-05,SUP274
PROD1147,STORE109,119,2024-11-06,SUP291
PROD1383,STORE100,6,2023-09-26,SUP218
PROD1412,STORE107,271,2024-04-21,SUP211
PROD1192,STORE183,106,2025-04-12,SUP212
PROD1401,STORE137,163,2024-09-07,SUP218
PROD1428,STORE120,93,2023-09-11,SUP249
PROD1323,STORE106,76,2025-03-12,SUP250
PROD1017,STORE171,120,2024-09-16,SUP245
PROD1320,STORE118,61,2025-03-06,SUP191
PROD1436,STORE159,358,2024-03-10,SUP179
PROD1475,STORE102,379,2024-07-22,SUP209
PROD1436,STORE100,167,2024-01-09,SUP188
PROD1184,STORE198,157,2025-04-20,SUP110
PROD1184,STORE117,443,2024-02-18,SUP188
PROD1323,STORE194,469,2024-08-07,SUP193
PROD1075,STORE196,1,2024-11-05,SUP288
PROD1193,STORE190,465,2024-07-18,SUP116
PROD1254,STORE124,280,2023-10-11,SUP270
PROD1353,STORE162,341,2023-02-13,SUP193
PROD1389,STORE143,353,2023-05-06,SUP156
PROD1272,STORE129,360,2023-12-03,SUP236
PROD1003,STORE143,329,2023-05-09,SUP234
PROD1061,STORE156,462,2024-06-12,SUP242
PROD1061,STORE134,302,2024-11-22,SUP112
PROD1239,STORE161,328,2023-06-29,SUP123
PROD1000,STORE113,128,2023-03-01,SUP275
PROD1053,STORE126,225,2023-03-20,SUP101
PROD1320,STORE118,223,2023-08-29,SUP124
PROD1175,STORE132,254,2023-08-23,SUP219
PROD1157,STORE180,130,2024-07-09,SUP260
PROD1135,STORE182,245,2024-12-12,SUP156
PROD1035,STORE106,50,2024-07-12,SUP162
PROD1196,STORE112,234,2025-02-01,SUP247
PROD1158,STORE135,377,2025-03-31,SUP209
PROD1134,STORE132,193,2024-07-09,SUP174
PROD1361,STORE147,125,2024-04-26,SUP262
PROD1026,STORE135,288,2024-05-13,SUP146
PROD1352,STORE158,196,2024-06-05,SUP119
PROD1038,STORE142,297,2023-04-13,SUP125
PROD1207,STORE102,12,2023-12-29,SUP188
PROD1300,STORE139,354,2023-04-12,SUP131
PROD1228,STORE171,213,2023-12-06,SUP135
PROD1363,STORE134,48,2023-07-24,SUP217
PROD1464,STORE179,384,2024-04-05,SUP199
PROD1019,STORE116,36,2023-04-03,SUP105
PROD1261,STORE113,98,2023-04-03,SUP202
PROD1177,STORE187,40,2023-05-04,SUP115
PROD1169,STORE168,490,2024-10-11,SUP150
PROD1104,STORE123,100,2025-07-05,SUP226
PROD1263,STORE125,418,2024-05-06,SUP172
PROD1130,STORE191,77,2024-11-15,SUP267
PROD1376,STORE163,76,2023-05-30,SUP288
PROD1109,STORE191,123,2025-06-17,SUP260
PROD1416,STORE154,328,2024-04-26,SUP120
PROD1224,STORE196,452,2023-10-30,SUP271
PROD1074,STORE186,213,2025-02-08,SUP256
PROD1148,STORE132,311,2023-04-01,SUP186
PROD1104,STORE191,384,2025-04-04,SUP252
PROD1066,STORE139,157,2024-04-07,SUP119
PROD1176,STORE173,355,2023-05-16,SUP272
PROD1320,STORE199,136,2025-06-11,SUP172
PROD1160,STORE129,282,2024-09-11,SUP158
PROD1226,STORE172,481,2024-06-05,SUP131
PROD1263,STORE105,488,2023-09-24,SUP274
PROD1174,STORE119,400,2024-06-06,SUP167
PROD1150,STORE129,8,2023-05-15,SUP231
PROD1276,STORE141,120,2024-12-05,SUP287
PROD1263,STORE180,172,2024-08-27,SUP260
PROD1306,STORE104,386,2023-07-14,SUP122
PROD1117,STORE131,289,2025-04-19,SUP274
PROD1150,STORE148,387,2025-01-26,SUP158
PROD1069,STORE120,294,2023-03-17,SUP238
PROD1141,STORE121,243,2023-02-12,SUP133
PROD1038,STORE122,152,2024-10-02,SUP156
PROD1426,STORE178,331,2023-02-09,SUP257
PROD1391,STORE129,184,2023-11-13,SUP206
PROD1073,STORE108,458,2023-10-13,SUP171
PROD1109,STORE183,348,2025-01-14,SUP152
PROD1140,STORE113,241,2024-05-07,SUP241
PROD1088,STORE109,473,2023-08-29,SUP289
PROD1087,STORE130,160,2024-04-10,SUP161
PROD1492,STORE173,428,2024-06-14,SUP178
PROD1339,STORE153,133,2024-09-29,SUP118
PROD1238,STORE105,449,2023-07-26,SUP181
PROD1405,STORE190,57,2025-04-27,SUP261
PROD1380,STORE151,277,2024-01-09,SUP278
PROD1077,STORE151,257,2025-01-22,SUP274
PROD1438,STORE151,421,2024-01-24,SUP133
PROD1379,STORE171,101,2023-08-08,SUP156
PROD1157,STORE154,386,2024-03-12,SUP218
PROD1190,STORE182,227,2025-05-04,SUP121
PROD1395,STORE122,328,2024-06-11,SUP205
PROD1462,STORE102,122,2024-09-07,SUP138
PROD1234,STORE110,165,2023-05-22,SUP165
PROD1461,STORE153,253,2023-03-16,SUP243
PROD1095,STORE111,352,2024-08-22,SUP238
PROD1095,STORE163,465,2025-06-15,SUP240
PROD1493,STORE180,495,2023-08-26,SUP146
PROD1350,STORE168,234,2024-10-15,SUP232
PROD1470,STORE193,60,2024-03-11,SUP285
PROD1273,STORE198,50,2023-11-08,SUP125
PROD1014,STORE186,116,2023-07-31,SUP285
PROD1442,STORE127,309,2023-10-27,SUP294
PROD1395,STORE152,137,2023-06-01,SUP171
PROD1450,STORE196,487,2023-06-11,SUP184
PROD1279,STORE175,83,2023-10-09,SUP176
PROD1127,STORE101,337,2024-01-02,SUP204
PROD1442,STORE192,222,2023-04-20,SUP184
PROD1058,STORE193,327,2023-05-28,SUP293
PROD1127,STORE135,82,2024-01-12,SUP110
PROD1102,STORE197,433,2024-11-27,SUP264
PROD1291,STORE191,229,2025-06-01,SUP163
PROD1178,STORE194,180,2025-07-05,SUP260
PROD1263,STORE163,33,2025-04-06,SUP173
PROD1448,STORE125,240,2024-12-10,SUP136
PROD1213,STORE111,129,2025-05-23,SUP157
PROD1428,STORE109,149,2024-07-16,SUP171
PROD1400,STORE116,161,2024-03-06,SUP154
PROD1076,STORE140,64,2023-04-25,SUP296
PROD1368,STORE103,72,2025-03-22,SUP291
PROD1063,STORE173,234,2025-02-25,SUP206
PROD1091,STORE194,272,2023-07-31,SUP167
PROD1211,STORE118,256,2024-01-07,SUP245
PROD1145,STORE161,57,2024-01-23,SUP164
PROD1225,STORE114,460,2023-07-11,SUP266
PROD1063,STORE170,147,2023-07-10,SUP208
PROD1172,STORE182,478,2024-02-13,SUP106
PROD1280,STORE140,184,2025-06-27,SUP280
PROD1170,STORE142,65,2023-09-21,SUP116
PROD1357,STORE129,8,2024-09-26,SUP176
PROD1427,STORE189,233,2025-01-20,SUP288
PROD1086,STORE102,4,2023-06-02,SUP137
PROD1315,STORE133,256,2023-02-14,SUP188
PROD1426,STORE145,250,2025-06-01,SUP134
PROD1276,STORE122,389,2024-01-05,SUP101
PROD1245,STORE177,338,2025-01-21,SUP171
PROD1490,STORE116,30,2024-11-22,SUP139
PROD1028,STORE105,241,2023-01-25,SUP272
PROD1085,STORE131,163,2023-09-24,SUP112
PROD1492,STORE111,365,2024-04-27,SUP170
PROD1311,STORE145,257,2023-11-25,SUP200
PROD1095,STORE199,351,2025-04-19,SUP142
PROD1091,STORE176,437,2024-09-05,SUP256
PROD1458,STORE141,97,2025-02-26,SUP274
PROD1440,STORE147,224,2025-06-22,SUP260
PROD1074,STORE103,465,2023-06-25,SUP212
PROD1252,STORE117,49,2025-01-05,SUP260
PROD1141,STORE109,83,2024-09-20,SUP159
PROD1057,STORE188,164,2023-08-06,SUP172
PROD1397,STORE133,146,2025-05-28,SUP283
PROD1138,STORE196,157,2024-11-15,SUP239
PROD1263,STORE124,2,2025-03-22,SUP298
PROD1098,STORE183,387,2023-03-11,SUP233
PROD1229,STORE120,303,2024-12-18,SUP219
PROD1223,STORE114,497,2023-03-04,SUP134
PROD1038,STORE104,481,2023-07-12,SUP222
PROD1114,STORE119,6,2023-01-25,SUP162
PROD1066,STORE102,383,2024-05-25,SUP164
PROD1282,STORE106,483,2024-09-02,SUP284
PROD1016,STORE166,466,2025-05-14,SUP167
PROD1419,STORE186,289,2024-01-01,SUP186
PROD1466,STORE157,419,2024-02-07,SUP164
PROD1417,STORE145,308,2024-05-10,SUP150
PROD1294,STORE173,449,2023-03-08,SUP189
PROD1010,STORE175,53,2025-06-11,SUP282
PROD1310,STORE178,172,2023-04-02,SUP281
PROD1250,STORE172,216,2023-04-17,SUP233
PROD1265,STORE131,263,2024-12-19,SUP119
PROD1158,STORE110,42,2025-03-30,SUP214
PROD1243,STORE132,91,2025-01-11,SUP163
PROD1144,STORE106,445,2025-06-02,SUP151
PROD1038,STORE120,241,2023-08-29,SUP230
PROD1329,STORE197,159,2023-04-09,SUP280
PROD1422,STORE182,20,2023-09-01,SUP210
PROD1020,STORE160,354,2024-02-22,SUP141
PROD1078,STORE188,133,2025-05-01,SUP258
PROD1013,STORE133,237,2023-08-07,SUP194
PROD1490,STORE138,63,2025-03-25,SUP176
PROD1089,STORE182,119,2025-06-01,SUP167
PROD1408,STORE123,179,2023-07-14,SUP185
PROD1239,STORE186,466,2025-01-28,SUP154
PROD1047,STORE192,141,2024-04-18,SUP169
PROD1294,STORE171,122,2025-06-16,SUP262
PROD1130,STORE158,285,2023-07-14,SUP148
PROD1012,STORE145,185,2023-01-09,SUP112
PROD1097,STORE142,360,2023-08-23,SUP244
PROD1063,STORE163,74,2024-10-24,SUP293
PROD1450,STORE193,182,2025-05-20,SUP134
PROD1463,STORE109,53,2023-07-05,SUP231
PROD1203,STORE161,481,2023-01-13,SUP113
PROD1286,STORE197,244,2025-06-28,SUP269
PROD1172,STORE102,116,2024-01-26,SUP190
PROD1068,STORE147,59,2023-06-17,SUP158
PROD1266,STORE146,290,2023-02-24,SUP187
PROD1449,STORE135,329,2024-07-26,SUP142
PROD1016,STORE120,269,2023-12-30,SUP191
PROD1220,STORE190,106,2024-03-16,SUP277
PROD1126,STORE131,252,2023-03-13,SUP216
PROD1074,STORE124,447,2024-01-06,SUP220
PROD1107,STORE126,356,2024-03-10,SUP255
PROD1344,STORE193,429,2025-07-02,SUP187
PROD1109,STORE179,94,2024-11-14,SUP111
PROD1090,STORE135,42,2023-01-15,SUP211
PROD1396,STORE124,191,2024-02-24,SUP189
PROD1077,STORE152,65,2024-02-21,SUP278
PROD1383,STORE121,62,2025-04-13,SUP227
PROD1431,STORE146,408,2023-12-26,SUP208
PROD1267,STORE144,239,2023-11-28,SUP218
PROD1096,STORE125,424,2025-04-25,SUP214
PROD1285,STORE104,184,2023-12-10,SUP219
PROD1102,STORE106,154,2025-01-07,SUP182
PROD1182,STORE199,143,2025-05-26,SUP126
PROD1448,STORE164,89,2025-07-22,SUP288
PROD1258,STORE150,177,2024-03-11,SUP129
PROD1033,STORE158,214,2024-01-17,SUP133
PROD1493,STORE140,361,2024-01-03,SUP118
PROD1441,STORE187,340,2024-03-17,SUP279
PROD1297,STORE102,385,2024-12-12,SUP176
PROD1154,STORE147,149,2023-12-15,SUP195
PROD1069,STORE176,389,2023-05-08,SUP292
PROD1418,STORE120,79,2025-06-01,SUP129
PROD1096,STORE148,431,2024-11-19,SUP274
PROD1401,STORE196,25,2024-06-03,SUP137
PROD1409,STORE147,429,2024-07-26,SUP275
PROD1127,STORE183,219,2024-07-08,SUP230
PROD1326,STORE172,483,2023-05-06,SUP286
PROD1455,STORE175,264,2024-09-22,SUP247
PROD1120,STORE129,288,2025-01-12,SUP276
PROD1004,STORE191,284,2024-07-09,SUP160
PROD1456,STORE101,123,2024-03-06,SUP236
PROD1486,STORE152,287,2024-10-12,SUP296
PROD1001,STORE159,251,2023-03-26,SUP270
PROD1167,STORE190,99,2023-09-01,SUP213
PROD1127,STORE118,377,2023-05-07,SUP170
PROD1249,STORE101,424,2023-11-10,SUP188
PROD1086,STORE134,197,2023-03-20,SUP293
PROD1430,STORE130,193,2023-09-17,SUP214
PROD1438,STORE107,284,2023-10-10,SUP177
PROD1209,STORE126,367,2023-07-15,SUP153
PROD1257,STORE186,84,2024-04-10,SUP123
PROD1176,STORE179,280,2024-08-15,SUP171
PROD1322,STORE123,302,2023-05-21,SUP281
PROD1179,STORE100,406,2023-10-14,SUP178
PROD1346,STORE130,16,2023-01-11,SUP298
PROD1005,STORE122,295,2024-08-06,SUP252
PROD1423,STORE113,194,2025-03-20,SUP276
PROD1195,STORE106,295,2024-05-03,SUP130
PROD1126,STORE193,363,2025-04-07,SUP255
PROD1492,STORE190,114,2023-11-09,SUP170
PROD1107,STORE197,267,2024-10-10,SUP103
PROD1385,STORE192,473,2024-07-15,SUP175
PROD1473,STORE163,78,2025-06-02,SUP209
PROD1271,STORE127,67,2025-01-12,SUP148
PROD1156,STORE142,155,2025-02-26,SUP164
PROD1400,STORE165,99,2023-04-07,SUP242
PROD1024,STORE181,77,2023-04-17,SUP141
PROD1102,STORE160,151,2024-11-08,SUP171
PROD1262,STORE188,230,2023-11-05,SUP145
PROD1462,STORE177,333,2023-04-05,SUP123
PROD1083,STORE135,357,2023-07-17,SUP134
PROD1418,STORE165,119,2023-09-22,SUP195
PROD1398,STORE134,265,2023-09-06,SUP187
PROD1061,STORE123,208,2025-01-18,SUP174
PROD1361,STORE139,157,2023-11-28,SUP284
PROD1461,STORE130,476,2024-08-23,SUP141
PROD1197,STORE182,443,2024-10-11,SUP274
PROD1036,STORE186,159,2023-10-27,SUP294
PROD1014,STORE118,344,2024-11-06,SUP112
PROD1422,STORE120,146,2025-03-07,SUP142
PROD1103,STORE121,498,2023-07-28,SUP138
PROD1451,STORE164,202,2025-07-15,SUP188
PROD1354,STORE187,179,2025-05-21,SUP225
PROD1492,STORE138,250,2024-08-04,SUP223
PROD1492,STORE114,464,2024-12-11,SUP176
PROD1035,STORE196,110,2025-04-06,SUP131
PROD1401,STORE161,89,2023-04-16,SUP132
PROD1030,STORE137,453,2024-06-27,SUP157
PROD1036,STORE143,461,2025-04-16,SUP249
PROD1244,STORE155,289,2024-10-20,SUP231
PROD1352,STORE195,396,2025-07-06,SUP248
PROD1200,STORE136,36,2024-07-13,SUP126
PROD1036,STORE199,325,2024-04-06,SUP171
PROD1466,STORE139,390,2024-04-26,SUP273
PROD1437,STORE182,70,2024-01-06,SUP284
PROD1247,STORE107,70,2023-05-14,SUP173
PROD1355,STORE189,20,2025-04-17,SUP246
PROD1211,STORE185,14,2025-04-27,SUP214
PROD1093,STORE131,424,2024-02-29,SUP229
PROD1279,STORE131,72,2023-04-22,SUP161
PROD1370,STORE163,185,2024-02-02,SUP209
PROD1406,STORE148,153,2024-02-25,SUP191
PROD1330,STORE150,437,2024-11-17,SUP244
PROD1253,STORE112,162,2023-04-17,SUP124
PROD1133,STORE168,392,2023-03-04,SUP181
PROD1082,STORE108,400,2025-03-09,SUP273
PROD1048,STORE157,123,2023-09-05,SUP190
PROD1412,STORE116,461,2025-07-01,SUP141
PROD1026,STORE109,296,2024-03-24,SUP100
PROD1152,STORE144,94,2023-11-29,SUP176
PROD1094,STORE147,259,2025-05-03,SUP107
PROD1432,STORE109,441,2024-07-09,SUP174
PROD1304,STORE189,93,2023-10-21,SUP205
PROD1354,STORE176,207,2024-02-19,SUP237
PROD1109,STORE108,155,2025-07-20,SUP254
PROD1338,STORE152,401,2025-01-26,SUP251
PROD1432,STORE162,109,2024-12-09,SUP155
PROD1205,STORE159,339,2024-05-09,SUP269
PROD1409,STORE199,421,2025-05-29,SUP168
PROD1193,STORE103,357,2023-01-31,SUP258
PROD1474,STORE159,249,2023-01-17,SUP132
PROD1196,STORE130,329,2025-05-03,SUP193
PROD1039,STORE182,59,2025-01-20,SUP100
PROD1460,STORE141,493,2024-08-04,SUP191
PROD1315,STORE117,451,2023-02-03,SUP263
PROD1236,STORE153,405,2023-08-31,SUP292
PROD1451,STORE180,194,2024-01-15,SUP232
PROD1273,STORE150,440,2023-12-03,SUP265
PROD1106,STORE136,144,2023-09-06,SUP134
PROD1236,STORE101,82,2024-11-26,SUP157
PROD1291,STORE135,45,2023-06-07,SUP131
PROD1005,STORE131,135,2025-06-24,SUP295
PROD1471,STORE158,121,2024-04-24,SUP170
PROD1166,STORE124,192,2024-04-28,SUP248
PROD1267,STORE102,123,2025-01-30,SUP159
PROD1475,STORE166,147,2023-01-04,SUP206
PROD1371,STORE187,93,2025-02-27,SUP168
PROD1129,STORE198,108,2024-07-25,SUP180
PROD1487,STORE106,69,2025-04-08,SUP196
PROD1027,STORE107,458,2023-10-10,SUP299
PROD1285,STORE173,125,2025-04-24,SUP214
PROD1105,STORE182,262,2023-02-24,SUP210
PROD1383,STORE124,326,2023-01-26,SUP190
PROD1476,STORE178,117,2025-05-13,SUP143
PROD1490,STORE127,477,2023-11-02,SUP154
PROD1461,STORE101,219,2024-07-18,SUP166
PROD1399,STORE105,439,2023-05-22,SUP210
PROD1146,STORE184,180,2025-05-08,SUP102
PROD1264,STORE153,391,2023-03-22,SUP171
PROD1024,STORE105,157,2024-03-17,SUP206
PROD1456,STORE148,291,2024-10-25,SUP245
PROD1413,STORE156,207,2024-07-28,SUP286
PROD1471,STORE104,34,2025-05-09,SUP183
PROD1071,STORE172,190,2024-03-02,SUP181
PROD1454,STORE126,153,2023-12-03,SUP179
PROD1391,STORE119,206,2024-02-19,SUP146
PROD1184,STORE118,482,2023-07-27,SUP255
PROD1281,STORE194,148,2023-09-08,SUP223
PROD1030,STORE133,51,2023-09-29,SUP244
PROD1389,STORE116,368,2023-03-26,SUP168
PROD1483,STORE183,327,2024-10-19,SUP294
PROD1196,STORE175,278,2025-06-12,SUP242
PROD1353,STORE172,15,2023-10-14,SUP199
PROD1451,STORE161,237,2024-03-19,SUP145
PROD1332,STORE146,190,2025-02-07,SUP148
PROD1348,STORE123,429,2023-06-14,SUP141
PROD1227,STORE117,293,2024-10-15,SUP243
PROD1093,STORE174,117,2023-05-15,SUP112
PROD1281,STORE132,397,2023-06-30,SUP105
PROD1007,STORE148,74,2025-06-28,SUP135
PROD1143,STORE119,285,2024-08-23,SUP196
PROD1110,STORE172,56,2025-02-07,SUP287
PROD1223,STORE128,108,2023-06-20,SUP222
PROD1203,STORE113,247,2023-09-14,SUP285
PROD1444,STORE158,22,2025-04-16,SUP264
PROD1079,STORE100,288,2024-11-23,SUP202
PROD1404,STORE150,336,2023-09-30,SUP183
PROD1423,STORE137,337,2025-01-10,SUP184
PROD1201,STORE113,42,2023-11-29,SUP105
PROD1341,STORE142,286,2025-02-22,SUP118
PROD1267,STORE192,222,2024-02-15,SUP241
PROD1086,STORE179,390,2023-11-10,SUP261
PROD1070,STORE140,145,2023-07-06,SUP246
PROD1377,STORE122,321,2023-04-19,SUP156
PROD1251,STORE114,420,2023-12-15,SUP165
PROD1071,STORE128,144,2024-04-24,SUP199
PROD1429,STORE101,329,2023-07-14,SUP206
PROD1140,STORE163,121,2023-05-15,SUP188
PROD1216,STORE151,404,2024-04-17,SUP142
PROD1328,STORE198,176,2024-04-25,SUP260
PROD1118,STORE116,185,2025-03-30,SUP161
PROD1254,STORE198,300,2024-06-30,SUP262
PROD1093,STORE191,101,2025-06-23,SUP114
PROD1472,STORE174,93,2025-06-19,SUP120
PROD1189,STORE101,138,2023-09-12,SUP296
PROD1181,STORE141,192,2024-10-21,SUP152
PROD1222,STORE141,332,2023-10-21,SUP157
PROD1094,STORE147,98,2023-03-09,SUP221
PROD1432,STORE134,26,2024-11-07,SUP201
PROD1114,STORE152,473,2023-03-04,SUP194
PROD1077,STORE123,238,2023-11-22,SUP229
PROD1245,STORE184,257,2025-07-01,SUP120
PROD1388,STORE164,357,2024-12-17,SUP139
PROD1150,STORE117,321,2023-11-23,SUP237
PROD1186,STORE168,116,2024-10-01,SUP264
PROD1397,STORE185,227,2023-08-25,SUP202
PROD1301,STORE146,354,2023-01-29,SUP263
PROD1432,STORE130,136,2023-07-07,SUP233
PROD1422,STORE100,402,2024-12-20,SUP137
PROD1011,STORE129,382,2024-05-02,SUP252
PROD1128,STORE152,413,2025-01-13,SUP204
PROD1138,STORE190,211,2024-10-18,SUP185
PROD1477,STORE108,488,2023-12-02,SUP281
PROD1412,STORE139,37,2025-07-02,SUP164
PROD1083,STORE183,494,2024-11-23,SUP189
PROD1398,STORE172,361,2024-07-11,SUP126
PROD1026,STORE193,327,2024-04-07,SUP133
PROD1228,STORE148,368,2023-09-09,SUP135
PROD1107,STORE166,364,2023-12-19,SUP271
PROD1246,STORE104,417,2023-03-31,SUP289
PROD1086,STORE181,176,2023-10-25,SUP270
PROD1288,STORE183,215,2023-04-20,SUP173
PROD1172,STORE163,30,2025-05-16,SUP104
PROD1004,STORE112,52,2024-09-28,SUP122
PROD1156,STORE178,52,2023-10-27,SUP185
PROD1479,STORE145,435,2023-04-16,SUP245
PROD1259,STORE153,325,2023-06-06,SUP202
PROD1343,STORE103,196,2025-05-01,SUP208
PROD1092,STORE196,90,2024-06-26,SUP296
PROD1284,STORE183,79,2024-09-13,SUP203
PROD1242,STORE126,164,2025-01-17,SUP106
PROD1285,STORE165,405,2024-08-22,SUP291
PROD1307,STORE160,101,2023-01-09,SUP140
PROD1027,STORE168,22,2024-05-18,SUP250
PROD1319,STORE156,438,2023-06-13,SUP186
PROD1043,STORE140,196,2024-05-13,SUP246
PROD1109,STORE131,106,2024-04-05,SUP212
PROD1003,STORE198,12,2023-09-11,SUP208
PROD1411,STORE162,245,2023-06-22,SUP283
PROD1266,STORE143,243,2024-10-12,SUP132
PROD1197,STORE121,256,2024-09-01,SUP177
PROD1114,STORE123,54,2025-01-06,SUP293
PROD1062,STORE169,329,2025-04-25,SUP190
PROD1441,STORE184,176,2025-01-19,SUP239
PROD1201,STORE134,197,2023-09-03,SUP258
PROD1488,STORE137,476,2025-03-31,SUP242
PROD1289,STORE193,288,2025-06-05,SUP258
PROD1367,STORE195,15,2024-09-27,SUP273
PROD1207,STORE133,273,2023-06-29,SUP131
PROD1222,STORE160,348,2024-02-17,SUP259
PROD1174,STORE153,64,2023-01-22,SUP130
PROD1262,STORE159,78,2024-08-01,SUP268
PROD1380,STORE132,107,2025-02-14,SUP165
PROD1002,STORE179,343,2025-07-21,SUP242
PROD1055,STORE131,383,2025-06-16,SUP282
PROD1087,STORE151,303,2024-10-19,SUP289
PROD1301,STORE172,299,2023-05-19,SUP231
PROD1091,STORE175,404,2024-11-09,SUP285
PROD1184,STORE156,278,2024-12-17,SUP127
PROD1139,STORE169,172,2025-07-06,SUP265
PROD1088,STORE149,98,2025-02-14,SUP157
PROD1391,STORE153,124,2023-09-11,SUP246
PROD1159,STORE114,330,2024-04-15,SUP170
PROD1182,STORE124,149,2024-01-29,SUP107
PROD1163,STORE150,263,2025-05-15,SUP293
PROD1406,STORE109,16,2024-01-13,SUP248
PROD1382,STORE110,144,2025-03-29,SUP167
PROD1268,STORE177,261,2025-03-07,SUP182
PROD1104,STORE199,312,2025-06-19,SUP123
PROD1312,STORE137,67,2024-09-12,SUP207
PROD1152,STORE170,356,2024-11-28,SUP232
PROD1462,STORE107,38,2024-05-21,SUP228
PROD1412,STORE186,390,2023-03-06,SUP285
PROD1220,STORE143,11,2024-06-07,SUP242
PROD1458,STORE170,38,2024-08-09,SUP130
PROD1422,STORE145,402,2024-05-27,SUP214
PROD1011,STORE130,154,2023-12-07,SUP104
PROD1179,STORE176,191,2023-04-16,SUP119
PROD1133,STORE109,188,2023-08-04,SUP130
PROD1337,STORE178,256,2024-04-21,SUP217
PROD1491,STORE162,133,2023-04-29,SUP167
PROD1221,STORE144,158,2023-01-19,SUP206
PROD1201,STORE158,202,2025-02-05,SUP211
PROD1161,STORE108,101,2024-04-10,SUP282
PROD1265,STORE170,136,2023-01-01,SUP264
PROD1130,STORE164,352,2023-05-31,SUP162
PROD1284,STORE197,412,2024-05-20,SUP127
PROD1408,STORE159,311,2023-07-29,SUP162
PROD1472,STORE174,2,2023-03-15,SUP231
PROD1165,STORE176,277,2023-05-16,SUP175
PROD1101,STORE193,160,2024-03-14,SUP270
PROD1384,STORE117,428,2025-04-08,SUP234
PROD1282,STORE169,300,2025-02-12,SUP243
PROD1442,STORE173,350,2024-09-25,SUP298
PROD1200,STORE126,192,2024-08-24,SUP206
PROD1492,STORE125,401,2024-06-11,SUP265
PROD1117,STORE112,443,2023-01-19,SUP226
PROD1065,STORE166,195,2023-06-27,SUP216
PROD1292,STORE195,104,2024-02-21,SUP239
PROD1417,STORE189,218,2024-01-01,SUP294
PROD1426,STORE167,450,2025-07-15,SUP163
PROD1286,STORE193,129,2024-01-19,SUP204
PROD1121,STORE195,421,2025-06-25,SUP125
PROD1043,STORE135,74,2024-09-13,SUP134
PROD1239,STORE164,158,2024-12-03,SUP252
PROD1437,STORE129,484,2024-09-15,SUP104
PROD1091,STORE102,323,2023-12-18,SUP188
PROD1008,STORE136,215,2025-01-28,SUP254
PROD1428,STORE101,433,2025-07-04,SUP297
PROD1360,STORE182,282,2023-02-28,SUP104
PROD1119,STORE111,333,2025-06-27,SUP270
PROD1287,STORE154,185,2025-02-20,SUP120
PROD1277,STORE147,331,2025-03-19,SUP203
PROD1374,STORE133,356,2025-04-02,SUP181
PROD1310,STORE110,242,2025-01-11,SUP179
PROD1412,STORE149,218,2023-09-12,SUP229
PROD1097,STORE112,30,2025-02-04,SUP212
PROD1165,STORE123,98,2023-10-05,SUP223
PROD1179,STORE152,145,2023-06-03,SUP235
PROD1030,STORE161,363,2025-05-20,SUP202
PROD1404,STORE101,365,2023-11-14,SUP123
PROD1152,STORE183,280,2023-06-12,SUP272
PROD1240,STORE102,497,2023-10-31,SUP246
PROD1136,STORE195,27,2023-10-30,SUP277
PROD1478,STORE142,326,2024-03-26,SUP172
PROD1390,STORE136,259,2024-06-10,SUP168
PROD1431,STORE197,290,2023-01-26,SUP261
PROD1482,STORE162,121,2023-01-27,SUP168
PROD1372,STORE170,297,2023-12-18,SUP252
PROD1351,STORE151,271,2024-02-24,SUP262
PROD1073,STORE100,454,2024-11-14,SUP232
PROD1037,STORE117,78,2024-08-28,SUP193
PROD1020,STORE150,342,2023-03-02,SUP126
PROD1478,STORE125,42,2024-09-28,SUP110
PROD1480,STORE144,159,2023-07-17,SUP118
PROD1067,STORE159,482,2023-12-14,SUP250
PROD1478,STORE166,112,2023-08-14,SUP160
PROD1086,STORE185,399,2023-11-28,SUP282
PROD1482,STORE151,477,2025-01-15,SUP233
PROD1186,STORE109,288,2025-07-23,SUP111
PROD1036,STORE114,175,2024-06-04,SUP137
PROD1114,STORE152,72,2024-07-15,SUP132
PROD1166,STORE185,282,2023-10-05,SUP101
PROD1223,STORE198,412,2023-03-15,SUP263
PROD1479,STORE152,96,2024-08-14,SUP106
PROD1055,STORE190,10,2023-04-06,SUP100
PROD1105,STORE159,187,2023-05-30,SUP286
PROD1494,STORE112,14,2023-11-30,SUP249
PROD1354,STORE194,62,2024-06-17,SUP234
PROD1320,STORE113,34,2023-06-21,SUP201
PROD1388,STORE135,323,2023-12-21,SUP138
PROD1072,STORE163,273,2024-08-14,SUP173
PROD1114,STORE192,125,2023-05-18,SUP125
PROD1287,STORE125,182,2023-01-20,SUP134
PROD1200,STORE161,82,2023-09-30,SUP172
PROD1255,STORE180,192,2024-09-16,SUP246
PROD1319,STORE105,345,2023-12-10,SUP133
PROD1087,STORE170,260,2023-11-28,SUP124
PROD1046,STORE179,293,2025-03-19,SUP269
PROD1222,STORE187,316,2023-05-19,SUP128
PROD1027,STORE182,223,2025-05-26,SUP146
PROD1446,STORE150,52,2023-03-22,SUP211
PROD1130,STORE186,293,2025-03-26,SUP268
PROD1210,STORE138,87,2023-11-17,SUP193
PROD1375,STORE158,26,2023-04-16,SUP128
PROD1065,STORE196,276,2023-11-13,SUP125
PROD1450,STORE103,72,2023-02-10,SUP127
PROD1433,STORE154,124,2024-11-17,SUP153
PROD1202,STORE173,364,2023-03-31,SUP204
PROD1382,STORE131,396,2024-06-21,SUP265
PROD1457,STORE192,68,2024-10-31,SUP255
PROD1321,STORE182,38,2024-05-13,SUP273
PROD1083,STORE172,48,2023-02-01,SUP191
PROD1157,STORE100,284,2024-01-05,SUP189
PROD1208,STORE140,373,2024-08-01,SUP256
PROD1275,STORE195,332,2024-08-17,SUP145
PROD1369,STORE113,437,2023-04-14,SUP165
PROD1417,STORE170,411,2025-06-10,SUP217
PROD1322,STORE156,378,2025-02-28,SUP151
PROD1396,STORE112,40,2025-04-14,SUP108
PROD1053,STORE169,55,2023-10-15,SUP105
PROD1391,STORE145,14,2024-02-13,SUP128
PROD1211,STORE172,403,2024-01-08,SUP222
PROD1366,STORE131,7,2024-08-30,SUP214
PROD1185,STORE109,461,2024-07-30,SUP174
