customer_id,customer_name,email,phone,address,signup_date,rejection_reason,rejection_timestamp
CUST2000,Daniel Butler,sandra35@martinez.com,438-800-1328,"5310 Christian Mission Suite 319, South Calvinstad, DC 62094",2021-08-30,Duplicate key constraint violation,2025-08-22 23:10:40.979467
CUST2001,John Caldwell,michaelflores@lee-flores.com,001-368-509-0993x680,"99052 Nguyen Islands Apt. 722, West Timothymouth, AK 79651",2020-12-23,Duplicate key constraint violation,2025-08-22 23:10:40.979467
CUST2002,Brianna Pacheco,juliejones@hotmail.com,746-861-7760x3039,"0180 Kenneth Route Suite 839, Nguyenland, TN 85905",2021-10-07,Duplicate key constraint violation,2025-08-22 23:10:40.979467
CUST2003,Lori Lee,shannonmontgomery@hotmail.com,001-298-605-0423x290,"37075 Randall Turnpike, Bowmanmouth, WV 49427",2019-04-01,Duplicate key constraint violation,2025-08-22 23:10:40.979467
CUST2004,Chad Morris,crystalware@hotmail.com,(361)349-4007x7313,"2216 Joyce Flats, Waynebury, PA 77751",2020-11-22,Duplicate key constraint violation,2025-08-22 23:10:40.979467
CUST2005,Robert Cooper,amanning@gmail.com,(892)020-4723,"65878 Jane Mount, North Kelsey, OH 23882",2020-11-20,Duplicate key constraint violation,2025-08-22 23:10:40.979467
CUST2006,William Bush,joy39@elliott.com,749-729-4215x25281,"68221 Wong Roads, Maldonadohaven, DC 11039",2019-11-18,Duplicate key constraint violation,2025-08-22 23:10:40.979467
CUST2007,Kathleen Davis,aking@gmail.com,8516197866,"PSC 4652, Box 3518, APO AE 57429",2023-10-16,Duplicate key constraint violation,2025-08-22 23:10:40.979467
CUST2008,Jill Stewart,beth53@graham-golden.com,+1-377-138-5226,"286 Glass Way Apt. 467, West Matthewville, KY 62539",2020-02-29,Duplicate key constraint violation,2025-08-22 23:10:40.979467
CUST2009,Eugene Nelson,sara58@hotmail.com,(289)927-4175,"632 Krista Route, Garzaborough, NY 72645",2024-02-17,Duplicate key constraint violation,2025-08-22 23:10:40.979467
CUST2010,Micheal Wilson,ffarrell@hotmail.com,555-317-6531x45141,"04765 Pruitt Grove, Boydfurt, NY 62356",2020-09-06,Duplicate key constraint violation,2025-08-22 23:10:40.979467
CUST2011,Peter Collins,fisherwanda@marquez-washington.biz,697.584.2533x28619,"1628 Anna Pines Suite 317, Baileyton, MD 78709",2019-06-14,Duplicate key constraint violation,2025-08-22 23:10:40.979467
CUST2012,Sharon Lopez,christopher89@hotmail.com,342.286.3453x9927,"494 Harris Mall, South Kerry, TX 33001",2021-10-31,Duplicate key constraint violation,2025-08-22 23:10:40.979467
CUST2013,Margaret Jackson,brittany21@gmail.com,(342)064-0171x996,"757 Johnston Brooks, West Jeremy, WY 85143",2022-10-25,Duplicate key constraint violation,2025-08-22 23:10:40.979467
CUST2014,Karen Allen,adam05@stewart-cabrera.info,(405)682-4978,"9375 Jordan Inlet, Barreramouth, UT 72145",2023-03-23,Duplicate key constraint violation,2025-08-22 23:10:40.979467
CUST2015,Stephanie Mosley,marilynfernandez@martinez.info,062-575-2703x3739,"11720 Mark Lane Suite 771, North Debbie, WA 53297",2019-04-22,Duplicate key constraint violation,2025-08-22 23:10:40.979467
CUST2016,James Davis,stephanie14@harvey.com,001-526-315-2094x5498,"524 Ryan Trail Suite 291, Thomaston, NE 42895",2019-05-29,Duplicate key constraint violation,2025-08-22 23:10:40.979467
CUST2017,Matthew Mann,myershunter@yahoo.com,001-367-977-7055x287,"948 Zachary Island, Davischester, MT 20040",2024-07-26,Duplicate key constraint violation,2025-08-22 23:10:40.979467
CUST2018,Brian Chen,heatherperez@gmail.com,(114)339-2115x23696,"106 Williamson Fields, Lake Chrisburgh, VT 75670",2020-01-03,Duplicate key constraint violation,2025-08-22 23:10:40.979467
CUST2019,Lisa Davis,seth92@gmail.com,0838891110,"36178 Allison Throughway, East Robertside, NE 49302",2023-01-07,Duplicate key constraint violation,2025-08-22 23:10:40.979467
CUST2020,Kevin Robinson,philip36@estes-gonzalez.com,+1-953-725-5577,"11974 Gomez Orchard, Andersonview, DE 10273",2022-04-14,Duplicate key constraint violation,2025-08-22 23:10:40.979467
CUST2021,Elizabeth Mckenzie,ylee@johnson.com,160-080-4003,"618 Andrews Crest Suite 353, Michaelburgh, IL 69610",2020-09-09,Duplicate key constraint violation,2025-08-22 23:10:40.979467
CUST2022,Kiara Park,amber33@hotmail.com,(272)398-7259,"50979 Jason Port Suite 384, North Miguel, ME 36250",2024-02-20,Duplicate key constraint violation,2025-08-22 23:10:40.979467
CUST2023,Lori Lucas,sweeneychristopher@johnson.biz,265-871-8927x132,"58338 James Stream Suite 458, Grantborough, OR 74567",2021-08-25,Duplicate key constraint violation,2025-08-22 23:10:40.979467
CUST2024,Steven Thompson,mitchelldeborah@yahoo.com,386.228.7623,"03082 Kelsey Burg, New Daniel, CO 53365",2024-09-09,Duplicate key constraint violation,2025-08-22 23:10:40.979467
CUST2025,Nathaniel Lewis,william69@ryan-cooper.com,9605277158,"823 Amanda Garden Suite 924, Greenfort, WI 35122",2022-12-28,Duplicate key constraint violation,2025-08-22 23:10:40.979467
CUST2026,Stephanie Howard,jessica74@rocha-sanchez.com,+1-037-674-4423x01712,"40578 Christopher Fall, Blaketon, NH 75759",2020-10-26,Duplicate key constraint violation,2025-08-22 23:10:40.979467
CUST2027,Sheila Hopkins,amy06@garcia.com,314.569.6115x9644,"787 Marshall Avenue, Brandonburgh, ME 74992",2023-07-16,Duplicate key constraint violation,2025-08-22 23:10:40.979467
CUST2028,Jose Robles,jasmineayers@gmail.com,4898755452,"476 Thomas Fords, New Krystalmouth, IA 01937",2022-10-14,Duplicate key constraint violation,2025-08-22 23:10:40.979467
CUST2029,Mrs. Amy Bailey DDS,david28@gmail.com,622-086-7295,"1799 John Spurs Apt. 365, Leonardport, SC 65532",2022-01-10,Duplicate key constraint violation,2025-08-22 23:10:40.979467
CUST2030,Ana Moon,alexanderalicia@gmail.com,617.824.5669,"531 Geoffrey Stravenue, Howardton, AL 41120",2024-07-09,Duplicate key constraint violation,2025-08-22 23:10:40.979467
CUST2031,Brett Walton,scottnelson@yahoo.com,+1-259-998-1725x4289,"64639 William Drives Apt. 358, Stanleyfurt, SC 37629",2023-05-28,Duplicate key constraint violation,2025-08-22 23:10:40.979467
CUST2032,Cesar Young,ewingderek@gmail.com,001-593-598-4370x216,"82822 Tiffany Camp Apt. 933, Port Justin, TN 42044",2019-03-02,Duplicate key constraint violation,2025-08-22 23:10:40.979467
CUST2033,Mary Dalton,cfields@hogan.com,1224590293,"8070 Cindy Vista Suite 129, Marytown, AZ 72811",2022-06-26,Duplicate key constraint violation,2025-08-22 23:10:40.979467
CUST2034,Marcia Olson,devinberry@yahoo.com,(144)027-8239x8506,"PSC 4769, Box 5029, APO AP 04920",2024-12-12,Duplicate key constraint violation,2025-08-22 23:10:40.979467
CUST2035,Mary Nelson,russell20@hotmail.com,+1-167-168-0251x3134,"13161 Donna Light Apt. 844, Kaitlinhaven, SD 18204",2022-03-26,Duplicate key constraint violation,2025-08-22 23:10:40.979467
CUST2036,Marcus Howell,ashley57@allen.com,+1-338-837-0867x0709,"53848 Gregory Common, Davisland, OK 80701",2024-04-04,Duplicate key constraint violation,2025-08-22 23:10:40.979467
CUST2037,Craig Kelley,mcintoshrachel@turner.com,(184)654-3719x23448,"976 Friedman Loaf, West Matthew, WA 88454",2019-05-24,Duplicate key constraint violation,2025-08-22 23:10:40.979467
CUST2038,Emily Thompson,ggaines@roberts-mccann.com,+1-925-762-4608x77875,"498 Ayala Rest, Amyton, MS 12321",2024-12-18,Duplicate key constraint violation,2025-08-22 23:10:40.979467
CUST2039,Joseph Rice,orodriguez@yahoo.com,584.868.4815x5091,"635 Melissa Village Suite 453, Lake Amandaport, MI 15005",2021-12-10,Duplicate key constraint violation,2025-08-22 23:10:40.979467
CUST2040,Kimberly Hopkins,jimenezmonica@gmail.com,+1-499-154-4812x80413,"0227 Moore Circles Suite 240, Jacquelinehaven, DC 86669",2019-06-06,Duplicate key constraint violation,2025-08-22 23:10:40.979467
CUST2041,Emily Flynn,kanderson@stevens-perez.biz,216.620.8099,"58920 Hayes Road Suite 101, North Lauraland, AZ 54275",2024-02-11,Duplicate key constraint violation,2025-08-22 23:10:40.979467
CUST2042,Gary Snyder,aprilsmith@yahoo.com,001-640-333-1135x9124,"0182 Harris Islands Apt. 348, South Andrew, ID 29405",2023-06-07,Duplicate key constraint violation,2025-08-22 23:10:40.979467
CUST2043,Nancy Johnson,richard59@prince.com,(655)827-0807,"52390 Meyer Ford, Douglasshire, IL 18087",2020-05-06,Duplicate key constraint violation,2025-08-22 23:10:40.979467
CUST2044,Renee Smith,bradley49@hotmail.com,+1-891-357-6246x133,"2109 Cox Points, North Linda, IA 10321",2023-07-12,Duplicate key constraint violation,2025-08-22 23:10:40.979467
CUST2045,Alicia Taylor,stephanie51@lopez-king.com,(429)618-0342x6434,"381 Pam Station, Sharonmouth, SC 26253",2022-11-20,Duplicate key constraint violation,2025-08-22 23:10:40.979467
CUST2046,Amy Solomon,lisa79@gmail.com,057-529-2554,"2934 Edwards Inlet Apt. 019, New Kristaview, MT 69715",2024-07-24,Duplicate key constraint violation,2025-08-22 23:10:40.979467
CUST2047,Pamela Leonard,mary00@luna.info,001-692-824-7845x741,"20320 Johnson Shoals Apt. 090, Vanessafurt, MD 32255",2019-07-29,Duplicate key constraint violation,2025-08-22 23:10:40.979467
CUST2048,Monique Jacobson,mcintoshkimberly@yahoo.com,070.385.0464x382,"0095 Dillon Lake, South Angelaville, ME 60079",2019-03-26,Duplicate key constraint violation,2025-08-22 23:10:40.979467
CUST2049,James Banks,mcdonaldtimothy@garrett.com,+1-642-904-1848x63013,"USNV Strong, FPO AA 91832",2022-01-23,Duplicate key constraint violation,2025-08-22 23:10:40.979467
CUST2050,Meghan Richardson,shane21@hotmail.com,(399)848-7485x16572,"882 Brian Fall Apt. 609, Townsendport, MT 56128",2019-05-21,Duplicate key constraint violation,2025-08-22 23:10:40.979467
CUST2051,James Williams,uavery@gmail.com,(269)015-5364,"43845 Wells Street Suite 835, Davidfort, WY 03234",2021-11-06,Duplicate key constraint violation,2025-08-22 23:10:40.979467
CUST2052,Laura Blackwell,brandonmoore@gmail.com,810.795.3774x17369,"302 Gilbert Glens, Evansfurt, KY 36770",2022-04-01,Duplicate key constraint violation,2025-08-22 23:10:40.979467
CUST2053,Jennifer Rowe,tiffany38@hotmail.com,6362188207,"0170 Garcia Ports Apt. 329, Bryantown, OK 10268",2021-04-28,Duplicate key constraint violation,2025-08-22 23:10:40.979467
CUST2054,Mark Velazquez,coxlaura@reyes-martin.com,001-238-599-8566x94718,"875 Heather Run Suite 814, Thompsontown, KS 49255",2024-12-07,Duplicate key constraint violation,2025-08-22 23:10:40.979467
CUST2055,Emily Ramirez,crystal25@wright.info,796-883-6493,"94579 Berg Ramp, New Erin, IN 24413",2024-10-15,Duplicate key constraint violation,2025-08-22 23:10:40.979467
CUST2056,Stephen Peterson,clarklisa@hotmail.com,+1-353-483-2479x92961,"USCGC Rogers, FPO AP 25056",2022-10-25,Duplicate key constraint violation,2025-08-22 23:10:40.979467
CUST2057,Gary Adams,woodsangela@yahoo.com,9917655570,"8994 Diana Point, Lake Mercedesfort, MD 17996",2023-05-01,Duplicate key constraint violation,2025-08-22 23:10:40.979467
CUST2058,Jill Ferguson,popeangelica@yahoo.com,001-414-751-6743,"1633 Juarez Streets, Justinborough, OK 70254",2021-10-23,Duplicate key constraint violation,2025-08-22 23:10:40.979467
CUST2059,George Powell,eric93@hotmail.com,001-263-067-6894x748,"31020 Cook Pass Suite 624, Port Suzannebury, IN 22492",2021-05-05,Duplicate key constraint violation,2025-08-22 23:10:40.979467
CUST2060,Diana Horton,pmitchell@gmail.com,001-065-573-6192x27306,"507 Mendez Cliff, Brayborough, KS 05460",2020-04-20,Duplicate key constraint violation,2025-08-22 23:10:40.979467
CUST2061,Terry Owens,owells@gmail.com,176-093-3640x15916,"547 Curtis Overpass Apt. 232, Dustinton, ID 56361",2022-09-11,Duplicate key constraint violation,2025-08-22 23:10:40.979467
CUST2062,Jeffrey Singh,stephaniebates@hotmail.com,710.688.7500x808,"392 Kaiser Fields Apt. 324, South Jamesside, OK 94603",2021-09-20,Duplicate key constraint violation,2025-08-22 23:10:40.979467
CUST2063,Robin Anderson,vgarcia@blackwell-thomas.com,9113237759,"4460 Denise Ridge, Jillianfort, IN 84539",2024-12-22,Duplicate key constraint violation,2025-08-22 23:10:40.979467
CUST2064,Karen Tapia,justin59@gmail.com,157-471-0710,"USNS Molina, FPO AP 49938",2022-12-18,Duplicate key constraint violation,2025-08-22 23:10:40.979467
CUST2065,Todd Lee,ybarnes@gmail.com,(518)394-2202x0055,"3269 Phillips Villages, North Ricardo, MN 11890",2020-10-27,Duplicate key constraint violation,2025-08-22 23:10:40.979467
CUST2066,Debra Randall,bautistakathleen@dodson-moore.info,460.282.0594x0237,"1685 Craig Forges, Melissaberg, HI 29614",2020-09-18,Duplicate key constraint violation,2025-08-22 23:10:40.979467
CUST2067,Scott Stanley,moorenancy@yahoo.com,1092535867,"8595 Michael Ramp, Scottbury, NE 62763",2022-09-16,Duplicate key constraint violation,2025-08-22 23:10:40.979467
CUST2068,Timothy Hamilton,taylor00@mejia.com,007-768-9539,"PSC 3884, Box 8432, APO AA 58788",2019-02-07,Duplicate key constraint violation,2025-08-22 23:10:40.979467
CUST2069,Ryan Brown,ulee@gmail.com,+1-846-447-3602x806,"76962 Daniel Mountains, Robertfurt, NY 30359",2019-07-29,Duplicate key constraint violation,2025-08-22 23:10:40.979467
CUST2070,Omar Davis,caleb67@yahoo.com,672-124-6206,"73123 Fox Port, Williamsfort, CT 26652",2020-10-01,Duplicate key constraint violation,2025-08-22 23:10:40.979467
CUST2071,Anna Ayers,devinvillanueva@hotmail.com,347-561-8895,"436 Ramos Oval Suite 520, East James, SC 16772",2022-11-12,Duplicate key constraint violation,2025-08-22 23:10:40.979467
CUST2072,Justin Lucas,grantjones@arnold.com,457.426.6774,"837 Vasquez Lodge, Jonathanborough, KY 45066",2023-01-27,Duplicate key constraint violation,2025-08-22 23:10:40.979467
CUST2073,Brendan Freeman,donald01@clark-gilmore.net,+1-047-525-4881,"387 Brown Mills, East Deborahburgh, ME 05218",2022-04-07,Duplicate key constraint violation,2025-08-22 23:10:40.979467
CUST2074,Steven Harris,katherinereyes@hotmail.com,(223)606-4235,"14875 Church Tunnel, North James, WV 66156",2022-04-16,Duplicate key constraint violation,2025-08-22 23:10:40.979467
CUST2075,Kyle Wallace,robertkeller@pearson.org,(344)776-3819,"2348 Haynes Drive, South Melissa, MI 68079",2022-08-16,Duplicate key constraint violation,2025-08-22 23:10:40.979467
CUST2076,Charles Larsen,wayne67@li.com,001-075-678-1046x8272,"9430 Rachel Neck, Blakeburgh, RI 97219",2024-07-19,Duplicate key constraint violation,2025-08-22 23:10:40.979467
CUST2077,Stuart Shepard,annroth@barnett.com,+1-787-188-5490,"645 Sara Spur, Ericburgh, MO 42211",2023-07-12,Duplicate key constraint violation,2025-08-22 23:10:40.979467
CUST2078,Tim Baker,zpollard@hotmail.com,(034)240-7725x095,"252 Tom Wall Suite 981, Bradleystad, SC 34812",2023-11-01,Duplicate key constraint violation,2025-08-22 23:10:40.979467
CUST2079,Erika Griffin,choijack@hill.biz,(626)220-2873x291,"74775 Finley Burg, Castroside, HI 17324",2020-11-27,Duplicate key constraint violation,2025-08-22 23:10:40.979467
CUST2080,Kimberly Webster,samantha65@hotmail.com,205.301.4911x496,"3715 Glenn Stravenue, New Charles, MT 21875",2019-01-05,Duplicate key constraint violation,2025-08-22 23:10:40.979467
CUST2081,Antonio Cooper,evelyn42@yahoo.com,2931153824,"90050 Jessica Cove, Elizabethmouth, VT 92779",2020-07-30,Duplicate key constraint violation,2025-08-22 23:10:40.979467
CUST2082,Rebekah Howe,andrew39@maddox-williams.com,(430)123-1984x246,"30094 Fowler Knolls Apt. 858, Mercadoview, GA 96705",2019-06-28,Duplicate key constraint violation,2025-08-22 23:10:40.979467
CUST2083,Erin Olson,williamstaylor@wilson.com,001-530-056-4677x610,"441 Leslie Crescent Suite 843, New Linda, NE 41319",2023-12-15,Duplicate key constraint violation,2025-08-22 23:10:40.979467
CUST2084,David Savage Jr.,hernandeztara@gmail.com,+1-053-754-5938x5256,"USS Peterson, FPO AA 85180",2020-05-30,Duplicate key constraint violation,2025-08-22 23:10:40.979467
CUST2085,William Castro,linancy@calderon-rich.com,+1-059-894-9270x39640,"9016 Green Common, New Robert, OR 46523",2022-10-30,Duplicate key constraint violation,2025-08-22 23:10:40.979467
CUST2086,Abigail Cain,cwright@hotmail.com,228-794-1497x7791,"358 Wilson Lakes, East Markville, CA 76640",2019-02-08,Duplicate key constraint violation,2025-08-22 23:10:40.979467
CUST2087,Selena Navarro,lstanton@zamora.com,+1-456-286-9679x54164,"31151 Parker Skyway, South Latashaview, AK 51724",2024-05-21,Duplicate key constraint violation,2025-08-22 23:10:40.979467
CUST2088,Mrs. Natasha Kirk DDS,carterangela@silva-hess.org,+1-122-148-6032x1470,"372 Miller Views, East Jay, HI 58775",2021-11-21,Duplicate key constraint violation,2025-08-22 23:10:40.979467
CUST2089,Sabrina Nelson,michelemiller@hansen-mcdaniel.com,+1-873-553-0658x9764,"04974 Zamora Path Apt. 708, East Conniemouth, TN 72400",2021-02-07,Duplicate key constraint violation,2025-08-22 23:10:40.979467
CUST2090,Jared Johnson,donald68@gmail.com,852-355-6856x39301,"08813 Moore Street, North Alan, MS 04693",2019-10-15,Duplicate key constraint violation,2025-08-22 23:10:40.979467
CUST2091,Roberta Anderson,ryan64@gmail.com,679-750-0473x91163,"662 Vang Heights, North Jessica, ME 54941",2023-10-03,Duplicate key constraint violation,2025-08-22 23:10:40.979467
CUST2092,Erin Lawson,osullivan@hotmail.com,001-827-129-0957,"0524 Isabel Turnpike Suite 926, Port David, MD 45356",2022-02-15,Duplicate key constraint violation,2025-08-22 23:10:40.979467
CUST2093,Jeremy Lynch DVM,zortiz@yahoo.com,+1-093-695-7573x9228,"127 Frances Manors Apt. 197, Milesville, CA 58050",2020-12-13,Duplicate key constraint violation,2025-08-22 23:10:40.979467
CUST2094,Alexander York,tthomas@krause.org,+1-887-938-0322x77667,"349 Coffey Ferry Apt. 081, Woodfort, KS 58043",2024-12-08,Duplicate key constraint violation,2025-08-22 23:10:40.979467
CUST2095,Renee Moore,robertstracey@gmail.com,842-909-5869,"1909 Martinez Dam, Harrisville, ND 20627",2020-11-26,Duplicate key constraint violation,2025-08-22 23:10:40.979467
CUST2096,Peter Boyer,dennis37@hotmail.com,637-305-6004x83365,"17916 Joshua Meadow, Peterside, AL 39540",2019-09-17,Duplicate key constraint violation,2025-08-22 23:10:40.979467
CUST2097,Tammy May,millshannah@perez.com,(464)811-3042x4217,"585 Smith Spurs, East Scottchester, ME 14063",2020-10-06,Duplicate key constraint violation,2025-08-22 23:10:40.979467
CUST2098,Jason Chung,elizabeth08@salinas.com,037-865-1937,"229 Gamble Motorway, Lake Michael, ME 03568",2020-03-26,Duplicate key constraint violation,2025-08-22 23:10:40.979467
CUST2099,Timothy Ward,carl59@medina.com,(787)643-8427,"4823 Garrett Causeway, Leslieborough, KS 98409",2024-08-26,Duplicate key constraint violation,2025-08-22 23:10:40.979467
CUST2100,Robin Davis,mpearson@caldwell-dominguez.com,301.579.7411,"8974 John Crossing, Port Aliciamouth, RI 78142",2023-04-25,Duplicate key constraint violation,2025-08-22 23:10:40.979467
CUST2101,John Strong,gschmidt@guzman.com,+1-733-973-4144x911,"USS Rosales, FPO AA 33771",2023-11-16,Duplicate key constraint violation,2025-08-22 23:10:40.979467
CUST2102,Martha Lee,angela16@wood.com,668.097.3321x747,"24158 Henry Radial, Hollandbury, AK 61483",2021-12-24,Duplicate key constraint violation,2025-08-22 23:10:40.979467
CUST2103,Jamie Baker,lisastone@olson-mitchell.com,(106)271-2767x6233,"0743 Rowland Flats Suite 013, South Reginald, OR 14500",2022-06-29,Duplicate key constraint violation,2025-08-22 23:10:40.979467
CUST2104,Jessica Stone,fmedina@yahoo.com,4745988085,"Unit 1844 Box 6911, DPO AA 85436",2022-03-13,Duplicate key constraint violation,2025-08-22 23:10:40.979467
CUST2105,Amanda Russo,kyle66@gmail.com,(426)144-5227x311,"PSC 8893, Box 7363, APO AP 71973",2019-02-25,Duplicate key constraint violation,2025-08-22 23:10:40.979467
CUST2106,Ryan Liu,nicole85@gmail.com,543.337.8436x517,"68833 Dana Walk Suite 271, New Matthewtown, KY 35343",2023-10-22,Duplicate key constraint violation,2025-08-22 23:10:40.979467
CUST2107,Kara Boyd,greeneralph@alexander-patterson.com,6214934505,"1218 Katelyn Villages, Mariachester, MT 46130",2022-02-22,Duplicate key constraint violation,2025-08-22 23:10:40.979467
CUST2108,Jennifer Reeves,rlopez@hotmail.com,133-491-6558,"8715 Richard Shoals Suite 644, Longview, MI 90742",2021-11-23,Duplicate key constraint violation,2025-08-22 23:10:40.979467
CUST2109,Gabrielle Best,hansonjohn@odom-olson.biz,001-054-443-9138x599,"216 Brian Drive Apt. 734, Port Christopher, OR 23258",2024-11-29,Duplicate key constraint violation,2025-08-22 23:10:40.979467
CUST2110,Elaine Martin,fcollins@gmail.com,(132)706-0083x81459,"2483 Thomas Valley, Troychester, NY 82978",2022-07-26,Duplicate key constraint violation,2025-08-22 23:10:40.979467
CUST2111,Diana Lamb,caitlin27@kirby.org,232-614-7820,"68038 Hernandez Vista Apt. 203, Bergerchester, VT 33523",2022-11-02,Duplicate key constraint violation,2025-08-22 23:10:40.979467
CUST2112,Heather Gray,kimberlyross@yahoo.com,+1-604-169-4609x99565,"4532 House Heights, Kristinabury, ND 74021",2021-02-17,Duplicate key constraint violation,2025-08-22 23:10:40.979467
CUST2113,David Lutz,connie87@gmail.com,(057)046-8183,"328 Tina Ports, Kevinborough, IN 32117",2023-11-04,Duplicate key constraint violation,2025-08-22 23:10:40.979467
CUST2114,Sharon Johnson,monica01@yahoo.com,290.876.9995x929,"11600 Mccoy Turnpike Suite 476, West Rebeccamouth, MA 85292",2020-08-03,Duplicate key constraint violation,2025-08-22 23:10:40.979467
CUST2115,Samantha Morrow,nmills@mccormick.com,279-657-0659x61572,"Unit 8332 Box 8666, DPO AP 53359",2019-01-25,Duplicate key constraint violation,2025-08-22 23:10:40.979467
CUST2116,Jennifer Jones,kevinthornton@myers-mcmahon.com,(737)106-8460,"0304 Foster Station, Stephanieland, IA 45582",2024-09-25,Duplicate key constraint violation,2025-08-22 23:10:40.979467
CUST2117,Kimberly Robinson,ntaylor@wilson-roberts.com,9664953803,"719 Amanda Terrace Apt. 636, East Lauraberg, TX 43654",2020-09-28,Duplicate key constraint violation,2025-08-22 23:10:40.979467
CUST2118,Victoria Moran,kristenscott@gmail.com,001-677-176-2882x2002,"443 Rodriguez Radial, Port Josephton, WA 31473",2023-04-23,Duplicate key constraint violation,2025-08-22 23:10:40.979467
CUST2119,Patricia Cochran,youngjason@taylor.com,786-677-5783,"PSC 6085, Box 0032, APO AE 97736",2023-01-18,Duplicate key constraint violation,2025-08-22 23:10:40.979467
CUST2120,Larry Franklin,ywilliams@flores-jacobson.com,831-827-0479x5452,"5628 Torres Villages, North Jonathan, FL 07466",2024-03-16,Duplicate key constraint violation,2025-08-22 23:10:40.979467
CUST2121,Jessica Green,kelsey62@gmail.com,+1-246-941-1108,"398 Murphy Cove Suite 399, Rebeccaview, KY 56697",2019-05-29,Duplicate key constraint violation,2025-08-22 23:10:40.979467
CUST2122,Katherine Smith,bobbyjordan@yahoo.com,+1-031-367-3224x6710,"52690 Chad Fall, Davisberg, NY 70460",2023-08-14,Duplicate key constraint violation,2025-08-22 23:10:40.979467
CUST2123,Cole Vasquez,matthew35@harmon-flores.biz,4229984924,"466 Russell Manors Apt. 595, Port Jerrytown, NH 08999",2021-07-24,Duplicate key constraint violation,2025-08-22 23:10:40.979467
CUST2124,Kelly Andrews,bushjoseph@contreras.com,835.972.5169,"016 Amanda Garden, Port Savannah, LA 80998",2019-03-06,Duplicate key constraint violation,2025-08-22 23:10:40.979467
CUST2125,Anita Watson DDS,xmanning@ruiz.biz,(070)328-2123x098,"1328 Clarke Vista, New Oscarmouth, SC 41630",2023-01-23,Duplicate key constraint violation,2025-08-22 23:10:40.979467
CUST2126,Sophia Oliver,roseholly@jones.org,691-544-5612x60310,"6333 Stephanie Prairie Apt. 442, East Steven, MO 56214",2024-12-07,Duplicate key constraint violation,2025-08-22 23:10:40.979467
CUST2127,Stephanie Conner,cgarcia@bennett.net,193.454.9332,"30614 Christine Flat Suite 534, Deborahfort, MD 12084",2020-10-11,Duplicate key constraint violation,2025-08-22 23:10:40.979467
CUST2128,Alexandria Gutierrez,francisgeorge@yahoo.com,853.946.0024,"USCGC Williams, FPO AA 73896",2021-03-07,Duplicate key constraint violation,2025-08-22 23:10:40.979467
CUST2129,Victor Serrano,brenda92@vance-wright.com,469-474-4730x486,"433 Carter Pass Suite 299, Lake Johnburgh, MN 21659",2022-12-22,Duplicate key constraint violation,2025-08-22 23:10:40.979467
CUST2130,Brian Elliott,navarrokatherine@gmail.com,001-990-788-3260,"385 Jackson Mission Suite 031, South Sharonshire, DE 90308",2024-07-28,Duplicate key constraint violation,2025-08-22 23:10:40.979467
CUST2131,Nathaniel Hood,wmartinez@hartman.com,001-094-015-9275x4671,"7444 Ferguson Plaza Suite 937, East Tracyberg, SD 60964",2019-03-20,Duplicate key constraint violation,2025-08-22 23:10:40.979467
CUST2132,Sabrina Smith,jaredcarter@scott-jones.info,001-887-585-2981x821,"2900 Jessica Neck, New Douglasberg, WA 77528",2021-10-17,Duplicate key constraint violation,2025-08-22 23:10:40.979467
CUST2133,Jeffrey Marshall,millernicholas@gmail.com,+1-176-715-1451x44266,"8450 Rogers Square, Lake Jonathan, MT 66534",2021-09-18,Duplicate key constraint violation,2025-08-22 23:10:40.979467
CUST2134,Casey Berry,wmiller@ewing.org,+1-561-641-3465x72914,"1345 Gary Mountains Apt. 816, Port Amy, VA 11083",2022-01-29,Duplicate key constraint violation,2025-08-22 23:10:40.979467
CUST2135,Maria Smith,wsimmons@foster.com,+1-248-105-7442,"276 Nicholas Pine, Lake Angelaside, OR 47019",2021-01-28,Duplicate key constraint violation,2025-08-22 23:10:40.979467
CUST2136,Brandon Long,cynthia66@morris.com,722.036.9733x86434,"410 Smith Spurs, Ginaside, RI 74973",2023-09-17,Duplicate key constraint violation,2025-08-22 23:10:40.979467
CUST2137,Morgan Curtis,emilyrivera@walton.com,(824)482-6597x57758,"819 Daniel Motorway, Jamiebury, MS 03987",2019-11-16,Duplicate key constraint violation,2025-08-22 23:10:40.979467
CUST2138,Sean Foster,brooksrobert@gmail.com,9375144387,"62149 Gerald Burgs Suite 423, Amystad, OK 97975",2024-01-10,Duplicate key constraint violation,2025-08-22 23:10:40.979467
CUST2139,Carolyn James,evansdavid@hotmail.com,7592893933,"348 Christopher Groves, Rosalesport, MA 00753",2021-08-27,Duplicate key constraint violation,2025-08-22 23:10:40.979467
CUST2140,Lorraine Stone,taylor41@yahoo.com,(255)321-1442,"8574 Martin Fort, Lake Steven, FL 17897",2024-01-16,Duplicate key constraint violation,2025-08-22 23:10:40.979467
CUST2141,Robin Carlson,chloeschmidt@yahoo.com,052-012-5908,"283 Neal Manors Suite 319, Reedchester, UT 41719",2024-09-15,Duplicate key constraint violation,2025-08-22 23:10:40.979467
CUST2142,Jennifer Palmer,lauriebenton@garcia-nguyen.com,001-112-088-7787x368,"83857 Sharon Passage, East Ryanview, IA 47194",2020-02-16,Duplicate key constraint violation,2025-08-22 23:10:40.979467
CUST2143,Sara Gonzalez,huertawilliam@yahoo.com,125.388.1443x2288,"22004 Cardenas Spurs Suite 058, Matthewmouth, LA 17263",2021-02-10,Duplicate key constraint violation,2025-08-22 23:10:40.979467
CUST2144,Clinton Gonzalez,charles25@yahoo.com,+1-192-129-2961,"489 Emma Center, Laurenfort, NY 14760",2020-11-04,Duplicate key constraint violation,2025-08-22 23:10:40.979467
CUST2145,Bryan Todd,kelly45@baxter.com,883.704.2554x3028,"2201 Copeland Mews, North James, CO 84932",2023-12-10,Duplicate key constraint violation,2025-08-22 23:10:40.979467
CUST2146,Eric Thomas,mmiller@campbell.com,(640)972-5988,"Unit 4154 Box 0714, DPO AP 51593",2019-09-25,Duplicate key constraint violation,2025-08-22 23:10:40.979467
CUST2147,Jennifer Brown,vrandall@gmail.com,804-046-0978,"145 Lisa Extensions, Torresfurt, ID 18403",2023-10-14,Duplicate key constraint violation,2025-08-22 23:10:40.979467
CUST2148,Robert Sherman,haneyangela@yahoo.com,555.438.3076x1522,"329 Zachary Roads Suite 037, North Jennifer, TX 00800",2023-06-05,Duplicate key constraint violation,2025-08-22 23:10:40.979467
CUST2149,Shannon Jimenez,amandapalmer@gmail.com,(171)069-3207x402,"14675 Beth Shoal Suite 033, Lake Jamesmouth, KY 42164",2022-01-18,Duplicate key constraint violation,2025-08-22 23:10:40.979467
CUST2150,Rachel Ortiz,ygarcia@hotmail.com,+1-148-607-6475x6468,"2585 Dennis Cliffs, North Jamesville, NV 73645",2021-11-01,Duplicate key constraint violation,2025-08-22 23:10:40.979467
CUST2151,Justin Ramos,bergerkevin@yahoo.com,(637)609-7674x1267,"520 Tiffany Orchard, Michellebury, NM 16092",2023-11-26,Duplicate key constraint violation,2025-08-22 23:10:40.979467
CUST2152,Robin Ellison,jhernandez@burton.info,499-037-0980,"Unit 1822 Box 8895, DPO AA 32546",2022-12-29,Duplicate key constraint violation,2025-08-22 23:10:40.979467
CUST2153,Kelly Lewis,heatherpoole@grant-campbell.com,175-325-6145x2157,"0362 Cynthia Lights, Butlerstad, NJ 03598",2022-09-04,Duplicate key constraint violation,2025-08-22 23:10:40.979467
CUST2154,Danny Daniel,jose71@choi.com,385.088.9854x36942,"485 Angela Harbors, Perezbury, VT 19036",2020-01-07,Duplicate key constraint violation,2025-08-22 23:10:40.979467
CUST2155,Brittany Martin,barrettdebra@pittman.com,+1-352-353-5017x95265,"43125 Richard Glen, West Miranda, CA 72774",2022-06-11,Duplicate key constraint violation,2025-08-22 23:10:40.979467
CUST2156,Brian Harvey,jgarcia@wolf-marshall.com,+1-975-661-3694x072,"7327 Yang Wall, South Benjamin, ID 33092",2019-05-04,Duplicate key constraint violation,2025-08-22 23:10:40.979467
CUST2157,Kelsey Clarke,chambersrebecca@hotmail.com,+1-835-935-2003x3337,"66755 Tara Expressway, Hannahside, NY 58829",2024-07-10,Duplicate key constraint violation,2025-08-22 23:10:40.979467
CUST2158,Dawn Cannon,rgrant@yahoo.com,898-879-1540,"487 Alyssa Mountains, Markhaven, WA 98152",2019-02-14,Duplicate key constraint violation,2025-08-22 23:10:40.979467
CUST2159,Andrew Robinson,tammyperkins@johnson.com,001-827-140-4611,"19971 Schaefer Island Suite 982, Angelafort, DE 37999",2021-10-23,Duplicate key constraint violation,2025-08-22 23:10:40.979467
CUST2160,Louis Chan,nicolemay@benitez.biz,(077)927-2219,"0412 Paula Mill Apt. 822, South Jeanettestad, ID 43571",2021-04-10,Duplicate key constraint violation,2025-08-22 23:10:40.979467
CUST2161,Patricia Walton,pettychristopher@wilson-allen.com,205-158-9019x1494,"61436 Stephens Mountain Apt. 285, New Michelle, OR 73035",2023-06-18,Duplicate key constraint violation,2025-08-22 23:10:40.979467
CUST2162,Cheryl Wade,lindsay77@yahoo.com,(191)059-0904,"1610 Berger Cove Suite 854, Kelseychester, NV 28177",2023-05-03,Duplicate key constraint violation,2025-08-22 23:10:40.979467
CUST2163,Debra Watson,bradley87@sawyer.com,(367)056-7409x64052,"97538 Joan Green, Theresabury, DC 21324",2023-11-20,Duplicate key constraint violation,2025-08-22 23:10:40.979467
CUST2164,Zachary Terry,thomas60@hampton.com,+1-483-023-2358x5995,"902 Donna Viaduct, Lake Nicole, KS 40163",2023-05-14,Duplicate key constraint violation,2025-08-22 23:10:40.979467
CUST2165,Cory Peterson,ortegateresa@gmail.com,218.587.8091,"395 Booth Valley Apt. 939, Schaeferfort, MD 86269",2019-06-07,Duplicate key constraint violation,2025-08-22 23:10:40.979467
CUST2166,Ronald Lopez,amy60@hotmail.com,241.898.8301x964,"85987 Valerie Loaf, Port Richardhaven, HI 95023",2024-03-20,Duplicate key constraint violation,2025-08-22 23:10:40.979467
CUST2167,Joseph King,kimberlysmith@flores-brown.com,001-901-401-3327,"8109 Davis Radial, Henryside, NY 49521",2022-12-23,Duplicate key constraint violation,2025-08-22 23:10:40.979467
CUST2168,Tyrone Mckee,lewistrevor@gmail.com,001-185-513-5411x79138,"65010 Green Haven, North Lauren, GA 09549",2020-06-03,Duplicate key constraint violation,2025-08-22 23:10:40.979467
CUST2169,Joseph Williams,brittanysteele@smith.net,001-252-716-4941x69121,"52281 Cooley Heights, Hernandezville, NJ 43262",2022-02-14,Duplicate key constraint violation,2025-08-22 23:10:40.979467
CUST2170,Brian Ballard,uavila@perez.com,+1-666-981-2146x3300,"70460 Brittany Pike, South Kristinville, VA 96403",2022-09-05,Duplicate key constraint violation,2025-08-22 23:10:40.979467
CUST2171,Eric Miller,ymoss@yahoo.com,676.852.1936x6504,"0078 Mark Courts, Reynoldsport, UT 74700",2019-04-10,Duplicate key constraint violation,2025-08-22 23:10:40.979467
CUST2172,Kathryn Henderson,william18@gmail.com,(904)419-2240x28566,"644 Santos Causeway Suite 634, Jordanmouth, KS 93606",2023-06-19,Duplicate key constraint violation,2025-08-22 23:10:40.979467
CUST2173,Cassie Salinas,amyrivera@johnson.info,8668491963,"403 Davis Trail Suite 972, Cooperhaven, AL 77937",2024-04-24,Duplicate key constraint violation,2025-08-22 23:10:40.979467
CUST2174,Ryan Stevenson,vhill@gmail.com,059-986-4384,"103 Karen Road, Lake Jillburgh, DC 43913",2024-11-06,Duplicate key constraint violation,2025-08-22 23:10:40.979467
CUST2175,John Phillips,cynthia98@brown-smith.com,+1-479-493-1177,"100 Sanchez Harbor Apt. 157, South Stephanie, MA 77867",2020-07-08,Duplicate key constraint violation,2025-08-22 23:10:40.979467
CUST2176,Sarah Ryan,vsullivan@smith-novak.biz,+1-389-324-5694,"74934 Christopher Square Suite 119, Williestad, VA 68777",2019-06-20,Duplicate key constraint violation,2025-08-22 23:10:40.979467
CUST2177,Angela Owen,nrobinson@arroyo.org,+1-394-632-9486,"623 Mills Heights, Michellehaven, KS 78242",2019-11-30,Duplicate key constraint violation,2025-08-22 23:10:40.979467
CUST2178,Derrick Murphy,dawnwilliams@cochran.net,206-519-6701,"4261 Jason Dale Apt. 578, Lake Crystalberg, IL 37108",2022-11-24,Duplicate key constraint violation,2025-08-22 23:10:40.979467
CUST2179,Ashley Downs,robert76@yahoo.com,(389)597-7968,"498 Cummings Falls, Brandymouth, AZ 90685",2023-01-18,Duplicate key constraint violation,2025-08-22 23:10:40.979467
CUST2180,Mark Hunter,smitherica@collins.net,790.620.2235,"Unit 3907 Box 0894, DPO AP 54668",2019-01-19,Duplicate key constraint violation,2025-08-22 23:10:40.979467
CUST2181,Ralph Morales,thorntonroy@hotmail.com,(748)874-6834x0385,"911 Smith Manor, Bakertown, MD 71556",2019-10-12,Duplicate key constraint violation,2025-08-22 23:10:40.979467
CUST2182,Dr. Eric Thomas,crichardson@gmail.com,451-646-6460,"25258 Casey Port, Robertberg, NY 48794",2021-02-20,Duplicate key constraint violation,2025-08-22 23:10:40.979467
CUST2183,Michael Jones,erodriguez@lester.com,871.743.1910x855,"8014 Jones Club, Schwartzland, HI 71759",2020-03-29,Duplicate key constraint violation,2025-08-22 23:10:40.979467
CUST2184,Andrea Rodriguez,lyonsveronica@miller-morris.info,203.139.7355x199,"473 James Summit, West Donaldland, RI 51836",2024-04-13,Duplicate key constraint violation,2025-08-22 23:10:40.979467
CUST2185,Edgar Rodriguez,sara26@gmail.com,7307860596,"800 Frederick Run, Port Elizabeth, KS 59973",2019-06-26,Duplicate key constraint violation,2025-08-22 23:10:40.979467
CUST2186,Theresa Estes,james66@mcpherson-smith.com,(330)609-3240x87004,"13702 Carter Roads Apt. 853, Goldenborough, WA 24366",2022-07-12,Duplicate key constraint violation,2025-08-22 23:10:40.979467
CUST2187,Dr. Kylie Powell,ccarroll@gmail.com,(141)889-2980x524,"Unit 7609 Box 8608, DPO AP 86003",2019-04-14,Duplicate key constraint violation,2025-08-22 23:10:40.979467
CUST2188,Kelly Perez,jeffery92@wright.net,102.342.8271x83730,"252 Elizabeth Pike, Justinland, NC 65740",2022-07-13,Duplicate key constraint violation,2025-08-22 23:10:40.979467
CUST2189,Carla Pearson,kevintaylor@hotmail.com,6476594328,"4710 Bean Parkways, New Derekside, WY 81197",2023-05-28,Duplicate key constraint violation,2025-08-22 23:10:40.979467
CUST2190,Kimberly Thomas,domingueztyler@moreno.com,(587)491-3056,"747 Michael Crest Apt. 083, Port Tracy, NM 62844",2020-05-28,Duplicate key constraint violation,2025-08-22 23:10:40.979467
CUST2191,Jorge Reynolds,lawsoncharles@yahoo.com,958.592.2787,"97060 Maria Course Suite 828, Bishopborough, NJ 25271",2022-01-31,Duplicate key constraint violation,2025-08-22 23:10:40.979467
CUST2192,Kyle Beard,priceraymond@howard-gross.com,434.105.9239x49204,"1427 Brandon Club Suite 591, Melissahaven, SD 69468",2023-07-23,Duplicate key constraint violation,2025-08-22 23:10:40.979467
CUST2193,Catherine Barrett,brian90@freeman.info,001-155-590-6319,"93158 Mary Views Apt. 118, North Raymondbury, AK 54554",2020-08-05,Duplicate key constraint violation,2025-08-22 23:10:40.979467
CUST2194,Chase Palmer,courtney20@newman.biz,001-129-869-8733,"8746 William Avenue Apt. 909, South Travismouth, NJ 56030",2020-08-27,Duplicate key constraint violation,2025-08-22 23:10:40.979467
CUST2195,Danielle Navarro,kimangela@patterson.biz,001-923-177-3248x444,"06828 Sharon Court, Melissaside, IL 84652",2023-07-14,Duplicate key constraint violation,2025-08-22 23:10:40.979467
CUST2196,Tracy Garcia,lisajohnson@jones.com,321.123.9888x8935,"36809 Thompson Fork Suite 037, East Richard, TX 68967",2022-06-07,Duplicate key constraint violation,2025-08-22 23:10:40.979467
CUST2197,Kelly Wolfe,qdunn@obrien-soto.com,001-130-555-7124,"066 Kerri Fields Suite 736, Salazarburgh, RI 14976",2024-09-26,Duplicate key constraint violation,2025-08-22 23:10:40.979467
CUST2198,Donna Keith,nielsenmichael@yahoo.com,+1-887-638-6422,"879 Kimberly Shoals, East Margaretland, MO 79893",2019-09-03,Duplicate key constraint violation,2025-08-22 23:10:40.979467
CUST2199,Andrew Buckley,mesparza@travis.com,9640576952,"74775 Schultz Turnpike Apt. 062, Nicholshaven, MD 09328",2020-10-29,Duplicate key constraint violation,2025-08-22 23:10:40.979467
CUST2200,Michael Robinson,gregparrish@moore.com,296-934-3594x655,"36157 Rhonda Vista, East Arthurhaven, CA 29466",2020-05-28,Duplicate key constraint violation,2025-08-22 23:10:40.979467
CUST2201,Gina Sharp,tali@hotmail.com,+1-529-182-9199x04264,"955 Gary Drives Suite 244, Alvarezside, IA 85704",2020-07-02,Duplicate key constraint violation,2025-08-22 23:10:40.979467
CUST2202,Stephanie Pratt,mariah13@yahoo.com,+1-394-757-6725,"2760 Diana Station Apt. 371, New David, NY 84974",2024-05-23,Duplicate key constraint violation,2025-08-22 23:10:40.979467
CUST2203,Cameron Powers,sanchezlori@gmail.com,+1-225-323-9144x485,"998 Castro Pike Suite 412, New David, RI 56142",2019-07-11,Duplicate key constraint violation,2025-08-22 23:10:40.979467
CUST2204,Michael Mcneil,amy27@hotmail.com,001-631-985-3189x9631,"3676 Tonya Station Suite 105, Garrettville, ND 95717",2024-10-29,Duplicate key constraint violation,2025-08-22 23:10:40.979467
CUST2205,Jeremy Cooper,crystaljackson@yahoo.com,+1-871-703-2331,"167 Nunez Estates Suite 297, Carolynfort, MI 51119",2019-06-28,Duplicate key constraint violation,2025-08-22 23:10:40.979467
CUST2206,David Gomez,hdean@young.com,7432911985,"6290 Amy Lakes, Lake Amandatown, SC 07820",2023-05-06,Duplicate key constraint violation,2025-08-22 23:10:40.979467
CUST2207,Ian Gould,crystalwilson@gmail.com,(776)936-2890x2551,"5879 Johnson Heights Apt. 821, Hernandezville, TX 83282",2021-01-08,Duplicate key constraint violation,2025-08-22 23:10:40.979467
CUST2208,Alan Hanna,isabelbenton@gmail.com,490.040.0361,"PSC 0548, Box 7628, APO AE 70417",2022-11-12,Duplicate key constraint violation,2025-08-22 23:10:40.979467
CUST2209,Elizabeth Leon,josebeck@martin.biz,+1-816-202-5876,"762 Shirley Mills Apt. 093, Christineside, ME 71766",2019-12-06,Duplicate key constraint violation,2025-08-22 23:10:40.979467
CUST2210,Scott Wilson,bharper@yahoo.com,935-642-3803x98554,"1827 Smith Glen, Port Michaeltown, VT 85397",2019-11-27,Duplicate key constraint violation,2025-08-22 23:10:40.979467
CUST2211,Charles Conley,valentinejanet@gmail.com,049.763.2086,"8747 Fry Hill Apt. 392, Josephville, PA 47512",2020-12-15,Duplicate key constraint violation,2025-08-22 23:10:40.979467
CUST2212,Thomas Carter,jdixon@hotmail.com,044-232-4814x9055,"97390 Matthew Ports Suite 958, North Stevenville, TX 89559",2021-12-23,Duplicate key constraint violation,2025-08-22 23:10:40.979467
CUST2213,Matthew Sanchez,fbrooks@gmail.com,878-700-5344x17320,"4509 Price Points, North Kathryn, GA 06240",2021-04-05,Duplicate key constraint violation,2025-08-22 23:10:40.979467
CUST2214,Pamela Contreras,rrodriguez@holt.biz,(852)878-2532x0108,"181 Suzanne Brook Suite 999, Whitneychester, CO 42195",2021-12-04,Duplicate key constraint violation,2025-08-22 23:10:40.979467
CUST2215,Mark Fuller,thompsonmark@gmail.com,(112)866-6510,"19159 Haynes Fork Apt. 383, Port Jeffrey, KS 00656",2022-09-05,Duplicate key constraint violation,2025-08-22 23:10:40.979467
CUST2216,Joel Chen,stephanie23@yahoo.com,149-308-3683x46753,"809 Small Prairie Suite 788, Gibsonbury, DC 11422",2021-11-05,Duplicate key constraint violation,2025-08-22 23:10:40.979467
CUST2217,Christopher Gaines,santiagocourtney@hotmail.com,(289)697-6955x0853,"153 Lauren Spur Apt. 721, North Katherineport, NH 14177",2021-11-27,Duplicate key constraint violation,2025-08-22 23:10:40.979467
CUST2218,Sean Jackson,thomasjohnson@valdez.com,001-771-303-1173x308,"PSC 8530, Box 0673, APO AP 87629",2024-10-20,Duplicate key constraint violation,2025-08-22 23:10:40.979467
CUST2219,Susan Davis PhD,stephanieclay@gmail.com,001-792-143-3690,"9211 Morrison Lodge, East Jacob, PA 89259",2024-02-13,Duplicate key constraint violation,2025-08-22 23:10:40.979467
CUST2220,Sharon Crawford,crystalroberts@hunt.com,001-419-502-1214x769,"7346 Baker Circles Apt. 087, Stevenmouth, DE 64988",2020-09-27,Duplicate key constraint violation,2025-08-22 23:10:40.979467
CUST2221,Richard Doyle,hknight@martinez.com,001-106-194-7541x08647,"56605 Johnson Mountains, Edwardberg, NE 88325",2024-01-13,Duplicate key constraint violation,2025-08-22 23:10:40.979467
CUST2222,Victoria Hammond,ycortez@martinez-reed.org,(944)696-2360x40156,"08635 Michael Estates, West Thomas, ID 56739",2020-09-17,Duplicate key constraint violation,2025-08-22 23:10:40.979467
CUST2223,Timothy Wagner PhD,whitebenjamin@bartlett.biz,(574)359-2290x5309,"123 Gloria Wall Suite 360, Amyland, HI 51701",2019-06-08,Duplicate key constraint violation,2025-08-22 23:10:40.979467
CUST2224,Carlos Lewis,philiplee@morton.org,(089)396-1882x3154,"8062 Katrina Terrace, Port Danielle, MA 82847",2020-12-25,Duplicate key constraint violation,2025-08-22 23:10:40.979467
CUST2225,Charles Williams,smithmelanie@gmail.com,667.147.1649,"12271 Jorge Underpass Apt. 025, Port Josephborough, AZ 03708",2024-09-29,Duplicate key constraint violation,2025-08-22 23:10:40.979467
CUST2226,Leslie Barber,ericcarrillo@mason-ramirez.com,768.028.0726x2825,"45595 Barry Meadows Apt. 190, East Carlos, OR 21554",2019-05-19,Duplicate key constraint violation,2025-08-22 23:10:40.979467
CUST2227,Jody Cole,dwoods@yahoo.com,996.220.9053,"Unit 7180 Box 5538, DPO AP 48451",2022-07-18,Duplicate key constraint violation,2025-08-22 23:10:40.979467
CUST2228,Luis Fields,janet56@gmail.com,821.072.1244,"83147 Rodriguez Point Apt. 919, South Brandibury, WA 25243",2019-10-21,Duplicate key constraint violation,2025-08-22 23:10:40.979467
CUST2229,Tonya Warner,obrown@hotmail.com,068.330.4045x036,"17600 Susan Plains, West Patrickport, WV 20657",2021-03-01,Duplicate key constraint violation,2025-08-22 23:10:40.979467
CUST2230,Leslie Spencer,nicholas32@bennett.net,+1-425-216-9707x4094,"5080 Jacob River, Lake Tracy, NJ 59924",2024-02-14,Duplicate key constraint violation,2025-08-22 23:10:40.979467
CUST2231,Linda Todd,william35@hotmail.com,(338)489-8973,"6618 Davis Streets Suite 232, North Matthewchester, NY 45553",2021-09-04,Duplicate key constraint violation,2025-08-22 23:10:40.979467
CUST2232,Keith Frost,kmaxwell@white.com,+1-609-536-3031x827,"90983 Allen Crest Apt. 634, Kerrfort, CO 34392",2024-02-22,Duplicate key constraint violation,2025-08-22 23:10:40.979467
CUST2233,Matthew Rojas,lmartin@yahoo.com,+1-881-596-0248,"674 Julie Grove, Lake Tinabury, CA 49952",2024-11-09,Duplicate key constraint violation,2025-08-22 23:10:40.979467
CUST2234,Laura Mccann,greenjason@obrien.com,(113)235-4216,"6126 Wilson Prairie, Petersonshire, MD 03262",2020-10-14,Duplicate key constraint violation,2025-08-22 23:10:40.979467
CUST2235,Kayla Chavez,lwebster@gmail.com,5390597645,"207 Lambert Extension, East Christopher, MN 58460",2022-09-28,Duplicate key constraint violation,2025-08-22 23:10:40.979467
CUST2236,Kevin Collins,susan41@yahoo.com,(196)742-9897x4152,"06716 Miranda Spur Apt. 710, Maryfurt, MA 81058",2020-07-06,Duplicate key constraint violation,2025-08-22 23:10:40.979467
CUST2237,Michelle Cline,patriciayoung@terry-turner.biz,+1-397-319-1073x973,"0923 Gregory Crescent Suite 328, Westburgh, WY 44712",2024-05-05,Duplicate key constraint violation,2025-08-22 23:10:40.979467
CUST2238,Rhonda Randall,rebecca16@flores-chambers.org,(228)954-8960,"98054 Holmes Way Apt. 099, Butlerport, MA 30112",2019-08-23,Duplicate key constraint violation,2025-08-22 23:10:40.979467
CUST2239,Erin Chapman DDS,harmontrevor@hotmail.com,325-660-8671x683,"16435 Cohen Stream, New Kevin, MD 54092",2019-12-04,Duplicate key constraint violation,2025-08-22 23:10:40.979467
CUST2240,Mary Giles,albert91@gmail.com,823.586.0522x780,"009 Hill Inlet, South Rodney, DE 66196",2024-10-21,Duplicate key constraint violation,2025-08-22 23:10:40.979467
CUST2241,Eric Ford,mason69@taylor.net,4286568568,"534 Gonzalez Passage Suite 261, Joehaven, MA 63940",2022-11-07,Duplicate key constraint violation,2025-08-22 23:10:40.979467
CUST2242,Susan Porter,nguyenphilip@hotmail.com,(077)354-1600,"594 Melissa Bypass Suite 415, Erikbury, SC 46901",2019-01-11,Duplicate key constraint violation,2025-08-22 23:10:40.979467
CUST2243,Scott Robertson,charlesellis@adkins.com,627-500-0675x9254,"3272 Linda Station, East Carlos, AL 48058",2019-11-24,Duplicate key constraint violation,2025-08-22 23:10:40.979467
CUST2244,Deborah Landry,rileylauren@hotmail.com,+1-419-126-9619x33618,"46566 Ian River, Port Frederick, LA 21951",2020-03-01,Duplicate key constraint violation,2025-08-22 23:10:40.979467
CUST2245,Jeremy Woods,hoodzachary@gilbert.com,001-242-611-7251x18726,"PSC 1493, Box 4254, APO AP 24830",2023-10-18,Duplicate key constraint violation,2025-08-22 23:10:40.979467
CUST2246,Peter Johnston,angelicatodd@rangel.com,086.960.3235x48391,"483 Page Divide Suite 125, North Christopherstad, AZ 00884",2022-12-14,Duplicate key constraint violation,2025-08-22 23:10:40.979467
CUST2247,Lindsay Phillips,fjackson@gmail.com,001-031-129-3444x95060,"12558 Lara Unions Apt. 645, New Andrea, MT 45621",2024-01-24,Duplicate key constraint violation,2025-08-22 23:10:40.979467
CUST2248,Brandon Cruz,jeffrey13@yahoo.com,001-843-744-5624,"782 Daniel Street, Jamesmouth, MS 06918",2022-10-07,Duplicate key constraint violation,2025-08-22 23:10:40.979467
CUST2249,Gregory Weber,pperez@gross-mitchell.info,+1-287-617-3723x1084,"7295 Owens Lake Suite 690, South Patrickfort, MI 74614",2023-03-29,Duplicate key constraint violation,2025-08-22 23:10:40.979467
CUST2250,Nicole Walker,deborah48@hatfield.org,4810697869,"506 Diana Underpass Apt. 873, West Elizabeth, IL 88835",2024-09-29,Duplicate key constraint violation,2025-08-22 23:10:40.979467
CUST2251,Walter Owens,ugibson@hotmail.com,1171731687,"5616 Navarro Landing, Katherineton, AZ 83287",2023-01-22,Duplicate key constraint violation,2025-08-22 23:10:40.979467
CUST2252,Bradley Mcdaniel,rileyjohnson@esparza-taylor.com,171-467-2238x516,"565 Maurice Mall Suite 433, North Timothyburgh, DC 17063",2020-05-01,Duplicate key constraint violation,2025-08-22 23:10:40.979467
CUST2253,Anthony King,amychristian@yahoo.com,+1-207-219-5855x722,"USNV Hull, FPO AP 90832",2020-07-11,Duplicate key constraint violation,2025-08-22 23:10:40.979467
CUST2254,Evelyn Brown,uwalker@gmail.com,171.416.8348x3877,"92841 Dodson Green, South Joshuaport, NJ 83616",2022-07-21,Duplicate key constraint violation,2025-08-22 23:10:40.979467
CUST2255,Carrie Mitchell,paynedalton@hotmail.com,001-789-621-4602x213,"468 Chavez Land Apt. 728, Port Jennifer, HI 20868",2019-04-04,Duplicate key constraint violation,2025-08-22 23:10:40.979467
CUST2256,Joshua Turner,cookvalerie@yahoo.com,001-455-259-8403x81893,"34601 Smith Knoll Suite 340, Williamside, DE 75762",2021-01-17,Duplicate key constraint violation,2025-08-22 23:10:40.979467
CUST2257,Norma Sims,john02@gmail.com,201.150.1090,"891 Ruth Mission, Joshuaside, KY 04146",2020-05-27,Duplicate key constraint violation,2025-08-22 23:10:40.979467
CUST2258,Robert Calderon,gonzalezronald@ho.com,(813)249-0278,"86611 Emily Underpass, Smithborough, MO 89273",2019-03-20,Duplicate key constraint violation,2025-08-22 23:10:40.979467
CUST2259,Sandra Thompson,woodlarry@gmail.com,001-427-388-4960x8156,"8583 Jason Dam Apt. 425, East Nicole, MT 26236",2022-10-15,Duplicate key constraint violation,2025-08-22 23:10:40.979467
CUST2260,Elizabeth Baker,starkbetty@hotmail.com,001-257-758-5024,"991 Justin Haven, West Aprilview, AR 60763",2021-03-02,Duplicate key constraint violation,2025-08-22 23:10:40.979467
CUST2261,Christopher Bailey,jennifer41@hotmail.com,633-929-7249,"0108 Ross Shores, North Matthew, LA 57039",2019-06-30,Duplicate key constraint violation,2025-08-22 23:10:40.979467
CUST2262,Shane Williams,kevindean@yahoo.com,756-686-6077,"47187 Wilson Pine, New Conniemouth, CO 60983",2023-08-23,Duplicate key constraint violation,2025-08-22 23:10:40.979467
CUST2263,James Hancock,batkins@anderson.com,475.500.0400x89614,"1715 Mahoney Lights Apt. 975, East Steven, GA 78158",2019-09-12,Duplicate key constraint violation,2025-08-22 23:10:40.979467
CUST2264,Erika Gregory,tkelly@roberts.com,001-703-247-1922x86270,"3696 Melendez Land Apt. 798, Lake Ana, MT 62569",2022-06-28,Duplicate key constraint violation,2025-08-22 23:10:40.979467
CUST2265,David Horton,dennis19@yahoo.com,+1-670-946-0737x756,"08980 Tiffany Freeway, West Elizabethfurt, OR 45276",2023-05-15,Duplicate key constraint violation,2025-08-22 23:10:40.979467
CUST2266,Michael Rojas,selena08@gmail.com,+1-570-585-6529x2537,"3030 Torres Street, Rhondafort, LA 55680",2019-08-02,Duplicate key constraint violation,2025-08-22 23:10:40.979467
CUST2267,Deborah Taylor,karen32@hotmail.com,(970)693-7167,"26148 Brittany Plains Apt. 991, Richardburgh, IA 96957",2020-11-19,Duplicate key constraint violation,2025-08-22 23:10:40.979467
CUST2268,Jay Guerrero,victor20@yahoo.com,(406)485-5185,"Unit 1913 Box 4738, DPO AE 18455",2023-01-05,Duplicate key constraint violation,2025-08-22 23:10:40.979467
CUST2269,Dominique Jones,yhobbs@mccarthy.info,(929)053-0605x34321,"40556 John Estates Apt. 993, Clintonchester, LA 88166",2019-11-14,Duplicate key constraint violation,2025-08-22 23:10:40.979467
CUST2270,Mr. George Williams,marcmcintyre@gmail.com,+1-103-614-0463x164,"USS Watson, FPO AA 10289",2023-07-31,Duplicate key constraint violation,2025-08-22 23:10:40.979467
CUST2271,Jessica Zimmerman,ericwalsh@gmail.com,001-996-640-6844x19413,"3893 Webb Isle, Rodriguezchester, AK 52250",2019-08-10,Duplicate key constraint violation,2025-08-22 23:10:40.979467
CUST2272,Janet Williams,robertgreen@hotmail.com,(958)025-5310x5911,"402 Sharp Loop, Hughesside, IL 74752",2023-12-11,Duplicate key constraint violation,2025-08-22 23:10:40.979467
CUST2273,Christina Stevenson,kimberlymartinez@cruz-collins.info,(579)571-0150x514,"80223 Baker Route Apt. 718, North Meghan, NV 18236",2022-12-24,Duplicate key constraint violation,2025-08-22 23:10:40.979467
CUST2274,Amanda Quinn,ibrown@hotmail.com,494.583.0849,"995 Robert Streets Suite 750, Wilsonstad, ME 99861",2021-11-13,Duplicate key constraint violation,2025-08-22 23:10:40.979467
CUST2275,Brittany Baldwin,joneskaren@gmail.com,717-753-1614,"29798 Michael Passage Suite 159, New Chadton, CO 56449",2022-06-22,Duplicate key constraint violation,2025-08-22 23:10:40.979467
CUST2276,Kimberly Hamilton,lynn16@wong.org,975.596.1416,"073 Williams Route, Port Elizabethberg, RI 58963",2024-02-02,Duplicate key constraint violation,2025-08-22 23:10:40.979467
CUST2277,Christopher Ward,reynoldscarolyn@clarke.com,001-185-304-4855x8630,"89735 Robert Stravenue, East Natalieside, CO 35156",2023-08-16,Duplicate key constraint violation,2025-08-22 23:10:40.979467
CUST2278,Sarah Fitzgerald,jose47@taylor.org,649-092-0720,"Unit 1165 Box 3246, DPO AP 69790",2021-01-10,Duplicate key constraint violation,2025-08-22 23:10:40.979467
CUST2279,Crystal Smith,joshuathompson@hogan-cruz.com,+1-938-393-4583x616,"02988 Natalie Forges, North Charles, ME 45777",2019-05-06,Duplicate key constraint violation,2025-08-22 23:10:40.979467
CUST2280,Pamela Arroyo,matthew71@gmail.com,528-494-3210x328,"Unit 5664 Box 5983, DPO AP 54968",2024-02-02,Duplicate key constraint violation,2025-08-22 23:10:40.979467
CUST2281,William Rivera,brownlonnie@rodgers.com,9131207618,"104 Robinson Ville Apt. 938, Lake Henry, ID 73760",2021-12-17,Duplicate key constraint violation,2025-08-22 23:10:40.979467
CUST2282,Alicia Bauer,carol88@griffin.biz,(068)437-4316,"4014 Wendy Plains Apt. 158, Perezchester, ID 51674",2021-02-19,Duplicate key constraint violation,2025-08-22 23:10:40.979467
CUST2283,Theresa Moore,dixonmonica@kim.com,001-319-638-4065,"Unit 0952 Box 8466, DPO AP 18977",2023-05-07,Duplicate key constraint violation,2025-08-22 23:10:40.979467
CUST2284,Joshua Russell,tammy29@johnson-bridges.net,(269)957-7529x62796,"32293 Bailey Brook Apt. 257, South Markport, WY 51930",2019-09-20,Duplicate key constraint violation,2025-08-22 23:10:40.979467
CUST2285,Dwayne Osborne,chelsea78@yahoo.com,747.461.1267,"0911 Regina Parks, Ramirezshire, ID 65986",2023-01-04,Duplicate key constraint violation,2025-08-22 23:10:40.979467
CUST2286,Cynthia Calhoun,leeangela@gmail.com,(675)382-0285x61970,"08108 Luis Oval, Robertport, DC 48223",2020-01-30,Duplicate key constraint violation,2025-08-22 23:10:40.979467
CUST2287,Randy Peterson,larsonbrandon@peters-bird.biz,(541)926-9338x5355,"513 Robert Inlet, Davidtown, AK 63114",2020-05-20,Duplicate key constraint violation,2025-08-22 23:10:40.979467
CUST2288,Miss Jacqueline Brown,zlane@andrade.com,(585)348-4213,"3796 John Circle, Emilyville, ME 17971",2019-04-18,Duplicate key constraint violation,2025-08-22 23:10:40.979467
CUST2289,Travis Andrews,irobles@goodman.com,(174)228-7289x667,"873 Rodriguez Motorway Apt. 948, Smithfurt, NC 59433",2022-12-07,Duplicate key constraint violation,2025-08-22 23:10:40.979467
CUST2290,Christy Warren,ymueller@ramirez.com,684-726-0965x560,"57214 Meghan Station, New Johnnyside, KY 90316",2019-03-29,Duplicate key constraint violation,2025-08-22 23:10:40.979467
CUST2291,Teresa Wagner,burnsanthony@harvey-kim.biz,4777619100,"3429 David Stream Suite 612, North Erin, KS 97449",2020-12-26,Duplicate key constraint violation,2025-08-22 23:10:40.979467
CUST2292,Emma Aguilar,johnsonallen@strickland-wall.com,8757822817,"658 Stacy Row, Leemouth, IN 84878",2023-07-12,Duplicate key constraint violation,2025-08-22 23:10:40.979467
CUST2293,Anne Martin,ryan52@smith-mejia.net,(119)839-2133,"9130 Calderon Stravenue Apt. 947, New Stephaniefurt, TN 67197",2019-02-25,Duplicate key constraint violation,2025-08-22 23:10:40.979467
CUST2294,Dennis Lopez,thomasjessica@yahoo.com,(410)805-8198x2463,"96271 David Lodge, Kennethchester, PA 21057",2022-08-15,Duplicate key constraint violation,2025-08-22 23:10:40.979467
CUST2295,Brent Hernandez,barbara43@stevens.net,6612372097,"42312 Bobby Run, West Megan, NH 86314",2024-02-13,Duplicate key constraint violation,2025-08-22 23:10:40.979467
CUST2296,Cassie West,guzmanlatoya@richardson-howard.com,999.553.5417x1587,"763 Choi Throughway Apt. 532, Williamside, KY 63389",2024-07-24,Duplicate key constraint violation,2025-08-22 23:10:40.979467
CUST2297,Robert Adams,ashley54@olson.com,001-356-748-5351,"744 Donna Crossroad, Anthonyburgh, NV 13175",2024-05-05,Duplicate key constraint violation,2025-08-22 23:10:40.979467
CUST2298,Sabrina Gutierrez,ebrown@yahoo.com,(636)321-4005,"891 Allen Points, Sawyerberg, SD 47673",2019-11-26,Duplicate key constraint violation,2025-08-22 23:10:40.979467
CUST2299,Christopher Stevens,ryanhudson@hotmail.com,(535)007-4169,"109 Sanchez Fall, Port Nancy, TX 88514",2019-07-31,Duplicate key constraint violation,2025-08-22 23:10:40.979467
CUST2300,Mary Willis,karen00@garcia.biz,+1-576-296-1113,"22995 Michael Motorway Suite 432, South Heatherburgh, AL 58072",2023-07-05,Duplicate key constraint violation,2025-08-22 23:10:40.979467
CUST2301,Aaron Taylor,larry25@juarez-rogers.net,(898)834-8076,"8621 Jesus Gateway Suite 836, New Christianstad, SC 26243",2021-12-10,Duplicate key constraint violation,2025-08-22 23:10:40.979467
CUST2302,Wayne Bradley,cwhite@gmail.com,+1-989-947-7916x98027,"13984 Erin Crossing Apt. 626, Sarahberg, OK 50688",2019-04-24,Duplicate key constraint violation,2025-08-22 23:10:40.979467
CUST2303,Sarah Ferrell,alison48@gmail.com,663-281-2857x57884,"7195 Katherine Gardens, Chanhaven, MA 84330",2024-10-13,Duplicate key constraint violation,2025-08-22 23:10:40.979467
CUST2304,Michael Jordan,miranda66@little.com,+1-078-074-1149,"85740 Shawn Branch, Angelaborough, PA 66052",2020-01-28,Duplicate key constraint violation,2025-08-22 23:10:40.979467
CUST2305,Lisa Powell,agarcia@gmail.com,028-975-4277,"30577 Donald Lakes, Mullenland, OR 01801",2019-11-25,Duplicate key constraint violation,2025-08-22 23:10:40.979467
CUST2306,Sarah Snyder,hollydelgado@allen.biz,+1-396-290-6852x089,"453 Howell Vista, West Blake, MD 48594",2022-09-28,Duplicate key constraint violation,2025-08-22 23:10:40.979467
CUST2307,Jamie Sullivan,lewisrobin@gmail.com,+1-232-364-1032x388,"USS Khan, FPO AP 13241",2023-01-08,Duplicate key constraint violation,2025-08-22 23:10:40.979467
CUST2308,Christopher Greer,rebecca35@fletcher.com,828-373-0038x988,"4560 Taylor Pine, New Amberhaven, MS 16771",2020-02-08,Duplicate key constraint violation,2025-08-22 23:10:40.979467
CUST2309,Marcus Moore,zhines@wilson.com,(747)453-1088,"784 Acosta Route, Thomasstad, TX 29530",2024-04-14,Duplicate key constraint violation,2025-08-22 23:10:40.979467
CUST2310,Crystal Martinez,rwilliams@gmail.com,+1-592-360-0667,"034 Brenda Place, West Paulburgh, HI 19352",2019-05-16,Duplicate key constraint violation,2025-08-22 23:10:40.979467
CUST2311,Tanner Kramer,alexis92@kerr-santos.com,679.526.6671,"8489 Erin Throughway, Davidsonville, CO 14721",2020-09-23,Duplicate key constraint violation,2025-08-22 23:10:40.979467
CUST2312,Sean Romero,simpsonlaura@hotmail.com,663.104.9878,"351 Kyle Terrace, Jacksonbury, IL 49574",2024-10-16,Duplicate key constraint violation,2025-08-22 23:10:40.979467
CUST2313,Keith Johnson,jacquelinemartinez@gmail.com,963.905.7217x9409,"688 Rodriguez Meadow Suite 640, East Michaelview, MT 90950",2022-03-21,Duplicate key constraint violation,2025-08-22 23:10:40.979467
CUST2314,Denise Brooks,thomasdelacruz@orozco.com,(592)363-7282,"11523 John Well Apt. 345, South Williamhaven, MS 90112",2019-05-31,Duplicate key constraint violation,2025-08-22 23:10:40.979467
CUST2315,Lisa Chung,elizabethallen@hotmail.com,8170730760,"Unit 2411 Box 4935, DPO AA 87143",2019-01-03,Duplicate key constraint violation,2025-08-22 23:10:40.979467
CUST2316,Aaron Christian,patrick95@roberts.biz,+1-624-184-9086x16611,"90101 Deborah Burgs, Port Maryview, MI 15580",2023-03-23,Duplicate key constraint violation,2025-08-22 23:10:40.979467
CUST2317,Brandi King,williamcole@forbes.info,(375)363-2597x5137,"835 Cox Motorway Suite 193, East Stephen, WV 82967",2022-10-15,Duplicate key constraint violation,2025-08-22 23:10:40.979467
CUST2318,Laura Spencer,steven23@yahoo.com,+1-804-451-2607x1723,"526 Bell Valley, Lake Sheila, WY 22629",2020-10-04,Duplicate key constraint violation,2025-08-22 23:10:40.979467
CUST2319,Stephanie Price,gbond@yahoo.com,+1-415-971-5077x079,"362 Samantha Road, North Shannon, MT 99901",2020-08-24,Duplicate key constraint violation,2025-08-22 23:10:40.979467
CUST2320,Sheila Friedman,meyersjames@yahoo.com,+1-768-862-5667x51929,"3399 Raymond Avenue, Tammystad, ID 66814",2020-10-19,Duplicate key constraint violation,2025-08-22 23:10:40.979467
CUST2321,Dr. Rodney Harrison,kelly71@hotmail.com,001-768-527-8571x11812,"81292 Nicholas Coves Suite 237, New Joyceport, AR 02922",2020-12-16,Duplicate key constraint violation,2025-08-22 23:10:40.979467
CUST2322,Brandy Garner,craig87@baird.com,452-707-3443x9204,"43240 Jensen Gardens Apt. 023, East Annette, ME 20673",2020-10-13,Duplicate key constraint violation,2025-08-22 23:10:40.979467
CUST2323,Ronald Cooper,russellstewart@hernandez.net,001-801-165-1779x898,"96062 Jimmy Expressway, South Rhonda, NE 44013",2021-09-20,Duplicate key constraint violation,2025-08-22 23:10:40.979467
CUST2324,Donna Jimenez,jill60@hotmail.com,001-792-747-4202,"85179 Joshua Knolls Apt. 401, New Seth, KS 64069",2022-09-06,Duplicate key constraint violation,2025-08-22 23:10:40.979467
CUST2325,Zachary Allen,lvincent@yahoo.com,300.330.0311,"114 Torres Mills Suite 201, East Amandashire, CT 70298",2019-04-08,Duplicate key constraint violation,2025-08-22 23:10:40.979467
CUST2326,Rhonda Arroyo,escobarrobert@brock.com,237.047.5896,"610 Brandon Isle Apt. 334, West Jamie, AK 14348",2024-06-01,Duplicate key constraint violation,2025-08-22 23:10:40.979467
CUST2327,Kathleen David,amandarangel@carter.com,+1-700-002-7200,"56540 Patton Underpass, South Andrew, WA 16194",2023-06-19,Duplicate key constraint violation,2025-08-22 23:10:40.979467
CUST2328,Terry Harmon,robert47@gonzales.org,001-152-394-6405x385,"6880 Gutierrez Burgs, Clarkmouth, IN 46472",2019-06-30,Duplicate key constraint violation,2025-08-22 23:10:40.979467
CUST2329,Eduardo Shields,crystal60@dalton.net,+1-779-987-7548x41346,"9388 Fields Crossing Suite 635, Grayshire, AZ 39387",2021-07-16,Duplicate key constraint violation,2025-08-22 23:10:40.979467
CUST2330,Devin Hernandez,timothy69@gmail.com,585.716.7779x2921,"649 Courtney Stream Apt. 711, Lake Derrickville, OR 27131",2021-09-11,Duplicate key constraint violation,2025-08-22 23:10:40.979467
CUST2331,Carlos Reed,jacobsbrenda@hotmail.com,312.275.3884x29250,"215 Garcia Extensions Suite 720, Port Jessica, CT 60084",2022-02-27,Duplicate key constraint violation,2025-08-22 23:10:40.979467
CUST2332,Leslie Moore,haleynguyen@gilbert-flowers.com,3735945068,"41340 Brown Bridge Apt. 185, Rodriguezville, IL 01191",2022-09-07,Duplicate key constraint violation,2025-08-22 23:10:40.979467
CUST2333,Zachary King,kyleharris@carter.info,(318)750-0642,"946 Catherine Forges, Dickersonport, OH 34171",2020-11-27,Duplicate key constraint violation,2025-08-22 23:10:40.979467
CUST2334,Cody Ramirez,griffinamanda@hotmail.com,+1-303-286-4555x317,"Unit 5483 Box 8786, DPO AP 17883",2021-09-02,Duplicate key constraint violation,2025-08-22 23:10:40.979467
CUST2335,Jacqueline Gutierrez,ymiller@yahoo.com,5791470072,"3544 Richard Inlet Suite 016, Chungborough, DE 85313",2022-12-13,Duplicate key constraint violation,2025-08-22 23:10:40.979467
CUST2336,Kyle Warren,vjohnson@hotmail.com,380-623-5446,"989 Vanessa Manor, Cookfurt, MN 14514",2021-07-14,Duplicate key constraint violation,2025-08-22 23:10:40.979467
CUST2337,Brian Peters,michael00@flowers.com,466-642-4987x680,"25185 Timothy Mission Suite 339, New Evan, LA 69051",2020-11-01,Duplicate key constraint violation,2025-08-22 23:10:40.979467
CUST2338,Amy Peterson,denisenelson@hotmail.com,120-267-1662x357,"1444 Joanna Parkways, Meaganshire, DE 48070",2023-09-20,Duplicate key constraint violation,2025-08-22 23:10:40.979467
CUST2339,John Stewart,blake33@carter-webster.com,001-806-586-0521,"704 Glen Plain Apt. 673, New Dustinshire, NM 66791",2024-03-11,Duplicate key constraint violation,2025-08-22 23:10:40.979467
CUST2340,Rebecca Wilson,gzhang@gmail.com,+1-623-411-1053x07884,"3119 Abigail Ville Apt. 853, Denisechester, OH 70352",2023-01-28,Duplicate key constraint violation,2025-08-22 23:10:40.979467
CUST2341,Michael Watkins,paulallison@kelly.com,(900)453-5193x913,"524 Gregg Canyon, Perezshire, NC 33506",2020-07-19,Duplicate key constraint violation,2025-08-22 23:10:40.979467
CUST2342,Sheila Gardner,georgedaniel@gmail.com,978.986.0893x47651,"99942 William Prairie, South Susanbury, MO 82855",2023-05-03,Duplicate key constraint violation,2025-08-22 23:10:40.979467
CUST2343,Renee Hernandez,sarahgarrett@higgins-jackson.com,580.368.0749x38911,"683 Chad Plain Suite 936, Rodriguezfort, DE 44182",2019-02-25,Duplicate key constraint violation,2025-08-22 23:10:40.979467
CUST2344,James Diaz,walkerbrandi@bennett.biz,+1-819-544-4532x930,"805 Robert Causeway, Frankview, UT 99254",2020-10-26,Duplicate key constraint violation,2025-08-22 23:10:40.979467
CUST2345,Robert Black,dustin20@wilson.biz,(895)187-0230,"22836 Wallace Freeway, Youngberg, SC 95789",2019-01-24,Duplicate key constraint violation,2025-08-22 23:10:40.979467
CUST2346,Sandra Morton,dianeblanchard@yahoo.com,+1-825-062-5985x080,"Unit 0169 Box 3576, DPO AA 14562",2023-05-17,Duplicate key constraint violation,2025-08-22 23:10:40.979467
CUST2347,Tony Reeves,grayjudy@yahoo.com,001-770-415-4992x19412,"928 Martinez Loop Suite 557, North Ashleyport, IA 52098",2020-12-05,Duplicate key constraint violation,2025-08-22 23:10:40.979467
CUST2348,Juan Clark,awilson@avery-smith.org,001-426-369-0243x50940,"1635 Crystal Turnpike, Timothyton, IA 51505",2020-09-01,Duplicate key constraint violation,2025-08-22 23:10:40.979467
CUST2349,Jennifer Williams,hchristensen@oliver.com,001-431-721-1727x59553,"083 Bryan Haven, Scotthaven, MN 88347",2019-03-21,Duplicate key constraint violation,2025-08-22 23:10:40.979467
CUST2350,Tamara Walsh,brandi86@hotmail.com,817.345.6392,"USCGC Newman, FPO AA 18577",2019-04-14,Duplicate key constraint violation,2025-08-22 23:10:40.979467
CUST2351,Jason Neal,ericksonkaren@grant-morgan.com,+1-478-433-9199x794,"68918 Kelly Way Suite 819, Lake Glen, DE 59248",2022-08-17,Duplicate key constraint violation,2025-08-22 23:10:40.979467
CUST2352,Daniel Davis,justin42@mccarthy.com,675-893-2151,"159 David Lodge Suite 087, Finleyshire, OK 26680",2024-09-20,Duplicate key constraint violation,2025-08-22 23:10:40.979467
CUST2353,Nicole Taylor,harrisbrenda@gmail.com,424.852.4930x6301,"0398 Goodman Lakes, Wilkinsonland, MA 40788",2019-01-16,Duplicate key constraint violation,2025-08-22 23:10:40.979467
CUST2354,Matthew Beltran,bakerrebecca@gmail.com,461.878.7456x1028,"16965 Hunter Corners, Lake John, UT 18266",2019-06-06,Duplicate key constraint violation,2025-08-22 23:10:40.979467
CUST2355,Ryan Graham,mlee@hotmail.com,(055)435-6609x77358,"9705 Rebecca Glens Suite 238, New Davidburgh, MD 75193",2019-07-13,Duplicate key constraint violation,2025-08-22 23:10:40.979467
CUST2356,Alexandra Boyd,jsosa@taylor.info,+1-939-528-6730x42034,"6701 Torres Loop Apt. 429, Port Tommyfort, CO 66643",2020-04-03,Duplicate key constraint violation,2025-08-22 23:10:40.979467
CUST2357,Richard Woodward,anncowan@gmail.com,001-039-198-6778x16025,"703 Pamela Rapid, Lisaport, SD 29234",2020-08-27,Duplicate key constraint violation,2025-08-22 23:10:40.979467
CUST2358,Paul Cox,jeff84@davis.biz,629.228.1997x45558,"Unit 8656 Box 7162, DPO AE 52982",2020-09-19,Duplicate key constraint violation,2025-08-22 23:10:40.979467
CUST2359,Sharon Bright,waynemathis@gmail.com,001-782-856-9457x35554,"7085 Jose Rest, North Andreaport, DE 21412",2023-04-05,Duplicate key constraint violation,2025-08-22 23:10:40.979467
CUST2360,Kathleen Lewis,smithgeorge@johnson-guzman.info,3653582795,"28137 Hartman Parkway, East Gina, NV 35027",2019-04-19,Duplicate key constraint violation,2025-08-22 23:10:40.979467
CUST2361,Taylor Rodriguez,christina11@hotmail.com,982.747.1983x77465,"971 David Mall, Port Markshire, NY 81652",2023-09-12,Duplicate key constraint violation,2025-08-22 23:10:40.979467
CUST2362,Brian Johnson,jacob96@hotmail.com,556.999.5928x82207,"54970 Julie Shores, Nancychester, IA 44287",2023-11-22,Duplicate key constraint violation,2025-08-22 23:10:40.979467
CUST2363,Brian Campbell,knappjon@ross.com,+1-076-412-5702x161,"USCGC Logan, FPO AA 87775",2022-09-25,Duplicate key constraint violation,2025-08-22 23:10:40.979467
CUST2364,Cynthia French PhD,davidcowan@gmail.com,716-511-9674x19915,"1639 Frederick Corners Suite 778, Hugheschester, IA 10647",2021-10-12,Duplicate key constraint violation,2025-08-22 23:10:40.979467
CUST2365,James Hernandez,allenashley@hotmail.com,723-633-5023x501,"77542 Gonzalez Vista Suite 301, Lake Gerald, IA 10667",2020-07-18,Duplicate key constraint violation,2025-08-22 23:10:40.979467
CUST2366,Carlos Taylor,longsamuel@gmail.com,152.473.2798,"389 Adrienne Mountain, Cheyennestad, PA 60140",2023-01-31,Duplicate key constraint violation,2025-08-22 23:10:40.979467
CUST2367,Amy Woods,stephaniemiller@yahoo.com,(001)409-4950x9695,"2138 Michelle Alley Apt. 211, Solisport, AZ 51809",2024-09-20,Duplicate key constraint violation,2025-08-22 23:10:40.979467
CUST2368,Jessica Wright,paul12@hotmail.com,001-655-798-0759x669,"098 Gallegos Throughway Suite 647, Bentleystad, CO 53561",2021-06-06,Duplicate key constraint violation,2025-08-22 23:10:40.979467
CUST2369,Anne Thompson,triciaedwards@quinn.com,(383)133-3198x91890,"PSC 9906, Box 0366, APO AA 02331",2024-12-24,Duplicate key constraint violation,2025-08-22 23:10:40.979467
CUST2370,Jerry Harris,newtontim@blackburn.com,380-929-1667,"68630 Smith Mill, Lake Tina, VA 82499",2023-06-28,Duplicate key constraint violation,2025-08-22 23:10:40.979467
CUST2371,Deborah Mendoza,jasonross@edwards-diaz.org,645-742-4529,"89647 Bradley Row Suite 259, Port Ashleyburgh, IL 31383",2019-10-27,Duplicate key constraint violation,2025-08-22 23:10:40.979467
CUST2372,Maureen Morrison,grimesbrandon@mcintyre.com,+1-501-849-4209x995,"492 Robert Crescent Suite 551, West Kimberlyview, FL 48332",2020-06-15,Duplicate key constraint violation,2025-08-22 23:10:40.979467
CUST2373,Jennifer Jordan,jsexton@carr-hanna.biz,9327780377,"11732 Berry Canyon, Lindaland, HI 42828",2023-07-29,Duplicate key constraint violation,2025-08-22 23:10:40.979467
CUST2374,Carlos Carlson,martinezyolanda@yahoo.com,923-172-8499x33006,"23179 Ronald Squares, Kingville, WV 66385",2022-12-07,Duplicate key constraint violation,2025-08-22 23:10:40.979467
CUST2375,Robert Franklin MD,jasmine71@hotmail.com,301-583-7749,"81986 Rich Isle Suite 256, Port Edwardfort, IA 46676",2020-01-31,Duplicate key constraint violation,2025-08-22 23:10:40.979467
CUST2376,Destiny Torres,rodriguezlauren@gmail.com,001-817-751-3003x61210,"43570 Michael Parkways Apt. 220, Lake Raymond, AR 75463",2023-11-03,Duplicate key constraint violation,2025-08-22 23:10:40.979467
CUST2377,Veronica Lewis,silvaangela@yahoo.com,1431010064,"452 Cummings Shore Apt. 937, Brownborough, TX 27590",2023-11-22,Duplicate key constraint violation,2025-08-22 23:10:40.979467
CUST2378,Kerry Johnson,nicole21@stone-wilson.net,001-168-721-0554x12017,"6786 Long Hollow Apt. 401, North Judithside, KY 19384",2021-10-03,Duplicate key constraint violation,2025-08-22 23:10:40.979467
CUST2379,Jessica Simon,jeffreywagner@hotmail.com,+1-903-724-5805x229,"670 Micheal Green Apt. 656, Lisashire, KY 81316",2024-04-13,Duplicate key constraint violation,2025-08-22 23:10:40.979467
CUST2380,Robert Kelley,susan64@gmail.com,001-506-205-5911x10849,"85623 Molly Roads Apt. 758, Buckleytown, AL 35915",2023-04-13,Duplicate key constraint violation,2025-08-22 23:10:40.979467
CUST2381,Anthony Russell,brose@hotmail.com,001-057-473-5315x616,"1339 Jensen Crest Apt. 493, Donaldside, TX 25521",2021-07-10,Duplicate key constraint violation,2025-08-22 23:10:40.979467
CUST2382,Jody Schneider,codonnell@gmail.com,001-306-361-1615,"6416 Jeffrey Manor Apt. 393, East Lucasview, MO 27948",2023-06-06,Duplicate key constraint violation,2025-08-22 23:10:40.979467
CUST2383,Janet Fisher,wkennedy@hotmail.com,+1-542-583-5734x3698,"USNS Newman, FPO AE 15968",2021-09-10,Duplicate key constraint violation,2025-08-22 23:10:40.979467
CUST2384,Amanda Morgan,davidhawkins@lopez.info,(324)325-4294x66113,"23157 Marvin Hill, Cassidyshire, VT 02816",2024-05-24,Duplicate key constraint violation,2025-08-22 23:10:40.979467
CUST2385,Matthew Craig,lindsay38@yahoo.com,+1-604-034-3593x396,"051 Jordan Greens Apt. 472, Brandonshire, VT 75529",2023-06-15,Duplicate key constraint violation,2025-08-22 23:10:40.979467
CUST2386,Lisa Reese,qbarrett@coleman.org,+1-428-241-9577x495,"23487 Williams Oval Apt. 472, North Mirandaside, WI 46097",2019-10-10,Duplicate key constraint violation,2025-08-22 23:10:40.979467
CUST2387,Mark Mccoy,richardwise@barajas.com,880.457.9753x1790,"315 Valencia Canyon, Robertberg, MS 36913",2021-10-30,Duplicate key constraint violation,2025-08-22 23:10:40.979467
CUST2388,Nicole Johnson,joseph59@romero.info,750.806.3342,"066 Paul Inlet, Davidport, AR 88150",2022-02-03,Duplicate key constraint violation,2025-08-22 23:10:40.979467
CUST2389,Jennifer Ramirez,jenniferaguirre@le-mclaughlin.org,548.546.1071,"043 Joshua Fork Suite 343, Jenniferton, WV 92199",2024-11-26,Duplicate key constraint violation,2025-08-22 23:10:40.979467
CUST2390,Bryan Moore,kennethmclean@yahoo.com,1472327417,"2836 Daniel Corner, East Brian, AK 79859",2023-03-03,Duplicate key constraint violation,2025-08-22 23:10:40.979467
CUST2391,John Jacobs,jessicawong@myers.biz,055.819.2695,"57292 Tiffany Springs Suite 330, New Nicholasside, ID 25746",2019-03-30,Duplicate key constraint violation,2025-08-22 23:10:40.979467
CUST2392,Damon Boyd,ericrodriguez@gmail.com,(550)999-6911x6013,"27518 Cooley Cliff Suite 691, North Travisfurt, NY 60968",2024-04-27,Duplicate key constraint violation,2025-08-22 23:10:40.979467
CUST2393,Benjamin Perez MD,heididavis@yahoo.com,905-218-5695x802,"PSC 8938, Box 8260, APO AA 84144",2021-08-28,Duplicate key constraint violation,2025-08-22 23:10:40.979467
CUST2394,Judy Sanchez,fmason@jackson.com,(094)779-8470,"506 Nguyen Streets, South Jenniferside, NY 58686",2022-02-05,Duplicate key constraint violation,2025-08-22 23:10:40.979467
CUST2395,Yvette Moore,dhoward@gmail.com,141-281-3557,"2123 Mary Spurs Suite 137, North Jason, GA 70508",2019-06-15,Duplicate key constraint violation,2025-08-22 23:10:40.979467
CUST2396,Katherine Scott,joneswilliam@bailey.org,715.781.8508,"43612 Chad Plains, West Bradleystad, MN 69711",2022-08-10,Duplicate key constraint violation,2025-08-22 23:10:40.979467
CUST2397,Kirsten Tran,clifford96@hotmail.com,(203)269-0312x18537,"78162 Melanie Shoals Suite 420, Sergiofurt, UT 69153",2023-05-20,Duplicate key constraint violation,2025-08-22 23:10:40.979467
CUST2398,Jeanette Graves,laurenmoore@yahoo.com,001-096-540-9724,"22716 Simpson Path Suite 125, West Brianbury, TN 43564",2020-03-12,Duplicate key constraint violation,2025-08-22 23:10:40.979467
CUST2399,Rhonda Williams,keyjeffery@hotmail.com,441.678.1097,"3005 Andre Trafficway Apt. 326, Anthonyfort, MD 07336",2024-12-29,Duplicate key constraint violation,2025-08-22 23:10:40.979467
CUST2400,Kevin Wade,lopezandrew@yahoo.com,+1-393-885-1255x939,"54046 Charles Isle Apt. 794, Lake Sara, WI 36714",2019-07-19,Duplicate key constraint violation,2025-08-22 23:10:40.979467
CUST2401,Regina Rivera,sean08@gmail.com,926-092-8440,"77080 Manning Lodge, West Edward, ME 06400",2020-08-13,Duplicate key constraint violation,2025-08-22 23:10:40.979467
CUST2402,Kim Kirby,kwilson@gmail.com,001-655-017-9752,"0867 Kayla Mission, Shannonside, WA 93665",2023-05-27,Duplicate key constraint violation,2025-08-22 23:10:40.979467
CUST2403,Joseph Young,fjones@trujillo-parker.net,001-345-306-0081x8524,"92384 Joyce Radial, Lake Christophermouth, MA 29180",2019-04-20,Duplicate key constraint violation,2025-08-22 23:10:40.979467
CUST2404,Tonya Torres,isaac10@gmail.com,105-691-8749x0655,"USNS Rivera, FPO AA 28341",2023-09-21,Duplicate key constraint violation,2025-08-22 23:10:40.979467
CUST2405,Jessica Carter,lortega@johnson.com,(679)558-3564x648,"20766 Antonio View Suite 841, Noahside, AL 03412",2023-05-30,Duplicate key constraint violation,2025-08-22 23:10:40.979467
CUST2406,Patrick Riggs,ycoleman@lee-campbell.biz,329-912-7612x95762,"26800 Megan Street Apt. 384, South Kara, DC 69849",2023-11-09,Duplicate key constraint violation,2025-08-22 23:10:40.979467
CUST2407,Sarah Turner,wilsonanthony@downs.net,574-420-6882x01059,"472 Matthew Lights Apt. 323, West Roberto, AK 86288",2020-03-05,Duplicate key constraint violation,2025-08-22 23:10:40.979467
CUST2408,David Hahn,rbrown@rojas.info,(536)988-1127x785,"139 Smith Hollow, South Patricia, AL 75283",2024-03-01,Duplicate key constraint violation,2025-08-22 23:10:40.979467
CUST2409,Daniel Leon,scott57@gmail.com,+1-150-391-5780x2078,"5842 Wilson Trail Suite 602, Jenkinsland, NE 41325",2024-03-07,Duplicate key constraint violation,2025-08-22 23:10:40.979467
CUST2410,Danielle Mills,alexis80@fleming-cochran.com,+1-093-920-8674x594,"015 Christina Forks Apt. 833, Lake Jenniferfort, WV 33896",2020-10-23,Duplicate key constraint violation,2025-08-22 23:10:40.979467
CUST2411,Scott Richards,msmith@hill-serrano.info,781-165-7888x2783,"08539 Richards Mill, South Jesse, PA 38727",2020-11-25,Duplicate key constraint violation,2025-08-22 23:10:40.979467
CUST2412,Michael Mercer,mikaylafischer@smith.com,(804)497-2040x786,"3434 Edgar Oval, Lake Drewton, DC 24349",2022-10-26,Duplicate key constraint violation,2025-08-22 23:10:40.979467
CUST2413,Rhonda Cain,nsalazar@santos-davis.net,259-150-9044,"28593 Candace Estates, Port Jeffreyton, HI 93467",2024-04-26,Duplicate key constraint violation,2025-08-22 23:10:40.979467
CUST2414,James Gonzalez,kellycisneros@bridges.com,456.446.1966x54687,"2728 Jacob Mall, North Kathleenborough, IL 07335",2023-08-11,Duplicate key constraint violation,2025-08-22 23:10:40.979467
CUST2415,Rachel Perry,juliehenry@yahoo.com,(210)246-8351,"560 Evan Isle, Harrisfort, MN 32984",2020-10-13,Duplicate key constraint violation,2025-08-22 23:10:40.979467
CUST2416,Jeffery Griffith,vholmes@hotmail.com,5916760307,"Unit 5891 Box 1048, DPO AE 53894",2022-03-08,Duplicate key constraint violation,2025-08-22 23:10:40.979467
CUST2417,Tim Stanley,pwilliams@gmail.com,7475583106,"3557 Warren Cape, Port Christopherview, IL 86168",2024-08-24,Duplicate key constraint violation,2025-08-22 23:10:40.979467
CUST2418,Alexis Miller,ubrooks@hotmail.com,383.028.9685,"5524 Price Mills, Lake Aaron, TX 31015",2020-04-05,Duplicate key constraint violation,2025-08-22 23:10:40.979467
CUST2419,Luis Hansen,brandon77@yahoo.com,(384)894-7002x95153,"38118 Harold Neck, South Kennethtown, VA 04133",2023-02-17,Duplicate key constraint violation,2025-08-22 23:10:40.979467
CUST2420,Scott Cook,chloe93@horton.org,+1-613-537-5329x573,"7237 Mercado Light Apt. 046, South Jacqueline, WV 17756",2022-11-15,Duplicate key constraint violation,2025-08-22 23:10:40.979467
CUST2421,Edgar Potter,kle@gmail.com,001-746-233-4368x27739,"0763 Aaron Mount Apt. 453, South Sethview, NH 61427",2020-08-07,Duplicate key constraint violation,2025-08-22 23:10:40.979467
CUST2422,Mr. Derrick Oliver,skennedy@olson.com,(201)578-2156,"945 Garcia Isle Suite 481, Lake Matthew, OK 15563",2023-01-04,Duplicate key constraint violation,2025-08-22 23:10:40.979467
CUST2423,Adam Love,juanwoodard@gmail.com,7419529453,"241 Christopher Ridge Suite 169, Randallshire, NY 19989",2024-04-20,Duplicate key constraint violation,2025-08-22 23:10:40.979467
CUST2424,Eric Fox,garzawesley@carson.org,358-218-5895x815,"1330 Tamara Tunnel Suite 581, Stevenberg, RI 01305",2024-10-25,Duplicate key constraint violation,2025-08-22 23:10:40.979467
CUST2425,Robert Waller,melissa90@glover.biz,401.204.9696x0958,"85603 Gross Station, Thompsonview, TX 10620",2019-08-09,Duplicate key constraint violation,2025-08-22 23:10:40.979467
CUST2426,Amanda Valdez,csawyer@yahoo.com,5830131998,"457 Ramirez Fords Suite 800, Emilybury, ME 38918",2021-03-12,Duplicate key constraint violation,2025-08-22 23:10:40.979467
CUST2427,James Davis,barry57@hotmail.com,(965)859-1221,"5862 Joseph Loop, Ramirezchester, MD 38127",2021-11-21,Duplicate key constraint violation,2025-08-22 23:10:40.979467
CUST2428,Allison Gregory,ithomas@macias.com,529.721.3183x4169,"38213 James Union Suite 220, Vaughnmouth, ME 62602",2020-12-25,Duplicate key constraint violation,2025-08-22 23:10:40.979467
CUST2429,Jordan Green,waltersanthony@gmail.com,820.895.4285x3694,"195 David Curve Apt. 511, East Jacquelinetown, MS 37232",2022-08-22,Duplicate key constraint violation,2025-08-22 23:10:40.979467
CUST2430,Jeffrey Cole,kaylamartinez@brown.net,639-730-7549,"548 Austin Station Suite 938, Lake Sandra, KY 43909",2022-04-27,Duplicate key constraint violation,2025-08-22 23:10:40.979467
CUST2431,Ruben Mccoy PhD,gabrielleruiz@medina-avery.com,(006)816-2296,"94636 Williams Underpass, Andrewfort, WA 78999",2023-04-06,Duplicate key constraint violation,2025-08-22 23:10:40.979467
CUST2432,Kelly Fuller,mary01@vang.com,+1-178-639-5746x13484,"508 Ferguson Cliffs Apt. 321, East Duaneland, NM 94537",2019-06-19,Duplicate key constraint violation,2025-08-22 23:10:40.979467
CUST2433,Morgan Hansen,meganwalters@gmail.com,811-523-4427x3852,"9641 Troy Orchard, Jordanstad, OK 28438",2022-04-07,Duplicate key constraint violation,2025-08-22 23:10:40.979467
CUST2434,Donald Mclaughlin,danielflores@gardner-norman.com,321.183.0187,"USS Chaney, FPO AP 62933",2023-11-02,Duplicate key constraint violation,2025-08-22 23:10:40.979467
CUST2435,Tyler Fritz,olucas@smith.biz,+1-449-037-5632x73983,"0451 Roger Road, North Francismouth, IL 72835",2019-05-23,Duplicate key constraint violation,2025-08-22 23:10:40.979467
CUST2436,Stacy Bernard,ryates@colon.net,072.806.7843,"31252 Jacqueline Drives Suite 653, Port Justin, CO 10660",2023-08-09,Duplicate key constraint violation,2025-08-22 23:10:40.979467
CUST2437,Sara Lopez,nparker@hotmail.com,237.655.8853x2750,"6035 Morris Causeway, Teresashire, OK 90883",2022-01-07,Duplicate key constraint violation,2025-08-22 23:10:40.979467
CUST2438,Alexander Gomez,jaimemartinez@hotmail.com,885.883.0926x68136,"44065 Mark Village Suite 841, Noahview, MO 75483",2023-03-17,Duplicate key constraint violation,2025-08-22 23:10:40.979467
CUST2439,Christopher Marquez,sarahbean@bartlett.net,(927)875-1990,"371 Jeremy Pass Apt. 562, Smithview, WI 22614",2021-05-02,Duplicate key constraint violation,2025-08-22 23:10:40.979467
CUST2440,Christopher Brady,christopher75@gmail.com,862-381-0902x138,"17461 Robert View, East Gailview, RI 80042",2022-11-21,Duplicate key constraint violation,2025-08-22 23:10:40.979467
CUST2441,Tammy Camacho,derek27@austin.com,001-060-034-5616,"0988 Watson Harbors, Port Shawn, AL 04357",2020-07-03,Duplicate key constraint violation,2025-08-22 23:10:40.979467
CUST2442,Larry Patel,thompsoncole@foster.biz,778.125.4175,"68963 Ryan Wells, South Samantha, NJ 15704",2020-06-25,Duplicate key constraint violation,2025-08-22 23:10:40.979467
CUST2443,David Armstrong,shepherdrachel@gmail.com,747.402.1389,"PSC 8921, Box 9090, APO AP 11759",2020-03-27,Duplicate key constraint violation,2025-08-22 23:10:40.979467
CUST2444,Nicole Burnett,elizabethjohnson@coleman.net,690-301-3873,"USNV Powell, FPO AA 64698",2023-01-02,Duplicate key constraint violation,2025-08-22 23:10:40.979467
CUST2445,Troy Carr,coxjennifer@grimes.info,007.253.8003,"0390 Foster Fall Apt. 213, North Jenniferton, TX 30182",2020-11-09,Duplicate key constraint violation,2025-08-22 23:10:40.979467
CUST2446,Gary Brooks,gonzalezheather@jones-stewart.com,366-405-4415x02861,"2917 Jonathan Corners Apt. 489, Port Kevintown, PA 88088",2019-05-08,Duplicate key constraint violation,2025-08-22 23:10:40.979467
CUST2447,Mason Herrera,goodrachel@yahoo.com,651.483.7869x18259,"4729 Rivera Unions, Travisport, MI 72626",2023-10-30,Duplicate key constraint violation,2025-08-22 23:10:40.979467
CUST2448,Anne Hernandez,kboyd@sandoval.com,1230841487,"8204 Pena Mountain, Port Randymouth, MA 66129",2023-06-20,Duplicate key constraint violation,2025-08-22 23:10:40.979467
CUST2449,Daniel King,hcannon@yahoo.com,510.576.0898,"7526 Webb Ranch, Pattersonfort, NH 07434",2024-03-13,Duplicate key constraint violation,2025-08-22 23:10:40.979467
CUST2450,Hector Romero,stuartjulie@coleman.com,954-826-2848x8786,"3600 Stephanie Throughway Suite 954, West Kathrynbury, NH 64595",2019-11-08,Duplicate key constraint violation,2025-08-22 23:10:40.979467
CUST2451,Kelly Vance,bscott@gmail.com,9166352503,"1617 Arthur Parkways Apt. 323, Davidfort, CO 57948",2019-11-15,Duplicate key constraint violation,2025-08-22 23:10:40.979467
CUST2452,Matthew Stanley,ngray@gmail.com,001-370-490-7999,"837 Michael Heights, Lake Gabriel, NY 58065",2023-10-09,Duplicate key constraint violation,2025-08-22 23:10:40.979467
CUST2453,Laura Page,alexiswhite@gmail.com,0654370696,"43742 Harris Alley, Mcdowellmouth, NV 54512",2020-07-20,Duplicate key constraint violation,2025-08-22 23:10:40.979467
CUST2454,Benjamin Garcia,taylorrichards@hotmail.com,001-982-982-1433x02281,"991 Atkins Island, Ramosview, MT 54296",2020-11-24,Duplicate key constraint violation,2025-08-22 23:10:40.979467
CUST2455,Mark Reyes,josephbarton@yahoo.com,(495)565-2713x257,"491 Cody Row, South Susanchester, OK 12869",2020-09-18,Duplicate key constraint violation,2025-08-22 23:10:40.979467
CUST2456,Sean Rubio,david40@figueroa-mora.com,(399)663-5294,"7389 Hill Track, Floresview, MI 22561",2021-04-29,Duplicate key constraint violation,2025-08-22 23:10:40.979467
CUST2457,Donald Thomas,nicolevaughan@irwin-fernandez.org,459-148-1570,"82772 Ayers Radial Apt. 527, Jenniferfurt, DE 65796",2020-11-04,Duplicate key constraint violation,2025-08-22 23:10:40.979467
CUST2458,Lacey Payne,audreyestes@pena.com,725.595.4811x3147,"84874 Emily Springs, South Johnfort, DE 89863",2021-07-23,Duplicate key constraint violation,2025-08-22 23:10:40.979467
CUST2459,Robert Lopez,gmahoney@bell-bass.biz,001-638-145-6666,"5858 Michele Hollow, South Sarahmouth, AK 95388",2019-05-02,Duplicate key constraint violation,2025-08-22 23:10:40.979467
CUST2460,Meagan Boyle,afisher@hotmail.com,(622)668-1648x167,"9237 Rachel Camp, Scottborough, NJ 26404",2024-11-21,Duplicate key constraint violation,2025-08-22 23:10:40.979467
CUST2461,Jill Cummings,ashley93@hawkins.biz,001-555-952-5944x6423,"688 Lauren Inlet Apt. 471, South John, OR 81125",2020-07-09,Duplicate key constraint violation,2025-08-22 23:10:40.979467
CUST2462,Breanna Fernandez,ihall@davies.com,567.600.0499x377,"6928 Robert Creek, New Charlestown, NV 66425",2024-07-12,Duplicate key constraint violation,2025-08-22 23:10:40.979467
CUST2463,Tammy Peters,dodsonryan@hotmail.com,137.921.8998,"4220 James Loaf, East Roger, OR 18449",2023-01-02,Duplicate key constraint violation,2025-08-22 23:10:40.979467
CUST2464,Jose Neal,ryantroy@cameron.com,+1-756-903-0256,"79475 Michael Brooks Suite 169, New Eugene, RI 68623",2022-03-25,Duplicate key constraint violation,2025-08-22 23:10:40.979467
CUST2465,Carlos Lee,hpatel@yahoo.com,142-160-7898,"Unit 0350 Box 7024, DPO AP 24122",2022-10-04,Duplicate key constraint violation,2025-08-22 23:10:40.979467
CUST2466,Daniel Phillips,colemanamanda@gamble.net,001-712-292-0623x085,"63128 Nelson Light Apt. 237, West Danielborough, ND 93168",2020-04-30,Duplicate key constraint violation,2025-08-22 23:10:40.979467
CUST2467,Jeffrey Vazquez,sandovaldonald@gmail.com,001-116-213-7036x731,"Unit 4206 Box 4270, DPO AA 73559",2023-08-02,Duplicate key constraint violation,2025-08-22 23:10:40.979467
CUST2468,Christopher Garcia,turnertony@harris.com,190.817.0843x29785,"35762 Rachel Loaf Suite 577, New Elizabeth, GA 93342",2021-12-08,Duplicate key constraint violation,2025-08-22 23:10:40.979467
CUST2469,Shannon Adams,rachel23@gmail.com,+1-438-636-5319,"22526 Barbara Squares, Port Nicole, SC 55545",2020-10-10,Duplicate key constraint violation,2025-08-22 23:10:40.979467
CUST2470,Hector Moore,kvillarreal@moore.biz,001-537-639-5135,"USS Zimmerman, FPO AE 87297",2022-11-03,Duplicate key constraint violation,2025-08-22 23:10:40.979467
CUST2471,Daniel Williams,timothy08@yahoo.com,(617)340-3352,"4067 Ibarra Harbors Apt. 433, Louischester, TX 05771",2024-08-16,Duplicate key constraint violation,2025-08-22 23:10:40.979467
CUST2472,Peter Ramirez,nsmith@gmail.com,001-193-831-4195x3407,"29842 Shannon Centers, East Kelseyland, DC 98897",2022-09-21,Duplicate key constraint violation,2025-08-22 23:10:40.979467
CUST2473,Kathy Avila DDS,julia22@hotmail.com,+1-649-646-6001x4679,"08444 Turner Rest, Hobbsville, KS 25459",2024-12-23,Duplicate key constraint violation,2025-08-22 23:10:40.979467
CUST2474,Rachael Mueller,julia69@gmail.com,(336)255-2649x12009,"50446 Gail Highway, North Alexandra, AR 38242",2020-08-15,Duplicate key constraint violation,2025-08-22 23:10:40.979467
CUST2475,Christopher Lopez,jasmine81@gmail.com,340-794-2104x164,"64617 Terry Fort, Shawnchester, DE 75098",2023-03-21,Duplicate key constraint violation,2025-08-22 23:10:40.979467
CUST2476,Blake Hall,johnsontyler@yahoo.com,+1-143-589-4700x48430,"Unit 0051 Box 5610, DPO AA 19990",2022-06-04,Duplicate key constraint violation,2025-08-22 23:10:40.979467
CUST2477,Mark Johnson,harrischad@newton-navarro.info,+1-548-621-1593,"USNV Saunders, FPO AA 77586",2021-08-18,Duplicate key constraint violation,2025-08-22 23:10:40.979467
CUST2478,Michelle Snow,gpetty@klein-hughes.com,(506)568-3390,"0303 Lewis Key Apt. 968, Port Jessica, CA 60350",2023-03-31,Duplicate key constraint violation,2025-08-22 23:10:40.979467
CUST2479,Latoya Evans,juliasexton@thomas.info,936-426-7690x1969,"3124 Ayala Centers Apt. 404, Tinastad, CO 47814",2022-11-20,Duplicate key constraint violation,2025-08-22 23:10:40.979467
CUST2480,Louis Lang,brandon69@cox-aguirre.org,973-402-4769,"7679 Wilson Springs Suite 623, North Whitneyside, NY 91381",2023-05-18,Duplicate key constraint violation,2025-08-22 23:10:40.979467
CUST2481,Maxwell Cox,luiscarter@bell.com,590.087.2716,"433 Maria Street Suite 929, South Tammymouth, MS 32785",2024-04-14,Duplicate key constraint violation,2025-08-22 23:10:40.979467
CUST2482,Amanda Garcia,ralvarez@king.com,+1-196-254-1531,"75978 Ann Creek, West Stevenshire, AZ 98525",2024-09-26,Duplicate key constraint violation,2025-08-22 23:10:40.979467
CUST2483,Shannon Collins,murphydanielle@hotmail.com,016-058-9707x700,"586 Martinez Run Suite 854, West Amanda, SD 77423",2022-06-08,Duplicate key constraint violation,2025-08-22 23:10:40.979467
CUST2484,Patricia Jones,jcortez@gardner-dickerson.info,899.564.2761x01871,"23340 Jordan Streets, Port Shawnberg, GA 64237",2023-08-07,Duplicate key constraint violation,2025-08-22 23:10:40.979467
CUST2485,Jessica Gonzalez,eschneider@gould-mills.biz,(827)950-9001x0051,"83571 Melendez Bypass Suite 443, South Claudiaborough, MS 52945",2023-07-23,Duplicate key constraint violation,2025-08-22 23:10:40.979467
CUST2486,Roberto Rhodes,bryan21@marshall.com,001-937-595-4063x83174,"948 Diana Greens, Sullivanville, OR 44741",2020-02-05,Duplicate key constraint violation,2025-08-22 23:10:40.979467
CUST2487,John Martin,ryanalexander@yahoo.com,381.383.7024x1614,"74515 Simmons Underpass, South Douglasville, MI 50116",2020-09-22,Duplicate key constraint violation,2025-08-22 23:10:40.979467
CUST2488,Kelly Jones MD,julie70@cole-sims.com,001-784-586-6378,"6776 Pena Forges, West Michael, NC 08446",2020-08-27,Duplicate key constraint violation,2025-08-22 23:10:40.979467
CUST2489,Erica Oconnor,michaelwade@carson.info,011.747.7339x4283,"5350 Barbara Burg, Aliciaville, FL 94773",2019-01-21,Duplicate key constraint violation,2025-08-22 23:10:40.979467
CUST2490,Randall Salazar,christianstone@yahoo.com,0262619589,"14405 Maldonado Radial, Snydershire, WV 83117",2024-10-19,Duplicate key constraint violation,2025-08-22 23:10:40.979467
CUST2491,Corey Burns,kevinherrera@dixon.biz,144-071-5263x0430,"USS Green, FPO AE 35107",2020-03-13,Duplicate key constraint violation,2025-08-22 23:10:40.979467
CUST2492,Amber Wright,michaelarnold@hudson.com,001-273-859-3147x42044,"4158 Callahan Ferry Suite 451, East Alison, MN 46904",2021-04-19,Duplicate key constraint violation,2025-08-22 23:10:40.979467
CUST2493,Edward Barnett,martinezjacob@hotmail.com,001-249-790-7301x1111,"35551 Patterson Burgs Suite 450, Rebeccaburgh, OK 31121",2024-10-04,Duplicate key constraint violation,2025-08-22 23:10:40.979467
CUST2494,Leslie Douglas,rushlaurie@gmail.com,+1-690-687-0207x80415,"321 Porter Ports, South Michealtown, NC 40618",2020-03-31,Duplicate key constraint violation,2025-08-22 23:10:40.979467
CUST2495,John Griffith DDS,garrisonnicholas@hotmail.com,676.839.9864x6282,"USNV Scott, FPO AE 62975",2021-12-28,Duplicate key constraint violation,2025-08-22 23:10:40.979467
CUST2496,John Jones,iclark@parker.biz,(569)133-9564x97687,"15835 Kimberly Stravenue Suite 602, North Joshua, AK 97847",2020-11-21,Duplicate key constraint violation,2025-08-22 23:10:40.979467
CUST2497,Paul Zavala,mendeznathan@yahoo.com,822-104-3051x214,"85240 Smith Dam, Campbellbury, MS 85570",2023-03-20,Duplicate key constraint violation,2025-08-22 23:10:40.979467
CUST2498,Jeremy Thomas,dalenelson@hotmail.com,(403)015-6211,"USCGC Wilson, FPO AP 75787",2019-12-16,Duplicate key constraint violation,2025-08-22 23:10:40.979467
CUST2499,Stacy Brown,kvelasquez@hotmail.com,+1-154-868-3763,"99629 Smith Squares Apt. 121, South Mary, TX 11706",2019-05-28,Duplicate key constraint violation,2025-08-22 23:10:40.979467
CUST2500,Christine Taylor,nicolereyes@diaz-johnston.org,001-857-646-9403x90012,"73336 Shawn Drives, Staceyberg, WV 29394",2019-02-12,Duplicate key constraint violation,2025-08-22 23:10:40.979467
CUST2501,Donna Miller,katherine71@burton.com,+1-144-266-6208,"25041 Sean Mission, West Paulshire, KS 69195",2020-04-17,Duplicate key constraint violation,2025-08-22 23:10:40.979467
CUST2502,Shelia Silva,jerry70@hotmail.com,001-085-257-6941x7975,"Unit 1080 Box 6712, DPO AA 24569",2023-01-23,Duplicate key constraint violation,2025-08-22 23:10:40.979467
CUST2503,Melissa Medina,melissa30@gaines-esparza.com,112-266-3702,"66655 Friedman Tunnel, Wilsonstad, GA 33305",2024-05-22,Duplicate key constraint violation,2025-08-22 23:10:40.979467
CUST2504,Justin Ramirez,carlos64@kane-rogers.com,+1-883-876-2184x084,"1041 Haas Crossroad, North Lori, MD 90907",2022-07-27,Duplicate key constraint violation,2025-08-22 23:10:40.979467
CUST2505,Martin Lester,barreraarthur@burns.info,3045294500,"281 Mcdonald Fall, Bartonside, OH 65364",2020-03-18,Duplicate key constraint violation,2025-08-22 23:10:40.979467
CUST2506,Jeffrey Miles,mcdonaldkelly@chavez.net,6313349039,"32514 Williams Fords Apt. 228, South Vanessafurt, ID 54795",2024-01-28,Duplicate key constraint violation,2025-08-22 23:10:40.979467
CUST2507,David Townsend,john84@blake.net,+1-941-217-9908x62104,"86173 Cook Ports, Davishaven, WA 89781",2023-02-20,Duplicate key constraint violation,2025-08-22 23:10:40.979467
CUST2508,Amber Bennett,stricklandamanda@hotmail.com,(539)649-8914,"5625 Mary Street Suite 933, North Normanborough, ID 30885",2021-11-05,Duplicate key constraint violation,2025-08-22 23:10:40.979467
CUST2509,Autumn Shepard,joseph00@gmail.com,(003)644-2152x2813,"4267 Julie Loaf, Richardsonville, WY 66333",2024-06-15,Duplicate key constraint violation,2025-08-22 23:10:40.979467
CUST2510,Larry Jones,joseph48@gmail.com,837.423.1583x775,"493 Jason Pine Suite 100, Davidton, WV 64783",2021-07-25,Duplicate key constraint violation,2025-08-22 23:10:40.979467
CUST2511,Charles Gill,jeffhayes@valdez.com,001-080-318-7068,"9303 Tran Isle, Luisfurt, OH 08496",2020-10-13,Duplicate key constraint violation,2025-08-22 23:10:40.979467
CUST2512,Stephanie Robinson,davidhall@gmail.com,666-930-7949x5147,"994 Myers Villages, East Andreaburgh, MA 01407",2019-11-16,Duplicate key constraint violation,2025-08-22 23:10:40.979467
CUST2513,Susan Barrett,mjenkins@ibarra.info,962.783.5420,"11821 Bell Park, Williamsfort, MI 10560",2024-09-11,Duplicate key constraint violation,2025-08-22 23:10:40.979467
CUST2514,Jerry Rivera,kyle57@smith.com,142.159.0399x7831,"26760 Melinda Corner, New Amberborough, NH 68835",2020-11-19,Duplicate key constraint violation,2025-08-22 23:10:40.979467
CUST2515,Amy Hopkins,isaiah89@hotmail.com,(553)681-4419,"351 Curtis Spurs, Robertview, MO 22080",2019-04-16,Duplicate key constraint violation,2025-08-22 23:10:40.979467
CUST2516,Anthony Perez,ivillarreal@rice-black.com,668.371.3592x340,"166 Jonathan Trafficway Apt. 838, Mackville, NM 11267",2020-11-14,Duplicate key constraint violation,2025-08-22 23:10:40.979467
CUST2517,Patricia Baker,thompsonemily@gmail.com,(143)673-0586,"452 Bennett Drive, South Meganville, OH 43196",2024-10-19,Duplicate key constraint violation,2025-08-22 23:10:40.979467
CUST2518,Dean Fitzpatrick,gabriellee@clark.com,001-909-034-5205,"4448 Payne Mill Apt. 503, South Joshua, IN 52242",2023-08-02,Duplicate key constraint violation,2025-08-22 23:10:40.979467
CUST2519,Angela Hardy,armstrongbrittany@griffin-crosby.net,+1-627-706-1325x6184,"766 Alexander Falls, Brandonburgh, DE 46787",2021-05-02,Duplicate key constraint violation,2025-08-22 23:10:40.979467
CUST2520,Sarah Whitney,tdoyle@harding-garcia.biz,713-082-9559x397,"36167 Kimberly Squares, East Mary, SD 68574",2023-11-30,Duplicate key constraint violation,2025-08-22 23:10:40.979467
CUST2521,Meghan Wiley,fergusonjohnathan@doyle.com,+1-605-067-5640,"683 Lee Falls, Cynthiashire, IL 57204",2023-07-17,Duplicate key constraint violation,2025-08-22 23:10:40.979467
CUST2522,Christine Robertson,ohart@crawford.com,001-822-051-7980x972,"813 Fleming Ville, South Lukemouth, AL 97051",2021-12-17,Duplicate key constraint violation,2025-08-22 23:10:40.979467
CUST2523,David Lopez,xmack@yahoo.com,001-078-563-0219,"0696 Heather Lights, Millerborough, HI 18370",2019-03-28,Duplicate key constraint violation,2025-08-22 23:10:40.979467
CUST2524,Dustin Mcdowell,kennethorozco@gmail.com,(081)382-3011x211,"451 Kevin Parks Apt. 779, Banksview, OR 42914",2020-07-03,Duplicate key constraint violation,2025-08-22 23:10:40.979467
CUST2525,Kendra Rodriguez,nicolebauer@gmail.com,829-234-2104x241,"759 Alexander Plains, Lake Jessica, WA 40178",2023-05-10,Duplicate key constraint violation,2025-08-22 23:10:40.979467
CUST2526,Barbara Sanford,savagemallory@gmail.com,(095)279-0103x7412,"5124 Ricky Street, Garciaburgh, MS 05956",2020-12-02,Duplicate key constraint violation,2025-08-22 23:10:40.979467
CUST2527,Anthony Everett,fbrock@yahoo.com,+1-996-252-2441,"23089 Julie Village, East Richardchester, NC 91007",2023-12-12,Duplicate key constraint violation,2025-08-22 23:10:40.979467
CUST2528,Dillon Hopkins,rwalker@rodriguez.com,218-289-8762,"9104 Nicholas Islands, Nelsonburgh, AZ 70354",2019-08-08,Duplicate key constraint violation,2025-08-22 23:10:40.979467
CUST2529,Morgan Stewart,tlopez@park-morrison.com,001-929-346-2491,"762 Kyle Ridge, West Jennafurt, GA 11544",2023-03-17,Duplicate key constraint violation,2025-08-22 23:10:40.979467
CUST2530,Amy Johnson,donna95@yahoo.com,370.942.6053,"7571 Jocelyn Passage, Simpsonbury, RI 52591",2019-12-22,Duplicate key constraint violation,2025-08-22 23:10:40.979467
CUST2531,Ronald Rodriguez,stephaniecohen@gmail.com,001-219-108-1922,"5937 Lisa Valley, West Brianna, NC 16851",2023-07-18,Duplicate key constraint violation,2025-08-22 23:10:40.979467
CUST2532,Terri Maddox,karen47@yahoo.com,(146)558-7878,"Unit 3545 Box 2216, DPO AE 90360",2022-10-02,Duplicate key constraint violation,2025-08-22 23:10:40.979467
CUST2533,David Brown,larry64@yahoo.com,(972)552-0481,"48838 Miller Parkway, East Brandonfort, IN 20230",2021-08-12,Duplicate key constraint violation,2025-08-22 23:10:40.979467
CUST2534,Jessica Baker,ashley45@lewis-vazquez.com,705-546-9794,"41334 Ronald Cliff, Parkerfurt, DC 53863",2024-09-06,Duplicate key constraint violation,2025-08-22 23:10:40.979467
CUST2535,Leslie Daugherty,ygarcia@dean.org,092-583-4924,"84608 Williams Estate Suite 680, Port Geraldfort, NC 70397",2024-02-09,Duplicate key constraint violation,2025-08-22 23:10:40.979467
CUST2536,Ashley Taylor,gravesjoshua@williams-nelson.net,857-635-6914x57608,"24801 Angela Via, East Vincentport, ID 81773",2019-06-10,Duplicate key constraint violation,2025-08-22 23:10:40.979467
CUST2537,Ivan Kramer,troyhoward@gmail.com,(765)204-9161,"02613 Johnston Trace Apt. 394, West Robertmouth, HI 21865",2024-05-19,Duplicate key constraint violation,2025-08-22 23:10:40.979467
CUST2538,Amy Ortiz,michael48@james-taylor.com,001-169-842-3289x0908,"6548 Joshua Gardens Apt. 755, Micheleland, WA 97587",2020-02-21,Duplicate key constraint violation,2025-08-22 23:10:40.979467
CUST2539,Rebecca Ramirez,iflores@gmail.com,+1-259-034-0132x7797,"595 Melissa Meadows Suite 376, South Patrick, HI 29477",2022-01-05,Duplicate key constraint violation,2025-08-22 23:10:40.979467
CUST2540,Brenda Rogers,watsoncarlos@yahoo.com,001-882-634-3187x993,"442 Burton Streets, Shanefurt, IL 27868",2024-09-09,Duplicate key constraint violation,2025-08-22 23:10:40.979467
CUST2541,Jeff Ferguson,ggill@dorsey.com,781.082.7225,"83019 White Run, East Douglas, MI 77676",2024-07-01,Duplicate key constraint violation,2025-08-22 23:10:40.979467
CUST2542,Christopher Montgomery,smithemily@alexander-roy.com,006.890.8188x2379,"84570 West Mills Suite 474, Briantown, MN 16698",2023-06-03,Duplicate key constraint violation,2025-08-22 23:10:40.979467
CUST2543,Ann Huber,wjenkins@yahoo.com,862.912.9107x878,"37674 Kevin Underpass Apt. 736, Bartlettfurt, OR 81161",2024-04-20,Duplicate key constraint violation,2025-08-22 23:10:40.979467
CUST2544,Patricia Brown,lori82@hotmail.com,065.549.4575,"961 Katherine Village, Kathleenside, DC 96804",2021-12-22,Duplicate key constraint violation,2025-08-22 23:10:40.979467
CUST2545,Joel Cunningham,cheryl18@yahoo.com,2412790688,"3036 Martinez Spring, Lake Melissa, FL 15491",2021-01-11,Duplicate key constraint violation,2025-08-22 23:10:40.979467
CUST2546,Kathy Mcintyre,murrayangela@gmail.com,(968)409-7452x0221,"8804 Ross Hills, Robertomouth, UT 82818",2021-07-30,Duplicate key constraint violation,2025-08-22 23:10:40.979467
CUST2547,Stephanie Bell,rtorres@sandoval.com,435-838-5360,"487 Schwartz Meadow Suite 858, Larsenchester, WV 43910",2023-02-01,Duplicate key constraint violation,2025-08-22 23:10:40.979467
CUST2548,Emily Higgins,ramseychristine@alvarez-lester.com,938.083.3354,"94466 Jacob Lock Suite 798, East Bryanstad, HI 23717",2020-10-15,Duplicate key constraint violation,2025-08-22 23:10:40.979467
CUST2549,Lindsey Mccullough,thomasveronica@gmail.com,+1-489-408-0397x654,"03131 Rita Hill, Tapiaside, NJ 04604",2022-05-23,Duplicate key constraint violation,2025-08-22 23:10:40.979467
CUST2550,Robin Coleman,mburton@gross.info,939-431-0457x2466,"5981 Douglas Village Apt. 338, Port Alejandraport, TN 96598",2020-08-11,Duplicate key constraint violation,2025-08-22 23:10:40.979467
CUST2551,Monica Stewart,jenny96@collins.com,+1-802-675-6190x0378,"5063 Gray Shoals, Jessemouth, WV 56768",2024-02-15,Duplicate key constraint violation,2025-08-22 23:10:40.979467
CUST2552,David Rosales,christopher72@thomas.com,8035586420,"77163 Elizabeth Dale Apt. 994, West Jared, SC 14591",2019-10-09,Duplicate key constraint violation,2025-08-22 23:10:40.979467
CUST2553,James Hughes,baileylisa@yahoo.com,716-134-5222,"422 Santos Parks Suite 367, Rebeccaburgh, SD 39532",2019-10-08,Duplicate key constraint violation,2025-08-22 23:10:40.979467
CUST2554,Diane Weiss,kevin03@roberts-robinson.com,+1-759-338-8320x8102,"6016 Dominguez Islands Apt. 886, Port Robertburgh, MT 56489",2024-05-12,Duplicate key constraint violation,2025-08-22 23:10:40.979467
CUST2555,Rebecca Jones,bridgestyler@harris.net,054.615.0780,"1395 Gill Hills, Michaeltown, KY 93044",2023-05-30,Duplicate key constraint violation,2025-08-22 23:10:40.979467
CUST2556,Daniel Lee,andrerodriguez@mitchell.com,(275)057-6796x997,"Unit 3958 Box 7979, DPO AE 48061",2023-08-07,Duplicate key constraint violation,2025-08-22 23:10:40.979467
CUST2557,Samuel Gray,gibsonrichard@clark.com,380-068-4690,"9125 Matthew Ports, Elizabethshire, KS 82529",2020-01-13,Duplicate key constraint violation,2025-08-22 23:10:40.979467
CUST2558,Ryan Hartman,julie02@yahoo.com,250.412.0002,"7657 Holloway Pike, Reynoldshaven, WA 40287",2021-12-23,Duplicate key constraint violation,2025-08-22 23:10:40.979467
CUST2559,Amber Hernandez,wherman@miller.biz,532-268-3966,"66151 Heather Junction, Gonzalezfort, WV 30407",2024-05-29,Duplicate key constraint violation,2025-08-22 23:10:40.979467
CUST2560,Jason Evans,rubenharris@santos.com,+1-588-463-5364x847,"173 Burke Fords, North Robert, OH 40580",2021-07-29,Duplicate key constraint violation,2025-08-22 23:10:40.979467
CUST2561,Tracy Patterson,vincent32@jackson.biz,001-883-655-5883x2818,"632 Ashley Port Apt. 670, Goodmouth, KY 16552",2020-03-30,Duplicate key constraint violation,2025-08-22 23:10:40.979467
CUST2562,Jesse Taylor,robertmarks@gmail.com,631-160-8962x73087,"73395 Felicia Island, New Joseville, NE 91384",2022-04-30,Duplicate key constraint violation,2025-08-22 23:10:40.979467
CUST2563,Jason Hendrix,jennifer70@yahoo.com,+1-773-581-3354,"Unit 7863 Box 6539, DPO AE 26849",2020-07-31,Duplicate key constraint violation,2025-08-22 23:10:40.979467
CUST2564,Bryan Galvan,bgolden@nunez.net,(822)444-1616x3695,"8651 Edward Pass, Williamsburgh, MT 97724",2023-01-12,Duplicate key constraint violation,2025-08-22 23:10:40.979467
CUST2565,Melissa Nguyen,tammyhayes@walls.com,001-563-051-9100x33900,"824 Barnes Stream Suite 740, Powellberg, UT 74569",2020-01-21,Duplicate key constraint violation,2025-08-22 23:10:40.979467
CUST2566,Micheal Roberts,tparsons@anderson-brooks.com,(246)474-8383,"219 Joshua Ford Suite 070, Jayfurt, ME 61595",2020-07-21,Duplicate key constraint violation,2025-08-22 23:10:40.979467
CUST2567,Anna Kim,teresa47@gmail.com,907-383-1653,"840 Harmon Street, Stephenville, NC 85240",2019-08-21,Duplicate key constraint violation,2025-08-22 23:10:40.979467
CUST2568,Krista Fowler,evanscynthia@sandoval.com,838-061-9030x8495,"31999 Travis Via Suite 693, Nancyport, TN 20443",2020-07-14,Duplicate key constraint violation,2025-08-22 23:10:40.979467
CUST2569,Jesse Jones,hallbethany@mccullough.com,(575)853-4034,"96165 Jacob Islands Apt. 321, Carolynton, MT 26659",2021-03-24,Duplicate key constraint violation,2025-08-22 23:10:40.979467
CUST2570,Daniel Holland,robert23@dougherty.net,414.019.7223,"832 Gonzalez Unions Apt. 300, South Maria, VT 87897",2019-01-29,Duplicate key constraint violation,2025-08-22 23:10:40.979467
CUST2571,Linda Kelly,sydney73@yahoo.com,+1-983-875-9987x39621,"821 Sexton Fall Suite 405, South Laurenville, NH 96529",2019-05-16,Duplicate key constraint violation,2025-08-22 23:10:40.979467
CUST2572,Michael Jefferson,elizabeth92@yahoo.com,3324160790,"4401 Michael Point, New Ritaside, NJ 61689",2023-07-15,Duplicate key constraint violation,2025-08-22 23:10:40.979467
CUST2573,Luis Cooper,prestonchandler@yahoo.com,+1-183-734-5527x41621,"708 Beard Skyway, Port Rodneyport, SD 04460",2024-07-01,Duplicate key constraint violation,2025-08-22 23:10:40.979467
CUST2574,Nicholas Hamilton,canderson@yahoo.com,2419537884,"36528 Eric Greens Apt. 767, East Haley, GA 50984",2020-03-14,Duplicate key constraint violation,2025-08-22 23:10:40.979467
CUST2575,Melissa Keller,david41@kaiser.info,034.051.6676,"757 Baker Plains, Michaelamouth, NY 72078",2024-04-21,Duplicate key constraint violation,2025-08-22 23:10:40.979467
CUST2576,Joshua Newman,tyler01@gmail.com,5654721691,"1126 Adams Way, North Alyssa, PA 98872",2022-11-23,Duplicate key constraint violation,2025-08-22 23:10:40.979467
CUST2577,Alexander Owens,porterjessica@nguyen.com,+1-267-954-1254x55053,"40739 Miller Place Apt. 757, Romanbury, AL 91939",2022-11-06,Duplicate key constraint violation,2025-08-22 23:10:40.979467
CUST2578,Tiffany Fox,marthareed@sanchez-hall.org,(146)354-5036x5173,"Unit 7097 Box 3142, DPO AP 64838",2020-02-04,Duplicate key constraint violation,2025-08-22 23:10:40.979467
CUST2579,Tammie Garcia,johnboyd@gmail.com,299-920-1842,"23205 Martin Parkways Suite 636, Emilyside, PA 69916",2019-01-22,Duplicate key constraint violation,2025-08-22 23:10:40.979467
CUST2580,John Bradley,gonzalesjoe@gmail.com,842-888-9631x64653,"PSC 4349, Box 5839, APO AA 87132",2021-09-16,Duplicate key constraint violation,2025-08-22 23:10:40.979467
CUST2581,James Kane,vkey@gmail.com,(619)766-3930,"1773 Heather Pine Apt. 446, Atkinsonbury, NE 22301",2021-07-17,Duplicate key constraint violation,2025-08-22 23:10:40.979467
CUST2582,Laura Hebert,michael65@andrews.com,(646)011-2942x373,"PSC 8205, Box 2445, APO AE 24725",2024-07-31,Duplicate key constraint violation,2025-08-22 23:10:40.979467
CUST2583,Julia Thompson,andrewodonnell@gmail.com,+1-042-912-2443x23704,"99183 Raymond Junction, Port Victor, GA 29562",2022-06-29,Duplicate key constraint violation,2025-08-22 23:10:40.979467
CUST2584,Jonathan Williams,leonard17@yahoo.com,(494)589-7706,"07941 Mcknight Glens Suite 971, New Diana, IL 25013",2022-01-29,Duplicate key constraint violation,2025-08-22 23:10:40.979467
CUST2585,Shirley Price,jeffreymoody@yahoo.com,599.775.1847x205,"210 Thomas Heights Suite 119, Lopezfurt, WV 68415",2021-07-09,Duplicate key constraint violation,2025-08-22 23:10:40.979467
CUST2586,Nicole Li,beth67@yahoo.com,(930)177-7005,"97278 Joshua Shore, Taylorburgh, TN 65653",2019-02-06,Duplicate key constraint violation,2025-08-22 23:10:40.979467
CUST2587,Leonard Delgado,williamswesley@williams.com,1483801167,"4856 Tammy Ramp Apt. 249, Port Jessicamouth, WI 94127",2024-07-23,Duplicate key constraint violation,2025-08-22 23:10:40.979467
CUST2588,Christopher Powers,harrisdavid@gmail.com,4275993084,"2455 Cox Extension Suite 272, Coxberg, MO 36420",2022-12-24,Duplicate key constraint violation,2025-08-22 23:10:40.979467
CUST2589,Amanda Washington,gonzalezmary@hotmail.com,034-798-8225x99575,"4694 White Views Suite 457, West Ryanfort, MT 92538",2024-09-15,Duplicate key constraint violation,2025-08-22 23:10:40.979467
CUST2590,Jeff Hines,keith13@hotmail.com,8061945032,"1751 Megan Junctions Suite 803, Port Christopher, AL 93530",2022-10-28,Duplicate key constraint violation,2025-08-22 23:10:40.979467
CUST2591,Amanda Spears,martineztanya@hotmail.com,001-748-041-8678x37267,"0261 Jackson Plains, East Charlesview, LA 64281",2020-01-11,Duplicate key constraint violation,2025-08-22 23:10:40.979467
CUST2592,Janet Young,deannawalls@yahoo.com,390.625.6673x69813,"0510 Ryan Glens, Port Maria, MD 78297",2019-11-14,Duplicate key constraint violation,2025-08-22 23:10:40.979467
CUST2593,Kimberly Fry,afranco@hammond.biz,+1-018-043-2201x377,"0897 Gregory Spurs, Jillbury, IL 88087",2022-06-02,Duplicate key constraint violation,2025-08-22 23:10:40.979467
CUST2594,Peggy Humphrey,danielleblake@ramos.biz,7617633964,"USCGC Moon, FPO AA 85067",2023-09-26,Duplicate key constraint violation,2025-08-22 23:10:40.979467
CUST2595,Rachel Ferguson,lkelly@yahoo.com,837.728.5368x905,"261 Rebekah Unions Suite 905, Jeremyshire, LA 19549",2021-07-15,Duplicate key constraint violation,2025-08-22 23:10:40.979467
CUST2596,Jessica Dorsey,alexander08@smith.com,001-112-635-7407x500,"730 Lee Rue, Paulchester, ME 91339",2023-02-14,Duplicate key constraint violation,2025-08-22 23:10:40.979467
CUST2597,Yesenia Scott,bushrobert@gmail.com,001-933-562-5647x609,"120 Tiffany Knoll, Elizabethview, NC 83707",2023-04-11,Duplicate key constraint violation,2025-08-22 23:10:40.979467
CUST2598,Luis Wood,nrivera@young-munoz.com,150.216.9832x02945,"4757 Pacheco Lodge, North Albertport, NV 05284",2020-08-18,Duplicate key constraint violation,2025-08-22 23:10:40.979467
CUST2599,Raymond Lowe,icox@mendoza.com,(794)339-6530,"975 Black Loop Suite 118, West Madisonbury, FL 63695",2021-08-06,Duplicate key constraint violation,2025-08-22 23:10:40.979467
CUST2600,Rhonda Burns,matthewskaren@yahoo.com,854-865-6135x713,"294 Samuel Street Suite 150, Williamschester, TX 09277",2022-03-25,Duplicate key constraint violation,2025-08-22 23:10:40.979467
CUST2601,Jay Clarke,lance66@yahoo.com,128-243-3504,"391 Lucas Turnpike Apt. 263, South Anthony, TN 52163",2021-03-27,Duplicate key constraint violation,2025-08-22 23:10:40.979467
CUST2602,Ryan Ross,boydvirginia@hart.com,220-036-5099x095,"575 Mckinney Passage Suite 592, Jessicamouth, MI 13421",2024-05-24,Duplicate key constraint violation,2025-08-22 23:10:40.979467
CUST2603,Olivia Powers,ltran@gmail.com,730.574.1694,"79484 Johnson Inlet Apt. 954, Anthonyport, AL 73750",2023-01-11,Duplicate key constraint violation,2025-08-22 23:10:40.979467
CUST2604,Timothy Richardson,xmason@hopkins.com,698.313.9225,"11960 Simpson Centers Suite 140, West Ivan, NV 89068",2022-03-04,Duplicate key constraint violation,2025-08-22 23:10:40.979467
CUST2605,Adam Valencia,ipadilla@smith.biz,(638)048-4260,"1704 Taylor Ports, South Micheal, MS 38696",2023-04-24,Duplicate key constraint violation,2025-08-22 23:10:40.979467
CUST2606,Kevin Rollins,hughesandre@hotmail.com,6070819101,"PSC 7369, Box 9614, APO AP 34152",2020-06-13,Duplicate key constraint violation,2025-08-22 23:10:40.979467
CUST2607,Lori Dennis,robinpittman@hotmail.com,826-859-5076x07357,"4538 Robert Ville, Davetown, NJ 98086",2020-05-04,Duplicate key constraint violation,2025-08-22 23:10:40.979467
CUST2608,Jennifer Wilson,cwise@yahoo.com,120-324-0117x6946,"403 Cain Manor, Lake Whitneyborough, OR 70971",2023-07-02,Duplicate key constraint violation,2025-08-22 23:10:40.979467
CUST2609,Edward Lewis,piercechristopher@smith-newman.com,575.161.6739x76865,"USS Mcneil, FPO AA 80483",2022-12-25,Duplicate key constraint violation,2025-08-22 23:10:40.979467
CUST2610,Christine Young,danny97@lewis.com,462-495-7082,"205 Angela Stravenue, Dianaland, AL 10801",2024-08-11,Duplicate key constraint violation,2025-08-22 23:10:40.979467
CUST2611,Tricia Walsh,xgarcia@hotmail.com,306-743-5199x493,"307 Michelle Loop, Nelsonfort, OK 17187",2024-04-13,Duplicate key constraint violation,2025-08-22 23:10:40.979467
CUST2612,Robert Moore,roger70@chavez-lopez.net,001-930-469-3338x1578,"PSC 4199, Box 2616, APO AE 19868",2021-07-25,Duplicate key constraint violation,2025-08-22 23:10:40.979467
CUST2613,Kathleen Walton,baileysmith@rogers.com,(087)882-0656x70467,"95309 Kevin Park Suite 816, Meghanborough, SD 34356",2023-03-12,Duplicate key constraint violation,2025-08-22 23:10:40.979467
CUST2614,Mr. Aaron Bridges,brenda15@berry-martin.net,676.461.2380x8117,"1450 Beck Well Suite 216, East Christopherfurt, NE 17358",2023-01-09,Duplicate key constraint violation,2025-08-22 23:10:40.979467
CUST2615,Christina Shah,thomas68@porter.com,0793774859,"197 Kathleen Stream, Port Christine, NE 53073",2023-11-05,Duplicate key constraint violation,2025-08-22 23:10:40.979467
CUST2616,Lori Huff DVM,hubbardnicholas@gmail.com,001-810-992-6606x2517,"0578 Rose Lodge, North Lauraport, HI 22980",2022-02-10,Duplicate key constraint violation,2025-08-22 23:10:40.979467
CUST2617,Cody Morris,wjohnson@reeves.biz,316-918-8616,"669 Anita Highway Suite 828, Campbellburgh, WV 19889",2023-01-11,Duplicate key constraint violation,2025-08-22 23:10:40.979467
CUST2618,Elizabeth Hayes,stephen87@lucas-jones.com,758-291-3260x49271,"Unit 8493 Box 2482, DPO AA 23473",2023-06-30,Duplicate key constraint violation,2025-08-22 23:10:40.979467
CUST2619,Cassandra Gibson,fhebert@hotmail.com,115-176-8160,"22256 George Islands, West Chelseaburgh, WY 64976",2022-03-05,Duplicate key constraint violation,2025-08-22 23:10:40.979467
CUST2620,Jason Woodward,wmanning@hotmail.com,169.659.9578x760,"96745 William Pike Suite 010, Maryland, WV 99290",2020-03-07,Duplicate key constraint violation,2025-08-22 23:10:40.979467
CUST2621,Antonio Orozco,trevorsmith@gmail.com,799.707.9003x9866,"0796 Smith Loop, Port Vincentmouth, WY 63484",2024-05-18,Duplicate key constraint violation,2025-08-22 23:10:40.979467
CUST2622,Grace Williams,kennethgriffith@hotmail.com,4201129876,"066 Cobb Parkways Apt. 156, West Haleymouth, OK 66399",2022-04-08,Duplicate key constraint violation,2025-08-22 23:10:40.979467
CUST2623,Martin Gonzales Jr.,padillamichelle@yahoo.com,507-939-3224x55209,"1047 James Fields Apt. 127, East Joeland, MD 85386",2020-05-09,Duplicate key constraint violation,2025-08-22 23:10:40.979467
CUST2624,Paul Nichols,margaretholt@yahoo.com,+1-848-509-3166x740,"32498 John Inlet Suite 404, Port Samuel, WV 76662",2024-01-01,Duplicate key constraint violation,2025-08-22 23:10:40.979467
CUST2625,Elizabeth Graham,pottsdiana@patterson.org,4382350788,"247 Michele Course, West Cynthia, ME 43195",2020-09-23,Duplicate key constraint violation,2025-08-22 23:10:40.979467
CUST2626,Matthew Gibson,cohenkristen@higgins-jackson.info,253.333.8728x73398,"498 Walker Coves, Ashleyview, NM 82628",2022-11-10,Duplicate key constraint violation,2025-08-22 23:10:40.979467
CUST2627,Michael Beltran,fordalicia@hamilton.com,067-220-1209x23519,"099 Elizabeth Cape, East Anthony, NC 63331",2021-09-24,Duplicate key constraint violation,2025-08-22 23:10:40.979467
CUST2628,Andrew Weaver,kenneth55@gmail.com,743.290.9472x89176,"183 Fuller Circles Suite 910, Jillside, WI 87582",2021-02-04,Duplicate key constraint violation,2025-08-22 23:10:40.979467
CUST2629,Heather Lam,bonnieschmidt@yahoo.com,662.105.3776x165,"986 Damon Path, Port Douglas, CA 94235",2022-10-16,Duplicate key constraint violation,2025-08-22 23:10:40.979467
CUST2630,Julie Gordon,donald50@gmail.com,(668)905-0654x602,"0919 Antonio Passage, Carpentershire, AK 61465",2024-08-07,Duplicate key constraint violation,2025-08-22 23:10:40.979467
CUST2631,Michael Brown,wilsoncharlene@gmail.com,178.960.3189x08991,"247 Green Courts Apt. 765, New Douglastown, MA 61607",2021-07-25,Duplicate key constraint violation,2025-08-22 23:10:40.979467
CUST2632,Robert Lee,jcarr@gmail.com,+1-845-504-9916x359,"746 Alexandra Green, West Marissaberg, ME 62512",2020-03-26,Duplicate key constraint violation,2025-08-22 23:10:40.979467
CUST2633,Claudia Wilson,zortega@miller.com,732.378.6148x829,"046 Anderson Crossing, Brownton, ND 28471",2023-04-22,Duplicate key constraint violation,2025-08-22 23:10:40.979467
CUST2634,Joshua Baker,sarah46@morris.biz,996.305.8535,"19604 Griffin Vista, South Matthew, IN 82176",2023-05-12,Duplicate key constraint violation,2025-08-22 23:10:40.979467
CUST2635,Jesse Daniel,lboyd@humphrey.info,(157)188-2180x47895,"USNV Wall, FPO AE 65312",2024-03-18,Duplicate key constraint violation,2025-08-22 23:10:40.979467
CUST2636,Kevin Harper,garciajose@moreno-graham.net,(070)086-2011,"36141 Vanessa Lock Suite 215, Michaelburgh, DE 05582",2024-10-04,Duplicate key constraint violation,2025-08-22 23:10:40.979467
CUST2637,Lisa Russell,christophermacias@yahoo.com,768.845.4605x13969,"3881 Baker Wells, South Robertstad, RI 60610",2024-03-06,Duplicate key constraint violation,2025-08-22 23:10:40.979467
CUST2638,Mr. Joseph Craig,rivassean@gmail.com,965.830.5160,"3854 Mitchell Roads, West Eric, OK 54916",2021-06-22,Duplicate key constraint violation,2025-08-22 23:10:40.979467
CUST2639,David Spence,cooperjeffrey@gmail.com,169.129.9303,"1023 Danny Dam, New Yolandaborough, NY 26181",2023-06-24,Duplicate key constraint violation,2025-08-22 23:10:40.979467
CUST2640,Nancy Jarvis,jamesbrown@hotmail.com,409-912-6741x3650,"26349 Alvarez Islands, Port Loriville, WV 53297",2024-08-19,Duplicate key constraint violation,2025-08-22 23:10:40.979467
CUST2641,Debra Reed DVM,richard96@hanson-nelson.org,+1-986-012-8028x6749,"2636 Jose Curve Apt. 623, Spencerhaven, AL 62020",2022-06-28,Duplicate key constraint violation,2025-08-22 23:10:40.979467
CUST2642,Brittany Kramer,steven79@cook.com,(923)171-9728,"USS Thomas, FPO AP 65884",2024-06-16,Duplicate key constraint violation,2025-08-22 23:10:40.979467
CUST2643,Daniel Austin,trancrystal@yahoo.com,970-261-0067,"670 Gaines Station Suite 509, Millertown, TN 09411",2021-08-10,Duplicate key constraint violation,2025-08-22 23:10:40.979467
CUST2644,James Martin,dawn35@davis.com,099.595.7734,"USNV Bolton, FPO AP 31413",2022-07-12,Duplicate key constraint violation,2025-08-22 23:10:40.979467
CUST2645,Lisa Meadows,taylorzachary@gmail.com,+1-103-959-5546x248,"32827 Chase Neck Apt. 846, East Lisa, VA 78931",2024-10-22,Duplicate key constraint violation,2025-08-22 23:10:40.979467
CUST2646,William Parker,james72@gmail.com,001-516-340-4832x232,"85551 Costa Mountain, South David, NE 81641",2019-01-07,Duplicate key constraint violation,2025-08-22 23:10:40.979467
CUST2647,Gregory Meza,ckeith@yahoo.com,221.786.9280,"65573 James Springs, Campbellhaven, VT 32732",2020-01-12,Duplicate key constraint violation,2025-08-22 23:10:40.979467
CUST2648,Johnathan Hill,gcrawford@smith-thompson.com,1796665375,"413 Madison Road Apt. 830, Gaineschester, TX 25263",2024-04-16,Duplicate key constraint violation,2025-08-22 23:10:40.979467
CUST2649,Jacqueline Middleton,sandra30@sanders.com,(261)935-6631x04154,"49033 Greg Inlet, South Jasonbury, FL 40883",2022-07-23,Duplicate key constraint violation,2025-08-22 23:10:40.979467
CUST2650,Mark Archer,gregory16@gmail.com,001-043-559-5701x7181,"14417 Garrett Expressway, Williamsmouth, KS 82483",2023-06-03,Duplicate key constraint violation,2025-08-22 23:10:40.979467
CUST2651,Joseph Ayala,jacobsonamanda@terrell.org,001-056-542-6983x28353,"98331 Coleman Ranch, Hendrickschester, MA 59254",2021-07-20,Duplicate key constraint violation,2025-08-22 23:10:40.979467
CUST2652,John Bond,claudiagilbert@stewart-cannon.com,853-415-2055x5340,"2262 Samuel Run, New Craig, NH 76679",2023-11-02,Duplicate key constraint violation,2025-08-22 23:10:40.979467
CUST2653,Kelsey Yates,rfox@gmail.com,9373098987,"7141 Schultz Shores, Maryborough, FL 99629",2019-07-19,Duplicate key constraint violation,2025-08-22 23:10:40.979467
CUST2654,Melanie Patrick,benjamin95@hendrix.net,142.436.3609,"1690 Jones Garden Suite 553, Lake Feliciastad, MO 14125",2019-06-15,Duplicate key constraint violation,2025-08-22 23:10:40.979467
CUST2655,Brandon Williams,barnettwilliam@hotmail.com,7070990654,"4136 Hernandez Island, South Stephen, CO 32056",2023-07-24,Duplicate key constraint violation,2025-08-22 23:10:40.979467
CUST2656,Colleen Wagner,william16@chambers-smith.com,+1-439-871-3288x0772,"937 Graves Junctions, Martinezbury, NM 83300",2020-01-18,Duplicate key constraint violation,2025-08-22 23:10:40.979467
CUST2657,James Bailey,anthony69@gonzalez-ward.com,345-327-7415x04137,"PSC 0794, Box 5471, APO AE 98878",2021-12-15,Duplicate key constraint violation,2025-08-22 23:10:40.979467
CUST2658,Ashley Figueroa,williamruiz@gmail.com,748.401.6612x6162,"2203 Klein Shores, Port Jessicaland, MN 13275",2021-03-31,Duplicate key constraint violation,2025-08-22 23:10:40.979467
CUST2659,Laurie Harrison,mirandawiggins@gmail.com,372-784-6026x361,"3996 Mendoza Divide, Thomastown, IA 73167",2022-08-31,Duplicate key constraint violation,2025-08-22 23:10:40.979467
CUST2660,Kimberly Jenkins,lorraine55@reed-jones.net,2469972812,"502 Summers Islands, North Robertville, ND 04066",2021-01-01,Duplicate key constraint violation,2025-08-22 23:10:40.979467
CUST2661,Jeffery Tran,crystal41@hotmail.com,835-031-7212,"628 Christopher Drives, Moralesfort, IN 34283",2020-04-08,Duplicate key constraint violation,2025-08-22 23:10:40.979467
CUST2662,William Dalton,kmartin@yahoo.com,+1-777-968-9199,"02108 Barnes Manors Suite 522, Kirkburgh, WV 16742",2021-01-10,Duplicate key constraint violation,2025-08-22 23:10:40.979467
CUST2663,Joseph Wong,troyphillips@rose.biz,7002753597,"37491 Veronica Ridge Suite 090, Francisside, MI 60611",2023-01-31,Duplicate key constraint violation,2025-08-22 23:10:40.979467
CUST2664,Christopher Schneider DDS,gilljoseph@potter.com,+1-966-036-9550x74636,"08834 Brown Shore, North Adamberg, MA 87644",2019-04-26,Duplicate key constraint violation,2025-08-22 23:10:40.979467
CUST2665,Kelly Harrison,nancy91@ali-johnson.com,378.678.3602,"90674 Yesenia Estate Suite 921, Rogerland, KY 67039",2021-08-15,Duplicate key constraint violation,2025-08-22 23:10:40.979467
CUST2666,Annette Mcclure,stephen03@yahoo.com,001-688-708-9585,"78807 Brown Walks Apt. 344, Stevenshaven, TN 10764",2019-06-28,Duplicate key constraint violation,2025-08-22 23:10:40.979467
CUST2667,Peter Stevens,barry02@white.com,+1-939-258-6255x776,"91836 Bennett Hills Suite 006, Hayestown, LA 86033",2019-02-03,Duplicate key constraint violation,2025-08-22 23:10:40.979467
CUST2668,Amber Moses,madisonbrown@soto.com,(139)062-3401x1603,"3468 Stewart Spring Apt. 226, East Royfort, CA 67546",2023-04-17,Duplicate key constraint violation,2025-08-22 23:10:40.979467
CUST2669,Ronald Ferrell,gainesjesse@monroe.com,932.835.5889x910,"81244 Cooper View Apt. 102, Laneton, OK 37157",2024-12-29,Duplicate key constraint violation,2025-08-22 23:10:40.979467
CUST2670,Mallory Hernandez,lreynolds@lopez.com,715-363-9328,"244 Campos Springs Suite 779, East William, TN 58561",2019-01-19,Duplicate key constraint violation,2025-08-22 23:10:40.979467
CUST2671,Megan Hickman,tommycummings@gmail.com,(532)383-6342,"9606 Miller Overpass, Lake Carolburgh, NJ 58170",2020-06-15,Duplicate key constraint violation,2025-08-22 23:10:40.979467
CUST2672,Candice Johnson,jameshickman@gmail.com,001-426-843-9565,"8366 Jennifer Overpass Apt. 716, East Larrymouth, LA 69620",2020-04-22,Duplicate key constraint violation,2025-08-22 23:10:40.979467
CUST2673,Heather Rogers,zlong@yahoo.com,840.808.6449x7860,"857 Stacey Isle, North Robert, KY 84355",2021-03-27,Duplicate key constraint violation,2025-08-22 23:10:40.979467
CUST2674,Thomas Huff,tammy35@hernandez-crawford.info,+1-202-892-6624x861,"26889 Morrison Overpass Suite 030, Stephaniestad, MA 40957",2019-12-01,Duplicate key constraint violation,2025-08-22 23:10:40.979467
CUST2675,Karla Joyce,nathan52@yahoo.com,802.004.2803x09850,"538 Hailey Center Suite 713, Youngville, NH 82182",2024-03-24,Duplicate key constraint violation,2025-08-22 23:10:40.979467
CUST2676,Stacy Ponce,cooleybrenda@gmail.com,3545868472,"868 Hayley Gardens Suite 642, North Christophershire, MS 36316",2021-03-20,Duplicate key constraint violation,2025-08-22 23:10:40.979467
CUST2677,Leslie Mccarty,victorhall@gmail.com,+1-768-903-6989x48430,"618 Mullins Lights Suite 191, New Matthewmouth, AR 57262",2019-01-07,Duplicate key constraint violation,2025-08-22 23:10:40.979467
CUST2678,Joshua Wilson,brittanywilliams@trujillo.info,001-367-985-5876x3759,"0143 John Well Apt. 915, Port Amyfort, HI 09003",2024-10-31,Duplicate key constraint violation,2025-08-22 23:10:40.979467
CUST2679,Taylor Castro,parkerchristian@hotmail.com,001-393-401-3569x0606,"502 Osborne Bridge Apt. 983, Markbury, AL 13881",2023-08-28,Duplicate key constraint violation,2025-08-22 23:10:40.979467
CUST2680,Steven Garcia,romerodaniel@yahoo.com,005-192-0566x50692,"41872 Powell Pines, Greenestad, ME 79485",2019-10-01,Duplicate key constraint violation,2025-08-22 23:10:40.979467
CUST2681,Amanda Frank,kristennelson@peters-ramirez.com,001-827-790-8369x379,"5338 Ashley Shoal, New Jennifer, NH 58978",2020-12-26,Duplicate key constraint violation,2025-08-22 23:10:40.979467
CUST2682,Rachel Bates,amyatkins@wood.com,564-244-0676,"5096 Stark River Apt. 350, Rodneyborough, GA 21354",2021-08-17,Duplicate key constraint violation,2025-08-22 23:10:40.979467
CUST2683,Rodney Walker,christopher49@lopez-hernandez.com,825.000.8941x915,"951 Adams Trace, Jamesberg, LA 25651",2021-07-18,Duplicate key constraint violation,2025-08-22 23:10:40.979467
CUST2684,Lori Kirby,pricechristopher@gmail.com,818.025.2281,"72876 Harrison Corner, East Carl, MS 09685",2023-08-29,Duplicate key constraint violation,2025-08-22 23:10:40.979467
CUST2685,Alexis Leblanc,cliu@morris-baker.com,+1-461-055-5232,"51524 Dawson Pine Suite 454, Richardborough, IN 20753",2023-04-14,Duplicate key constraint violation,2025-08-22 23:10:40.979467
CUST2686,Jill Bryant,mccarthyronald@hotmail.com,738.336.8278,"5009 Rebecca Ridges Suite 445, South Stephanieview, OH 29182",2024-04-28,Duplicate key constraint violation,2025-08-22 23:10:40.979467
CUST2687,Rachael Stewart,sullivanjacqueline@rice.com,880-589-6595x641,"18201 Bonnie Roads, Garciaborough, KS 26883",2019-01-02,Duplicate key constraint violation,2025-08-22 23:10:40.979467
CUST2688,Connor Castillo,david92@gutierrez-franco.com,243.727.5147x396,"46492 Martinez Isle, Royburgh, IN 78394",2023-11-21,Duplicate key constraint violation,2025-08-22 23:10:40.979467
CUST2689,Amanda Abbott,morgan65@thompson-harrison.com,610.424.0792,"5261 Davis Fords Suite 448, Johntown, HI 76099",2021-05-10,Duplicate key constraint violation,2025-08-22 23:10:40.979467
CUST2690,Christopher Lewis,madison10@pugh-gallagher.biz,2839156898,"11915 Michael Lakes, Millertown, MN 70136",2023-04-11,Duplicate key constraint violation,2025-08-22 23:10:40.979467
CUST2691,Melissa Abbott,bonniegalvan@gmail.com,001-971-481-0757,"822 Michelle Course, Jessicaport, NE 72446",2019-06-18,Duplicate key constraint violation,2025-08-22 23:10:40.979467
CUST2692,Tanner Martin,campbellamy@hotmail.com,+1-079-084-4270x1448,"972 Luna Plains Suite 535, East Michael, AZ 48993",2022-01-08,Duplicate key constraint violation,2025-08-22 23:10:40.979467
CUST2693,Jason Rogers,nperry@gmail.com,845-732-5816,"8880 Schaefer Orchard, Danielleburgh, UT 60240",2019-04-27,Duplicate key constraint violation,2025-08-22 23:10:40.979467
CUST2694,Megan Brown,stephanie82@gmail.com,+1-419-903-7750,"5126 Peter Ferry Suite 312, Alyssamouth, RI 08270",2022-11-22,Duplicate key constraint violation,2025-08-22 23:10:40.979467
CUST2695,Joseph Garcia,charles95@evans.com,(664)934-6760x1570,"450 Wright Center Apt. 636, Hernandeztown, NE 91874",2023-02-14,Duplicate key constraint violation,2025-08-22 23:10:40.979467
CUST2696,Michelle Montgomery,richardherrera@gmail.com,511.034.7277x656,"1122 Emily Light Apt. 527, Lake Jonathan, TN 80181",2022-10-13,Duplicate key constraint violation,2025-08-22 23:10:40.979467
CUST2697,Timothy King,laurierivera@holder.org,445.305.2036x4368,"1050 Stafford Islands Suite 117, Obrienberg, WA 75765",2024-02-03,Duplicate key constraint violation,2025-08-22 23:10:40.979467
CUST2698,Joseph Madden,littlesarah@hotmail.com,+1-706-404-8114x0539,"2770 Buchanan Land Suite 967, East Allison, MO 73608",2020-07-04,Duplicate key constraint violation,2025-08-22 23:10:40.979467
CUST2699,Matthew Roberson,zmcdonald@gmail.com,(712)185-6544x206,"848 Hunt Courts Apt. 360, Barnesfurt, NY 90897",2024-10-18,Duplicate key constraint violation,2025-08-22 23:10:40.979467
CUST2700,Courtney Ramirez,lindsay56@cunningham-gonzales.com,6075041303,"USNS Stein, FPO AE 92755",2020-01-13,Duplicate key constraint violation,2025-08-22 23:10:40.979467
CUST2701,Nicholas Simpson,morrisonerin@davidson-lam.net,+1-647-165-7932x08511,"6171 Marcus Oval Apt. 371, Scottport, ME 25180",2021-10-28,Duplicate key constraint violation,2025-08-22 23:10:40.979467
CUST2702,Thomas Gonzalez,jesse43@yahoo.com,(345)651-1400x26005,"6676 Paula Cove Suite 702, Maryberg, RI 62254",2020-02-27,Duplicate key constraint violation,2025-08-22 23:10:40.979467
CUST2703,Marc Long,scottcarter@strickland-massey.com,+1-627-654-1073x7091,"652 Kevin Ridges Apt. 187, Orozcotown, MN 59023",2020-02-28,Duplicate key constraint violation,2025-08-22 23:10:40.979467
CUST2704,Kevin Lynch,sarahtaylor@hubbard.biz,237.013.1029,"35260 Jillian Inlet, New Denise, NE 13535",2022-01-22,Duplicate key constraint violation,2025-08-22 23:10:40.979467
CUST2705,Brett Williams,paul22@jones.com,001-401-950-0332,"982 Little Via Apt. 431, Sanchezshire, ID 15244",2019-04-09,Duplicate key constraint violation,2025-08-22 23:10:40.979467
CUST2706,Daniel Lozano,marcusadams@gmail.com,0266312743,"101 Singh Key, Barbaraport, MS 94693",2020-08-04,Duplicate key constraint violation,2025-08-22 23:10:40.979467
CUST2707,Corey Ray,gregory24@yahoo.com,+1-060-671-8690x932,"7633 Reynolds Shores Apt. 815, Lake Calebhaven, AL 68798",2020-07-10,Duplicate key constraint violation,2025-08-22 23:10:40.979467
CUST2708,Max Clark,csimpson@ramirez.info,727-200-7629x964,"23798 Cook Keys Apt. 457, Lisaside, MT 80426",2023-04-02,Duplicate key constraint violation,2025-08-22 23:10:40.979467
CUST2709,Angela Gomez,amber94@yahoo.com,001-583-485-0454x405,"7537 Tiffany View, Alisonburgh, ND 90478",2021-04-28,Duplicate key constraint violation,2025-08-22 23:10:40.979467
CUST2710,Lucas Smith,amberbutler@lewis-myers.com,(353)619-6100x77662,"2042 Jessica Parkway Suite 037, Smithberg, IN 90696",2022-08-01,Duplicate key constraint violation,2025-08-22 23:10:40.979467
CUST2711,Brian Guzman,carol76@hotmail.com,(061)061-8430x833,"70118 Thomas Divide Apt. 713, Rogerschester, OH 94261",2021-04-05,Duplicate key constraint violation,2025-08-22 23:10:40.979467
CUST2712,Michael West,hannah24@gmail.com,(259)528-3592x1835,"Unit 8657 Box 0829, DPO AE 27449",2023-09-22,Duplicate key constraint violation,2025-08-22 23:10:40.979467
CUST2713,David Frederick,natasha30@mckinney.net,001-087-383-8857x6532,"1463 Little Trail, South David, ID 32649",2024-09-11,Duplicate key constraint violation,2025-08-22 23:10:40.979467
CUST2714,Nicole Stewart,donna61@norton-sullivan.com,+1-869-084-5454x1309,"890 Johnston Land, Sarahtown, SD 20816",2024-08-11,Duplicate key constraint violation,2025-08-22 23:10:40.979467
CUST2715,Destiny Johnson,robersonadam@wolf.com,823-894-5446,"2121 Laura Station, South Gerald, AK 72109",2020-05-07,Duplicate key constraint violation,2025-08-22 23:10:40.979467
CUST2716,Michael Sanchez,brittanyschultz@yahoo.com,+1-731-568-7697x4430,"PSC 2773, Box 6080, APO AA 94269",2020-03-08,Duplicate key constraint violation,2025-08-22 23:10:40.979467
CUST2717,Emily Weber MD,thomaslopez@gmail.com,001-914-948-1958x818,"838 Schneider Valley Apt. 512, Lake Mary, WI 21255",2024-04-28,Duplicate key constraint violation,2025-08-22 23:10:40.979467
CUST2718,Robert Harper,arivera@hotmail.com,+1-759-815-4416x513,"393 James Circles, Warrenberg, MN 08722",2020-05-25,Duplicate key constraint violation,2025-08-22 23:10:40.979467
CUST2719,James Fuller,bryansmith@jones-davis.com,880.340.7471,"158 Heather Mission, Christopherfort, OK 33725",2024-09-15,Duplicate key constraint violation,2025-08-22 23:10:40.979467
CUST2720,Jessica Ellis,fjohnson@hotmail.com,001-900-611-4676x90443,"192 John Way, South Larryside, OH 14566",2024-01-08,Duplicate key constraint violation,2025-08-22 23:10:40.979467
CUST2721,Leah Wise,tmarshall@hotmail.com,758-071-3192,"1794 Love Mission, North Dennisstad, OH 02377",2024-04-08,Duplicate key constraint violation,2025-08-22 23:10:40.979467
CUST2722,Melissa Roman,vanderson@becker.com,(005)809-4228x80465,"9951 John Mills, Johnsonland, VT 39960",2021-01-01,Duplicate key constraint violation,2025-08-22 23:10:40.979467
CUST2723,Cathy Bush,elin@williams.com,(767)187-7884,"48692 Lucero Rue Apt. 595, Port Charles, SC 02620",2024-02-07,Duplicate key constraint violation,2025-08-22 23:10:40.979467
CUST2724,Jessica Torres,znewman@gmail.com,947-120-0301x332,"4641 Dustin Roads Suite 488, Kellyview, PA 91054",2022-10-23,Duplicate key constraint violation,2025-08-22 23:10:40.979467
CUST2725,Todd Jennings,carsonchase@davis-nichols.com,+1-144-800-1297x758,"700 Holly Court, Alexisview, WI 74994",2020-06-11,Duplicate key constraint violation,2025-08-22 23:10:40.979467
CUST2726,Margaret Collins,tracy05@perez.com,310.268.7648,"22379 Wood Ports, Jasonton, NM 33722",2023-09-01,Duplicate key constraint violation,2025-08-22 23:10:40.979467
CUST2727,Sharon Cabrera,matthew28@perry.info,424-948-1992x9585,"Unit 3924 Box 5634, DPO AA 59911",2021-11-08,Duplicate key constraint violation,2025-08-22 23:10:40.979467
CUST2728,Kathryn Weiss,garciakenneth@crawford.com,001-585-186-0767x440,"7141 James River, Davidtown, NE 68785",2023-03-26,Duplicate key constraint violation,2025-08-22 23:10:40.979467
CUST2729,Angela Malone,michelle23@gutierrez.org,+1-943-261-1630x48308,"3107 Mary Fork, Hoffmanmouth, MI 18077",2019-11-18,Duplicate key constraint violation,2025-08-22 23:10:40.979467
CUST2730,Kathy Walker,zrobertson@gmail.com,026.687.7540x33535,"24867 Owen Lodge Apt. 590, Wrightberg, ME 17175",2024-09-01,Duplicate key constraint violation,2025-08-22 23:10:40.979467
CUST2731,Jonathan Petersen,philipcombs@wagner.com,258.500.6826,"35299 Julia Corners, New Jacqueline, GA 71254",2022-10-06,Duplicate key constraint violation,2025-08-22 23:10:40.979467
CUST2732,Sean Coleman Jr.,valerievillegas@torres.com,865-636-1671x1620,"880 Keith Locks Suite 994, Allenville, MI 27764",2021-08-14,Duplicate key constraint violation,2025-08-22 23:10:40.979467
CUST2733,Robert Lynch,robert82@stephens-lloyd.biz,(420)493-9586,"1639 Case Isle Suite 495, New Cristinaborough, ME 25459",2024-02-02,Duplicate key constraint violation,2025-08-22 23:10:40.979467
CUST2734,Michelle Horton,wellsalexander@casey.biz,+1-789-874-3380,"6597 Amy Streets Apt. 578, Jacobside, NJ 68787",2021-10-14,Duplicate key constraint violation,2025-08-22 23:10:40.979467
CUST2735,Michelle Stephens,xware@gmail.com,402-083-3993x51724,"PSC 6241, Box 7539, APO AE 28800",2022-12-08,Duplicate key constraint violation,2025-08-22 23:10:40.979467
CUST2736,Tammie House,eboyd@sandoval.com,012.123.5148x272,"34825 Duncan Green Apt. 173, South Kimberlyhaven, CT 86822",2024-05-22,Duplicate key constraint violation,2025-08-22 23:10:40.979467
CUST2737,Jonathan Fowler,itaylor@hotmail.com,040.743.1144,"934 Kimberly Lodge Suite 295, New Victor, UT 55092",2023-08-08,Duplicate key constraint violation,2025-08-22 23:10:40.979467
CUST2738,Jason Jacobs,bhorton@hotmail.com,+1-754-529-0098,"PSC 2947, Box 3600, APO AA 07063",2019-04-08,Duplicate key constraint violation,2025-08-22 23:10:40.979467
CUST2739,Amanda Morris,stephaniecurry@hotmail.com,343.313.8879x97076,"0523 James Court Suite 481, Joshuaport, IL 41100",2024-01-05,Duplicate key constraint violation,2025-08-22 23:10:40.979467
CUST2740,Christopher Nguyen,ebaldwin@hotmail.com,823.124.2870,"748 Allen Greens, Lake John, SC 98720",2019-01-25,Duplicate key constraint violation,2025-08-22 23:10:40.979467
CUST2741,Katherine Jones PhD,vquinn@johnson-russell.com,034.033.1319x40950,"PSC 4643, Box 0327, APO AP 06349",2023-07-17,Duplicate key constraint violation,2025-08-22 23:10:40.979467
CUST2742,Dr. Lisa Powell,mendezteresa@roberts.org,437.548.8029,"743 Ryan Ridges Suite 119, North Jenniferstad, MN 47105",2024-01-02,Duplicate key constraint violation,2025-08-22 23:10:40.979467
CUST2743,Laura White,rsummers@love-deleon.net,012-222-7962x4222,"7347 Rivera Neck Apt. 059, Barbaraview, MD 15969",2021-07-06,Duplicate key constraint violation,2025-08-22 23:10:40.979467
CUST2744,Karen Hale,baileyamber@morgan.com,+1-107-692-6833x2386,"8545 Anthony Spurs Suite 308, Port Amandaview, DC 91319",2023-10-26,Duplicate key constraint violation,2025-08-22 23:10:40.979467
CUST2745,Dylan Torres,hbarnes@harper-gross.biz,(082)028-8430x86221,"946 Anthony Drive, Whitakershire, MS 16999",2021-09-14,Duplicate key constraint violation,2025-08-22 23:10:40.979467
CUST2746,Michael Bell,jamesroy@yahoo.com,423.892.4545x326,"709 Wiggins Flats, Woodardville, WA 63366",2021-11-03,Duplicate key constraint violation,2025-08-22 23:10:40.979467
CUST2747,Alexis Johnson,irwinsarah@weiss-bennett.org,+1-518-059-4579x046,"35465 Michael Rapid Apt. 720, East Josephmouth, MN 57638",2024-05-08,Duplicate key constraint violation,2025-08-22 23:10:40.979467
CUST2748,Thomas Williams,john10@pena-perez.com,441.349.2735x3805,"495 Robinson Extension, Stephanieborough, AL 35818",2024-04-29,Duplicate key constraint violation,2025-08-22 23:10:40.979467
CUST2749,Zachary Collins,mfitzpatrick@peters-farrell.org,+1-628-706-1058x6480,"80104 Anderson Path Suite 666, Reginafurt, VT 71480",2020-07-31,Duplicate key constraint violation,2025-08-22 23:10:40.979467
CUST2750,Arthur Miller,amanda09@gmail.com,650-771-4636,"2824 Fred Pike Suite 941, South Robert, ID 26440",2021-07-23,Duplicate key constraint violation,2025-08-22 23:10:40.979467
CUST2751,Kevin Johnson,dillonsharon@yahoo.com,+1-473-135-6226x790,"235 Norman Inlet Suite 196, Marytown, NC 77270",2023-12-11,Duplicate key constraint violation,2025-08-22 23:10:40.979467
CUST2752,Teresa Cook,payneamanda@yahoo.com,170-997-3855x449,"6467 Jones Ville, Allenberg, PA 02855",2022-03-07,Duplicate key constraint violation,2025-08-22 23:10:40.979467
CUST2753,Lisa Johnson,ycox@tran.info,(160)479-5748x22773,"7782 Hawkins Crest Suite 768, Hooverland, MD 27673",2023-01-14,Duplicate key constraint violation,2025-08-22 23:10:40.979467
CUST2754,Vanessa Quinn,starkmalik@hotmail.com,+1-837-937-9753,"4539 Dougherty Rapid Suite 094, Thomasstad, WV 60457",2024-06-14,Duplicate key constraint violation,2025-08-22 23:10:40.979467
CUST2755,Jennifer Wyatt,shawn79@hotmail.com,6410418618,"13901 Caleb Meadow, Woodfurt, DC 32458",2020-09-01,Duplicate key constraint violation,2025-08-22 23:10:40.979467
CUST2756,Henry Poole,kathleen98@perez-manning.com,555.262.9771x321,"97908 Wilson Grove, West Jack, TX 68691",2024-11-09,Duplicate key constraint violation,2025-08-22 23:10:40.979467
CUST2757,Connor Brown,jeffrey06@gmail.com,(901)959-5979x86486,"6980 Andrew Shoals, North Joann, WI 16391",2019-12-25,Duplicate key constraint violation,2025-08-22 23:10:40.979467
CUST2758,Stephen Townsend,perezcarol@hotmail.com,001-989-181-1050x26325,"852 Lopez Parks, Burgessside, PA 54319",2021-02-07,Duplicate key constraint violation,2025-08-22 23:10:40.979467
CUST2759,Sarah Hernandez,harrisonmichael@hotmail.com,+1-774-254-1190x35477,"96949 Munoz Mews, Lake Bradton, NV 70713",2022-05-13,Duplicate key constraint violation,2025-08-22 23:10:40.979467
CUST2760,Dr. Sabrina Scott,curtisvang@west.biz,567.176.0875x4661,"039 Delacruz Coves, Alyssafurt, NM 58604",2024-10-21,Duplicate key constraint violation,2025-08-22 23:10:40.979467
CUST2761,Logan Brady,sarah10@wilson.net,3506152517,"PSC 7544, Box 0331, APO AP 88425",2020-05-17,Duplicate key constraint violation,2025-08-22 23:10:40.979467
CUST2762,Brittany Walker,milleraaron@gmail.com,(523)392-2261,"39132 Barnes Islands Suite 941, Lake Clarenceport, MS 89257",2019-08-30,Duplicate key constraint violation,2025-08-22 23:10:40.979467
CUST2763,Robin Phillips,douglas42@vance.com,594-059-9955x287,"3361 Thomas Dale Suite 648, West Steven, UT 92034",2020-09-27,Duplicate key constraint violation,2025-08-22 23:10:40.979467
CUST2764,Michael Miller,fisherchristopher@johnson.com,(307)317-2592x1134,"6185 King Isle, West Kristinville, NC 72108",2022-11-05,Duplicate key constraint violation,2025-08-22 23:10:40.979467
CUST2765,Derrick Johnson,reevesscott@montoya-morris.com,001-989-322-8756x3549,"77822 Davis Skyway Apt. 647, Ingramton, AL 98066",2019-05-31,Duplicate key constraint violation,2025-08-22 23:10:40.979467
CUST2766,Edward Kline,matthewnichols@taylor.net,217-514-8101x77076,"04577 Richard Overpass Apt. 678, Mooreton, GA 26914",2022-10-01,Duplicate key constraint violation,2025-08-22 23:10:40.979467
CUST2767,Cynthia Parker,thomasortega@medina.com,889.594.0852,"PSC 1761, Box 1993, APO AE 18610",2020-10-18,Duplicate key constraint violation,2025-08-22 23:10:40.979467
CUST2768,Virginia Hill,ysmith@drake.biz,001-514-036-3920,"01160 Stewart Roads Apt. 827, Brittanychester, GA 85157",2024-04-03,Duplicate key constraint violation,2025-08-22 23:10:40.979467
CUST2769,Brian Jones,jamie78@hotmail.com,576-557-1794x17871,"0863 Blake Square Suite 496, New Feliciastad, UT 48380",2023-05-18,Duplicate key constraint violation,2025-08-22 23:10:40.979467
CUST2770,Matthew Cohen,shirley22@hotmail.com,6405424810,"55464 Lopez Row Apt. 376, Jenkinsstad, TX 87240",2021-02-07,Duplicate key constraint violation,2025-08-22 23:10:40.979467
CUST2771,Samantha Hill,danielle42@yahoo.com,+1-449-903-9887x8663,"Unit 7260 Box 4005, DPO AE 55221",2023-08-13,Duplicate key constraint violation,2025-08-22 23:10:40.979467
CUST2772,Tony Warren,lisajohnson@coleman.com,596.608.5328x391,"175 Jackie Forge Apt. 609, Port Timothyville, AK 28732",2024-07-25,Duplicate key constraint violation,2025-08-22 23:10:40.979467
CUST2773,Michaela Livingston,kelly18@white-melendez.com,3376422774,"97535 Ronald Street Apt. 039, Alisonton, VA 62748",2021-02-25,Duplicate key constraint violation,2025-08-22 23:10:40.979467
CUST2774,Reginald Wallace,lowemaurice@baker-alvarez.org,295-837-1958,"3010 Flores Radial Suite 049, Port Jacobville, MI 29117",2020-11-17,Duplicate key constraint violation,2025-08-22 23:10:40.979467
CUST2775,Omar Mendez,kevintorres@reilly.com,626.731.2433x50565,"542 Monroe Spurs Apt. 610, Port Jessica, MS 59297",2023-05-21,Duplicate key constraint violation,2025-08-22 23:10:40.979467
CUST2776,Kevin Garcia,ecollins@lee.com,484.049.0559,"4433 Riley Creek, East Jasonfurt, VA 54246",2019-07-13,Duplicate key constraint violation,2025-08-22 23:10:40.979467
CUST2777,Amanda Jones,justin73@wright-rodriguez.info,158.468.8496,"178 Dennis Glens, South Timothy, DC 45457",2022-10-20,Duplicate key constraint violation,2025-08-22 23:10:40.979467
CUST2778,Rachel Peck,bmarquez@williams-lee.com,027-248-7474,"94392 Seth Hills, Kaitlynburgh, ME 67187",2024-11-03,Duplicate key constraint violation,2025-08-22 23:10:40.979467
CUST2779,Todd Shaw,angela07@yahoo.com,8110564904,"PSC 3268, Box 9427, APO AE 32542",2021-02-07,Duplicate key constraint violation,2025-08-22 23:10:40.979467
CUST2780,Edward Simpson,grossjulia@flores.info,(175)655-2175,"380 Sarah Curve Apt. 158, South Scott, VT 93844",2022-09-05,Duplicate key constraint violation,2025-08-22 23:10:40.979467
CUST2781,Amy Daniels,ecasey@hotmail.com,052-969-2229x66697,"Unit 8231 Box 8263, DPO AA 25970",2021-01-20,Duplicate key constraint violation,2025-08-22 23:10:40.979467
CUST2782,Sharon Watson,wayne63@yahoo.com,(448)444-2865,"26979 Bishop Villages Apt. 743, Johnsontown, CT 31532",2024-10-27,Duplicate key constraint violation,2025-08-22 23:10:40.979467
CUST2783,Matthew Perez,jefferyfernandez@hotmail.com,045-353-0625x956,"5635 Macdonald Highway, North Josephborough, MD 03139",2023-11-13,Duplicate key constraint violation,2025-08-22 23:10:40.979467
CUST2784,Joanna Allen,nmartin@yahoo.com,095-465-7055,"1905 Scott Shoal Suite 888, New Stevenberg, WY 57072",2020-09-15,Duplicate key constraint violation,2025-08-22 23:10:40.979467
CUST2785,Kevin Gregory,carlystafford@yahoo.com,(778)645-5753,"8647 Tammy Street, Greenfurt, GA 96099",2024-07-14,Duplicate key constraint violation,2025-08-22 23:10:40.979467
CUST2786,James Church,eward@white.org,001-552-224-1292x7794,"5831 Hughes Key Apt. 358, Dennisstad, MS 30374",2021-05-23,Duplicate key constraint violation,2025-08-22 23:10:40.979467
CUST2787,Kevin Bryant,carolynrubio@guzman.com,(842)094-0535,"262 Marshall Orchard, Greerton, MD 32092",2023-12-13,Duplicate key constraint violation,2025-08-22 23:10:40.979467
CUST2788,David Brooks,heatherwallace@gmail.com,(550)956-7392x6990,"806 Cooper Viaduct, Ortegaborough, WA 96110",2019-05-15,Duplicate key constraint violation,2025-08-22 23:10:40.979467
CUST2789,Jordan Barajas,bmiller@hotmail.com,5458813634,"3392 Woodward Rest, Roseborough, MS 90064",2021-09-22,Duplicate key constraint violation,2025-08-22 23:10:40.979467
CUST2790,Debbie Anderson,gregorymeza@gmail.com,001-322-069-1483x611,"83312 Clark Lane Apt. 051, East Barryside, NV 55731",2024-06-20,Duplicate key constraint violation,2025-08-22 23:10:40.979467
CUST2791,Amanda Gonzalez,onealscott@walker.com,+1-865-402-0395x569,"51082 Jenkins Gateway, East Matthew, KY 45175",2022-07-25,Duplicate key constraint violation,2025-08-22 23:10:40.979467
CUST2792,David Ellis,jonathanburton@stewart.com,(662)842-5299x07987,"USNS Henry, FPO AP 37360",2021-03-15,Duplicate key constraint violation,2025-08-22 23:10:40.979467
CUST2793,Katelyn Morris,david41@howard.org,954-744-2206,"PSC 8811, Box 4041, APO AA 83742",2019-01-03,Duplicate key constraint violation,2025-08-22 23:10:40.979467
CUST2794,Jonathan Smith,karenromero@morales.org,(813)362-0723x431,"682 Alicia Avenue, Lake Christinaland, SD 77820",2019-06-28,Duplicate key constraint violation,2025-08-22 23:10:40.979467
CUST2795,Joshua Glenn,zschneider@hotmail.com,312.326.2313x292,"599 Stevenson Viaduct Suite 944, East Danielview, DC 06150",2019-09-13,Duplicate key constraint violation,2025-08-22 23:10:40.979467
CUST2796,Gary Collins,ndavis@mccormick.org,643-447-5830x98619,"USNV Parker, FPO AP 11986",2020-07-03,Duplicate key constraint violation,2025-08-22 23:10:40.979467
CUST2797,Kayla Nolan,laura87@rodriguez.net,887.414.6362,"69215 Lowe Pass, South Patriciabury, AL 33400",2021-09-21,Duplicate key constraint violation,2025-08-22 23:10:40.979467
CUST2798,Dawn Hughes,heatherharrington@browning-rodriguez.com,001-434-863-5496x771,"606 Berry Rapid, South Patrick, MA 08891",2023-12-21,Duplicate key constraint violation,2025-08-22 23:10:40.979467
CUST2799,Anthony Noble,nsmith@walker-white.com,001-968-232-0079x574,"133 Mcguire Club, West Lancechester, AZ 80865",2021-07-06,Duplicate key constraint violation,2025-08-22 23:10:40.979467
CUST2800,Samantha Perez,richardhiggins@torres.com,+1-760-023-2572x20788,"72891 Fernandez Cliffs Suite 614, Farmerberg, HI 45196",2020-03-22,Duplicate key constraint violation,2025-08-22 23:10:40.979467
CUST2801,Kimberly Anderson,taylorsamuel@long.com,969.374.3638,"31329 Stacey Stravenue, Howardfurt, RI 52886",2024-10-13,Duplicate key constraint violation,2025-08-22 23:10:40.979467
CUST2802,Teresa Dorsey,gravesanthony@nichols.info,(893)451-8667,"71921 Danielle Glens Suite 325, East Nathan, KY 90442",2023-10-09,Duplicate key constraint violation,2025-08-22 23:10:40.979467
CUST2803,Kevin Case,pdickson@diaz.com,781.955.7211x6882,"PSC 5917, Box 3722, APO AA 60796",2022-03-19,Duplicate key constraint violation,2025-08-22 23:10:40.979467
CUST2804,Kathleen Mercado DVM,ddiaz@yahoo.com,(753)556-1406x5260,"97992 Troy Junction, East Caleb, NE 72794",2022-10-17,Duplicate key constraint violation,2025-08-22 23:10:40.979467
CUST2805,Meghan Pineda,dariusvelazquez@murphy.com,(797)260-6357x96861,"2077 Bailey Rapid Suite 842, South Jacobhaven, MN 27688",2024-07-14,Duplicate key constraint violation,2025-08-22 23:10:40.979467
CUST2806,Barbara Clark,stephenperez@gmail.com,001-621-290-5125x5508,"336 Amy Points Apt. 594, Virginiaberg, NM 16222",2021-02-26,Duplicate key constraint violation,2025-08-22 23:10:40.979467
CUST2807,Christopher Black,halebrian@gmail.com,355-857-6694,"4477 Young Vista Suite 434, Port Jamesville, NJ 46784",2020-10-30,Duplicate key constraint violation,2025-08-22 23:10:40.979467
CUST2808,Edward Cooper,ispears@dean.info,001-833-824-3021x517,"55182 Wallace Island Suite 266, South Elizabeth, KY 29710",2023-03-07,Duplicate key constraint violation,2025-08-22 23:10:40.979467
CUST2809,John Beasley,gillholly@rose-williams.com,168-425-3966x8175,"33534 Kim Drive Apt. 470, Taraside, CO 96646",2022-12-31,Duplicate key constraint violation,2025-08-22 23:10:40.979467
CUST2810,Pamela Price,burnetterik@allen.biz,6029990775,"91950 King Canyon, Taylorstad, AZ 26189",2023-11-30,Duplicate key constraint violation,2025-08-22 23:10:40.979467
CUST2811,Hannah Parker DDS,joshuareeves@gmail.com,436.295.1673x464,"941 Martinez Manor Suite 749, Webbberg, MI 67170",2023-05-20,Duplicate key constraint violation,2025-08-22 23:10:40.979467
CUST2812,Jamie Ortiz,robinsonjesse@hotmail.com,(454)707-9102,"567 Morales Island, Wilkinsonton, SC 08535",2023-12-03,Duplicate key constraint violation,2025-08-22 23:10:40.979467
CUST2813,Luis Scott,richardsclayton@hotmail.com,+1-660-513-9398x02853,"6875 Carlson Stravenue Apt. 518, West Justin, WV 36991",2022-07-24,Duplicate key constraint violation,2025-08-22 23:10:40.979467
CUST2814,Amber Olson,qcarter@dudley.info,082-220-9868x44397,"763 Walsh Skyway, Larryshire, VT 31002",2024-04-03,Duplicate key constraint violation,2025-08-22 23:10:40.979467
CUST2815,Jennifer Harper,vsims@moore.com,881.282.3557x13141,"5613 Nathan Tunnel, Fosterbury, WI 40006",2019-10-03,Duplicate key constraint violation,2025-08-22 23:10:40.979467
CUST2816,Adrian King,anita39@gmail.com,(518)848-3089,"05439 Anna Drives, Cristinafurt, DE 10653",2020-08-23,Duplicate key constraint violation,2025-08-22 23:10:40.979467
CUST2817,Robert Nelson,erin48@gmail.com,+1-346-431-6016x31053,"61606 Michelle Place, Brandonfurt, AZ 57170",2021-06-19,Duplicate key constraint violation,2025-08-22 23:10:40.979467
CUST2818,Michelle Boone,elizabeth23@yahoo.com,977.169.5259x15195,"USCGC Maddox, FPO AP 45667",2020-04-09,Duplicate key constraint violation,2025-08-22 23:10:40.979467
CUST2819,Jason Rivera,vlogan@gmail.com,001-404-401-5614,"56468 Gibson Mall, North Shelley, SD 23762",2020-09-30,Duplicate key constraint violation,2025-08-22 23:10:40.979467
CUST2820,Thomas Logan,jbautista@gmail.com,+1-042-891-2190x182,"05046 Rivers Trail Suite 775, West Thomas, DE 06221",2023-06-03,Duplicate key constraint violation,2025-08-22 23:10:40.979467
CUST2821,Lance Colon,cheryl24@harris-richardson.biz,5441479186,"978 Torres Village, Taylorton, MA 08763",2024-03-15,Duplicate key constraint violation,2025-08-22 23:10:40.979467
CUST2822,Rodney Nichols,areynolds@hotmail.com,925.152.5755x109,"PSC 8892, Box 0501, APO AP 87840",2021-05-10,Duplicate key constraint violation,2025-08-22 23:10:40.979467
CUST2823,Robin Davis,khernandez@yahoo.com,1524241225,"44014 Salazar Stream Suite 870, Thomaston, HI 49429",2023-02-15,Duplicate key constraint violation,2025-08-22 23:10:40.979467
CUST2824,Jodi Richard,natalietownsend@hernandez-payne.info,989.194.5448,"69598 David Ports Apt. 496, New Tina, NH 56212",2019-07-10,Duplicate key constraint violation,2025-08-22 23:10:40.979467
CUST2825,Eric Nichols,ssmith@bennett.info,(525)816-1607x5949,"63500 Kelsey Tunnel Suite 520, Kimberlyshire, MT 69105",2019-03-29,Duplicate key constraint violation,2025-08-22 23:10:40.979467
CUST2826,Glenda Shelton,spearskatie@rios.com,131.421.0827,"USCGC Gonzalez, FPO AA 99252",2023-07-22,Duplicate key constraint violation,2025-08-22 23:10:40.979467
CUST2827,Gabriela Jones,kevinjames@hotmail.com,869.814.7611x8044,"4485 Spears Highway Suite 230, Robertstad, AR 07801",2021-04-29,Duplicate key constraint violation,2025-08-22 23:10:40.979467
CUST2828,Adrian Thomas,perezpamela@gmail.com,633.485.8433x086,"87333 Ward Plain Suite 993, West Jaredland, NH 66554",2019-12-25,Duplicate key constraint violation,2025-08-22 23:10:40.979467
CUST2829,Destiny Martinez,edwin32@yahoo.com,161-013-3852x7887,"5815 Fowler Summit, North Joanne, VA 10633",2023-08-16,Duplicate key constraint violation,2025-08-22 23:10:40.979467
CUST2830,Candice Peterson,blevine@gmail.com,(514)675-2991x13425,"PSC 3703, Box 2826, APO AP 69631",2023-08-13,Duplicate key constraint violation,2025-08-22 23:10:40.979467
CUST2831,Shari Campos,jenna62@ortiz.com,(358)248-1129,"86412 David Street, South Kaylamouth, MD 35242",2021-05-12,Duplicate key constraint violation,2025-08-22 23:10:40.979467
CUST2832,Veronica Robertson,patricia67@hotmail.com,074-833-6530,"36756 Michael Street Apt. 463, South Amanda, IA 58905",2019-01-17,Duplicate key constraint violation,2025-08-22 23:10:40.979467
CUST2833,John Watson,johnsonmichelle@robinson.com,504.164.3391x44008,"67949 Mallory Crossroad, Lucaston, DC 61167",2020-07-12,Duplicate key constraint violation,2025-08-22 23:10:40.979467
CUST2834,Jon Underwood,scarter@bell-pitts.net,+1-341-747-1298x83623,"3329 Christine Freeway Apt. 309, South Frankton, IN 75023",2024-12-14,Duplicate key constraint violation,2025-08-22 23:10:40.979467
CUST2835,Michele Ayers,reidmatthew@stephens.com,(384)522-8773x0949,"480 John Locks Suite 561, Davisport, TX 73496",2024-06-28,Duplicate key constraint violation,2025-08-22 23:10:40.979467
CUST2836,Nicholas Moody,andrewmiller@reilly-thomas.org,+1-985-947-8152,"39793 Gomez Pass, South Megan, NY 29644",2022-06-18,Duplicate key constraint violation,2025-08-22 23:10:40.979467
CUST2837,Morgan Stewart,brittanyreyes@gmail.com,(590)437-3021x905,"4956 Casey Harbor Apt. 670, South Kyle, GA 62771",2023-04-07,Duplicate key constraint violation,2025-08-22 23:10:40.979467
CUST2838,Chris Davenport,michael81@edwards-fernandez.com,(428)503-1879x3163,"384 Rickey Lane, Port Jacob, MS 15854",2019-09-28,Duplicate key constraint violation,2025-08-22 23:10:40.979467
CUST2839,Christopher Stevens MD,erica86@sims-wise.net,815-393-2565,"8010 Nichole Terrace Suite 499, Lesterland, PA 60133",2019-11-17,Duplicate key constraint violation,2025-08-22 23:10:40.979467
CUST2840,Mr. Cody Burke,bryantshannon@johnson.net,+1-153-927-3813,"18631 Chan Plains, Port Frankstad, IA 29341",2024-07-11,Duplicate key constraint violation,2025-08-22 23:10:40.979467
CUST2841,Ricardo Collins,stephen88@gmail.com,059-485-7294,"8535 Hamilton Throughway Apt. 403, Gutierrezport, KS 62708",2019-03-04,Duplicate key constraint violation,2025-08-22 23:10:40.979467
CUST2842,Krystal Morris,uenglish@villa.com,+1-144-874-6537x114,"9560 Michael Spring, North Lauraborough, KY 87859",2021-04-15,Duplicate key constraint violation,2025-08-22 23:10:40.979467
CUST2843,Jared Jones,lrandall@mcdonald.org,542.665.0806x656,"0685 William Trafficway, South Jeremy, LA 07116",2023-09-14,Duplicate key constraint violation,2025-08-22 23:10:40.979467
CUST2844,Tamara Bowman,garrettjames@yahoo.com,8004473486,"613 Meredith Shores Suite 447, Griffinside, ND 30034",2023-01-14,Duplicate key constraint violation,2025-08-22 23:10:40.979467
CUST2845,Rachel Davis,codymorris@lawrence.org,001-252-175-8720,"PSC 6174, Box 8453, APO AP 68543",2022-07-02,Duplicate key constraint violation,2025-08-22 23:10:40.979467
CUST2846,Melissa Hernandez,emilyjones@gmail.com,292.468.5788,"694 Bailey Fords Apt. 597, South Jonathan, KS 08733",2019-12-09,Duplicate key constraint violation,2025-08-22 23:10:40.979467
CUST2847,Rebekah Allen,zachary00@diaz.com,446-701-0926,"0882 Karen Motorway Suite 218, Port Mitchell, IN 78368",2019-04-06,Duplicate key constraint violation,2025-08-22 23:10:40.979467
CUST2848,Brian Parker,ehoward@smith.com,001-222-349-9252x157,"547 Barrett Station Apt. 040, Smithbury, DE 41447",2021-09-06,Duplicate key constraint violation,2025-08-22 23:10:40.979467
CUST2849,Roy Woods,fernando23@yahoo.com,+1-535-588-7977x5696,"0147 Calderon Loaf Suite 473, Karenport, WI 05989",2019-04-25,Duplicate key constraint violation,2025-08-22 23:10:40.979467
CUST2850,Cynthia Lyons,toddmichael@yahoo.com,815.397.4006,"71795 Karen Mountains, Johnville, LA 08261",2024-09-30,Duplicate key constraint violation,2025-08-22 23:10:40.979467
CUST2851,Jennifer Atkins,esantiago@myers-garner.com,(162)514-5774x80284,"PSC 5312, Box 1993, APO AE 84625",2023-02-14,Duplicate key constraint violation,2025-08-22 23:10:40.979467
CUST2852,Blake Williams,matthewsuarez@gmail.com,(288)634-7557,"9779 Hobbs Mission, New Devinbury, LA 92686",2020-09-20,Duplicate key constraint violation,2025-08-22 23:10:40.979467
CUST2853,Sandra Reese,rfreeman@roberts.com,523-418-6842,"942 Valerie Ports Apt. 121, West Garyton, UT 88758",2024-03-22,Duplicate key constraint violation,2025-08-22 23:10:40.979467
CUST2854,Elizabeth Ayala,charlessavage@randall-martin.com,+1-849-224-3392x64572,"609 Turner Brook Apt. 828, Martinport, WY 07263",2021-11-24,Duplicate key constraint violation,2025-08-22 23:10:40.979467
CUST2855,Lindsay Lindsey,watkinstodd@gmail.com,141.145.8313x6660,"Unit 7951 Box 0322, DPO AE 49373",2020-03-27,Duplicate key constraint violation,2025-08-22 23:10:40.979467
CUST2856,Mary Lloyd,amy75@yahoo.com,199.102.8405x794,"29848 Jensen Orchard, Port Sydney, VA 23847",2024-01-06,Duplicate key constraint violation,2025-08-22 23:10:40.979467
CUST2857,Cindy Clark,jfrench@wilson.com,594.535.4590,"082 Harris Club, Lake Williamport, OK 63870",2022-02-14,Duplicate key constraint violation,2025-08-22 23:10:40.979467
CUST2858,Sierra Montoya,oliverjulian@hotmail.com,+1-946-001-4827x6774,"7064 Ferrell Junctions, East Patrickport, FL 55412",2021-06-18,Duplicate key constraint violation,2025-08-22 23:10:40.979467
CUST2859,Brittney Baker,daniellong@coffey-harding.net,765.916.0275,"04680 Timothy Wall Suite 427, Lake Anthony, LA 94830",2023-04-17,Duplicate key constraint violation,2025-08-22 23:10:40.979467
CUST2860,Misty Ramsey,jesse27@garrison.info,016.746.9693,"PSC 3640, Box 4065, APO AE 41689",2023-04-23,Duplicate key constraint violation,2025-08-22 23:10:40.979467
CUST2861,Meghan Carter,jasontorres@parker-farley.com,(303)624-4853x49930,"279 Horne Greens Apt. 752, West Kimberlybury, MN 11959",2024-09-06,Duplicate key constraint violation,2025-08-22 23:10:40.979467
CUST2862,Erin Shah,jacquelinenorton@barber.info,+1-704-296-7505x7245,"98942 Thomas Ways Apt. 492, Tuckerchester, VT 32494",2022-10-23,Duplicate key constraint violation,2025-08-22 23:10:40.979467
CUST2863,Chloe Foley,juliabrown@hotmail.com,203.838.0875x336,"71916 Luis Flats, West James, WI 73497",2021-07-24,Duplicate key constraint violation,2025-08-22 23:10:40.979467
CUST2864,Sonya Lucas,mcdonaldkristina@riddle.com,(423)524-4109x2734,"77570 Christopher Walks, Lake Kayla, TN 26301",2021-12-16,Duplicate key constraint violation,2025-08-22 23:10:40.979467
CUST2865,Benjamin Anderson,tjacobson@white.com,001-959-438-9402x505,"556 Ryan Extension Apt. 148, Antonioview, NJ 91279",2019-12-31,Duplicate key constraint violation,2025-08-22 23:10:40.979467
CUST2866,Karen Richards,theresa21@yahoo.com,001-088-186-8898,"33044 Natasha Green, Huangmouth, WA 59614",2019-06-30,Duplicate key constraint violation,2025-08-22 23:10:40.979467
CUST2867,Mike Ryan,brianjohnson@yahoo.com,+1-062-431-1210x99995,"Unit 6091 Box 8510, DPO AP 96653",2020-09-26,Duplicate key constraint violation,2025-08-22 23:10:40.979467
CUST2868,Savannah Miller,simpsonkaren@horton.com,138-518-1971,"4087 Hudson Squares, Nixonberg, LA 05629",2022-07-16,Duplicate key constraint violation,2025-08-22 23:10:40.979467
CUST2869,Cynthia Booker,michaelarmstrong@hotmail.com,001-264-038-6080x6348,"2041 Gail Lights Suite 375, Robinbury, WY 10681",2024-06-09,Duplicate key constraint violation,2025-08-22 23:10:40.979467
CUST2870,Jason Beltran,valdezbrandon@burgess-cox.org,+1-266-821-8474,"1491 Stephen Plain, West Mark, WV 45850",2019-09-17,Duplicate key constraint violation,2025-08-22 23:10:40.979467
CUST2871,Amanda Stafford,ugalvan@hotmail.com,545-926-6119x56959,"7123 John River, Josephchester, HI 81742",2024-11-29,Duplicate key constraint violation,2025-08-22 23:10:40.979467
CUST2872,James Thomas,tiffany03@martinez.info,+1-021-879-0605x9661,"183 Philip Path Apt. 535, Walterside, OR 25571",2024-05-17,Duplicate key constraint violation,2025-08-22 23:10:40.979467
CUST2873,Maria Strong DDS,robinsonjordan@ramirez-petty.com,+1-384-566-7649x6623,"080 Daniel Bypass, Mcconnellville, TN 57600",2023-11-16,Duplicate key constraint violation,2025-08-22 23:10:40.979467
CUST2874,Shelley Rosario,ramirezrobert@smith.net,+1-566-316-3971x41905,"6600 Jason Plain, South Brandi, AZ 25729",2022-08-01,Duplicate key constraint violation,2025-08-22 23:10:40.979467
CUST2875,Tiffany Estrada,nathanbrandt@hotmail.com,159-286-7279x35106,"015 Caroline Harbor, Smithhaven, AR 89686",2023-04-29,Duplicate key constraint violation,2025-08-22 23:10:40.979467
CUST2876,Tammy Bender,robertlowery@gmail.com,(939)092-1507x160,"403 David Locks Suite 995, New Deborahshire, MD 22733",2019-04-10,Duplicate key constraint violation,2025-08-22 23:10:40.979467
CUST2877,April Richards,kinglauren@wilson.com,391-872-9369x175,"USS Duffy, FPO AP 43488",2020-04-22,Duplicate key constraint violation,2025-08-22 23:10:40.979467
CUST2878,Mariah Lee,james92@maldonado.com,(809)498-0829,"45336 Jenkins Course, South Jeffreyburgh, OK 84558",2023-11-14,Duplicate key constraint violation,2025-08-22 23:10:40.979467
CUST2879,George Rose,jameswalsh@yahoo.com,(796)209-1065,"36304 Cox Gateway Apt. 408, Timothybury, NV 95203",2020-07-01,Duplicate key constraint violation,2025-08-22 23:10:40.979467
CUST2880,Jacob Davis,casejoshua@hotmail.com,001-734-697-5992x5667,"4682 Jones Common Apt. 854, New Charles, NJ 57518",2020-08-03,Duplicate key constraint violation,2025-08-22 23:10:40.979467
CUST2881,Jasmine Dixon,colleen26@yahoo.com,(218)589-2449,"427 Justin River, Jamesbury, PA 52759",2019-05-08,Duplicate key constraint violation,2025-08-22 23:10:40.979467
CUST2882,Zachary Carter,pattersonmichael@gonzalez.com,436-991-0923x4656,"3367 Rodriguez Springs Apt. 859, East Thomas, MN 10595",2020-05-02,Duplicate key constraint violation,2025-08-22 23:10:40.979467
CUST2883,Rebecca Jackson,qbarber@brewer-thompson.com,(459)194-9616x60449,"04019 Cooper Ranch, Stacytown, KY 32985",2023-10-27,Duplicate key constraint violation,2025-08-22 23:10:40.979467
CUST2884,Harold Jackson,jenniferweeks@villa.net,(776)134-1066x32351,"7709 Johnson Wells, East Lisaville, SC 24820",2021-10-12,Duplicate key constraint violation,2025-08-22 23:10:40.979467
CUST2885,Nicole Santos,xmoody@yahoo.com,(910)423-6187x46899,"5493 Blevins Cliff Apt. 089, Herreraport, MI 43463",2019-05-11,Duplicate key constraint violation,2025-08-22 23:10:40.979467
CUST2886,Anna Perry,dawnpatton@chang.com,177.725.3470x073,"244 Renee Mews Apt. 710, New Vincenthaven, UT 72666",2022-01-19,Duplicate key constraint violation,2025-08-22 23:10:40.979467
CUST2887,Dr. Jesse Ryan MD,upeterson@hotmail.com,6357462579,"7452 Nash Court Apt. 023, Reyesfort, AR 48062",2021-12-18,Duplicate key constraint violation,2025-08-22 23:10:40.979467
CUST2888,Aaron Vance,stevensontimothy@blair.com,(504)958-7366,"7998 Bradford Valleys, Leonville, AZ 74853",2023-04-24,Duplicate key constraint violation,2025-08-22 23:10:40.979467
CUST2889,Alicia Hernandez,hector25@jones-bowman.net,776-892-1026,"107 Thomas Manor, South Michaelland, DE 71435",2020-04-17,Duplicate key constraint violation,2025-08-22 23:10:40.979467
CUST2890,Laura Miller,jennifer91@hotmail.com,+1-002-263-5543x70946,"466 Amy Haven, Nathanland, VA 97969",2022-11-09,Duplicate key constraint violation,2025-08-22 23:10:40.979467
CUST2891,Regina Green,nhart@gmail.com,(901)437-0398,"677 Hicks Ferry, Wilsonchester, MS 92077",2022-04-09,Duplicate key constraint violation,2025-08-22 23:10:40.979467
CUST2892,Oscar Long,pamelaschaefer@jones.net,833-379-1968,"USNS Campbell, FPO AE 95066",2023-03-11,Duplicate key constraint violation,2025-08-22 23:10:40.979467
CUST2893,Dustin Tran,moralestonya@yahoo.com,430-333-7942x4313,"3202 David Overpass Suite 634, Powellfurt, KY 03066",2021-02-15,Duplicate key constraint violation,2025-08-22 23:10:40.979467
CUST2894,Jennifer Stewart,cobbjordan@hotmail.com,956.886.2545x79986,"Unit 7033 Box 6274, DPO AA 79868",2019-09-02,Duplicate key constraint violation,2025-08-22 23:10:40.979467
CUST2895,Vanessa Camacho,alexissnyder@hotmail.com,+1-164-093-2996,"68457 Jacob Ford Apt. 240, Smithshire, AL 73101",2022-10-19,Duplicate key constraint violation,2025-08-22 23:10:40.979467
CUST2896,Carl Guerrero II,stevenweber@sanchez.info,891.494.3414x823,"8603 Hunt Crest, East Melissafort, VT 24023",2024-10-12,Duplicate key constraint violation,2025-08-22 23:10:40.979467
CUST2897,Mark Walker,stacey73@hotmail.com,469-335-8617x770,"26142 Sanders Dale Suite 608, Grahamland, AL 31563",2019-02-27,Duplicate key constraint violation,2025-08-22 23:10:40.979467
CUST2898,Kathy Hamilton,steven75@erickson.org,(478)339-2446,"PSC 9646, Box 3052, APO AE 99480",2020-10-23,Duplicate key constraint violation,2025-08-22 23:10:40.979467
CUST2899,Julia Le,cruzlaura@walker.biz,827-566-1143x32545,"82980 Nathaniel Fall, South Justinland, FL 42501",2024-07-22,Duplicate key constraint violation,2025-08-22 23:10:40.979467
CUST2900,Natasha Mcclain,rpowers@hale.info,001-803-681-1285x285,"20146 David Creek, Tammybury, WY 89367",2019-03-31,Duplicate key constraint violation,2025-08-22 23:10:40.979467
CUST2901,Michael Smith,kennethallen@christensen.net,(782)526-1180x141,"16076 Dakota Light, Kleinchester, LA 78183",2021-11-22,Duplicate key constraint violation,2025-08-22 23:10:40.979467
CUST2902,Patrick Parker,esparzamadeline@yahoo.com,+1-980-115-5978x7096,"65989 Joshua Island, Port Robert, DE 29614",2022-09-20,Duplicate key constraint violation,2025-08-22 23:10:40.979467
CUST2903,Justin Clay,brian62@gmail.com,650.816.9199x6530,"965 Rachel Points Apt. 383, Anthonyville, AZ 70440",2020-07-17,Duplicate key constraint violation,2025-08-22 23:10:40.979467
CUST2904,Christy Carter,higginsmary@yahoo.com,+1-253-826-5731,"450 Robert Extension Suite 844, South Williamstad, IA 75847",2022-11-10,Duplicate key constraint violation,2025-08-22 23:10:40.979467
CUST2905,Gary Williams,llara@hotmail.com,644-706-4357x26733,"75888 Lauren Mission, South Pamela, AR 70243",2020-02-11,Duplicate key constraint violation,2025-08-22 23:10:40.979467
CUST2906,Kiara Rodriguez,craig15@hotmail.com,+1-284-097-1405x739,"860 Griffin Lodge Suite 547, Marytown, LA 18992",2023-09-07,Duplicate key constraint violation,2025-08-22 23:10:40.979467
CUST2907,Charles Valencia,sanchezmatthew@robinson-myers.com,723-345-0332,"684 Noah Keys Suite 525, Port John, DE 99766",2019-10-05,Duplicate key constraint violation,2025-08-22 23:10:40.979467
CUST2908,Elizabeth Alexander,alvarezcalvin@gmail.com,982.979.0204x76397,"0426 Greer Mountain, Lake Tiffany, IL 09824",2021-10-27,Duplicate key constraint violation,2025-08-22 23:10:40.979467
CUST2909,Nicholas Hicks,lindseycasey@yahoo.com,983.597.5636,"254 Virginia Crescent Apt. 334, Johnstad, TX 78689",2020-03-02,Duplicate key constraint violation,2025-08-22 23:10:40.979467
CUST2910,David Smith,pmiller@wallace-cunningham.com,228-835-6990,"25154 Snyder Fall, West Erica, NE 64917",2024-11-02,Duplicate key constraint violation,2025-08-22 23:10:40.979467
CUST2911,Seth Gilmore,sarahwalker@yahoo.com,432-561-6115,"3401 Williams Crest Suite 012, Brianberg, MD 63152",2019-11-04,Duplicate key constraint violation,2025-08-22 23:10:40.979467
CUST2912,Tina Pruitt,cgarcia@marquez.com,0331005473,"91893 Molly Cliffs Apt. 390, East Tina, KY 50470",2020-06-09,Duplicate key constraint violation,2025-08-22 23:10:40.979467
CUST2913,Jennifer Stewart,kendrafrost@gay-mills.info,427.481.6934x3336,"173 Moore Creek Apt. 619, Benitezland, MS 81800",2024-06-10,Duplicate key constraint violation,2025-08-22 23:10:40.979467
CUST2914,Juan Wells,xlove@serrano.com,(152)195-2968,"PSC 1136, Box 0622, APO AA 10904",2019-05-22,Duplicate key constraint violation,2025-08-22 23:10:40.979467
CUST2915,Andrew Robinson,mcdonalderica@morris.com,+1-921-716-2853x2278,"562 Franklin Parkway Apt. 197, West William, ND 78857",2024-10-31,Duplicate key constraint violation,2025-08-22 23:10:40.979467
CUST2916,Jerry Barrera,monicahorn@swanson.biz,448.584.6802,"9867 Gilbert Pass Suite 418, Stevenhaven, ME 36531",2021-07-04,Duplicate key constraint violation,2025-08-22 23:10:40.979467
CUST2917,Debra Gregory,richardsalazar@flores-turner.com,549-370-3178x316,"79032 Baker Valleys Suite 226, Mezafurt, IN 06049",2022-11-23,Duplicate key constraint violation,2025-08-22 23:10:40.979467
CUST2918,Stephanie Turner,kennedycarla@moses-lewis.com,001-074-129-9189,"004 Chase Lights, Ashleyville, NJ 14838",2020-02-01,Duplicate key constraint violation,2025-08-22 23:10:40.979467
CUST2919,Kurt Barnes,sparksholly@bright.com,(022)196-8978,"2522 Bruce Spring Apt. 043, East Ronaldborough, WV 65184",2021-06-07,Duplicate key constraint violation,2025-08-22 23:10:40.979467
CUST2920,Curtis Harmon,william63@hotmail.com,993.378.2460,"Unit 1084 Box 0437, DPO AA 73241",2020-12-26,Duplicate key constraint violation,2025-08-22 23:10:40.979467
CUST2921,Marisa Hart,pbell@hotmail.com,844.438.4216,"4596 Booth Radial, Blanchardport, NV 12062",2021-07-31,Duplicate key constraint violation,2025-08-22 23:10:40.979467
CUST2922,Shannon Smith,mallory81@spence-brown.org,060-984-6575x100,"349 Colleen Gardens Suite 241, Port Johnathanchester, PA 95382",2023-06-23,Duplicate key constraint violation,2025-08-22 23:10:40.979467
CUST2923,Alicia Russell,sandrawatson@yahoo.com,7221497935,"9975 Adams Shoals, Port Megan, MN 02147",2021-04-04,Duplicate key constraint violation,2025-08-22 23:10:40.979467
CUST2924,Daniel Graham,mvillanueva@yahoo.com,(303)926-6857,"176 Roach Squares Suite 543, Briantown, DC 96494",2023-12-04,Duplicate key constraint violation,2025-08-22 23:10:40.979467
CUST2925,Nathaniel Henry,ialexander@white-reese.biz,+1-117-842-5531x5755,"12091 Brandon Fall, Joshuabury, CA 65486",2022-11-28,Duplicate key constraint violation,2025-08-22 23:10:40.979467
CUST2926,Denise Ponce,uflores@hotmail.com,437-096-7329x999,"951 Vazquez Motorway, West Jenniferberg, IA 03934",2020-10-09,Duplicate key constraint violation,2025-08-22 23:10:40.979467
CUST2927,Janet Moore,mary42@melendez.com,(324)160-5935x114,"0762 Mcmahon Falls, Garnermouth, DC 25598",2022-01-07,Duplicate key constraint violation,2025-08-22 23:10:40.979467
CUST2928,Benjamin Williams,pamelabray@smith.org,0512178474,"7226 Warner Prairie Suite 697, Rubenfort, MO 15018",2022-11-28,Duplicate key constraint violation,2025-08-22 23:10:40.979467
CUST2929,Helen Mcdonald,jacksonedward@payne-dunn.com,192.140.8398x4973,"14491 Williams Throughway Suite 100, Brianbury, UT 09116",2021-04-02,Duplicate key constraint violation,2025-08-22 23:10:40.979467
CUST2930,Robert Morales,kduncan@hotmail.com,001-672-407-9973x256,"4356 Daniel Loop, Kleinstad, NJ 88351",2021-06-04,Duplicate key constraint violation,2025-08-22 23:10:40.979467
CUST2931,Michael Reyes,christopher77@carter.com,307-547-2486x78242,"294 Kathryn Camp Suite 479, Kelleystad, VA 31355",2024-03-22,Duplicate key constraint violation,2025-08-22 23:10:40.979467
CUST2932,Judith Carroll,bwashington@gmail.com,+1-791-916-7258x364,"0420 Carrie Valley Suite 337, Gonzalezberg, OR 37993",2022-07-09,Duplicate key constraint violation,2025-08-22 23:10:40.979467
CUST2933,David Harding,cstanley@yahoo.com,001-043-230-6557,"USNS Wheeler, FPO AP 49209",2020-06-10,Duplicate key constraint violation,2025-08-22 23:10:40.979467
CUST2934,Makayla Mitchell,barrettvanessa@hotmail.com,(537)539-2370x561,"2723 Benson Ridges Apt. 091, Blackchester, WV 82196",2022-02-07,Duplicate key constraint violation,2025-08-22 23:10:40.979467
CUST2935,Kristen Perkins,logandean@jensen-cabrera.biz,235-736-1217x744,"1102 Anna Trail Apt. 014, West Holly, IL 78976",2019-01-02,Duplicate key constraint violation,2025-08-22 23:10:40.979467
CUST2936,Deanna Pena,brandonkelly@gmail.com,(594)421-0427,"26332 Flores Haven Suite 033, Tylerborough, GA 78702",2019-12-08,Duplicate key constraint violation,2025-08-22 23:10:40.979467
CUST2937,Eric Torres,sherry76@gmail.com,001-228-979-0619x884,"1553 Bennett Trace, North Jenniferport, TX 10669",2022-09-05,Duplicate key constraint violation,2025-08-22 23:10:40.979467
CUST2938,Aaron Harris,patricia50@gmail.com,058-213-4815,"9870 Daniel Corners Apt. 995, Waltersmouth, ID 04877",2022-06-17,Duplicate key constraint violation,2025-08-22 23:10:40.979467
CUST2939,Rebecca Smith,brian24@brown.com,412-203-4637x063,"66719 Nichols Branch, Lake Harold, TN 67574",2022-08-17,Duplicate key constraint violation,2025-08-22 23:10:40.979467
CUST2940,Kaylee Davis,wintersallen@yahoo.com,575.706.4635,"4143 Rogers Circle, Choibury, AK 69778",2019-05-24,Duplicate key constraint violation,2025-08-22 23:10:40.979467
CUST2941,Heidi Reyes,matthew28@hotmail.com,446.758.2593,"989 Smith Alley, Leestad, CO 31518",2019-12-13,Duplicate key constraint violation,2025-08-22 23:10:40.979467
CUST2942,Lee Bass,woodpatricia@yahoo.com,001-116-285-0130,"81294 Herrera Throughway Apt. 415, Port Lauren, WY 69786",2019-02-27,Duplicate key constraint violation,2025-08-22 23:10:40.979467
CUST2943,Emily Merritt,nwest@yahoo.com,3233319373,"127 Thompson Greens Apt. 796, West Thomaston, NC 63062",2022-04-12,Duplicate key constraint violation,2025-08-22 23:10:40.979467
CUST2944,Marcus Graves,rodriguezjohn@silva-johnson.com,492.695.5137x1052,"529 Christian Cape, New Matthewview, IL 45004",2020-04-14,Duplicate key constraint violation,2025-08-22 23:10:40.979467
CUST2945,Jennifer Perry,michelle21@petersen-chung.com,(209)397-3028,"01230 Ellison Island, South Cathy, KY 35732",2020-11-12,Duplicate key constraint violation,2025-08-22 23:10:40.979467
CUST2946,Gina Schmitt,brownemma@yahoo.com,576-303-3258x023,"38156 Stacie Plains Suite 922, New Cassiemouth, HI 11233",2022-02-01,Duplicate key constraint violation,2025-08-22 23:10:40.979467
CUST2947,Charles Morgan,osuarez@hall-tran.com,(388)446-4108x52622,"281 Rachel Highway Apt. 328, Port Williamstad, ID 62742",2021-04-04,Duplicate key constraint violation,2025-08-22 23:10:40.979467
CUST2948,Zachary Beasley,fperez@gmail.com,+1-156-099-0020x62752,"214 Espinoza Common, Schultzville, OH 30906",2024-10-01,Duplicate key constraint violation,2025-08-22 23:10:40.979467
CUST2949,Denise Campbell,christianflowers@yahoo.com,013-299-7609,"USNV Boyd, FPO AE 02046",2022-11-19,Duplicate key constraint violation,2025-08-22 23:10:40.979467
CUST2950,Kevin Walker,daniel08@lloyd-joseph.com,520.695.3618x156,"61192 Meyer Throughway, New Mary, WI 51361",2024-01-14,Duplicate key constraint violation,2025-08-22 23:10:40.979467
CUST2951,Steven Adams,larry15@gmail.com,+1-114-058-1833x3961,"0052 Steven Radial, East Benjamin, MA 27674",2019-12-31,Duplicate key constraint violation,2025-08-22 23:10:40.979467
CUST2952,Beverly Mitchell,jeremyruiz@bailey-nelson.com,001-548-165-6261,"6642 Laura Ridge Suite 360, West Anthony, WI 62127",2023-08-26,Duplicate key constraint violation,2025-08-22 23:10:40.979467
CUST2953,Donald Smith,pthompson@hotmail.com,(744)575-1143,"PSC 3878, Box 5521, APO AE 66029",2024-08-21,Duplicate key constraint violation,2025-08-22 23:10:40.979467
CUST2954,Todd Garrett,bnovak@gmail.com,497-215-8916x948,"7377 Kelly Lodge, South Raymondfort, CA 16692",2024-12-18,Duplicate key constraint violation,2025-08-22 23:10:40.979467
CUST2955,Joanne Brown,tmcdowell@yahoo.com,+1-317-270-4944x96340,"238 Dunn Field, Williamsborough, SC 37740",2023-08-03,Duplicate key constraint violation,2025-08-22 23:10:40.979467
CUST2956,John Perez,bmyers@yahoo.com,+1-835-073-9900,"1632 Robin Prairie, Youngland, ME 94667",2020-05-17,Duplicate key constraint violation,2025-08-22 23:10:40.979467
CUST2957,Dennis Mcdonald,loridavis@lowe-woods.org,844-591-0537x4877,"23970 Woods Wall Apt. 071, Port Cathy, AZ 49488",2019-11-26,Duplicate key constraint violation,2025-08-22 23:10:40.979467
CUST2958,Paul Shepard,robertdeleon@neal.net,(825)721-4138,"39139 Lynch Springs, West Jonathan, AK 46729",2024-03-11,Duplicate key constraint violation,2025-08-22 23:10:40.979467
CUST2959,Ann Wilson,williammaddox@hotmail.com,6686728584,"5127 Miranda Rest Suite 980, Port Jeremyview, MA 15704",2022-08-20,Duplicate key constraint violation,2025-08-22 23:10:40.979467
CUST2960,Brady Daniels,donald75@gmail.com,(486)571-6618x7195,"21304 Pearson Well Suite 699, Rossstad, NE 29573",2020-12-14,Duplicate key constraint violation,2025-08-22 23:10:40.979467
CUST2961,Donna Boyd,jason44@gmail.com,078-374-2930x97927,"87379 Cheryl Trail, Kaylaport, TX 35169",2022-04-29,Duplicate key constraint violation,2025-08-22 23:10:40.979467
CUST2962,Carol Noble,jacquelinewalters@gmail.com,942.197.1828,"19758 David Mountain, Craigborough, IN 16659",2021-09-14,Duplicate key constraint violation,2025-08-22 23:10:40.979467
CUST2963,Spencer Brooks,mjackson@moore.info,(221)731-5767,"7364 Hood Radial, Port William, MA 02781",2023-11-25,Duplicate key constraint violation,2025-08-22 23:10:40.979467
CUST2964,Sierra Rivas,qfrench@gmail.com,(443)293-9547x265,"PSC 0649, Box 0734, APO AP 06831",2022-03-20,Duplicate key constraint violation,2025-08-22 23:10:40.979467
CUST2965,David Garcia,lindanguyen@campos.biz,(773)969-9519x3473,"177 Monica Plaza Apt. 932, Port Karlborough, OH 90421",2019-05-09,Duplicate key constraint violation,2025-08-22 23:10:40.979467
CUST2966,Jennifer Marshall,jonathanadams@walsh.info,035-417-8060x735,"284 Karla Trail Suite 440, Jamesside, SC 64087",2019-04-04,Duplicate key constraint violation,2025-08-22 23:10:40.979467
CUST2967,Benjamin Skinner,joshua50@aguilar-padilla.info,886.029.0176x592,"071 Eric Lakes Suite 640, Brendamouth, TX 86746",2019-02-03,Duplicate key constraint violation,2025-08-22 23:10:40.979467
CUST2968,Carmen Lopez,lduncan@gmail.com,753.835.5604x99007,"265 Roberts Square Suite 541, Kelseystad, NY 18821",2022-01-08,Duplicate key constraint violation,2025-08-22 23:10:40.979467
CUST2969,Derek Taylor,sandra52@garcia.com,(543)422-1648x66378,"5949 Bullock Dale, Palmerton, AK 38843",2019-11-09,Duplicate key constraint violation,2025-08-22 23:10:40.979467
CUST2970,Tyler Wallace,jtaylor@wade-rosario.biz,572-027-5354,"91451 Barbara Creek Suite 153, Edwardsstad, NH 24023",2022-07-06,Duplicate key constraint violation,2025-08-22 23:10:40.979467
CUST2971,Krystal Miles,myersrose@ray.org,(675)086-0361x6349,"611 Villarreal Ferry Apt. 984, Markchester, AK 42926",2022-07-22,Duplicate key constraint violation,2025-08-22 23:10:40.979467
CUST2972,Erin Sandoval,pgreene@watson.info,+1-647-562-7207x31490,"USS Whitaker, FPO AA 46259",2022-03-23,Duplicate key constraint violation,2025-08-22 23:10:40.979467
CUST2973,Edward Johnson,keysarah@duncan.net,+1-187-580-1323,"8301 Hendricks Pike Suite 720, West Ricardoport, NV 07161",2019-07-18,Duplicate key constraint violation,2025-08-22 23:10:40.979467
CUST2974,Scott Barry,stacyramsey@shaffer.net,190-111-8443,"88790 Mitchell Radial Apt. 453, South Rubenborough, ND 27778",2021-10-16,Duplicate key constraint violation,2025-08-22 23:10:40.979467
CUST2975,Sarah Kennedy,christophercurtis@hotmail.com,001-407-076-9613x69751,"670 Johnson Knolls, Phillipstown, AL 01503",2024-10-17,Duplicate key constraint violation,2025-08-22 23:10:40.979467
CUST2976,John Higgins,alyssa37@hotmail.com,845-345-6146x0255,"1862 Marissa Locks, Patriciaberg, SC 02112",2020-07-27,Duplicate key constraint violation,2025-08-22 23:10:40.979467
CUST2977,Carl Rollins,kathryncantu@gmail.com,001-293-378-0574x562,"35179 Christine Grove, East Matthew, NH 81029",2021-11-29,Duplicate key constraint violation,2025-08-22 23:10:40.979467
CUST2978,Matthew Gay,nicholsalexis@yahoo.com,001-906-252-1440x377,"971 John Stravenue, East Joshuahaven, RI 49487",2019-08-18,Duplicate key constraint violation,2025-08-22 23:10:40.979467
CUST2979,Jennifer Fernandez,manderson@fuller.info,444-281-1761x3017,"720 Glenn Centers, West Crystaltown, WI 80612",2023-05-11,Duplicate key constraint violation,2025-08-22 23:10:40.979467
CUST2980,Jerry Bradley MD,april81@hotmail.com,245.868.7301x495,"3400 Smith Square Suite 411, North Amberburgh, OK 24812",2023-09-11,Duplicate key constraint violation,2025-08-22 23:10:40.979467
CUST2981,Victor Mckee,horndavid@yahoo.com,001-104-721-0636x290,"22904 Rodriguez Corners Apt. 355, Elainehaven, NJ 89488",2022-02-24,Duplicate key constraint violation,2025-08-22 23:10:40.979467
CUST2982,Jessica Zamora,harmonmelissa@gmail.com,001-088-355-8328x9388,"890 Heather Knolls, Brookschester, OK 93468",2021-07-12,Duplicate key constraint violation,2025-08-22 23:10:40.979467
CUST2983,Marvin Schaefer,ddelacruz@woodard.biz,001-935-634-2094x40112,"096 Sherri Inlet, South Vickie, NV 04890",2021-11-04,Duplicate key constraint violation,2025-08-22 23:10:40.979467
CUST2984,Ralph Peck,nicolehernandez@banks-higgins.net,137.032.1660x600,"8468 Schultz Courts Suite 948, Cainfort, NH 66752",2022-07-05,Duplicate key constraint violation,2025-08-22 23:10:40.979467
CUST2985,Justin Rivera,ehawkins@yahoo.com,(630)444-6445x1596,"269 Williams Roads Apt. 444, North Ashley, MD 69105",2024-12-22,Duplicate key constraint violation,2025-08-22 23:10:40.979467
CUST2986,Gabriela Sanchez,kmorales@hotmail.com,029.404.5417,"89948 Tony Island, South Tristanhaven, RI 31794",2024-06-27,Duplicate key constraint violation,2025-08-22 23:10:40.979467
CUST2987,Brent Moore,david42@harrison.com,625-892-6399,"3514 Karen Mill, Michaelmouth, SD 45806",2024-01-13,Duplicate key constraint violation,2025-08-22 23:10:40.979467
CUST2988,Michael Rivera,lloydallen@keller-rogers.info,001-612-807-0934,"158 Lisa Viaduct Apt. 390, Cohenstad, MS 87967",2020-05-18,Duplicate key constraint violation,2025-08-22 23:10:40.979467
CUST2989,Michael Evans,wesley23@bryant.com,001-399-923-2805,"589 Wilson Coves Apt. 601, East Brittany, MD 11458",2023-10-02,Duplicate key constraint violation,2025-08-22 23:10:40.979467
CUST2990,Tabitha Richards,xbarnes@gmail.com,001-550-684-2021x220,"863 Kathleen Expressway Suite 708, West Lindafort, RI 44050",2023-03-14,Duplicate key constraint violation,2025-08-22 23:10:40.979467
CUST2991,Tammy Long,gjennings@griffith.com,+1-994-360-7478x54109,"99374 Edwards Mountains Suite 088, New Juanton, CO 38059",2020-11-25,Duplicate key constraint violation,2025-08-22 23:10:40.979467
CUST2992,Alicia Chen,michael06@johnson-jones.net,931.114.7154x727,"685 Drake Lane, Millermouth, AZ 45649",2024-11-02,Duplicate key constraint violation,2025-08-22 23:10:40.979467
CUST2993,Laura Phillips,dhenry@thompson.com,+1-741-387-0533x94208,"9349 George Parkway, East Christina, KS 61842",2019-07-30,Duplicate key constraint violation,2025-08-22 23:10:40.979467
CUST2994,Janet Phillips,ugardner@gmail.com,001-885-072-9943,"089 Hensley Cape, East Douglaston, DE 78077",2021-08-04,Duplicate key constraint violation,2025-08-22 23:10:40.979467
CUST2995,Darin Wells,eddie02@yahoo.com,+1-683-746-2778,"7798 Berry Wells, Juliebury, AK 23661",2024-05-09,Duplicate key constraint violation,2025-08-22 23:10:40.979467
CUST2996,Albert Johnson,debra68@gmail.com,(751)205-2382x5792,"USNV Watson, FPO AP 25195",2023-04-21,Duplicate key constraint violation,2025-08-22 23:10:40.979467
CUST2997,Edwin Williams,kdavis@schmitt.com,(193)370-1629,"3778 Nicole Freeway, Lake Katherine, DC 13953",2019-05-06,Duplicate key constraint violation,2025-08-22 23:10:40.979467
CUST2998,Annette Parker,laurajimenez@fleming.net,(680)987-0525x06796,"2778 Anderson Ranch, Davidborough, OH 43849",2021-09-03,Duplicate key constraint violation,2025-08-22 23:10:40.979467
CUST2999,Nancy Patterson,qsandoval@hotmail.com,953.894.6747,"Unit 4365 Box 0492, DPO AA 46861",2019-11-29,Duplicate key constraint violation,2025-08-22 23:10:40.979467
