customer_id,customer_name,email,phone,address,signup_date,rejection_reason,rejection_timestamp
CUST5000,Cindy Davenport,brandongarcia@miller-sanders.com,283.508.7378,"97092 Marks Track, Perryside, KS 17582",2024-11-06,Duplicate key constraint violation,2025-08-22 23:04:41.971192
CUST5001,Angel Richards,angelagregory@yahoo.com,517-509-4191x156,"236 Torres Street, North Natasha, IA 39154",2019-07-25,Duplicate key constraint violation,2025-08-22 23:04:41.971192
CUST5002,Jeffery Clark,kaylawilson@hotmail.com,382.126.1550,"57478 Hall Ports, Hooverton, GA 16796",2024-02-20,Duplicate key constraint violation,2025-08-22 23:04:41.971192
CUST5003,Donald Rodriguez,todd61@smith.com,449-973-8434,"374 Barrera Views Suite 992, East Amanda, TX 34435",2021-10-10,Duplicate key constraint violation,2025-08-22 23:04:41.971192
CUST5004,Wesley Hensley,xharper@watts.info,972.472.6029x9871,"6298 Courtney Springs, East Alejandroville, VA 52998",2023-05-28,Duplicate key constraint violation,2025-08-22 23:04:41.971192
CUST5005,Miss Kirsten Rodriguez PhD,ojones@yahoo.com,393-160-9926x788,"50085 Richard Square, Stevensborough, GA 89465",2021-12-16,Duplicate key constraint violation,2025-08-22 23:04:41.971192
CUST5006,Jack Lopez,alewis@yahoo.com,+1-928-615-8484x6893,"69783 Krystal Lights Suite 677, Richardsonfurt, OH 30134",2022-06-13,Duplicate key constraint violation,2025-08-22 23:04:41.971192
CUST5007,David Harvey,cynthiachavez@mcdonald.com,001-829-167-8577x3974,"38878 Mary Drive Apt. 726, Port Debra, MT 59845",2020-05-10,Duplicate key constraint violation,2025-08-22 23:04:41.971192
CUST5008,Scott Dunlap,qlyons@yahoo.com,6396345190,"USS Allen, FPO AP 49114",2022-07-10,Duplicate key constraint violation,2025-08-22 23:04:41.971192
CUST5009,Debbie Morris,jennifer63@yahoo.com,001-080-943-7014x909,"3377 Rice Stravenue Apt. 317, North Lisafurt, VT 68958",2021-11-13,Duplicate key constraint violation,2025-08-22 23:04:41.971192
CUST5010,Sonya Higgins,colemanmonica@yahoo.com,001-086-348-4363x01007,"0407 John Bridge Suite 600, Lake Cathy, HI 85222",2024-10-05,Duplicate key constraint violation,2025-08-22 23:04:41.971192
CUST5011,Shannon Sparks,stran@yahoo.com,001-352-277-0151x6457,"PSC 6435, Box 9987, APO AA 69266",2021-12-30,Duplicate key constraint violation,2025-08-22 23:04:41.971192
CUST5012,Chelsea Jimenez,lacey36@gmail.com,841.682.9396,"17500 Roach Shoal, Newtonberg, LA 94690",2024-01-27,Duplicate key constraint violation,2025-08-22 23:04:41.971192
CUST5013,Jenna Jones,qtaylor@savage.org,+1-428-943-6677x1836,"2005 Christine Mountain Apt. 286, East Angelamouth, AL 98084",2024-01-04,Duplicate key constraint violation,2025-08-22 23:04:41.971192
CUST5014,Michael Hardy,jenny48@hotmail.com,(852)303-7559x9423,"0573 Susan Knoll, South Jeanmouth, ND 17068",2020-02-27,Duplicate key constraint violation,2025-08-22 23:04:41.971192
CUST5015,David Decker,emma51@edwards.com,+1-802-368-8195,"485 John Lodge, New Janet, AR 25107",2022-06-28,Duplicate key constraint violation,2025-08-22 23:04:41.971192
CUST5016,Cheryl Ford,whiteanna@clark.com,826.357.6607x97417,"Unit 0497 Box 4320, DPO AE 79303",2022-08-14,Duplicate key constraint violation,2025-08-22 23:04:41.971192
CUST5017,Darryl Horn,kara87@yahoo.com,0352542939,"2559 Lane Estates, West Ryanmouth, ID 03758",2019-11-09,Duplicate key constraint violation,2025-08-22 23:04:41.971192
CUST5018,Walter Martin,scottteresa@yahoo.com,894.728.6828x551,"11078 Christine Courts Apt. 117, Port Kathystad, LA 67439",2023-11-20,Duplicate key constraint violation,2025-08-22 23:04:41.971192
CUST5019,Jessica Ward,mariah17@zamora-reilly.com,(916)367-5915,"313 Gordon Streets, Nguyenburgh, FL 20856",2022-10-28,Duplicate key constraint violation,2025-08-22 23:04:41.971192
CUST5020,Mary Ortiz,tammyrojas@tate-cabrera.net,(122)814-9106,"78494 Justin Pike, South Eric, DE 69417",2019-01-28,Duplicate key constraint violation,2025-08-22 23:04:41.971192
CUST5021,Erica Rogers,renee80@yahoo.com,001-180-085-4771,"05645 Jacobs Radial Apt. 475, New Mark, VT 63545",2020-03-20,Duplicate key constraint violation,2025-08-22 23:04:41.971192
CUST5022,Jessica Howard,gpowell@yahoo.com,+1-628-435-1690,"049 Rojas Path, West Ethanview, IA 66718",2022-09-09,Duplicate key constraint violation,2025-08-22 23:04:41.971192
CUST5023,Gilbert Hensley,michael50@hotmail.com,837.352.8016,"12265 Nathan Unions Apt. 660, East Jasonton, ME 60980",2020-03-07,Duplicate key constraint violation,2025-08-22 23:04:41.971192
CUST5024,Kimberly Gilbert,kimberlywilliams@adams-williams.com,336.267.8239x05472,"14932 Harris Ports, Deniseton, CT 33082",2021-03-15,Duplicate key constraint violation,2025-08-22 23:04:41.971192
CUST5025,Jennifer Miller,tstephenson@hotmail.com,(593)962-7875x153,"2533 Marquez Orchard, New Brianaville, NH 75069",2019-01-21,Duplicate key constraint violation,2025-08-22 23:04:41.971192
CUST5026,Billy Hill,waltonlaura@cole-curry.com,842-141-6508,"7796 Hernandez Skyway Suite 550, Reedville, NJ 37245",2019-03-16,Duplicate key constraint violation,2025-08-22 23:04:41.971192
CUST5027,Chad Choi,carolynsmith@gonzalez.com,4838874304,"696 Jonathon Corners Apt. 541, South Angelica, IA 00813",2019-03-16,Duplicate key constraint violation,2025-08-22 23:04:41.971192
CUST5028,Karen Torres,christianstanley@ochoa.biz,+1-929-590-6415x1608,"9992 Debra Tunnel, Lake Jacquelineshire, NV 56372",2022-06-24,Duplicate key constraint violation,2025-08-22 23:04:41.971192
CUST5029,Molly Davis,ricardolopez@gmail.com,001-168-917-7926x55280,"USS Gallagher, FPO AA 16036",2024-03-09,Duplicate key constraint violation,2025-08-22 23:04:41.971192
CUST5030,Virginia Lee,levinejessica@yahoo.com,260-835-5158x0045,"001 Owen Courts Suite 067, Helenton, WV 70334",2020-03-27,Duplicate key constraint violation,2025-08-22 23:04:41.971192
CUST5031,Frank Walters,kathryn19@vaughn-miles.org,560-233-0508,"PSC 5225, Box 0216, APO AA 22183",2024-10-17,Duplicate key constraint violation,2025-08-22 23:04:41.971192
CUST5032,Vanessa Strong,vicki91@gmail.com,001-220-673-4049x190,"032 Rose Stravenue, Lake Michael, MO 31007",2019-03-23,Duplicate key constraint violation,2025-08-22 23:04:41.971192
CUST5033,Rhonda Schmidt,ltaylor@yahoo.com,001-994-242-6578x31622,"39595 Wendy Springs, Tyroneland, NY 56519",2024-08-08,Duplicate key constraint violation,2025-08-22 23:04:41.971192
CUST5034,Kimberly Ruiz,fzuniga@yahoo.com,(690)149-4308,"3292 Heidi Ways, Lake Bridget, MS 11236",2021-08-26,Duplicate key constraint violation,2025-08-22 23:04:41.971192
CUST5035,Ronald Rodriguez,doylejames@smith.info,515.218.0242,"151 Darren Well, New Aliciaton, HI 22438",2022-01-28,Duplicate key constraint violation,2025-08-22 23:04:41.971192
CUST5036,Brian Deleon,nsmith@camacho.org,+1-789-934-8776,"8029 Good Village Apt. 674, Johnburgh, IA 42504",2024-10-09,Duplicate key constraint violation,2025-08-22 23:04:41.971192
CUST5037,Erika Bass,anthony75@yahoo.com,884.002.1758x8937,"58668 Thomas Mews, Barronchester, ND 36995",2022-05-19,Duplicate key constraint violation,2025-08-22 23:04:41.971192
CUST5038,Theodore Holt,owenmelissa@gonzalez-russell.info,4792257863,"60974 Martinez Court Suite 860, West Daniel, WV 59256",2021-12-17,Duplicate key constraint violation,2025-08-22 23:04:41.971192
CUST5039,Alexis Oconnor,boydjennifer@yahoo.com,+1-345-178-8076x063,"PSC 3494, Box 6988, APO AA 21831",2021-04-02,Duplicate key constraint violation,2025-08-22 23:04:41.971192
CUST5040,Jacob Sanchez,kathrynhernandez@sweeney.org,116-433-8243,"08152 Richard Mews, North Christine, AR 87843",2023-07-03,Duplicate key constraint violation,2025-08-22 23:04:41.971192
CUST5041,John Newton,jennifer36@hotmail.com,771-072-8380x8671,"327 Jose Pass Suite 928, North Jeffrey, UT 50590",2024-01-05,Duplicate key constraint violation,2025-08-22 23:04:41.971192
CUST5042,Tracy Hill,colinadams@yahoo.com,+1-689-845-4013x74203,"9717 Hahn Greens Apt. 454, Dominiquestad, VT 18917",2024-05-06,Duplicate key constraint violation,2025-08-22 23:04:41.971192
CUST5043,Alexander Evans,leverett@wong.org,+1-752-822-9119x7115,"91066 Meadows Drives Apt. 408, Smithtown, NY 49480",2022-06-10,Duplicate key constraint violation,2025-08-22 23:04:41.971192
CUST5044,William Miller,hawkinsmargaret@yahoo.com,(550)166-7044,"0605 Powell Hollow, Amandaland, TX 03396",2022-09-17,Duplicate key constraint violation,2025-08-22 23:04:41.971192
CUST5045,William Franco,xfarrell@parker-carr.com,(523)496-9407x042,"254 Jennifer Square, Kellychester, HI 61559",2019-03-03,Duplicate key constraint violation,2025-08-22 23:04:41.971192
CUST5046,Dale Baker,emilynunez@gmail.com,+1-158-627-1173x8052,"5318 Rachel Tunnel Apt. 108, West Juanborough, OR 88099",2022-04-20,Duplicate key constraint violation,2025-08-22 23:04:41.971192
CUST5047,Diana Brady,timothy45@yahoo.com,4474672893,"978 Peterson Locks Suite 829, Riveraville, MI 12656",2020-03-13,Duplicate key constraint violation,2025-08-22 23:04:41.971192
CUST5048,Casey Willis,turnercharles@pearson.com,001-170-552-4842x9090,"6667 Robinson Ways, East Jamesshire, CA 11951",2022-10-31,Duplicate key constraint violation,2025-08-22 23:04:41.971192
CUST5049,Robert Baker,shawn95@hotmail.com,3301735372,"89723 Carol Shore, Colleenbury, RI 41136",2020-01-09,Duplicate key constraint violation,2025-08-22 23:04:41.971192
CUST5050,James Torres,fhill@wong-hill.com,+1-907-203-3589,"1686 Chavez Square Apt. 644, New David, IN 10712",2020-09-21,Duplicate key constraint violation,2025-08-22 23:04:41.971192
CUST5051,John Anderson,richardanderson@farmer-bowman.org,812-025-6500,"2223 Allen Bridge Apt. 903, Sheachester, PA 91987",2023-04-26,Duplicate key constraint violation,2025-08-22 23:04:41.971192
CUST5052,Joseph Koch,joseph33@roberts-clark.com,774.415.0789x88503,"55835 Deborah Crescent Suite 782, Davisview, IA 69713",2024-02-13,Duplicate key constraint violation,2025-08-22 23:04:41.971192
CUST5053,Andrea Brown,shirley91@taylor.com,517-825-7306,"86225 Joe Passage, Josephborough, DE 38060",2021-12-10,Duplicate key constraint violation,2025-08-22 23:04:41.971192
CUST5054,Emily Weber,rstewart@baker-hunter.com,061-876-0903x813,"966 Brandon Knolls, Georgemouth, NY 34373",2022-11-29,Duplicate key constraint violation,2025-08-22 23:04:41.971192
CUST5055,Catherine Mays,cmcdonald@yahoo.com,001-526-930-6375x65261,"725 Ochoa Crossroad, Port Samanthamouth, IN 21329",2022-02-14,Duplicate key constraint violation,2025-08-22 23:04:41.971192
CUST5056,Erin Rhodes,stephanie43@james.com,806-586-5368x559,"708 Lisa Ferry, North Leah, NH 50293",2021-06-26,Duplicate key constraint violation,2025-08-22 23:04:41.971192
CUST5057,Gregory Roberts,katherineholland@miller.com,721.551.8527,"704 Terri Trace, Fernandezside, LA 65682",2021-01-19,Duplicate key constraint violation,2025-08-22 23:04:41.971192
CUST5058,Tracey Carter,bbrown@yahoo.com,153-142-1922,"925 Smith Throughway Apt. 530, North Evan, OH 45755",2024-02-04,Duplicate key constraint violation,2025-08-22 23:04:41.971192
CUST5059,Joseph Blair,william83@gilbert.info,+1-284-509-0297x954,"209 Barber Stream, Chadside, VA 80060",2024-03-25,Duplicate key constraint violation,2025-08-22 23:04:41.971192
CUST5060,Christopher Cole,jessicadean@marshall.biz,896-118-4604x03814,"2867 Gonzales Turnpike, West Alexander, VA 04834",2021-11-27,Duplicate key constraint violation,2025-08-22 23:04:41.971192
CUST5061,Kyle Ball,kevin11@yahoo.com,965-332-9057,"31147 David Dam, Port Shelbyberg, IA 05767",2024-05-02,Duplicate key constraint violation,2025-08-22 23:04:41.971192
CUST5062,Tami Frye,smithhaley@yahoo.com,294.010.6813,"02784 French Ports, North Catherineview, NM 32958",2020-01-20,Duplicate key constraint violation,2025-08-22 23:04:41.971192
CUST5063,Jennifer Cunningham,laurawilliams@johnson-gordon.org,(470)071-3048x39856,"PSC 1286, Box 2362, APO AA 70957",2019-12-07,Duplicate key constraint violation,2025-08-22 23:04:41.971192
CUST5064,Maria House,andreabrooks@hotmail.com,514.663.5577x5866,"PSC 6461, Box 8427, APO AP 44515",2020-12-07,Duplicate key constraint violation,2025-08-22 23:04:41.971192
CUST5065,Norma Stevens,austin72@hotmail.com,(378)854-3149x5620,"00876 White Springs, Port April, MS 90459",2019-08-02,Duplicate key constraint violation,2025-08-22 23:04:41.971192
CUST5066,Rebecca Suarez,daviselijah@myers.com,284-203-6601,"73889 Huynh Wall Suite 599, Kaylabury, AK 56551",2021-10-25,Duplicate key constraint violation,2025-08-22 23:04:41.971192
CUST5067,Amy Armstrong,jeremycox@gmail.com,001-376-931-4133,"629 Pace Bridge, West Gina, DE 91676",2023-01-15,Duplicate key constraint violation,2025-08-22 23:04:41.971192
CUST5068,Daniel Wilson,ulyons@mcbride.info,462-172-7511x225,"47549 Natasha Forge, Lake Sean, HI 72726",2022-09-23,Duplicate key constraint violation,2025-08-22 23:04:41.971192
CUST5069,April Snyder,bowenbrandon@gonzalez.biz,001-407-250-6619,"123 Melissa Freeway Apt. 030, West Rodney, MN 42237",2023-01-14,Duplicate key constraint violation,2025-08-22 23:04:41.971192
CUST5070,Jeffrey Crane,nhughes@obrien.biz,557-511-8104,"706 Juan Plaza Apt. 253, Davidsonbury, MS 36383",2019-08-22,Duplicate key constraint violation,2025-08-22 23:04:41.971192
CUST5071,Kayla Thompson,crollins@sanchez.com,413-185-7456x8228,"48871 Elizabeth Crossing, Pittmanhaven, DE 67668",2023-04-22,Duplicate key constraint violation,2025-08-22 23:04:41.971192
CUST5072,Taylor Mcclure,sean61@yahoo.com,001-569-010-8776x549,"7262 Molly Stravenue Apt. 565, Josephview, WI 97664",2022-10-29,Duplicate key constraint violation,2025-08-22 23:04:41.971192
CUST5073,Gwendolyn English,travislogan@hotmail.com,3423443629,"842 Smith Cape, Lake Williamton, NJ 63212",2020-12-13,Duplicate key constraint violation,2025-08-22 23:04:41.971192
CUST5074,Rachel Ramsey,angelicalewis@scott.com,672.229.5720,"049 Hudson Shoals Suite 065, Brennanport, CA 61439",2022-03-12,Duplicate key constraint violation,2025-08-22 23:04:41.971192
CUST5075,Debra Atkinson,frich@jackson.com,141-974-7710x9885,"225 Knight Light, Jennashire, TN 19594",2024-05-04,Duplicate key constraint violation,2025-08-22 23:04:41.971192
CUST5076,Edward Gonzales,vmedina@guerra.org,751.701.5795x4277,"46943 Marcus Camp Apt. 383, West Angela, UT 92144",2019-07-01,Duplicate key constraint violation,2025-08-22 23:04:41.971192
CUST5077,Timothy Ortiz,sandra13@yahoo.com,(051)413-2585,"PSC 6864, Box 5709, APO AA 30792",2024-08-27,Duplicate key constraint violation,2025-08-22 23:04:41.971192
CUST5078,Lisa Randolph,bergjoel@gmail.com,998-675-6456,"USCGC Gates, FPO AE 56832",2022-05-25,Duplicate key constraint violation,2025-08-22 23:04:41.971192
CUST5079,Nicholas Romero,bakermaria@yahoo.com,553-946-2830,"8650 Simmons Roads, New Kayla, AR 60818",2022-07-31,Duplicate key constraint violation,2025-08-22 23:04:41.971192
CUST5080,Andrea Davis,millerjohn@gmail.com,001-691-201-8577x4072,"250 James Valleys, Bowenmouth, NE 02356",2022-01-11,Duplicate key constraint violation,2025-08-22 23:04:41.971192
CUST5081,Tyler Reed,harryphillips@shelton.org,(241)333-7463,"11041 William Route, Jonesberg, AK 57001",2022-08-03,Duplicate key constraint violation,2025-08-22 23:04:41.971192
CUST5082,Derek Rogers,ryan87@dennis-daniels.com,422.922.1143x112,"0376 Michael Rapids, Jamesberg, ME 42126",2019-11-04,Duplicate key constraint violation,2025-08-22 23:04:41.971192
CUST5083,Chad Miller,brownbrenda@miranda.com,012-789-9232x26872,"7519 Odom Ports Apt. 043, Taylorshire, VT 19134",2022-11-30,Duplicate key constraint violation,2025-08-22 23:04:41.971192
CUST5084,Eric Lambert,ebrown@yahoo.com,001-517-376-2984x372,"8630 Casey Alley, Waltonfurt, RI 79062",2019-03-23,Duplicate key constraint violation,2025-08-22 23:04:41.971192
CUST5085,Katelyn Ward,rjones@hotmail.com,2356847439,"373 Johnson Ways Apt. 913, East Michaeltown, CO 54563",2024-01-13,Duplicate key constraint violation,2025-08-22 23:04:41.971192
CUST5086,Sheila Briggs,davidlee@thomas.info,(723)530-0943x5155,"945 Wood Spur Apt. 476, Alexandraville, KS 12349",2020-12-12,Duplicate key constraint violation,2025-08-22 23:04:41.971192
CUST5087,William Krueger,vmaldonado@yahoo.com,001-489-414-7338x99271,"291 Smith Cliff Apt. 699, Guyshire, NY 62162",2023-01-10,Duplicate key constraint violation,2025-08-22 23:04:41.971192
CUST5088,Ashley Merritt,davidberger@hotmail.com,104.924.3602,"88727 Sutton Shoals Apt. 219, Nortonfort, RI 06108",2022-04-21,Duplicate key constraint violation,2025-08-22 23:04:41.971192
CUST5089,Elizabeth Wise,pfoster@mason-robertson.com,001-218-698-9172x0046,"PSC 2168, Box 0176, APO AA 36243",2021-12-19,Duplicate key constraint violation,2025-08-22 23:04:41.971192
CUST5090,Richard Cox,edward17@harris.org,001-419-365-0270x582,"722 Ashley Manor, Steventon, LA 88207",2024-07-04,Duplicate key constraint violation,2025-08-22 23:04:41.971192
CUST5091,Justin Conway,hgriffin@murphy.biz,001-304-611-2235x5449,"67111 Davis Underpass, New Ashley, CT 23283",2019-01-08,Duplicate key constraint violation,2025-08-22 23:04:41.971192
CUST5092,Courtney Ellis,uhernandez@gmail.com,+1-077-881-8777,"39245 Terrance Drive Apt. 196, Port Laura, KS 34204",2023-12-30,Duplicate key constraint violation,2025-08-22 23:04:41.971192
CUST5093,Richard Johnson,santiagorobert@hotmail.com,+1-206-842-1097x07472,"31851 Hampton Mountains Apt. 001, Danton, LA 42701",2020-10-08,Duplicate key constraint violation,2025-08-22 23:04:41.971192
CUST5094,Timothy Hoffman,hebertcourtney@palmer-brown.com,395.943.2353x74799,"0925 Osborne Extensions, South Victoriahaven, WI 89591",2021-09-26,Duplicate key constraint violation,2025-08-22 23:04:41.971192
CUST5095,Lori Davis DVM,ibrown@hotmail.com,(850)247-6666x63924,"0802 Lewis Radial Suite 147, Jessicaborough, ND 60494",2022-11-24,Duplicate key constraint violation,2025-08-22 23:04:41.971192
CUST5096,Nicholas Foster,cwhite@smith-webster.info,4263374872,"8959 Myers Fords, New Darryl, MO 65380",2021-08-13,Duplicate key constraint violation,2025-08-22 23:04:41.971192
CUST5097,Sandra Lane,ehernandez@simmons.biz,963.493.9921x6699,"USNV Austin, FPO AE 88984",2020-04-09,Duplicate key constraint violation,2025-08-22 23:04:41.971192
CUST5098,Nicole Brewer,paynerachel@yahoo.com,(262)997-7898x809,"32507 Hull Pine Suite 293, Andrewview, ME 32171",2019-07-15,Duplicate key constraint violation,2025-08-22 23:04:41.971192
CUST5099,Dr. Shannon Casey,montoyasamuel@gmail.com,001-122-614-6175x1981,"USS Alvarez, FPO AE 05611",2023-04-06,Duplicate key constraint violation,2025-08-22 23:04:41.971192
CUST5100,Sharon Maddox,leahramos@larsen.com,190.388.0082x6226,"5664 Moran Branch, Hawkinsmouth, AZ 22328",2023-12-29,Duplicate key constraint violation,2025-08-22 23:04:41.971192
CUST5101,Emma Williams,oking@yahoo.com,+1-598-448-5632,"0346 Smith River, New Alexis, MA 87689",2023-04-01,Duplicate key constraint violation,2025-08-22 23:04:41.971192
CUST5102,Robert Barton,omaldonado@rodgers.com,(598)393-3087,"39400 Leslie Loop Suite 316, Halltown, AK 18362",2019-05-31,Duplicate key constraint violation,2025-08-22 23:04:41.971192
CUST5103,Derrick Thomas,john36@peters.com,0930731349,"727 Nelson Drives, Smithberg, NJ 19030",2022-08-21,Duplicate key constraint violation,2025-08-22 23:04:41.971192
CUST5104,Amber White,tiffanyparker@gmail.com,454-705-7697x8859,"2343 Murray Knolls Suite 303, Martinezport, WI 21545",2019-04-15,Duplicate key constraint violation,2025-08-22 23:04:41.971192
CUST5105,William Martinez,michelle32@yahoo.com,(302)062-6700x7050,"PSC 8685, Box 3859, APO AE 14567",2019-02-21,Duplicate key constraint violation,2025-08-22 23:04:41.971192
CUST5106,Rebekah Smith,smithrachel@allen.com,576.721.6656x787,"59528 Jesse Spur, East Jamesfort, VA 87373",2024-02-24,Duplicate key constraint violation,2025-08-22 23:04:41.971192
CUST5107,Lauren Miller,garynewton@copeland.org,001-015-773-8037,"27957 Moran Branch, Jonesfurt, CO 95205",2021-10-21,Duplicate key constraint violation,2025-08-22 23:04:41.971192
CUST5108,Leah Conner,susan39@hotmail.com,001-726-752-7924x5925,"0861 Shane Falls, Andreastad, MA 92191",2021-05-19,Duplicate key constraint violation,2025-08-22 23:04:41.971192
CUST5109,Jackie Rollins,margaret22@sanchez.com,065-430-0591,"693 Todd Course, Wagnerborough, AK 46003",2020-12-22,Duplicate key constraint violation,2025-08-22 23:04:41.971192
CUST5110,Cheryl Petersen,powersjoseph@parker.com,167.197.4314x920,"3341 Angela Villages, Barberberg, CA 69434",2024-03-20,Duplicate key constraint violation,2025-08-22 23:04:41.971192
CUST5111,Dr. Julia Brooks DVM,rmendoza@chan.com,+1-337-336-9881x8722,"390 Baldwin Light Apt. 791, Travismouth, WV 24534",2020-02-25,Duplicate key constraint violation,2025-08-22 23:04:41.971192
CUST5112,Shirley Santiago,wrightkathleen@meadows.com,193.714.7324,"Unit 1112 Box 9016, DPO AP 55249",2023-06-28,Duplicate key constraint violation,2025-08-22 23:04:41.971192
CUST5113,Jeffrey Mathis,kaitlynpark@gmail.com,+1-634-470-9510,"5233 Jason Island, Kleinville, GA 71927",2019-08-17,Duplicate key constraint violation,2025-08-22 23:04:41.971192
CUST5114,Jeremy Pacheco PhD,rbest@gmail.com,001-316-153-5312x3146,"28269 Michael Walk Apt. 188, New Sandraland, NC 45340",2021-12-18,Duplicate key constraint violation,2025-08-22 23:04:41.971192
CUST5115,Trevor Taylor,esparzadavid@ellis.biz,853-034-2768x724,"PSC 2169, Box 3234, APO AA 01315",2020-03-04,Duplicate key constraint violation,2025-08-22 23:04:41.971192
CUST5116,Jeffrey Price,katherinehill@gmail.com,(432)991-9396,"1491 Lori Turnpike Suite 191, Matthewtown, AR 29022",2020-07-15,Duplicate key constraint violation,2025-08-22 23:04:41.971192
CUST5117,Peter Trujillo,michael41@gmail.com,001-511-625-0685x118,"596 Smith Rue, Melissahaven, IL 59267",2019-08-28,Duplicate key constraint violation,2025-08-22 23:04:41.971192
CUST5118,Kurt Turner,jonathanjohnson@wallace-gonzalez.com,(043)693-6054x946,"Unit 2443 Box 1309, DPO AE 66855",2019-02-12,Duplicate key constraint violation,2025-08-22 23:04:41.971192
CUST5119,Gina Greer,paul60@yahoo.com,(561)282-4558x41602,"20735 Hudson Forges, Lake Jennifer, NM 96604",2021-11-21,Duplicate key constraint violation,2025-08-22 23:04:41.971192
CUST5120,Bridget Waller,jeffrey94@young-reed.net,001-448-690-3147x5656,"8922 Sexton Way, South Justin, HI 96132",2023-09-30,Duplicate key constraint violation,2025-08-22 23:04:41.971192
CUST5121,Jennifer Jones,sanchezjoshua@yahoo.com,(718)317-3037x5950,"70344 Jenkins Road, Port Geraldstad, FL 13189",2024-11-18,Duplicate key constraint violation,2025-08-22 23:04:41.971192
CUST5122,Jeremy Page,rgarza@gmail.com,+1-783-015-4458x474,"29368 Haley Junction Apt. 895, South Michaelport, AZ 17076",2022-03-12,Duplicate key constraint violation,2025-08-22 23:04:41.971192
CUST5123,William Smith,heidihill@brandt.biz,001-562-568-7402x57312,"73464 Melissa Glen, Bradleyview, WI 66443",2019-10-07,Duplicate key constraint violation,2025-08-22 23:04:41.971192
CUST5124,Adam Wood,carrolljackson@gmail.com,001-017-459-4451x79149,"USS Pugh, FPO AP 97505",2022-09-28,Duplicate key constraint violation,2025-08-22 23:04:41.971192
CUST5125,Theodore Cobb,sandy96@yahoo.com,001-275-841-5083x5853,"873 Nicholas Pike, Mariatown, OK 20250",2024-05-26,Duplicate key constraint violation,2025-08-22 23:04:41.971192
CUST5126,Ashley Villa,mlawrence@yahoo.com,246.185.0202x15191,"99238 Robert Circles, Brookeshire, IN 92016",2022-10-18,Duplicate key constraint violation,2025-08-22 23:04:41.971192
CUST5127,Michael Alexander,obarber@allen.net,(931)121-7687,"071 Nicholas Summit, Harperbury, WV 02776",2021-12-23,Duplicate key constraint violation,2025-08-22 23:04:41.971192
CUST5128,Charles Barajas,garciamichael@hotmail.com,690-132-4721x3020,"76267 Karen Village, East Derek, NM 81974",2022-10-01,Duplicate key constraint violation,2025-08-22 23:04:41.971192
CUST5129,Elizabeth Hampton,rachael77@yahoo.com,220.304.9797,"3906 Nicole Drive, Port Luke, NV 74174",2021-08-05,Duplicate key constraint violation,2025-08-22 23:04:41.971192
CUST5130,Debra Baker,lauren85@yahoo.com,075.093.8235,"6086 Perry Gardens Apt. 684, Lake Seanmouth, SD 60805",2019-07-13,Duplicate key constraint violation,2025-08-22 23:04:41.971192
CUST5131,Erin Murray,xmason@yahoo.com,302-340-4972,"9741 Calvin Parkway, Lake Gregorytown, NH 86187",2024-10-30,Duplicate key constraint violation,2025-08-22 23:04:41.971192
CUST5132,Jesse Spencer,riosjoshua@yahoo.com,(181)601-4585,"720 Adam Cove Apt. 252, Jeffreymouth, UT 89604",2021-09-02,Duplicate key constraint violation,2025-08-22 23:04:41.971192
CUST5133,Christine Boyle,yjohnson@wells.com,(953)179-9443x30715,"9880 Steele Junctions Suite 884, South Daniel, IN 27852",2023-12-17,Duplicate key constraint violation,2025-08-22 23:04:41.971192
CUST5134,Angel Blankenship,hannahjimenez@webster-rivera.com,3619162807,"56723 Novak Cliff Suite 680, Brownchester, VT 04072",2024-11-13,Duplicate key constraint violation,2025-08-22 23:04:41.971192
CUST5135,Amanda Jones,gonzalescolin@gmail.com,491.345.9805x034,"USNS Clark, FPO AP 49245",2019-03-15,Duplicate key constraint violation,2025-08-22 23:04:41.971192
CUST5136,Christina Gibbs,hartkyle@cole-smith.biz,846-270-1576,"88959 King Courts, Arianamouth, AZ 83457",2023-04-17,Duplicate key constraint violation,2025-08-22 23:04:41.971192
CUST5137,Bobby Brown,aallison@curry-nelson.com,227-054-6449x335,"1284 Frederick Shoal, Patriciaside, ND 14723",2022-07-29,Duplicate key constraint violation,2025-08-22 23:04:41.971192
CUST5138,Kara Medina,lloydnatalie@ford.info,001-310-074-7922,"561 Julie Meadow Suite 541, East Susanberg, SD 18152",2019-06-24,Duplicate key constraint violation,2025-08-22 23:04:41.971192
CUST5139,John Ramos,qwilson@brennan.com,922.957.2951,"760 Debra Crescent Apt. 993, Emilybury, PA 16058",2024-11-17,Duplicate key constraint violation,2025-08-22 23:04:41.971192
CUST5140,Zachary Parks,richardcooper@hernandez-ware.com,007.951.4758x038,"072 Bethany Burgs Suite 664, Murrayland, VT 86628",2021-04-11,Duplicate key constraint violation,2025-08-22 23:04:41.971192
CUST5141,Shelby Murphy,qgutierrez@gmail.com,960-102-7936,"11601 Kane Summit Apt. 220, South Mollybury, NY 37841",2020-04-12,Duplicate key constraint violation,2025-08-22 23:04:41.971192
CUST5142,Jeremiah Brown,stricklandshane@yahoo.com,781.158.9748,"261 Scott Pine Apt. 790, North Alexisborough, HI 94727",2021-09-25,Duplicate key constraint violation,2025-08-22 23:04:41.971192
CUST5143,Tiffany Diaz,chrissanchez@thompson.info,931-185-5280,"7389 English Pike Suite 980, Parkerland, NV 34293",2019-05-04,Duplicate key constraint violation,2025-08-22 23:04:41.971192
CUST5144,Darren Austin,morganlisa@gmail.com,480.092.7202,"7547 Beasley Fort, Watsonfort, AR 58319",2022-07-05,Duplicate key constraint violation,2025-08-22 23:04:41.971192
CUST5145,Timothy Evans,thayes@wright.org,(059)557-6793x30081,"00092 Clark Mountains Suite 204, Cookeport, VA 05635",2020-09-05,Duplicate key constraint violation,2025-08-22 23:04:41.971192
CUST5146,Richard Rogers,tsanchez@gmail.com,415.804.4102x148,"Unit 5463 Box 8229, DPO AP 88498",2021-09-14,Duplicate key constraint violation,2025-08-22 23:04:41.971192
CUST5147,Joseph Martin DVM,angelamata@yahoo.com,001-679-882-0890,"PSC 6512, Box 0851, APO AE 46877",2024-07-10,Duplicate key constraint violation,2025-08-22 23:04:41.971192
CUST5148,Joshua Sanders,adriennecrawford@thomas.info,001-357-844-1060x2640,"1117 Conley Points Apt. 183, South Daniel, VA 59006",2024-07-15,Duplicate key constraint violation,2025-08-22 23:04:41.971192
CUST5149,Deborah Gomez,spencerharold@yahoo.com,781-577-1682x18023,"7619 Wilson Terrace Apt. 186, Camachoview, GA 46614",2023-11-11,Duplicate key constraint violation,2025-08-22 23:04:41.971192
CUST5150,Michael Richard,osimmons@stevenson.com,552-685-3057x71380,"Unit 3541 Box 3706, DPO AA 84993",2021-01-06,Duplicate key constraint violation,2025-08-22 23:04:41.971192
CUST5151,Kenneth Wilcox,sherry89@bentley-atkinson.org,2081782295,"720 Tiffany Roads, Franciscoberg, FL 21311",2024-01-04,Duplicate key constraint violation,2025-08-22 23:04:41.971192
CUST5152,Lisa Anderson,jpreston@yahoo.com,(359)382-3256x109,"50315 Washington Drives Apt. 719, Howardland, CA 05171",2021-12-11,Duplicate key constraint violation,2025-08-22 23:04:41.971192
CUST5153,Richard Price,scotthernandez@yahoo.com,+1-564-913-5199x6877,"28708 Duke Burg Apt. 391, Mitchellchester, TN 63105",2020-12-05,Duplicate key constraint violation,2025-08-22 23:04:41.971192
CUST5154,Vincent Nielsen,charles59@french-castro.com,001-031-847-9577x5946,"72845 Leonard Rest Suite 727, West Roy, ND 47457",2019-06-07,Duplicate key constraint violation,2025-08-22 23:04:41.971192
CUST5155,John Taylor,bellis@gmail.com,515.204.6679,"21882 Wheeler Mission Suite 432, Fischerbury, TN 77506",2023-01-17,Duplicate key constraint violation,2025-08-22 23:04:41.971192
CUST5156,Jennifer Carney,hatfielddwayne@nelson-day.com,001-126-886-4980,"693 Frederick Wall Suite 503, Port Kathrynbury, CT 77569",2022-04-25,Duplicate key constraint violation,2025-08-22 23:04:41.971192
CUST5157,Laura Preston,feliciahenry@hotmail.com,001-478-470-0254x258,"86191 Tran Gateway Suite 863, Nicolemouth, NE 58663",2022-10-31,Duplicate key constraint violation,2025-08-22 23:04:41.971192
CUST5158,David Gallagher,michaelasanchez@sawyer.com,001-080-096-7145x310,"2990 Wallace Station, Kellerbury, SD 48592",2022-01-27,Duplicate key constraint violation,2025-08-22 23:04:41.971192
CUST5159,Megan Johnson,brandy68@lutz.com,120.595.7054,"755 Brian Station Apt. 004, Laurieport, SC 13850",2021-07-27,Duplicate key constraint violation,2025-08-22 23:04:41.971192
CUST5160,Michelle Parker,johnsonmichael@king-phillips.com,+1-752-561-7718,"78950 Dale Mission, Cynthiaburgh, RI 93555",2023-05-21,Duplicate key constraint violation,2025-08-22 23:04:41.971192
CUST5161,Anna Johnson,rebeccabell@hotmail.com,+1-472-670-1493,"21546 Michael Rapid Suite 158, New Davidside, TX 99488",2019-01-23,Duplicate key constraint violation,2025-08-22 23:04:41.971192
CUST5162,Sara Green,pharris@gmail.com,(063)862-6063,"292 Carroll Locks Suite 748, Larryberg, ME 33033",2019-08-31,Duplicate key constraint violation,2025-08-22 23:04:41.971192
CUST5163,Kelly Barnett,frenchjennifer@ray.biz,826.045.0577,"37980 Elizabeth Point Suite 021, Lake David, OR 56870",2020-02-15,Duplicate key constraint violation,2025-08-22 23:04:41.971192
CUST5164,Benjamin Perez,tsantana@gmail.com,+1-966-851-6185,"12655 John Walk Apt. 778, Clarkberg, MI 07597",2020-07-10,Duplicate key constraint violation,2025-08-22 23:04:41.971192
CUST5165,Matthew Hinton,peterrichardson@hotmail.com,(488)657-7893x3476,"160 Taylor Squares, Joeltown, HI 88844",2022-09-14,Duplicate key constraint violation,2025-08-22 23:04:41.971192
CUST5166,Jenna Fox,wrightmatthew@yahoo.com,287-426-5953,"249 Darlene Lights Suite 903, Beasleybury, NY 25779",2020-11-06,Duplicate key constraint violation,2025-08-22 23:04:41.971192
CUST5167,Miguel Barrett,melissamoon@manning-sharp.com,(586)115-1330,"3458 Martinez Ports, South Theresa, MT 63217",2019-03-21,Duplicate key constraint violation,2025-08-22 23:04:41.971192
CUST5168,Maria Taylor,fphillips@stevens-webb.com,(143)170-1995,"437 Sue Lodge Apt. 031, Kyleport, NJ 93704",2019-06-20,Duplicate key constraint violation,2025-08-22 23:04:41.971192
CUST5169,Jessica Morgan,jeffreydaniels@gardner.com,211-688-8708,"991 Nguyen Parks, Port Tina, AZ 21510",2024-12-26,Duplicate key constraint violation,2025-08-22 23:04:41.971192
CUST5170,Francisco English,christineolsen@galloway.com,4375202780,"8263 Rodgers Forest, New Kristine, IA 83475",2020-10-28,Duplicate key constraint violation,2025-08-22 23:04:41.971192
CUST5171,Justin Green,steven84@smith.com,(726)585-5974x082,"8751 Joyce Drive, New Elijahport, DE 41994",2020-09-26,Duplicate key constraint violation,2025-08-22 23:04:41.971192
CUST5172,Joseph Hansen,mezabrenda@thompson.net,+1-139-851-7505x9078,"89587 William Throughway Suite 416, Port Rachel, CA 25916",2019-11-18,Duplicate key constraint violation,2025-08-22 23:04:41.971192
CUST5173,Jack Ellison,rodriguezmichelle@hotmail.com,450-985-3446,"14798 Edward Plaza Apt. 602, West Cynthia, NY 90176",2020-07-25,Duplicate key constraint violation,2025-08-22 23:04:41.971192
CUST5174,Rebekah Benson,barbarahernandez@gmail.com,445.500.6544x455,"952 Matthew Fall, Port Alexa, KS 13408",2020-09-10,Duplicate key constraint violation,2025-08-22 23:04:41.971192
CUST5175,Taylor Garner,robbinscathy@livingston.com,+1-067-104-8250x2791,"19585 Timothy Via Apt. 006, Loriton, WI 58013",2021-02-03,Duplicate key constraint violation,2025-08-22 23:04:41.971192
CUST5176,John Mccormick,danielmiller@hotmail.com,+1-086-978-1855x09330,"9869 Christina Ramp, Ethanbury, MN 77501",2023-07-27,Duplicate key constraint violation,2025-08-22 23:04:41.971192
CUST5177,Rebecca Hubbard,brianwilliams@gmail.com,479.546.0782x57022,"328 Norton View, Brownhaven, NV 53489",2023-05-13,Duplicate key constraint violation,2025-08-22 23:04:41.971192
CUST5178,Lawrence Brown,mindycarpenter@allen.com,+1-517-966-2765,"PSC 4147, Box 0280, APO AA 15888",2019-03-18,Duplicate key constraint violation,2025-08-22 23:04:41.971192
CUST5179,Charles Compton,david12@rios.biz,1093578625,"437 Diana Union Apt. 209, Rickyburgh, WA 98026",2023-02-21,Duplicate key constraint violation,2025-08-22 23:04:41.971192
CUST5180,Michael Gallegos,jellis@garcia.com,001-839-388-5650x671,"5963 Ruth Lodge Suite 908, Blanchardfort, AK 94322",2022-03-26,Duplicate key constraint violation,2025-08-22 23:04:41.971192
CUST5181,Claire Santos,bfleming@hotmail.com,(163)053-4176x91680,"21877 Murphy Mountains Apt. 039, North Samuelchester, TN 42221",2022-11-11,Duplicate key constraint violation,2025-08-22 23:04:41.971192
CUST5182,Elizabeth Evans,mary33@mejia.com,001-416-568-8328x08295,"15181 Tammy Row, Riverafort, DC 18424",2019-03-07,Duplicate key constraint violation,2025-08-22 23:04:41.971192
CUST5183,Katherine Campbell,rhouston@mitchell.com,(159)837-1332,"31702 Conley Course Suite 328, West Brianhaven, VT 48800",2021-08-29,Duplicate key constraint violation,2025-08-22 23:04:41.971192
CUST5184,Brian Green,kpotter@padilla.biz,634-972-2379x01951,"6466 Zavala Street, Jenniferport, ME 63099",2019-02-10,Duplicate key constraint violation,2025-08-22 23:04:41.971192
CUST5185,David Yang,markpeterson@gmail.com,+1-508-414-0593x719,"0248 Christian Track, New Autumn, DC 10172",2023-02-14,Duplicate key constraint violation,2025-08-22 23:04:41.971192
CUST5186,Timothy Johnson,angela70@hotmail.com,291-665-3852x83411,"2428 Brian Village Apt. 326, Joshuafort, WV 81626",2023-02-13,Duplicate key constraint violation,2025-08-22 23:04:41.971192
CUST5187,Vickie Johnson,bryan37@flores.net,(212)559-7437x9554,"386 Turner Plaza, Ritaborough, DC 60508",2022-11-03,Duplicate key constraint violation,2025-08-22 23:04:41.971192
CUST5188,Jeremy Williams,avilarita@gmail.com,1262846103,"9476 Barbara Estate, North Anthonyville, MA 49889",2019-12-20,Duplicate key constraint violation,2025-08-22 23:04:41.971192
CUST5189,Debra Hughes,lewismatthew@montgomery.net,1621734625,"9623 Montes Trafficway, North John, TN 86891",2023-02-28,Duplicate key constraint violation,2025-08-22 23:04:41.971192
CUST5190,Patrick Pham,hornmonica@murphy.net,160.414.4457,"334 Richard Mission Apt. 819, Garyborough, VA 92703",2023-02-05,Duplicate key constraint violation,2025-08-22 23:04:41.971192
CUST5191,Justin Jones,teresali@cobb-whitehead.com,+1-322-360-3831,"08581 Franklin Fort Apt. 411, Zimmermanfort, PA 54540",2019-09-23,Duplicate key constraint violation,2025-08-22 23:04:41.971192
CUST5192,Dr. Rebecca Kirby MD,nicholas98@hotmail.com,+1-258-266-1902x39320,"347 Gonzales Lights Apt. 357, Lopezton, CA 36428",2023-08-05,Duplicate key constraint violation,2025-08-22 23:04:41.971192
CUST5193,Mr. Brian Sullivan,brownstephanie@fitzgerald-young.com,+1-255-011-7703x3390,"6172 Brown Green Suite 053, North Davidville, LA 53054",2021-02-07,Duplicate key constraint violation,2025-08-22 23:04:41.971192
CUST5194,Michael Price,nolanangela@lang.com,(357)333-8367x6547,"128 Katherine Isle, Lake Michael, CO 27037",2023-01-18,Duplicate key constraint violation,2025-08-22 23:04:41.971192
CUST5195,Madeline Williams,kimberly82@hotmail.com,001-012-744-7541x49416,"42772 Brian Station Apt. 730, Morrisborough, DC 50982",2021-10-30,Duplicate key constraint violation,2025-08-22 23:04:41.971192
CUST5196,Joseph Brown,erika27@mccullough-flores.com,292-895-6571x70589,"195 Kevin Summit Apt. 546, Jonathanton, AR 28202",2020-09-07,Duplicate key constraint violation,2025-08-22 23:04:41.971192
CUST5197,Robert Baker,lwalls@gmail.com,(692)104-5922x0780,"46542 Schneider Track Apt. 801, East Stephanie, KS 64971",2021-05-21,Duplicate key constraint violation,2025-08-22 23:04:41.971192
CUST5198,Donna Berger,michellemiller@hotmail.com,+1-986-421-5988x4580,"44640 Matthew Ville Apt. 363, Lake Charles, FL 40018",2024-11-17,Duplicate key constraint violation,2025-08-22 23:04:41.971192
CUST5199,Paula Gaines,mpreston@hotmail.com,(141)120-3177,"79468 Romero Green Suite 262, New Michael, CT 81405",2021-01-29,Duplicate key constraint violation,2025-08-22 23:04:41.971192
CUST5200,Patricia Johnson,gonzalezpatrick@gmail.com,(887)365-8770,"451 Buckley Track Suite 737, Brandtborough, MN 08924",2020-07-06,Duplicate key constraint violation,2025-08-22 23:04:41.971192
CUST5201,Lisa Schultz,williamsangelica@mcfarland.info,160.491.4342x472,"7042 Allen Drive Apt. 833, Julianbury, AL 60943",2024-09-01,Duplicate key constraint violation,2025-08-22 23:04:41.971192
CUST5202,James Stephens,faulknersara@hunt.com,346.200.0147,"399 Duran Branch Suite 795, East Sydneyport, PA 81011",2020-04-01,Duplicate key constraint violation,2025-08-22 23:04:41.971192
CUST5203,Daniel Shannon,amandathompson@carter-smith.com,003.633.4638,"0061 Gregory Knolls Suite 395, Lake Karen, KY 21036",2022-07-29,Duplicate key constraint violation,2025-08-22 23:04:41.971192
CUST5204,Michael Hall,shunter@gmail.com,201.142.1963,"302 Kimberly Via Suite 223, East Michael, VT 38090",2020-01-29,Duplicate key constraint violation,2025-08-22 23:04:41.971192
CUST5205,Eduardo Randall,richardsonkelly@lynch-smith.info,890-321-3371x73411,"347 Cole Hill Suite 202, Ericview, MI 53819",2020-11-08,Duplicate key constraint violation,2025-08-22 23:04:41.971192
CUST5206,Kathryn Johnson,ramirezchristine@yahoo.com,818.835.9436x720,"34249 Kathryn Summit, Smithbury, DC 54198",2023-01-05,Duplicate key constraint violation,2025-08-22 23:04:41.971192
CUST5207,Samuel Adkins,rebecca40@gmail.com,+1-576-395-8685x7643,"441 Smith Throughway, East Michaelbury, DC 06877",2021-11-12,Duplicate key constraint violation,2025-08-22 23:04:41.971192
CUST5208,Kathy Ward,colejonathan@rodriguez-hays.com,570-376-0359x1524,"84192 Jennings Circle, North Michaelland, NC 60289",2024-03-31,Duplicate key constraint violation,2025-08-22 23:04:41.971192
CUST5209,Mr. Jonathan Brown DDS,thomaswong@rush.com,(364)418-1269x8034,"18342 Amy Unions, South Kevinchester, GA 05362",2021-12-10,Duplicate key constraint violation,2025-08-22 23:04:41.971192
CUST5210,Christopher Jackson,mark65@smith-martin.net,+1-823-925-6053,"48812 Bean Walk, West Stacyfort, MS 16631",2024-01-04,Duplicate key constraint violation,2025-08-22 23:04:41.971192
CUST5211,Manuel Ferrell,ohansen@gmail.com,287.098.5377x05618,"30798 Wright Roads Apt. 399, East Rebecca, IN 02317",2021-01-27,Duplicate key constraint violation,2025-08-22 23:04:41.971192
CUST5212,Bryan Brooks,laurabrown@yahoo.com,(249)637-1929x84979,"099 Jeremy Pass, Taylorton, CO 29944",2023-06-06,Duplicate key constraint violation,2025-08-22 23:04:41.971192
CUST5213,Carrie Garza,ggordon@hernandez.com,(697)621-3465,"6511 Smith Mount Suite 977, East Natasha, AR 04846",2023-09-11,Duplicate key constraint violation,2025-08-22 23:04:41.971192
CUST5214,Jake Page,raymond77@lawrence-smith.net,001-618-882-1468x80255,"8822 Dana Pine Suite 916, South Debra, ND 32473",2023-01-16,Duplicate key constraint violation,2025-08-22 23:04:41.971192
CUST5215,Rachel Lopez,emily64@gonzalez-chavez.com,597.733.9022,"37660 Evans Keys, East Gloria, MN 05715",2020-02-03,Duplicate key constraint violation,2025-08-22 23:04:41.971192
CUST5216,Elizabeth Montoya,qhood@hotmail.com,4543588429,"31139 Simmons Point, Kristyton, MA 92659",2022-07-23,Duplicate key constraint violation,2025-08-22 23:04:41.971192
CUST5217,Richard Eaton,michael46@lee.biz,205.357.3526,"8823 Lisa Shoals, Randallview, DE 14294",2020-09-05,Duplicate key constraint violation,2025-08-22 23:04:41.971192
CUST5218,Daniel Rangel,npearson@hotmail.com,(517)147-6977x1019,"22591 Wright Mill Suite 572, Lake Patricia, MT 18804",2021-11-28,Duplicate key constraint violation,2025-08-22 23:04:41.971192
CUST5219,Joe Huber,williamschristopher@gmail.com,001-998-415-4180,"5801 Brian Plains Apt. 166, South Jennifer, NM 69610",2021-01-04,Duplicate key constraint violation,2025-08-22 23:04:41.971192
CUST5220,Ashley Delgado,tina00@stephenson.com,556.101.3342x1377,"PSC 1388, Box 3530, APO AA 62648",2022-10-08,Duplicate key constraint violation,2025-08-22 23:04:41.971192
CUST5221,Jessica Acosta,johnnygomez@gmail.com,122-912-4752,"26056 Walker Grove Suite 400, Harveyton, AL 81756",2024-01-08,Duplicate key constraint violation,2025-08-22 23:04:41.971192
CUST5222,Chloe Ball,robertburton@gmail.com,002.516.0205,"0027 Brianna Via, Rachelhaven, TX 76537",2019-11-28,Duplicate key constraint violation,2025-08-22 23:04:41.971192
CUST5223,Christine Austin,mccoygloria@nelson-castaneda.org,522-825-9493x83460,"99762 Lowe Brook Suite 843, North Michael, HI 96486",2023-03-13,Duplicate key constraint violation,2025-08-22 23:04:41.971192
CUST5224,James Kelly,sboyd@scott.com,(235)012-0805x0793,"905 Schmidt Viaduct, East Jodi, ID 33648",2023-03-12,Duplicate key constraint violation,2025-08-22 23:04:41.971192
CUST5225,Patricia Reyes,castroaaron@gmail.com,969-067-6785,"62953 Alicia Lodge Suite 117, Matthewton, ND 58419",2022-01-03,Duplicate key constraint violation,2025-08-22 23:04:41.971192
CUST5226,William Marks,tpena@holloway-thompson.com,709-713-2863x18408,"69613 Michelle Viaduct, East Kevinbury, SC 87765",2022-12-12,Duplicate key constraint violation,2025-08-22 23:04:41.971192
CUST5227,Brett Reid,ispencer@yahoo.com,8471766841,"29680 Regina Field Suite 225, Kevinstad, MN 61265",2020-08-31,Duplicate key constraint violation,2025-08-22 23:04:41.971192
CUST5228,Carrie Gregory,kimberlykoch@neal.biz,(882)925-2032,"297 Nathaniel Estate Apt. 964, New Daniel, NJ 60298",2023-08-23,Duplicate key constraint violation,2025-08-22 23:04:41.971192
CUST5229,Andrew Nunez,cindy60@richard-thomas.biz,821-656-7850,"865 Danielle Lake Apt. 790, Gregoryville, IL 25930",2021-04-27,Duplicate key constraint violation,2025-08-22 23:04:41.971192
CUST5230,Ricky Young,garciamatthew@yahoo.com,(986)372-2946,"863 Daniel Lock, Sharonberg, HI 77686",2021-03-29,Duplicate key constraint violation,2025-08-22 23:04:41.971192
CUST5231,Gregory Chang,lucastimothy@brown.com,001-216-163-0476x867,"558 Donald Summit, New Thomas, GA 35395",2020-10-07,Duplicate key constraint violation,2025-08-22 23:04:41.971192
CUST5232,Laura Salazar,dylan72@hotmail.com,138-233-7679x686,"62060 Reginald Key Suite 428, Heathermouth, IN 85335",2024-02-27,Duplicate key constraint violation,2025-08-22 23:04:41.971192
CUST5233,Christopher Johnson,gross@yahoo.com,795.251.0453,"601 Nicholas Land, New Travis, MI 33222",2023-10-15,Duplicate key constraint violation,2025-08-22 23:04:41.971192
CUST5234,Richard Lin,thomasbradley@johnson-villarreal.com,812-191-9463,"USNS Yang, FPO AE 97364",2021-09-27,Duplicate key constraint violation,2025-08-22 23:04:41.971192
CUST5235,Chad Foster,ccruz@hotmail.com,(781)575-5642x5974,"0637 Andrea Cape Apt. 158, East Christopherville, NM 65173",2019-01-07,Duplicate key constraint violation,2025-08-22 23:04:41.971192
CUST5236,Lauren Casey,janice63@yahoo.com,5712994932,"557 Dorothy Walks, New Robertville, VT 48557",2023-02-06,Duplicate key constraint violation,2025-08-22 23:04:41.971192
CUST5237,David Johnson,dduffy@gmail.com,(921)504-6250,"3943 Carol Ridge Apt. 239, Bennetttown, ME 97449",2020-07-13,Duplicate key constraint violation,2025-08-22 23:04:41.971192
CUST5238,William Griffin,tclark@gardner.com,717-349-4171x99485,"3102 Chase Lock, Bethanyside, WI 26189",2019-05-07,Duplicate key constraint violation,2025-08-22 23:04:41.971192
CUST5239,Benjamin Atkins,stacy77@gmail.com,(696)626-8162,"616 Richard Ville, Aliciamouth, NM 24143",2023-12-12,Duplicate key constraint violation,2025-08-22 23:04:41.971192
CUST5240,Willie Rodriguez,alishajames@hernandez.org,(904)380-2495x61145,"76298 Clarke Lakes Apt. 608, Port Grace, OH 13330",2023-08-03,Duplicate key constraint violation,2025-08-22 23:04:41.971192
CUST5241,Jesse Jones,kylebarnes@gmail.com,6835535027,"7840 Richard Fall Suite 917, Richardmouth, UT 79001",2020-01-23,Duplicate key constraint violation,2025-08-22 23:04:41.971192
CUST5242,Nicole Ramirez,shannonyoung@martin-ramirez.org,297-968-6089x576,"4800 Brianna Station Apt. 789, Rebeccaland, MT 20733",2019-08-02,Duplicate key constraint violation,2025-08-22 23:04:41.971192
CUST5243,Tony Vazquez,kevinvega@wilson.com,666-112-8538x1783,"353 Cooper Terrace, Ericstad, HI 22722",2023-05-10,Duplicate key constraint violation,2025-08-22 23:04:41.971192
CUST5244,Aaron Lewis,kgonzales@gmail.com,(625)126-9620x9401,"2068 Olivia Crossing, Woodsfort, PA 58460",2022-03-31,Duplicate key constraint violation,2025-08-22 23:04:41.971192
CUST5245,Mr. Douglas Pineda,shawkenneth@hotmail.com,8397659545,"75866 Cody Mountains Suite 016, East Samuelland, MS 77732",2021-03-27,Duplicate key constraint violation,2025-08-22 23:04:41.971192
CUST5246,Chris Welch,joanne48@gmail.com,(352)887-5812x89925,"69529 Leah Keys, Port Johnnyfort, MI 94560",2023-10-31,Duplicate key constraint violation,2025-08-22 23:04:41.971192
CUST5247,Thomas York,kevinhodges@warner.com,(405)464-4901,"903 Brian Mountain, North Sarah, ME 21929",2019-01-13,Duplicate key constraint violation,2025-08-22 23:04:41.971192
CUST5248,John Evans,zkelly@gmail.com,9876619907,"899 Miller Cliff, Brittanyborough, FL 58631",2021-07-28,Duplicate key constraint violation,2025-08-22 23:04:41.971192
CUST5249,Heather Bird,kgray@yahoo.com,910.257.7636,"712 Brenda Glens, Cynthiaport, HI 23127",2023-07-13,Duplicate key constraint violation,2025-08-22 23:04:41.971192
CUST5250,Barbara Ellis,steven41@hartman.net,676-838-8521x563,"499 Rose Squares, Geoffreystad, WY 89475",2024-06-09,Duplicate key constraint violation,2025-08-22 23:04:41.971192
CUST5251,Jonathan Carter,jasonblair@hotmail.com,+1-516-588-3455,"96866 Acosta Mountains, Ashleymouth, WY 74173",2024-07-15,Duplicate key constraint violation,2025-08-22 23:04:41.971192
CUST5252,Marie Morrow,zacharycrawford@johnson.com,+1-488-422-6988x2700,"5030 Schaefer Views, South Jackson, MT 96571",2023-10-08,Duplicate key constraint violation,2025-08-22 23:04:41.971192
CUST5253,Michael Morgan,qjones@berg.com,923-385-5318,"78492 Atkinson Freeway, West Christianbury, MA 12922",2023-07-10,Duplicate key constraint violation,2025-08-22 23:04:41.971192
CUST5254,Cheryl Berry,hughesjoseph@anderson.com,4879107130,"563 Angela Fields, Jordanbury, ID 39602",2023-07-18,Duplicate key constraint violation,2025-08-22 23:04:41.971192
CUST5255,Thomas Barnes,lauren47@gmail.com,(322)344-9758x3576,"41624 Gordon Throughway, Hurststad, MI 13852",2019-09-08,Duplicate key constraint violation,2025-08-22 23:04:41.971192
CUST5256,Amanda Cohen,ramirezlaura@yahoo.com,868-271-8864,"21083 Lacey Mill, East Adamshire, SC 76519",2022-06-23,Duplicate key constraint violation,2025-08-22 23:04:41.971192
CUST5257,Connie Fisher,kimberly68@brennan.com,494.994.7050,"70940 Martinez Manors, Courtneyport, IN 32921",2020-12-22,Duplicate key constraint violation,2025-08-22 23:04:41.971192
CUST5258,James Silva,chadjohnson@glover-wright.com,001-962-349-9116x27080,"841 Scott Inlet Suite 284, Lake Pennytown, KY 67729",2020-11-16,Duplicate key constraint violation,2025-08-22 23:04:41.971192
CUST5259,Jonathan Lamb,david35@wright.com,(139)497-5419,"945 Preston Extensions Suite 443, East Jonathanbury, UT 35005",2022-08-05,Duplicate key constraint violation,2025-08-22 23:04:41.971192
CUST5260,Ryan Barnes,lindsey64@medina.org,963-058-2510x804,"0186 Herman Harbors Apt. 940, North Williamhaven, OH 75888",2020-05-14,Duplicate key constraint violation,2025-08-22 23:04:41.971192
CUST5261,Jessica Mccullough,wattstonya@peters-williams.com,001-978-855-9537x002,"39518 Laura Fields, Port Michelle, KS 37254",2024-08-26,Duplicate key constraint violation,2025-08-22 23:04:41.971192
CUST5262,Rachel Ballard,bmiller@marshall-dean.info,313-294-8794,"39241 Edward Land, West Erikachester, VT 65519",2024-01-15,Duplicate key constraint violation,2025-08-22 23:04:41.971192
CUST5263,Gabriel Carson,sjohnson@hotmail.com,681-243-8658,"PSC 1986, Box 5841, APO AA 26200",2020-10-13,Duplicate key constraint violation,2025-08-22 23:04:41.971192
CUST5264,James Campbell,hollyhansen@mcintyre.com,0909430168,"Unit 2536 Box 5269, DPO AP 89655",2023-05-17,Duplicate key constraint violation,2025-08-22 23:04:41.971192
CUST5265,Matthew Graves,uprice@gibson.net,102-240-9863x596,"1673 Christina Junction, North Stephenmouth, NM 63849",2021-07-22,Duplicate key constraint violation,2025-08-22 23:04:41.971192
CUST5266,Brooke Guzman,parkerstephanie@porter-miller.com,+1-877-160-1478x5406,"76937 Kathleen Mountain, Sarahborough, OH 10148",2020-05-30,Duplicate key constraint violation,2025-08-22 23:04:41.971192
CUST5267,Stephanie White,wfoster@johnson-costa.com,001-494-997-1081x066,"12104 Marshall Crossing, Port Jeremy, AL 72194",2021-11-12,Duplicate key constraint violation,2025-08-22 23:04:41.971192
CUST5268,Erin Ryan,randerson@taylor-taylor.info,+1-243-261-4778,"3648 Mcintosh Falls Suite 187, South Ryan, OK 38271",2019-03-14,Duplicate key constraint violation,2025-08-22 23:04:41.971192
CUST5269,Kevin Stevens,awilliamson@hotmail.com,001-031-977-0552x3474,"783 David Orchard, New Brandi, VA 03693",2024-02-18,Duplicate key constraint violation,2025-08-22 23:04:41.971192
CUST5270,Brandon Trujillo,juantanner@hotmail.com,(546)616-2189,"86255 Gates Groves, Jeffreyfurt, MD 03550",2022-07-08,Duplicate key constraint violation,2025-08-22 23:04:41.971192
CUST5271,Denise Quinn,jodistuart@herrera-kennedy.info,322-843-1487x66292,"6792 Jessica Islands Apt. 812, North Maria, AK 46343",2024-05-19,Duplicate key constraint violation,2025-08-22 23:04:41.971192
CUST5272,Stefanie Stark,mariacox@davis-juarez.biz,001-428-294-7366x75616,"4689 Miller Pine Suite 541, Julieport, DE 02425",2022-11-26,Duplicate key constraint violation,2025-08-22 23:04:41.971192
CUST5273,Kathy Phillips,chelseafinley@robinson.info,+1-644-195-1740,"USNV Miller, FPO AA 63203",2024-09-11,Duplicate key constraint violation,2025-08-22 23:04:41.971192
CUST5274,Jessica Harper,kristinmitchell@hotmail.com,088.369.3416,"093 Elizabeth Mountains, South David, MS 14075",2021-06-16,Duplicate key constraint violation,2025-08-22 23:04:41.971192
CUST5275,Judith Mclean,kevinlee@yahoo.com,0555351658,"7459 Rebecca Branch Apt. 570, South Joshua, NC 59995",2022-07-03,Duplicate key constraint violation,2025-08-22 23:04:41.971192
CUST5276,Bryan Barker,natalie04@bonilla.com,(992)635-8316x550,"548 Michael Viaduct Apt. 550, New Michaelburgh, IL 70055",2019-04-28,Duplicate key constraint violation,2025-08-22 23:04:41.971192
CUST5277,Donald Walters,sfitzpatrick@yahoo.com,(504)909-1666,"29187 Jeffery Mountain Suite 547, Tranton, CA 27197",2024-07-04,Duplicate key constraint violation,2025-08-22 23:04:41.971192
CUST5278,John Hernandez,jason18@yahoo.com,(195)190-1938x51676,"051 Sheila Turnpike Suite 583, West Christinafurt, AK 51826",2020-07-16,Duplicate key constraint violation,2025-08-22 23:04:41.971192
CUST5279,Christina Weaver,brownandrea@berger.com,885-672-9771,"02641 Wilson Shoal, Byrdburgh, AK 70740",2022-01-16,Duplicate key constraint violation,2025-08-22 23:04:41.971192
CUST5280,Richard Wright,landrylisa@gmail.com,911.485.0248,"USNV Suarez, FPO AE 14967",2021-04-27,Duplicate key constraint violation,2025-08-22 23:04:41.971192
CUST5281,Jessica Perez,jefferybaker@campbell.com,2805118277,"USS Day, FPO AE 58475",2023-03-12,Duplicate key constraint violation,2025-08-22 23:04:41.971192
CUST5282,David Rogers,elizabeth38@hotmail.com,(434)705-7882x982,"10300 Barnes Point Suite 298, Davidfort, OK 56576",2019-03-05,Duplicate key constraint violation,2025-08-22 23:04:41.971192
CUST5283,Joseph Lambert,marshalljesse@gmail.com,+1-863-010-8749,"31384 Jermaine Parks, North Aaron, VA 24500",2022-03-21,Duplicate key constraint violation,2025-08-22 23:04:41.971192
CUST5284,Olivia White,emily26@pena-fuller.com,+1-738-499-4192,"317 Chambers Forge Suite 329, Smithborough, PA 02317",2023-11-03,Duplicate key constraint violation,2025-08-22 23:04:41.971192
CUST5285,Tammy Brown MD,william01@yahoo.com,689.639.4659x195,"9296 Jason Vista Suite 888, Adamsland, NJ 09225",2021-07-17,Duplicate key constraint violation,2025-08-22 23:04:41.971192
CUST5286,Jennifer Jennings,jpearson@golden.com,824.181.0248x117,"20298 Patricia Circles Apt. 097, Melissashire, MA 28215",2019-01-28,Duplicate key constraint violation,2025-08-22 23:04:41.971192
CUST5287,Steven Cardenas,bgolden@diaz.info,(496)778-9013,"78693 Carr Estates Apt. 084, Lake Edward, SC 70658",2021-06-22,Duplicate key constraint violation,2025-08-22 23:04:41.971192
CUST5288,Jeffrey Boyer,dannymaynard@yahoo.com,001-183-801-7254x64718,"2787 Smith Route Apt. 139, Carolynfurt, AL 31504",2023-05-04,Duplicate key constraint violation,2025-08-22 23:04:41.971192
CUST5289,Justin Knight,james36@wilkerson.org,687.718.6143x5822,"0569 David Shoals, South Kathleen, NC 89367",2020-06-29,Duplicate key constraint violation,2025-08-22 23:04:41.971192
CUST5290,Caitlyn Clark,michael83@yahoo.com,603.572.4226x2868,"93522 David Throughway, New David, RI 99890",2021-11-04,Duplicate key constraint violation,2025-08-22 23:04:41.971192
CUST5291,Jeffrey Carpenter,odonnellautumn@gmail.com,871-293-4522x89491,"470 Mary Turnpike Suite 985, Simonbury, ME 73617",2021-03-28,Duplicate key constraint violation,2025-08-22 23:04:41.971192
CUST5292,Peter Hester,hallstacey@jones.com,083-776-4494,"07756 Joanna Trafficway Apt. 802, Beverlyfurt, GA 81493",2020-05-28,Duplicate key constraint violation,2025-08-22 23:04:41.971192
CUST5293,Kristen Russell,hmayo@yahoo.com,(803)518-4810,"929 Jill Canyon Apt. 800, Lake Thomaschester, SD 45643",2023-05-18,Duplicate key constraint violation,2025-08-22 23:04:41.971192
CUST5294,Jennifer Robbins,thomasandrew@allen-lee.com,485-789-1081x04148,"8937 Dunn Inlet Apt. 450, New Aprilshire, MA 38226",2024-05-21,Duplicate key constraint violation,2025-08-22 23:04:41.971192
CUST5295,Gary Barrett,vmartinez@gmail.com,310.529.7521,"80680 Zachary Mountains, East Jessemouth, KY 75121",2023-01-19,Duplicate key constraint violation,2025-08-22 23:04:41.971192
CUST5296,Margaret Keith,kellyamanda@hansen-walters.com,327.929.7187x9987,"9054 Cardenas Lock Apt. 019, Lopezshire, NC 88057",2024-04-07,Duplicate key constraint violation,2025-08-22 23:04:41.971192
CUST5297,Samantha Cooper,kristen74@gonzalez.com,001-826-632-9146x407,"PSC 7636, Box 4905, APO AE 43440",2020-07-07,Duplicate key constraint violation,2025-08-22 23:04:41.971192
CUST5298,Jennifer Oliver,mathew26@hotmail.com,(823)944-0627,"722 Brenda Summit Apt. 726, South Christina, NE 26482",2019-05-07,Duplicate key constraint violation,2025-08-22 23:04:41.971192
CUST5299,Randy Thornton,denisebryant@mcknight.com,001-703-811-5812,"90329 Emily Mountains Suite 288, South Madison, AK 82713",2023-06-11,Duplicate key constraint violation,2025-08-22 23:04:41.971192
CUST5300,Tammy Daniel,bray@hotmail.com,+1-566-684-8057,"30885 Alexander Mountains Suite 640, Port Kathleenside, IL 85562",2023-10-01,Duplicate key constraint violation,2025-08-22 23:04:41.971192
CUST5301,Emily Jones,singhlaura@murray.com,642.067.3109x33323,"0686 Barbara Field, Sextonmouth, WI 54269",2022-11-14,Duplicate key constraint violation,2025-08-22 23:04:41.971192
CUST5302,Nathan Cooley Jr.,dfriedman@patel.com,001-235-173-6001,"205 Davis Creek, Baileyview, IL 48212",2022-06-22,Duplicate key constraint violation,2025-08-22 23:04:41.971192
CUST5303,Teresa Rodriguez,aguirrechristopher@gmail.com,(861)909-7335,"94721 Carolyn Isle, Greeneburgh, ME 80546",2020-08-06,Duplicate key constraint violation,2025-08-22 23:04:41.971192
CUST5304,Lance Haynes,josephchaney@yahoo.com,001-517-766-4826x898,"67506 Leslie Unions Apt. 493, Matthewschester, IA 10439",2022-04-03,Duplicate key constraint violation,2025-08-22 23:04:41.971192
CUST5305,James Romero,kelseyraymond@hotmail.com,(024)339-3060,"76520 Emma Expressway Suite 676, Stephenmouth, NH 34674",2024-08-04,Duplicate key constraint violation,2025-08-22 23:04:41.971192
CUST5306,Jack Lopez,alexastone@grant-williams.info,(985)743-8756x645,"698 Vazquez Lodge, Simmonsfort, NJ 89933",2021-12-02,Duplicate key constraint violation,2025-08-22 23:04:41.971192
CUST5307,Mary Nelson,clarketiffany@hotmail.com,679-333-9245,"737 Long Drives, Port Edwinbury, AR 72625",2023-06-15,Duplicate key constraint violation,2025-08-22 23:04:41.971192
CUST5308,Robert Johnson,brandonflores@garcia.com,001-439-540-9601x485,"130 Baker Mall Suite 227, Edwardsport, SD 63918",2021-09-14,Duplicate key constraint violation,2025-08-22 23:04:41.971192
CUST5309,April Salas,timothy65@hotmail.com,211.692.8550,"06374 Hunter Brooks, Patriciashire, ID 60740",2024-03-07,Duplicate key constraint violation,2025-08-22 23:04:41.971192
CUST5310,Christina Sanchez,adrian16@montgomery.info,(138)596-0420x1299,"1039 Crystal Ports Suite 298, Port Brandiborough, MO 71516",2021-04-07,Duplicate key constraint violation,2025-08-22 23:04:41.971192
CUST5311,Ashley Richardson,cdean@ramirez-elliott.net,001-010-542-0763x3993,"719 Jennifer Road, South Caitlinburgh, CA 94416",2021-01-18,Duplicate key constraint violation,2025-08-22 23:04:41.971192
CUST5312,Hannah Mitchell,eduardo35@williams-suarez.com,001-986-791-4336x1714,"00119 Destiny Wall Suite 539, Port Richard, RI 91069",2024-07-27,Duplicate key constraint violation,2025-08-22 23:04:41.971192
CUST5313,John Stewart,solismisty@hill.info,965-045-3739,"37402 Martinez Motorway, New Ryan, DE 76470",2024-02-11,Duplicate key constraint violation,2025-08-22 23:04:41.971192
CUST5314,Micheal Humphrey,sydney12@fleming.info,+1-919-337-5622,"01527 Everett Motorway, West Jason, SC 74059",2019-06-04,Duplicate key constraint violation,2025-08-22 23:04:41.971192
CUST5315,Mary Sims,candicetaylor@hoffman-kim.com,(047)245-7474,"305 Chang Trace Apt. 993, Jenkinschester, DE 96797",2023-08-07,Duplicate key constraint violation,2025-08-22 23:04:41.971192
CUST5316,April Turner,dunlapshannon@collins-duke.org,(234)754-2207,"49533 Jerome Green Apt. 032, West Maria, MI 80085",2021-04-09,Duplicate key constraint violation,2025-08-22 23:04:41.971192
CUST5317,Rachel Lopez,brentcollins@gmail.com,(091)504-0317,"PSC 6507, Box 5713, APO AE 22185",2024-11-27,Duplicate key constraint violation,2025-08-22 23:04:41.971192
CUST5318,Larry Warren,caitlinhoward@mcguire.com,+1-125-377-4424x513,"44408 Gonzalez Stravenue Apt. 041, Johnsonstad, WY 09303",2022-04-12,Duplicate key constraint violation,2025-08-22 23:04:41.971192
CUST5319,Karen Conley,kim67@yahoo.com,817.745.5319x8676,"4030 Hale Falls, East Jessicaburgh, ND 96283",2023-10-09,Duplicate key constraint violation,2025-08-22 23:04:41.971192
CUST5320,David Garza,kristinmaxwell@gmail.com,001-845-262-4157,"USNS Wilson, FPO AA 77349",2020-02-29,Duplicate key constraint violation,2025-08-22 23:04:41.971192
CUST5321,Laura Cruz,bridgescameron@gmail.com,521.583.4015x519,"82448 Ramos Hill Apt. 184, East Richard, TN 66447",2022-06-20,Duplicate key constraint violation,2025-08-22 23:04:41.971192
CUST5322,Harold Lewis,matthewwilson@holland-west.biz,001-500-258-5464x0978,"64903 Adams Way, Christinemouth, VA 80886",2022-01-12,Duplicate key constraint violation,2025-08-22 23:04:41.971192
CUST5323,Patty Tanner,paigebeasley@green-wilkinson.com,266.752.8959x888,"Unit 7333 Box 2637, DPO AE 85078",2020-10-29,Duplicate key constraint violation,2025-08-22 23:04:41.971192
CUST5324,Jared Lewis,ncooper@gmail.com,769.806.8653x9761,"00318 Price Corner, Youngbury, CA 15638",2020-09-09,Duplicate key constraint violation,2025-08-22 23:04:41.971192
CUST5325,John Reid,richard37@gmail.com,(711)574-3103x1745,"9909 Michael Overpass Suite 550, North Tiffany, VT 66410",2021-05-07,Duplicate key constraint violation,2025-08-22 23:04:41.971192
CUST5326,Vanessa Sanchez,eric22@gmail.com,0512560047,"960 Leroy Trail, South Randystad, ME 54389",2022-06-12,Duplicate key constraint violation,2025-08-22 23:04:41.971192
CUST5327,Carolyn Moore,lopezjennifer@hodges.org,218.182.4070x7558,"0743 Morris Parks, West Davidmouth, MT 12544",2020-06-18,Duplicate key constraint violation,2025-08-22 23:04:41.971192
CUST5328,Sherri Rogers,valerie75@hotmail.com,838.340.3967,"1131 Miller Manor Apt. 624, Michaelborough, MS 15640",2020-11-02,Duplicate key constraint violation,2025-08-22 23:04:41.971192
CUST5329,Melissa Collins,grahamedward@hotmail.com,964.638.5331x00629,"Unit 7976 Box 3497, DPO AA 43668",2022-11-22,Duplicate key constraint violation,2025-08-22 23:04:41.971192
CUST5330,Kevin Mccoy,chernandez@sims.org,452.752.1111,"44411 Wright Freeway, South Scott, FL 84375",2021-05-06,Duplicate key constraint violation,2025-08-22 23:04:41.971192
CUST5331,Michelle Hunt,juliabarrera@mcconnell-foster.net,418.264.5519,"1734 Kelsey Divide Suite 833, Anthonychester, MA 14761",2020-10-14,Duplicate key constraint violation,2025-08-22 23:04:41.971192
CUST5332,Justin Harris,vcompton@hotmail.com,+1-657-609-5359x046,"5511 Stacey Mission, Port Tracyside, CO 15768",2019-09-03,Duplicate key constraint violation,2025-08-22 23:04:41.971192
CUST5333,Lisa Jenkins,lewissamantha@yahoo.com,001-915-701-0250,"89836 Felicia Parkway Suite 230, Wandaland, TX 87696",2020-03-05,Duplicate key constraint violation,2025-08-22 23:04:41.971192
CUST5334,Emily Gamble,millerrobert@gmail.com,(840)339-0153,"611 Wood Bridge Apt. 995, West Joseph, NE 22318",2020-06-02,Duplicate key constraint violation,2025-08-22 23:04:41.971192
CUST5335,Susan Kelley,melissaevans@hotmail.com,806-318-0430x19639,"55444 Alexandra Shores Suite 615, Port Cynthiafurt, MI 84197",2021-10-30,Duplicate key constraint violation,2025-08-22 23:04:41.971192
CUST5336,Patricia Stewart,stacycook@decker.com,7502617222,"8585 Franco Bridge Apt. 138, North Jared, HI 66681",2022-03-19,Duplicate key constraint violation,2025-08-22 23:04:41.971192
CUST5337,Victoria Thompson,aaroncastillo@yahoo.com,001-020-164-4868x64472,"08663 Monica Drives, New Christopher, WI 51959",2022-03-07,Duplicate key constraint violation,2025-08-22 23:04:41.971192
CUST5338,Vincent Young,mary52@hotmail.com,(978)291-3557x14895,"USS Fields, FPO AE 10309",2021-01-30,Duplicate key constraint violation,2025-08-22 23:04:41.971192
CUST5339,Leon Bowen,rebeccawang@moore-wilson.net,605-919-0858x451,"22587 Taylor Glen Apt. 183, Richardsonfurt, WA 08362",2019-09-08,Duplicate key constraint violation,2025-08-22 23:04:41.971192
CUST5340,Rachel Jones,christopher18@strickland.net,173-404-1697x3428,"454 Brown Path Suite 786, Port James, IN 40346",2022-02-16,Duplicate key constraint violation,2025-08-22 23:04:41.971192
CUST5341,Mr. Scott Banks,michelleguerrero@woodward-gould.org,155-867-8217,"5712 Palmer Falls, Gravesbury, NJ 93799",2023-03-01,Duplicate key constraint violation,2025-08-22 23:04:41.971192
CUST5342,Jason Kelly,shaun39@yahoo.com,(161)075-3791x298,"5629 Decker Prairie, Carolineton, IA 78526",2020-03-17,Duplicate key constraint violation,2025-08-22 23:04:41.971192
CUST5343,Mario Fox,kennethfowler@nelson-holder.net,736.378.1312,"3405 Sara Spur, Port Jennifermouth, LA 63548",2023-08-22,Duplicate key constraint violation,2025-08-22 23:04:41.971192
CUST5344,Jill Williams,aguilaramy@hotmail.com,+1-828-405-3673x3388,"3702 Meredith Centers Apt. 754, West Travisstad, VA 11037",2021-12-03,Duplicate key constraint violation,2025-08-22 23:04:41.971192
CUST5345,Victor Glover,thomaswu@hicks.com,(051)783-9737x27936,"8165 Wheeler Ranch Apt. 072, Montoyafort, GA 24535",2022-10-01,Duplicate key constraint violation,2025-08-22 23:04:41.971192
CUST5346,Andrea Adams,shane74@hotmail.com,001-670-536-3247x3933,"211 Young Shores, South Tracy, SD 29844",2024-11-18,Duplicate key constraint violation,2025-08-22 23:04:41.971192
CUST5347,Douglas Henry,agarner@gmail.com,306-821-7759x5327,"USCGC Russell, FPO AA 51026",2021-12-03,Duplicate key constraint violation,2025-08-22 23:04:41.971192
CUST5348,Jessica Morton,rmendoza@morrison.info,(860)087-7713x3242,"5422 Erin Expressway, Port Nathan, IL 90350",2020-03-17,Duplicate key constraint violation,2025-08-22 23:04:41.971192
CUST5349,Heather Moore,seanrobertson@hotmail.com,(816)530-0107x7554,"6425 Powell Gateway Suite 751, Karenborough, WI 13880",2019-08-20,Duplicate key constraint violation,2025-08-22 23:04:41.971192
CUST5350,Jonathan Hodges,lawsonbreanna@hotmail.com,8860123100,"5475 Joshua Club Suite 155, Boydmouth, NV 79828",2019-05-02,Duplicate key constraint violation,2025-08-22 23:04:41.971192
CUST5351,Karen Schneider,candicesanders@yahoo.com,(332)608-4674x115,"5961 Nelson Crossroad Apt. 056, West Chadchester, WY 16101",2022-10-30,Duplicate key constraint violation,2025-08-22 23:04:41.971192
CUST5352,Benjamin Kelly,abigailalvarado@moore.com,881.531.5860,"029 Hughes Rapid Apt. 977, Whitneyview, IL 20930",2023-10-04,Duplicate key constraint violation,2025-08-22 23:04:41.971192
CUST5353,Sherri Hart,holmesjohnny@yahoo.com,108-865-3927,"PSC 6484, Box 5746, APO AP 21109",2024-06-05,Duplicate key constraint violation,2025-08-22 23:04:41.971192
CUST5354,Shelley Mcdaniel,danieledwards@greene.com,(514)961-8767x8305,"384 Cannon Junction Suite 184, Michelleton, UT 04239",2022-07-24,Duplicate key constraint violation,2025-08-22 23:04:41.971192
CUST5355,Troy Obrien,karen67@yahoo.com,001-470-390-6614,"9149 John Path Suite 614, Lake Michael, CT 22715",2021-07-26,Duplicate key constraint violation,2025-08-22 23:04:41.971192
CUST5356,Adrian Nguyen,angelamontoya@parks.org,041-409-3669x65725,"0711 Lori Drives, Petersonview, MA 63177",2020-05-03,Duplicate key constraint violation,2025-08-22 23:04:41.971192
CUST5357,Amy Quinn,afields@gmail.com,564.894.4877,"58107 Michael Curve Suite 874, North Jason, IA 61711",2023-10-08,Duplicate key constraint violation,2025-08-22 23:04:41.971192
CUST5358,James Stone,john15@hotmail.com,(215)864-0004x229,"556 Clark Harbors Suite 748, North Brad, UT 90242",2023-09-24,Duplicate key constraint violation,2025-08-22 23:04:41.971192
CUST5359,Bob Wyatt,josestuart@lewis.com,626-474-5765x3708,"728 Crawford Cliff, Rodriguezview, KY 11802",2019-12-09,Duplicate key constraint violation,2025-08-22 23:04:41.971192
CUST5360,Caitlin Cardenas,vmiller@yahoo.com,+1-461-845-2586x943,"6093 Chris Knoll Suite 802, South Billfurt, CT 39774",2021-10-21,Duplicate key constraint violation,2025-08-22 23:04:41.971192
CUST5361,Tara Bonilla,moorealexis@quinn.com,+1-369-223-0164,"USNS Howell, FPO AP 87634",2022-11-09,Duplicate key constraint violation,2025-08-22 23:04:41.971192
CUST5362,Stephanie Martin,emma04@yahoo.com,621-205-6287x43021,"74277 Tammy Green Apt. 300, Petersonmouth, IN 82961",2020-09-07,Duplicate key constraint violation,2025-08-22 23:04:41.971192
CUST5363,Tara Lewis,adamrobinson@davis-barker.com,169-818-9312,"1745 Elizabeth Plain, East Teresafort, SC 73842",2019-06-15,Duplicate key constraint violation,2025-08-22 23:04:41.971192
CUST5364,Miss Caroline Bell,hperez@perez.com,022.112.7508x557,"8271 Reeves Streets Apt. 819, West Jason, MO 94619",2019-02-07,Duplicate key constraint violation,2025-08-22 23:04:41.971192
CUST5365,Paul Morales,amanda70@scott.com,(797)321-0948x525,"816 Ruiz Crossroad Suite 704, Lake Christina, NC 01782",2020-05-31,Duplicate key constraint violation,2025-08-22 23:04:41.971192
CUST5366,Melissa Garcia,ymorris@fernandez.net,001-195-999-0139x36159,"5084 Elizabeth Plain Apt. 742, Luistown, NV 04000",2023-05-02,Duplicate key constraint violation,2025-08-22 23:04:41.971192
CUST5367,Kent Holloway,ashleyhowell@gmail.com,491-855-0047x2602,"39787 Heather Hills, Carlsonville, MI 36686",2023-02-04,Duplicate key constraint violation,2025-08-22 23:04:41.971192
CUST5368,Joseph Schmidt,jillwashington@hotmail.com,515-179-7926x729,"446 James Parkways, Johnsonborough, WV 33971",2019-04-26,Duplicate key constraint violation,2025-08-22 23:04:41.971192
CUST5369,Angela Hall,murrayangela@harrell.com,740-421-8644,"36776 Wilson Crest Suite 867, North Johnborough, MN 22898",2023-03-07,Duplicate key constraint violation,2025-08-22 23:04:41.971192
CUST5370,Mikayla Palmer,debra66@collins.com,(107)543-4218x109,"26987 Mason Plains Suite 703, Michaelburgh, WY 02572",2022-10-03,Duplicate key constraint violation,2025-08-22 23:04:41.971192
CUST5371,Albert Gray,latasha86@yahoo.com,354.783.8370,"2880 Williamson Lodge, Hannahville, OK 48864",2024-10-15,Duplicate key constraint violation,2025-08-22 23:04:41.971192
CUST5372,Michael Santana,knelson@yahoo.com,(051)671-3524x51596,"379 Vasquez Village Suite 987, Paulstad, OK 55398",2023-06-23,Duplicate key constraint violation,2025-08-22 23:04:41.971192
CUST5373,Lori Morris,jose29@gmail.com,(032)543-5120x109,"1922 Stewart Spurs Suite 316, New Juanside, MS 72718",2020-03-31,Duplicate key constraint violation,2025-08-22 23:04:41.971192
CUST5374,Sean Smith,tammyroach@gomez-richardson.com,(606)441-6003x1554,"PSC 9472, Box 1244, APO AP 28092",2020-03-06,Duplicate key constraint violation,2025-08-22 23:04:41.971192
CUST5375,Jose Benitez,danielbolton@ramirez-williams.com,001-908-111-1670,"55043 Kelly Falls, North Tyler, NV 34535",2021-03-01,Duplicate key constraint violation,2025-08-22 23:04:41.971192
CUST5376,Brian Ramirez,zwilliams@yahoo.com,+1-350-610-4516x008,"09194 Banks Crest Apt. 716, Davidfort, WY 64620",2021-05-15,Duplicate key constraint violation,2025-08-22 23:04:41.971192
CUST5377,Alex Scott,fmcfarland@gmail.com,001-300-517-9732x7640,"8179 Jessica Radial Apt. 598, Lindsayton, IN 39563",2022-08-15,Duplicate key constraint violation,2025-08-22 23:04:41.971192
CUST5378,Kathryn Peterson,xcarey@gmail.com,637-150-8991x849,"1690 Frank Trail Suite 826, Lewismouth, DC 27476",2023-07-07,Duplicate key constraint violation,2025-08-22 23:04:41.971192
CUST5379,Brandi Hernandez,anna20@hotmail.com,340.740.2987x19758,"14492 Lee Ridge Apt. 002, Port Rachelland, KY 42749",2020-08-14,Duplicate key constraint violation,2025-08-22 23:04:41.971192
CUST5380,Trevor Fisher,marypatterson@gmail.com,(657)254-6772x129,"546 Baker Summit, New Miguelstad, SC 53946",2019-06-18,Duplicate key constraint violation,2025-08-22 23:04:41.971192
CUST5381,Patrick Kirby,heatherhopkins@yahoo.com,001-527-467-1826,"82061 Laurie Pine Suite 549, West Robertview, AK 72722",2019-12-07,Duplicate key constraint violation,2025-08-22 23:04:41.971192
CUST5382,Theodore Briggs,summersalicia@hotmail.com,353-922-7465x38643,"121 Samuel Rapids Apt. 013, Lemouth, CO 29133",2019-05-14,Duplicate key constraint violation,2025-08-22 23:04:41.971192
CUST5383,Craig Snyder,mayomeredith@snyder.com,762.126.0983x5185,"062 Samuel Cliff Apt. 880, West Kathryn, VA 17046",2022-12-22,Duplicate key constraint violation,2025-08-22 23:04:41.971192
CUST5384,Christine Jackson,mirandajeffrey@hotmail.com,(792)270-5335x2477,"Unit 3574 Box 2396, DPO AE 72993",2021-05-01,Duplicate key constraint violation,2025-08-22 23:04:41.971192
CUST5385,Lindsey Chandler,michaelthomas@gutierrez-smith.com,(781)038-4309,"86816 Walker Key, Danielleport, MO 18957",2023-08-14,Duplicate key constraint violation,2025-08-22 23:04:41.971192
CUST5386,Eric Mccarty II,mpeterson@yahoo.com,001-586-612-1930x6532,"8109 Reynolds Ramp Suite 964, North Karlfurt, WA 34078",2020-04-19,Duplicate key constraint violation,2025-08-22 23:04:41.971192
CUST5387,Erica Smith,ucontreras@odom.com,611.757.9307,"70371 Scott Plaza Apt. 399, Mccarthystad, MS 23261",2023-08-13,Duplicate key constraint violation,2025-08-22 23:04:41.971192
CUST5388,Michelle Carson,lauren29@hotmail.com,001-061-086-7118,"32483 Jeremiah Falls Suite 354, South Samantha, MS 95164",2021-04-28,Duplicate key constraint violation,2025-08-22 23:04:41.971192
CUST5389,Alexandra Murphy,smithlisa@jones-butler.com,001-605-339-0828,"70420 Sarah Ridge Suite 012, East Adrian, AK 57461",2022-10-18,Duplicate key constraint violation,2025-08-22 23:04:41.971192
CUST5390,Leah Schaefer,sdiaz@hotmail.com,(871)188-1307x68766,"90436 Nicole Valley, New Stephaniebury, SD 11376",2020-01-06,Duplicate key constraint violation,2025-08-22 23:04:41.971192
CUST5391,Michelle Martin,ericbeasley@anderson.com,637.270.7425,"2591 Tiffany Estates Suite 233, Bryanfurt, DC 52828",2020-02-27,Duplicate key constraint violation,2025-08-22 23:04:41.971192
CUST5392,Belinda Cook,oroman@hotmail.com,(238)470-9723x626,"16577 Massey Crest, North Amanda, CA 57148",2020-07-16,Duplicate key constraint violation,2025-08-22 23:04:41.971192
CUST5393,Robert Robertson,erikahudson@gmail.com,435-603-6901x277,"USS Barker, FPO AA 71788",2022-01-24,Duplicate key constraint violation,2025-08-22 23:04:41.971192
CUST5394,Amanda Thompson,deanerin@smith-lawson.com,2680100954,"10873 Lisa Crest, Jordanfurt, PA 80896",2021-08-23,Duplicate key constraint violation,2025-08-22 23:04:41.971192
CUST5395,John Moore,reginaldscott@long-johnson.com,001-736-988-6512x98980,"181 Heather Crest, Christinaton, IN 63826",2020-12-02,Duplicate key constraint violation,2025-08-22 23:04:41.971192
CUST5396,Justin Rodriguez,robert39@yahoo.com,191.819.7766,"2194 Flores Stravenue, Williammouth, MT 06118",2021-06-01,Duplicate key constraint violation,2025-08-22 23:04:41.971192
CUST5397,Paula Riddle,edwinsmith@yahoo.com,131-000-9618,"103 John Creek, Brownchester, SC 70563",2023-04-25,Duplicate key constraint violation,2025-08-22 23:04:41.971192
CUST5398,Elizabeth Cain,benjamin72@tran.info,(349)311-7151,"20760 Gabriel Pines, Gordonview, IL 96683",2023-11-18,Duplicate key constraint violation,2025-08-22 23:04:41.971192
CUST5399,Bryce Stewart,torresjulie@gmail.com,545-009-6204x854,"768 Daniel Ports Suite 636, West Davidshire, WV 32407",2021-03-26,Duplicate key constraint violation,2025-08-22 23:04:41.971192
CUST5400,Barbara Zamora,johnsonlisa@ochoa.com,001-675-778-7784x539,"781 Gray Tunnel Suite 259, Port Joseph, IL 59579",2021-04-12,Duplicate key constraint violation,2025-08-22 23:04:41.971192
CUST5401,Reginald Vaughn,michaelyang@gmail.com,+1-868-768-5008x434,"87272 Martinez Mountains Apt. 303, Steventown, NE 46213",2019-02-16,Duplicate key constraint violation,2025-08-22 23:04:41.971192
CUST5402,Pamela Kelley,jeffrey20@smith-myers.com,648.971.6976,"45571 Adam Forge Suite 953, Lake April, OR 85326",2024-11-09,Duplicate key constraint violation,2025-08-22 23:04:41.971192
CUST5403,Brittany Phillips,mahoneychristie@yahoo.com,(281)989-5181,"45002 Gross Pike, Acevedoberg, VA 37131",2022-02-23,Duplicate key constraint violation,2025-08-22 23:04:41.971192
CUST5404,Mackenzie Chapman,bmurray@gmail.com,(058)384-8712x204,"465 Steven Hill Apt. 450, Garrettland, RI 52501",2023-09-11,Duplicate key constraint violation,2025-08-22 23:04:41.971192
CUST5405,Melissa Flores,burgessterry@hotmail.com,(014)682-4235,"21694 Mcdonald Coves Suite 008, East Thomasshire, NH 22572",2021-05-31,Duplicate key constraint violation,2025-08-22 23:04:41.971192
CUST5406,Tiffany Phillips,mark12@yahoo.com,(851)809-4073,"1864 Lowe Island, East Markborough, ND 54167",2024-09-18,Duplicate key constraint violation,2025-08-22 23:04:41.971192
CUST5407,James Miller,rhodesdaniel@yahoo.com,(402)855-2742,"87215 Laurie Fields, Lake Ashley, OH 91550",2020-02-21,Duplicate key constraint violation,2025-08-22 23:04:41.971192
CUST5408,Robin Young,hwallace@gmail.com,827.130.9681x73258,"54887 Murphy Plain, Carterberg, MD 29076",2023-01-26,Duplicate key constraint violation,2025-08-22 23:04:41.971192
CUST5409,Lindsay Rodriguez,vphillips@miller-wood.com,+1-484-178-7265x65117,"6003 Justin Views, Serranomouth, MI 70678",2022-09-25,Duplicate key constraint violation,2025-08-22 23:04:41.971192
CUST5410,Brian Bell,angela93@miller-franco.net,444.296.1918,"133 Mark Square, Charlesshire, CO 53274",2021-10-26,Duplicate key constraint violation,2025-08-22 23:04:41.971192
CUST5411,Mary Kaiser,cheryl48@king.com,7738400320,"10562 Kevin Causeway, Amberhaven, MT 64550",2024-09-17,Duplicate key constraint violation,2025-08-22 23:04:41.971192
CUST5412,Stephanie Love,qbrooks@jenkins.com,294.974.6505x603,"Unit 2418 Box 4338, DPO AP 10202",2021-08-14,Duplicate key constraint violation,2025-08-22 23:04:41.971192
CUST5413,Jody Clark,kingjared@gmail.com,683-805-3148,"Unit 1640 Box 9479, DPO AE 03343",2024-08-05,Duplicate key constraint violation,2025-08-22 23:04:41.971192
CUST5414,Robert Marshall Jr.,seancampbell@davis.com,631-536-7097x05206,"Unit 6851 Box 1984, DPO AP 41455",2021-05-18,Duplicate key constraint violation,2025-08-22 23:04:41.971192
CUST5415,Mrs. Diana Dixon,burkematthew@gmail.com,037.957.6544,"2317 Steven Row, Andrewsside, TN 23358",2019-07-29,Duplicate key constraint violation,2025-08-22 23:04:41.971192
CUST5416,Jenny Hanna,abigail08@smith.net,883-787-6712x3887,"7991 Clark Islands, Samuelchester, OK 30430",2020-03-19,Duplicate key constraint violation,2025-08-22 23:04:41.971192
CUST5417,Elizabeth Walker,hball@williams.com,+1-950-965-8115x544,"61938 Choi Locks Suite 081, New Sandrahaven, AR 93645",2021-12-23,Duplicate key constraint violation,2025-08-22 23:04:41.971192
CUST5418,Harold Marshall,davistyler@gmail.com,(252)701-2133x632,"682 David Extension Apt. 722, Perrystad, CO 86112",2023-11-06,Duplicate key constraint violation,2025-08-22 23:04:41.971192
CUST5419,Christopher Carter,anthony55@yahoo.com,071.373.4995,"9590 Weeks Forge Suite 806, Cooperfurt, LA 56937",2020-02-20,Duplicate key constraint violation,2025-08-22 23:04:41.971192
CUST5420,Christian Watts,phillip66@yahoo.com,+1-047-675-9581x27180,"18342 Newton Overpass Apt. 980, Lake Jeanette, OR 24818",2019-06-03,Duplicate key constraint violation,2025-08-22 23:04:41.971192
CUST5421,Destiny Hernandez,sandrablack@nixon.net,(727)505-6990x042,"9315 Zachary Overpass Suite 641, South Kevinfort, AR 66560",2020-02-14,Duplicate key constraint violation,2025-08-22 23:04:41.971192
CUST5422,Destiny Peterson,hernandezanthony@morales.net,(383)257-9771,"30303 Michael Course Apt. 713, Blakeland, WV 68930",2022-09-04,Duplicate key constraint violation,2025-08-22 23:04:41.971192
CUST5423,Jerry Davenport,steelejessica@taylor-wallace.com,+1-502-448-0042x90384,"20832 Hall Green Apt. 633, North Steven, AL 42008",2022-09-16,Duplicate key constraint violation,2025-08-22 23:04:41.971192
CUST5424,George Smith,wesleynguyen@yahoo.com,063.149.3095x158,"945 Moore Lane Suite 223, Kylechester, TX 99093",2020-04-14,Duplicate key constraint violation,2025-08-22 23:04:41.971192
CUST5425,Dr. Kara Brown,ufuentes@gmail.com,0126109977,"466 Gonzalez Fields Suite 288, Lake William, LA 63796",2022-03-05,Duplicate key constraint violation,2025-08-22 23:04:41.971192
CUST5426,Adrian Brown,eburns@hotmail.com,120-028-0792x244,"91134 Carrie Street Suite 113, New Nicole, IA 94866",2020-02-05,Duplicate key constraint violation,2025-08-22 23:04:41.971192
CUST5427,Dustin Williams,robertskatherine@yahoo.com,(470)785-2720x08002,"481 Kristin Flats, Hayesfort, AL 86125",2021-09-12,Duplicate key constraint violation,2025-08-22 23:04:41.971192
CUST5428,Scott Crosby,xmorris@yahoo.com,(320)927-7278,"94666 Amy Lane, Amandafurt, WA 21265",2022-05-26,Duplicate key constraint violation,2025-08-22 23:04:41.971192
CUST5429,Miguel Allen,yrobinson@curtis.com,(478)981-3897x97192,"654 Tyler Lights Suite 696, New Amandamouth, LA 99298",2019-09-23,Duplicate key constraint violation,2025-08-22 23:04:41.971192
CUST5430,Tim Ward,sharonlang@carter.biz,653.924.4407x2813,"24050 Campos Flat Apt. 878, New Michael, DC 99880",2020-02-01,Duplicate key constraint violation,2025-08-22 23:04:41.971192
CUST5431,Melissa Osborne,burgesspeggy@gmail.com,(934)310-3232x501,"37796 Elizabeth Key Suite 419, West Michele, NY 83522",2023-05-23,Duplicate key constraint violation,2025-08-22 23:04:41.971192
CUST5432,Amy Adams,fowlergary@yahoo.com,(822)640-8177x1027,"163 Hood Crescent, Danielchester, NJ 15343",2024-05-20,Duplicate key constraint violation,2025-08-22 23:04:41.971192
CUST5433,Heather Fox,lisa96@gmail.com,710.276.3921x20191,"119 Cox Falls, Tarafurt, AZ 14942",2020-09-03,Duplicate key constraint violation,2025-08-22 23:04:41.971192
CUST5434,Joyce Young,jadkins@gray.com,366-005-3409x08792,"756 Rebecca Center, Gabrielleside, MT 81808",2022-08-22,Duplicate key constraint violation,2025-08-22 23:04:41.971192
CUST5435,Jennifer Singh,zhangchristopher@yahoo.com,001-277-557-2640,"Unit 0762 Box 9620, DPO AE 65260",2021-07-10,Duplicate key constraint violation,2025-08-22 23:04:41.971192
CUST5436,Donald Bruce,whitetina@hotmail.com,109-221-2149x3475,"Unit 7516 Box 4612, DPO AE 45164",2020-06-18,Duplicate key constraint violation,2025-08-22 23:04:41.971192
CUST5437,Joyce Watson,acole@morris.info,001-036-499-6586x26502,"Unit 2131 Box 7932, DPO AP 10625",2021-09-01,Duplicate key constraint violation,2025-08-22 23:04:41.971192
CUST5438,Kyle Young,dorothy13@gmail.com,421-900-8695,"48942 Blake Plaza, Adamsside, WI 42965",2020-07-18,Duplicate key constraint violation,2025-08-22 23:04:41.971192
CUST5439,Jessica Bryant,melissaoconnell@price-morris.com,069.489.5471x9911,"14881 Eric Stream, Port Laura, TX 90646",2019-06-12,Duplicate key constraint violation,2025-08-22 23:04:41.971192
CUST5440,David Smith,christian58@rosales.biz,001-435-167-7541x40103,"36543 Adams Center Apt. 344, Stanleychester, DE 89409",2019-08-10,Duplicate key constraint violation,2025-08-22 23:04:41.971192
CUST5441,Tyler Holland,jessicaclark@ray-potter.com,(589)922-5672,"3779 Holly Extension, Williamsfurt, UT 99487",2024-03-30,Duplicate key constraint violation,2025-08-22 23:04:41.971192
CUST5442,Matthew Barnes,danamartin@beard.biz,064.891.5740,"19372 Sheila Springs Suite 025, Harrystad, AZ 71479",2024-05-06,Duplicate key constraint violation,2025-08-22 23:04:41.971192
CUST5443,Jeremy Roy,jgarcia@gmail.com,(929)889-7646,"33243 Helen Extension, South Robertton, RI 59333",2021-08-21,Duplicate key constraint violation,2025-08-22 23:04:41.971192
CUST5444,Karen Miles,joshuajohnson@yahoo.com,001-988-478-0907x829,"325 Price Greens Apt. 675, Raymondhaven, ME 61808",2023-10-04,Duplicate key constraint violation,2025-08-22 23:04:41.971192
CUST5445,Martha Clark,jonescristian@yahoo.com,8322944084,"4832 Mcgee Forest, West William, LA 78646",2021-10-10,Duplicate key constraint violation,2025-08-22 23:04:41.971192
CUST5446,Russell Turner,shaun82@hoffman.org,(204)975-2707x6034,"550 Clark Parkway, New Alejandrafort, AL 58184",2021-06-09,Duplicate key constraint violation,2025-08-22 23:04:41.971192
CUST5447,Matthew Rice,fperez@yahoo.com,485-625-3167x0179,"819 Lisa Mills, West Heather, NH 02901",2020-02-03,Duplicate key constraint violation,2025-08-22 23:04:41.971192
CUST5448,Kayla Robinson,sarah99@gmail.com,(669)962-2537,"3097 Goodwin Motorway, New Megan, AZ 53361",2022-09-23,Duplicate key constraint violation,2025-08-22 23:04:41.971192
CUST5449,Allison Mendoza,ymiles@carr-bailey.com,5148899791,"3193 Holmes Plains Apt. 693, Alexaside, NJ 06376",2020-12-16,Duplicate key constraint violation,2025-08-22 23:04:41.971192
CUST5450,Justin Young,vwilliams@hubbard-mooney.com,032.003.8082x36330,"63387 Allison Brook, Chadberg, KY 48350",2022-04-24,Duplicate key constraint violation,2025-08-22 23:04:41.971192
CUST5451,Stephanie Johnson,kimberlybennett@yahoo.com,001-716-074-2648x056,"581 David Mountain Suite 357, West Darryl, AZ 15546",2020-02-22,Duplicate key constraint violation,2025-08-22 23:04:41.971192
CUST5452,Sydney Fleming,imiller@hotmail.com,002-170-7152x7358,"56963 Sheila Overpass, Martineztown, MD 12722",2024-01-14,Duplicate key constraint violation,2025-08-22 23:04:41.971192
CUST5453,Martin Brown,scottnancy@gmail.com,861-863-7372x626,"1477 Roy Fords, Myersmouth, KS 34923",2024-01-21,Duplicate key constraint violation,2025-08-22 23:04:41.971192
CUST5454,Matthew Maldonado,wellis@torres-morris.org,768-379-4716x3625,"799 Emily Ways, South Bridget, WA 62316",2021-04-06,Duplicate key constraint violation,2025-08-22 23:04:41.971192
CUST5455,Kevin Rich,robertboyle@martinez.com,221.051.3922,"87209 Mike Viaduct, Lake Russellburgh, UT 74459",2024-05-03,Duplicate key constraint violation,2025-08-22 23:04:41.971192
CUST5456,Maria Robinson,phowell@mcconnell-mcknight.com,+1-080-177-1591,"72069 Colon Ports, South Sandra, VA 02875",2021-12-08,Duplicate key constraint violation,2025-08-22 23:04:41.971192
CUST5457,Brittany Davenport,herbert17@gmail.com,001-360-235-7661x5258,"6782 Stokes Motorway Apt. 603, West Deannaborough, DC 93575",2024-05-15,Duplicate key constraint violation,2025-08-22 23:04:41.971192
CUST5458,Robert Johnson,josephphillips@hotmail.com,(499)769-6721,"7649 Timothy Junction, East Christopher, PA 87219",2021-02-19,Duplicate key constraint violation,2025-08-22 23:04:41.971192
CUST5459,Felicia Turner,hallkathryn@yahoo.com,+1-475-658-5123x059,"346 Rivera Canyon, Lake Carolland, AZ 16143",2024-01-29,Duplicate key constraint violation,2025-08-22 23:04:41.971192
CUST5460,Dana Irwin,randall40@garrett.com,285.919.5422,"4415 Smith Forges Suite 673, Ritterfurt, NC 25885",2020-10-16,Duplicate key constraint violation,2025-08-22 23:04:41.971192
CUST5461,Joshua Gregory,mcfarlandadrian@gmail.com,(915)505-2221x54939,"637 Norton Mountain Suite 754, Priceshire, NY 25140",2021-05-26,Duplicate key constraint violation,2025-08-22 23:04:41.971192
CUST5462,Thomas Deleon,mary54@tate.com,(522)069-8449x811,"7595 Flores Vista, West Robert, HI 66258",2023-07-13,Duplicate key constraint violation,2025-08-22 23:04:41.971192
CUST5463,Jeremiah Castro,sheajames@yahoo.com,669.581.6041x5039,"2839 Benjamin Pines, Lake Robertstad, MI 62719",2022-12-07,Duplicate key constraint violation,2025-08-22 23:04:41.971192
CUST5464,Raymond Stevenson,randolphderek@skinner.biz,6500470898,"1686 Courtney Stream Apt. 932, New Jenniferstad, SD 23305",2023-10-28,Duplicate key constraint violation,2025-08-22 23:04:41.971192
CUST5465,Richard Butler,susanbrown@woodard.info,924.361.8988,"7371 Robert Common, Hoffmanland, OR 44540",2021-12-09,Duplicate key constraint violation,2025-08-22 23:04:41.971192
CUST5466,Sean Torres,piercesteven@martinez.com,+1-103-919-3916x4004,"397 Davis Route, Chanfort, ID 15720",2023-05-19,Duplicate key constraint violation,2025-08-22 23:04:41.971192
CUST5467,Monica Harris,turnercynthia@thomas-myers.com,401-854-2039,"457 Richard Street, Lake Ryan, SC 09105",2020-11-15,Duplicate key constraint violation,2025-08-22 23:04:41.971192
CUST5468,Christopher Salazar,jason77@hotmail.com,+1-528-727-7408x15112,"0693 Jonathan Track Suite 454, Jordanshire, ME 01426",2020-06-20,Duplicate key constraint violation,2025-08-22 23:04:41.971192
CUST5469,Thomas Harris,craigandrea@lopez.com,001-226-664-3805,"57409 Herrera Lake, Stephentown, AR 96982",2024-06-30,Duplicate key constraint violation,2025-08-22 23:04:41.971192
CUST5470,Peter Franklin,ryan98@woods.biz,570-549-9662x8596,"86290 Gonzalez Rest, East Jason, OK 42334",2020-03-26,Duplicate key constraint violation,2025-08-22 23:04:41.971192
CUST5471,Aaron Pope,kbowman@vasquez-chapman.com,4033669353,"71129 Charles Via Suite 622, South Jeffreyhaven, WI 21698",2021-08-18,Duplicate key constraint violation,2025-08-22 23:04:41.971192
CUST5472,Joseph Flores,wilkinsdarren@gmail.com,132.248.0392x138,"39701 Williams Green Apt. 853, West Markside, AR 84964",2022-11-15,Duplicate key constraint violation,2025-08-22 23:04:41.971192
CUST5473,Steven Crawford,patrickdebra@douglas-moore.com,611.807.4580x543,"04440 Charles Bypass, Rochaside, OK 43642",2022-02-06,Duplicate key constraint violation,2025-08-22 23:04:41.971192
CUST5474,Samantha Powell,jennifer03@hotmail.com,460.862.0994x487,"671 Jones Prairie, West Mary, NJ 12910",2019-01-31,Duplicate key constraint violation,2025-08-22 23:04:41.971192
CUST5475,Anna Williams,michelle56@simmons.com,+1-650-413-9363,"Unit 8828 Box 9009, DPO AE 85546",2022-06-05,Duplicate key constraint violation,2025-08-22 23:04:41.971192
CUST5476,Veronica David,stephaniekrause@yahoo.com,(291)091-6832x784,"0039 Ashley Branch Suite 200, Trujilloshire, VT 32339",2024-01-02,Duplicate key constraint violation,2025-08-22 23:04:41.971192
CUST5477,Lauren Cole,roy61@mayer.com,280.136.8371,"041 Yang Shores Apt. 095, Port Karen, MT 18103",2021-05-17,Duplicate key constraint violation,2025-08-22 23:04:41.971192
CUST5478,Lisa Roy,jroberts@ward.com,1291168450,"340 Savannah Meadow, Danielville, TN 35197",2023-06-08,Duplicate key constraint violation,2025-08-22 23:04:41.971192
CUST5479,Mary Parker,xstafford@gmail.com,001-439-410-7732x71537,"7768 Sandra Mission Suite 267, Kimberlyland, OK 97213",2021-07-09,Duplicate key constraint violation,2025-08-22 23:04:41.971192
CUST5480,Patrick Acosta Jr.,piercematthew@pacheco-brady.biz,145.037.9338x03437,"6845 Orr Pass Suite 985, West Yvonne, AL 70817",2022-03-31,Duplicate key constraint violation,2025-08-22 23:04:41.971192
CUST5481,Daniel Gonzalez,michaelcrawford@gmail.com,001-581-087-1157x5908,"85156 Samantha Expressway Apt. 052, Lake Joanna, ND 73472",2022-07-13,Duplicate key constraint violation,2025-08-22 23:04:41.971192
CUST5482,Anthony Vazquez,jody46@perez.com,024-064-3921x3149,"5654 Heather Cove, New Carmen, TN 42082",2019-04-11,Duplicate key constraint violation,2025-08-22 23:04:41.971192
CUST5483,Carlos Miles,wisemichael@yahoo.com,+1-832-150-9309x1329,"4713 Edwards Lane Apt. 038, Lake Christopherland, WA 12957",2023-01-15,Duplicate key constraint violation,2025-08-22 23:04:41.971192
CUST5484,Lori Dougherty,karen13@wyatt.org,+1-850-814-9124x4066,"79400 Sydney Parks, Lopezland, ME 78350",2019-05-24,Duplicate key constraint violation,2025-08-22 23:04:41.971192
CUST5485,Erin Daniel,jessica51@gmail.com,467-688-4120,"3778 Johnson Spur Apt. 746, Brittanyburgh, LA 16233",2023-10-13,Duplicate key constraint violation,2025-08-22 23:04:41.971192
CUST5486,William Jones,ashleysmith@gmail.com,(689)831-8390,"001 Davis Pines, Jasonmouth, MD 74535",2019-04-14,Duplicate key constraint violation,2025-08-22 23:04:41.971192
CUST5487,Marissa Sutton,raymondbrooks@james.net,001-706-438-8778x8502,"0039 Nicole Expressway Apt. 007, East Julie, SD 43193",2019-03-31,Duplicate key constraint violation,2025-08-22 23:04:41.971192
CUST5488,Jeffrey Johnson,robert41@hotmail.com,435.624.9018,"40022 John Stream Suite 689, Kellyview, NV 25469",2019-07-17,Duplicate key constraint violation,2025-08-22 23:04:41.971192
CUST5489,Zachary Miller,yfoster@yahoo.com,606.294.5232x6571,"6128 Morgan Junctions Apt. 910, Port David, OR 84560",2019-08-07,Duplicate key constraint violation,2025-08-22 23:04:41.971192
CUST5490,Michael Gordon,briannasawyer@hotmail.com,001-919-367-0540,"130 Jason Village Apt. 064, Brennanview, CA 97175",2023-07-26,Duplicate key constraint violation,2025-08-22 23:04:41.971192
CUST5491,Ryan Allison,markpatterson@gmail.com,(288)131-1654x894,"1515 Richardson Rue, West Travis, DC 67958",2022-05-16,Duplicate key constraint violation,2025-08-22 23:04:41.971192
CUST5492,Shawn Williams,mvasquez@long-hernandez.com,001-681-346-4603,"53717 Johnson Ports, Smithmouth, LA 77333",2024-01-30,Duplicate key constraint violation,2025-08-22 23:04:41.971192
CUST5493,Brian Morgan,huntbrian@gmail.com,(115)173-4111x28748,"578 Cassandra Point, North Karenborough, WI 25903",2022-09-20,Duplicate key constraint violation,2025-08-22 23:04:41.971192
CUST5494,Aaron Lewis,susan79@nelson-scott.com,(943)324-0469x8766,"8811 Moody Lodge, West Rhondahaven, PA 41564",2019-04-18,Duplicate key constraint violation,2025-08-22 23:04:41.971192
CUST5495,Helen Walter,kevinle@hotmail.com,+1-418-237-8247,"8862 Aaron Fords, Hernandezshire, SD 82332",2023-04-14,Duplicate key constraint violation,2025-08-22 23:04:41.971192
CUST5496,Brian Smith,timothyleblanc@hotmail.com,639.317.8753x3037,"Unit 7273 Box 5100, DPO AA 84951",2020-03-10,Duplicate key constraint violation,2025-08-22 23:04:41.971192
CUST5497,Preston Baker,justinwilliams@king.biz,001-585-542-9912x4341,"075 Christopher Plain Suite 493, Kimberlyborough, DC 93734",2023-09-20,Duplicate key constraint violation,2025-08-22 23:04:41.971192
CUST5498,Dustin Martinez,sara94@yahoo.com,776.364.0156x991,"8995 Riddle Wells Apt. 387, Johnsbury, TX 21606",2022-01-25,Duplicate key constraint violation,2025-08-22 23:04:41.971192
CUST5499,Alexandria Jones,laurenharris@edwards.com,001-417-225-0968,"748 Teresa Corner Suite 004, Michaelfurt, WA 76818",2019-06-28,Duplicate key constraint violation,2025-08-22 23:04:41.971192
CUST5500,Caroline Holt,shortjames@campbell.com,809.261.5694x469,"4122 Brown Hills Suite 798, Dianechester, IA 77549",2022-10-20,Duplicate key constraint violation,2025-08-22 23:04:41.971192
CUST5501,John Mcgrath,campbellvictoria@yahoo.com,+1-527-431-7838x652,"Unit 6260 Box 5294, DPO AP 15732",2019-07-02,Duplicate key constraint violation,2025-08-22 23:04:41.971192
CUST5502,Danielle Duncan,edwardssandra@yahoo.com,(878)319-8298,"87979 Andrea Ridges, East Rachel, NJ 53458",2019-09-13,Duplicate key constraint violation,2025-08-22 23:04:41.971192
CUST5503,Sheila Johnson,sanchezjames@gmail.com,(316)390-2260x2255,"846 Lisa Forges Apt. 544, Lake Patriciabury, CO 50134",2022-11-30,Duplicate key constraint violation,2025-08-22 23:04:41.971192
CUST5504,Victor Bell,jonathan88@wright-white.info,+1-080-190-9040,"311 Davis Tunnel, Port Rodney, KY 88494",2020-04-30,Duplicate key constraint violation,2025-08-22 23:04:41.971192
CUST5505,Emily May,jimenezdebra@hotmail.com,125.629.1861x830,"USCGC Myers, FPO AA 48478",2019-02-27,Duplicate key constraint violation,2025-08-22 23:04:41.971192
CUST5506,Nathan Li,emilyroberts@gmail.com,336-522-9103x37148,"226 Tiffany Burgs Suite 117, Barkerhaven, ND 30182",2024-11-23,Duplicate key constraint violation,2025-08-22 23:04:41.971192
CUST5507,Chase Snyder,wisekevin@richmond.org,(443)708-3329x877,"7422 Mcconnell Mountains, South Roberta, NV 67389",2020-02-07,Duplicate key constraint violation,2025-08-22 23:04:41.971192
CUST5508,Nancy Baker,reidmelissa@gmail.com,(468)133-3331,"9940 Brandon Drive, New Matthewstad, OR 85111",2019-05-21,Duplicate key constraint violation,2025-08-22 23:04:41.971192
CUST5509,Kyle Conley,kristina34@yahoo.com,+1-212-791-4968x05486,"013 Elizabeth Circles Suite 707, Pamelahaven, LA 16883",2021-05-19,Duplicate key constraint violation,2025-08-22 23:04:41.971192
CUST5510,Christopher Avila,wjackson@hotmail.com,5477784805,"328 John Lodge, Perezborough, IL 62750",2023-08-15,Duplicate key constraint violation,2025-08-22 23:04:41.971192
CUST5511,Robin Hickman,jerrylee@white.com,001-147-400-5488x07350,"173 Jones Groves, Fullertown, AL 57269",2022-02-19,Duplicate key constraint violation,2025-08-22 23:04:41.971192
CUST5512,Robert Hanson,rodgersdavid@stevens-brown.com,(072)635-0968x1751,"68653 Michael Spurs Suite 639, West Josephchester, HI 31971",2020-02-17,Duplicate key constraint violation,2025-08-22 23:04:41.971192
CUST5513,Alyssa Wilkins,brittney49@hotmail.com,+1-245-625-1439x4331,"99109 Smith Station Suite 633, Marychester, NY 77638",2020-03-19,Duplicate key constraint violation,2025-08-22 23:04:41.971192
CUST5514,Cynthia Morris,valeriepalmer@gmail.com,001-085-353-3670x961,"05867 Carter Ramp Suite 068, Shawside, IN 19298",2021-01-10,Duplicate key constraint violation,2025-08-22 23:04:41.971192
CUST5515,Alexis Rogers,kbennett@ashley.org,0768327409,"1173 Johnson Brook Apt. 023, Sharonview, KS 05148",2020-05-13,Duplicate key constraint violation,2025-08-22 23:04:41.971192
CUST5516,Juan Jenkins,robin05@gmail.com,(598)624-2100,"728 Vicki Shore Suite 020, Port David, NC 80122",2020-09-28,Duplicate key constraint violation,2025-08-22 23:04:41.971192
CUST5517,Alexis Mills,enolan@campbell-peterson.com,440.073.9595x302,"495 Beck Parkway Apt. 802, Duffyberg, NH 81874",2021-09-06,Duplicate key constraint violation,2025-08-22 23:04:41.971192
CUST5518,Stephanie Lewis,barryjoanna@lee-russell.com,(796)688-7173x60553,"5712 Tonya Field Apt. 506, Meyerstown, RI 33814",2021-08-05,Duplicate key constraint violation,2025-08-22 23:04:41.971192
CUST5519,Robert Wells,andrewmiller@yahoo.com,329.867.2364x7045,"68388 Teresa Brook, Williamsberg, IA 03517",2024-06-01,Duplicate key constraint violation,2025-08-22 23:04:41.971192
CUST5520,Anthony Zuniga,yangrebecca@yahoo.com,(129)545-4237x64818,"4323 Lisa Shore, West Ericahaven, NY 05625",2021-11-30,Duplicate key constraint violation,2025-08-22 23:04:41.971192
CUST5521,Kenneth Pham,robinwilson@cameron.info,315-037-1572x6103,"24114 Walker Port Suite 598, North Manuel, IL 07298",2023-06-27,Duplicate key constraint violation,2025-08-22 23:04:41.971192
CUST5522,Amanda Martinez,youngmargaret@vasquez.com,394.786.2455x2040,"43398 Jenna River Apt. 104, Brookefurt, WI 26549",2021-04-16,Duplicate key constraint violation,2025-08-22 23:04:41.971192
CUST5523,Tracy Stevens,danielroberts@walker.org,+1-570-711-1028x3993,"8879 Reed Landing, New Sarahton, AL 26520",2019-07-29,Duplicate key constraint violation,2025-08-22 23:04:41.971192
CUST5524,Andrew James,brooksheidi@marks-eaton.com,129.488.6098x283,"2906 Shaw Court Suite 442, Villarrealview, ND 37790",2024-11-08,Duplicate key constraint violation,2025-08-22 23:04:41.971192
CUST5525,James Gray,scottross@yahoo.com,001-679-450-0873x19123,"628 Danielle Flat Suite 940, Bowersstad, ME 47526",2024-12-10,Duplicate key constraint violation,2025-08-22 23:04:41.971192
CUST5526,John Larson,delgadoveronica@hotmail.com,(066)290-3648,"6030 Pacheco Track Apt. 287, West Victoriafort, OR 41915",2024-06-21,Duplicate key constraint violation,2025-08-22 23:04:41.971192
CUST5527,Patrick Cohen,nicholasmueller@walters.com,+1-975-579-1479x9324,"Unit 6092 Box 9368, DPO AP 69425",2019-11-04,Duplicate key constraint violation,2025-08-22 23:04:41.971192
CUST5528,Christopher Martinez,evalentine@hotmail.com,+1-385-816-7390,"2377 Susan Ways, Port Larryshire, TN 48637",2021-07-24,Duplicate key constraint violation,2025-08-22 23:04:41.971192
CUST5529,Amy Sanford,vgutierrez@hotmail.com,137.884.8656x071,"7311 Vazquez Common Suite 081, Murphyport, KY 26399",2020-06-16,Duplicate key constraint violation,2025-08-22 23:04:41.971192
CUST5530,Loretta Torres,markjohnson@thomas-everett.com,878.371.6278x849,"71290 Jorge Meadow, Romeroberg, AZ 11622",2023-06-02,Duplicate key constraint violation,2025-08-22 23:04:41.971192
CUST5531,Cynthia Richards,jordanjanice@gmail.com,317.107.6719x257,"USS Black, FPO AA 08099",2024-02-20,Duplicate key constraint violation,2025-08-22 23:04:41.971192
CUST5532,Steven Maynard,strongkimberly@yahoo.com,(244)660-9575x7813,"456 Bolton Glen Suite 947, Mejiaview, VA 23131",2019-09-29,Duplicate key constraint violation,2025-08-22 23:04:41.971192
CUST5533,Sally Cobb,cochranjudith@yahoo.com,776.474.0283x98465,"2796 William Crest, New Dustin, MS 52548",2021-10-05,Duplicate key constraint violation,2025-08-22 23:04:41.971192
CUST5534,Ashley Tyler,vchen@hotmail.com,(809)164-9476,"902 Paul Orchard Suite 458, East Catherineton, FL 68443",2021-07-24,Duplicate key constraint violation,2025-08-22 23:04:41.971192
CUST5535,Katie Brennan,vmayo@phillips-buck.biz,(377)786-0273,"458 Nathan Highway, Donnastad, CA 39937",2020-04-30,Duplicate key constraint violation,2025-08-22 23:04:41.971192
CUST5536,Alyssa Lara,bbrown@jones.com,(190)489-5690x3591,"583 Kara Underpass, Burnettbury, NM 20551",2020-09-28,Duplicate key constraint violation,2025-08-22 23:04:41.971192
CUST5537,Mr. Gary Larson,clarksara@scott.com,001-311-601-4673x492,"PSC 0107, Box 8647, APO AA 59250",2023-11-13,Duplicate key constraint violation,2025-08-22 23:04:41.971192
CUST5538,Brittany Mason,melanie75@yahoo.com,+1-180-524-5295x2232,"PSC 6046, Box 0718, APO AP 87892",2024-07-03,Duplicate key constraint violation,2025-08-22 23:04:41.971192
CUST5539,Matthew Williams,william18@hotmail.com,170-621-2978,"762 Hunt Radial, North Lisamouth, MA 95302",2023-09-18,Duplicate key constraint violation,2025-08-22 23:04:41.971192
CUST5540,Kevin Mullen,chungsteven@howell-douglas.com,223.034.1410x55890,"66689 Dana Coves, Hannaborough, PA 06590",2021-11-15,Duplicate key constraint violation,2025-08-22 23:04:41.971192
CUST5541,Christopher Foster,jimeneztimothy@miller.biz,+1-701-311-6004,"498 Johnson Fall Apt. 464, Port Breannaborough, AZ 64484",2021-02-25,Duplicate key constraint violation,2025-08-22 23:04:41.971192
CUST5542,Michael Petersen,kellyvictoria@gmail.com,926.680.7118,"597 Diane Club, Port Tanya, PA 43706",2019-06-01,Duplicate key constraint violation,2025-08-22 23:04:41.971192
CUST5543,Michael Hogan,danielmiller@sloan.net,+1-655-732-4772x545,"001 Joel Locks Apt. 785, East Lisaside, CA 63052",2023-05-19,Duplicate key constraint violation,2025-08-22 23:04:41.971192
CUST5544,Grace Adams,matthewsgeorge@rosario-morales.info,001-653-186-4441x5398,"624 Boyd Springs, Hardyshire, OH 77309",2020-09-27,Duplicate key constraint violation,2025-08-22 23:04:41.971192
CUST5545,Jennifer Cunningham,turnerjacob@davis.com,+1-469-133-3886x66760,"1111 Long Curve, Daybury, IN 10955",2024-07-13,Duplicate key constraint violation,2025-08-22 23:04:41.971192
CUST5546,Elizabeth Brady,perezleroy@kidd.com,(234)502-1544x427,"PSC 5276, Box 3763, APO AE 41635",2020-07-22,Duplicate key constraint violation,2025-08-22 23:04:41.971192
CUST5547,Morgan Nguyen,jesusmason@hotmail.com,+1-631-803-0701x663,"32242 Carter Island Apt. 194, South Danielhaven, DC 45262",2019-07-17,Duplicate key constraint violation,2025-08-22 23:04:41.971192
CUST5548,Timothy Hudson,ann25@gmail.com,(955)464-1341x00771,"8360 Evans Dale, Velazqueztown, PA 77831",2022-06-10,Duplicate key constraint violation,2025-08-22 23:04:41.971192
CUST5549,Jonathan Ward,nashhunter@cole-jackson.biz,8504458831,"020 Oliver Route Suite 041, Mitchellland, WA 54642",2023-05-02,Duplicate key constraint violation,2025-08-22 23:04:41.971192
CUST5550,Kristen Lopez,wlong@hotmail.com,001-636-017-5905x162,"9978 Crystal Glen, East Jennifer, AR 29756",2024-05-19,Duplicate key constraint violation,2025-08-22 23:04:41.971192
CUST5551,Timothy Moore,johnsonpaul@adams.com,691-760-1877,"68042 Dawson Rue Suite 929, Mirandaborough, SD 76296",2024-02-12,Duplicate key constraint violation,2025-08-22 23:04:41.971192
CUST5552,Jennifer Diaz,baileyrebecca@yahoo.com,006.577.9799,"094 Melissa Glen Apt. 989, New Douglasmouth, WA 30368",2023-09-20,Duplicate key constraint violation,2025-08-22 23:04:41.971192
CUST5553,Jessica Lopez,foliver@holland.com,725.146.0953x37546,"744 Torres Trace Apt. 401, Johnberg, LA 30398",2022-09-22,Duplicate key constraint violation,2025-08-22 23:04:41.971192
CUST5554,James Aguilar,danielolson@hotmail.com,001-423-214-4350x700,"5192 Horton Crest, Port Ronnieburgh, AK 63541",2024-12-23,Duplicate key constraint violation,2025-08-22 23:04:41.971192
CUST5555,Jodi Blackburn,hoodjoseph@hotmail.com,(298)970-6477x50133,"357 Robert Mill Suite 147, Stephenbury, WY 87330",2021-08-05,Duplicate key constraint violation,2025-08-22 23:04:41.971192
CUST5556,James Marsh,landrymark@gmail.com,8455571369,"51622 Hoover Trafficway Apt. 289, Wallacefort, SC 57244",2019-09-20,Duplicate key constraint violation,2025-08-22 23:04:41.971192
CUST5557,Zachary Knight,colemanmelvin@medina.com,001-698-826-1395,"9146 Clark Haven, Tinafort, CT 27250",2022-05-09,Duplicate key constraint violation,2025-08-22 23:04:41.971192
CUST5558,Kimberly Morgan,barbara83@gmail.com,(710)774-9875,"164 Amanda Drive Apt. 645, Donnafort, WY 05574",2024-12-30,Duplicate key constraint violation,2025-08-22 23:04:41.971192
CUST5559,Hannah Miller,conleyrebecca@yahoo.com,264-522-9647,"90464 Rogers Shoal, Lake Ashleyborough, MO 32144",2024-08-16,Duplicate key constraint violation,2025-08-22 23:04:41.971192
CUST5560,Harold Schneider,sawyerthomas@hotmail.com,(503)470-9749x8727,"19972 Wendy Roads Apt. 230, Jimenezchester, IA 48451",2021-08-30,Duplicate key constraint violation,2025-08-22 23:04:41.971192
CUST5561,Glenn Taylor,smithrobert@yahoo.com,(279)654-6629x621,"681 Matthew Ville, Lake Stephanieborough, WA 30291",2022-10-24,Duplicate key constraint violation,2025-08-22 23:04:41.971192
CUST5562,Amanda Shea,gomezjesus@parker.com,(671)755-3066,"34082 Spencer Spring, Sharptown, VT 77584",2022-05-29,Duplicate key constraint violation,2025-08-22 23:04:41.971192
CUST5563,Scott Steele,oneillapril@gmail.com,171.722.3185x7327,"035 Michael Corners, Brandonton, OH 29592",2021-09-09,Duplicate key constraint violation,2025-08-22 23:04:41.971192
CUST5564,Kelly Stephens,gkennedy@jenkins.biz,571-980-1882,"96534 Navarro Unions, Nathanbury, TX 57063",2024-09-25,Duplicate key constraint violation,2025-08-22 23:04:41.971192
CUST5565,Caitlin Wright,dgriffin@cohen.org,001-691-078-6657x13159,"83446 Taylor Vista, East Kelly, AR 10156",2023-11-15,Duplicate key constraint violation,2025-08-22 23:04:41.971192
CUST5566,Michael Lee,vhenry@hotmail.com,353.397.9547x455,"930 Brittany Ridges, New Lisa, TX 70833",2022-01-20,Duplicate key constraint violation,2025-08-22 23:04:41.971192
CUST5567,Sabrina Bennett,lisa01@hotmail.com,430.279.1957x3682,"0393 Michelle Path, Morrowfurt, DE 67473",2022-04-11,Duplicate key constraint violation,2025-08-22 23:04:41.971192
CUST5568,Alyssa Massey,hunter15@ali-larson.info,876-527-2715x84496,"47202 Danielle Mount, South Bridget, UT 80068",2023-04-08,Duplicate key constraint violation,2025-08-22 23:04:41.971192
CUST5569,Amanda Chavez,gpeters@hines-robinson.com,416-996-7386,"PSC 7233, Box 2868, APO AE 13915",2022-08-13,Duplicate key constraint violation,2025-08-22 23:04:41.971192
CUST5570,Jennifer Miller,johnsonrobert@key.biz,(496)833-9337x614,"09084 Kenneth Fall Apt. 816, Comptonton, WV 24853",2022-08-03,Duplicate key constraint violation,2025-08-22 23:04:41.971192
CUST5571,Miranda Boyle,rodriguezmichael@hotmail.com,(662)334-0031x459,"81561 John Loaf, West Kara, LA 90666",2021-04-30,Duplicate key constraint violation,2025-08-22 23:04:41.971192
CUST5572,Thomas Cardenas,vlawson@hotmail.com,+1-129-950-9783x804,"PSC 9088, Box 4630, APO AE 80629",2020-01-27,Duplicate key constraint violation,2025-08-22 23:04:41.971192
CUST5573,Kevin Bird,rrussell@gmail.com,445-298-9334x68576,"6491 Ware Parkway Apt. 693, Gordonstad, SD 26632",2022-05-27,Duplicate key constraint violation,2025-08-22 23:04:41.971192
CUST5574,Alexandra Kramer,janicemendez@gmail.com,(675)487-6074x77403,"813 Turner Prairie, Kristinefurt, TN 19197",2022-05-10,Duplicate key constraint violation,2025-08-22 23:04:41.971192
CUST5575,Martin Adams,mcbridekyle@yahoo.com,(771)788-1323x646,"98836 Jennifer Pine Apt. 508, New Ronnie, MD 01671",2021-03-10,Duplicate key constraint violation,2025-08-22 23:04:41.971192
CUST5576,Jennifer Jackson,susan99@rogers.net,001-063-513-2917,"00691 Robinson Pines, West Victortown, CT 84266",2020-02-21,Duplicate key constraint violation,2025-08-22 23:04:41.971192
CUST5577,Ronald King,kimberly81@hotmail.com,279.016.8383x6614,"1534 Selena Ridges Apt. 084, West Melissa, MT 94994",2021-09-20,Duplicate key constraint violation,2025-08-22 23:04:41.971192
CUST5578,Leslie Moran,brownchristopher@murray.info,362.331.1031,"PSC 5622, Box 9448, APO AA 11715",2023-08-01,Duplicate key constraint violation,2025-08-22 23:04:41.971192
CUST5579,Taylor Macias,victoriarose@yahoo.com,146.810.4311x33212,"190 Lewis Fields Apt. 306, East Annachester, WI 59497",2024-12-26,Duplicate key constraint violation,2025-08-22 23:04:41.971192
CUST5580,Toni Miranda,xmoore@christian.com,469.694.2430,"352 Smith Rue Suite 747, East Lisa, ID 52812",2020-11-02,Duplicate key constraint violation,2025-08-22 23:04:41.971192
CUST5581,Jonathan Stanton,benderkenneth@davis-taylor.com,001-607-744-0054x5593,"5048 Morrison Crossing Apt. 259, West Russell, MA 26378",2022-07-17,Duplicate key constraint violation,2025-08-22 23:04:41.971192
CUST5582,Raymond Greene,rwhite@gmail.com,+1-933-777-1425x442,"06109 Cervantes Vista, South Lindsey, ND 99045",2021-05-21,Duplicate key constraint violation,2025-08-22 23:04:41.971192
CUST5583,Sandra Hall,figueroajason@yahoo.com,872-809-4205,"5467 Mercedes Divide Apt. 895, Susantown, FL 40656",2023-09-10,Duplicate key constraint violation,2025-08-22 23:04:41.971192
CUST5584,Kathleen Smith,wilsonbrian@hess.biz,322.417.7651x7618,"39792 Joshua Way Apt. 399, Hickston, IN 81478",2024-03-18,Duplicate key constraint violation,2025-08-22 23:04:41.971192
CUST5585,Crystal Conley,lisaharris@hotmail.com,001-012-141-5866x6095,"78112 Johnson Mall Suite 696, West Peter, MD 64724",2021-09-29,Duplicate key constraint violation,2025-08-22 23:04:41.971192
CUST5586,Chad Hoffman,kruegernicholas@yahoo.com,001-329-703-5317x850,"26666 Myers Manors Suite 471, Blairbury, OK 29210",2022-01-29,Duplicate key constraint violation,2025-08-22 23:04:41.971192
CUST5587,Corey Deleon,richardjoshua@solis.info,409.372.1223,"55187 Vargas Shore Suite 389, West Michelleberg, MD 27564",2024-11-11,Duplicate key constraint violation,2025-08-22 23:04:41.971192
CUST5588,Teresa Liu,cherrypeter@yahoo.com,+1-971-741-1107x8241,"76371 Ramirez Drive Apt. 158, Carrillomouth, IL 84152",2023-02-02,Duplicate key constraint violation,2025-08-22 23:04:41.971192
CUST5589,William Phillips,shawlisa@norman-rivera.biz,001-016-445-8950,"556 Macias Expressway, East Lindsay, NY 95599",2023-05-27,Duplicate key constraint violation,2025-08-22 23:04:41.971192
CUST5590,Michelle Smith,arielthomas@wu-warren.com,001-753-317-8686x247,"0123 Buckley Port, Kevintown, AL 49785",2019-09-29,Duplicate key constraint violation,2025-08-22 23:04:41.971192
CUST5591,Jessica Brown,amyzuniga@bailey-bryant.org,001-931-696-7171x8884,"24585 Hannah Heights, Danielside, RI 89932",2024-05-05,Duplicate key constraint violation,2025-08-22 23:04:41.971192
CUST5592,Laura Ibarra,mirandaolson@morales-lynn.org,001-670-566-7011x847,"4724 Bowman River Apt. 116, Brittanystad, AZ 67158",2023-12-08,Duplicate key constraint violation,2025-08-22 23:04:41.971192
CUST5593,Shelley Cameron,srodriguez@yahoo.com,017-949-8516x912,"7181 Matthew Spring, Scottborough, SC 34569",2020-02-01,Duplicate key constraint violation,2025-08-22 23:04:41.971192
CUST5594,David Hill,lnichols@brennan.com,+1-139-908-4767x40721,"PSC 5497, Box 3638, APO AA 56910",2020-11-13,Duplicate key constraint violation,2025-08-22 23:04:41.971192
CUST5595,Mr. Robert Lopez,ramostheresa@yahoo.com,+1-025-120-9822,"2064 Stacey Corner, Deborahport, IA 62243",2020-05-08,Duplicate key constraint violation,2025-08-22 23:04:41.971192
CUST5596,Matthew Ruiz,peggy42@keith.com,001-818-974-5274x35016,"977 Hernandez Pass, Hernandezhaven, IL 00649",2024-11-16,Duplicate key constraint violation,2025-08-22 23:04:41.971192
CUST5597,Laura Roberts,ihouston@davis.biz,(868)637-0691x31416,"79174 Bowen Grove, Floreschester, NC 76585",2021-12-28,Duplicate key constraint violation,2025-08-22 23:04:41.971192
CUST5598,Michael Mitchell,mark36@hotmail.com,407-723-2274x3602,"Unit 3951 Box 5699, DPO AA 17335",2021-12-21,Duplicate key constraint violation,2025-08-22 23:04:41.971192
CUST5599,Lauren Flores,clarkemolly@hotmail.com,(562)997-8638x4754,"Unit 5665 Box 5301, DPO AP 94358",2019-02-05,Duplicate key constraint violation,2025-08-22 23:04:41.971192
CUST5600,Bryce Calderon,susan03@hotmail.com,777.499.8989x8738,"11603 Martin Walks, South Rachelton, MS 54342",2023-05-18,Duplicate key constraint violation,2025-08-22 23:04:41.971192
CUST5601,William Sawyer,theresasteele@simpson.net,+1-800-707-7795,"46015 James Views Apt. 593, Huberberg, NY 39576",2023-05-29,Duplicate key constraint violation,2025-08-22 23:04:41.971192
CUST5602,David Jensen,vsmith@yahoo.com,+1-515-686-9166x60383,"0740 Paul Hills, West Aliciaview, WA 49455",2021-03-25,Duplicate key constraint violation,2025-08-22 23:04:41.971192
CUST5603,Ricardo Figueroa,smartin@andrews.com,9795399586,"07830 Smith Neck Apt. 728, Huntton, AL 43016",2019-04-12,Duplicate key constraint violation,2025-08-22 23:04:41.971192
CUST5604,Heidi Benson,garciaamy@simmons.com,594-046-3288x49137,"09755 Lori Loop Apt. 092, Kevinhaven, CO 95399",2020-10-28,Duplicate key constraint violation,2025-08-22 23:04:41.971192
CUST5605,Benjamin Glover,ginawright@freeman.info,100.309.0469,"85218 Kimberly Island Apt. 835, Perryburgh, KY 06729",2019-09-05,Duplicate key constraint violation,2025-08-22 23:04:41.971192
CUST5606,James Hampton,james99@thomas.com,001-385-771-4530x15651,"1257 Mccarthy Squares Suite 640, East Melissa, VA 68543",2023-08-31,Duplicate key constraint violation,2025-08-22 23:04:41.971192
CUST5607,Roy Morgan,youngdonald@taylor.com,739.380.3803,"768 Dodson Field Suite 009, Jamesland, MI 23751",2023-10-10,Duplicate key constraint violation,2025-08-22 23:04:41.971192
CUST5608,Wendy Byrd,nathaniel79@yahoo.com,+1-981-473-8046x8440,"76820 Oliver Keys, North David, KS 30690",2022-09-26,Duplicate key constraint violation,2025-08-22 23:04:41.971192
CUST5609,Steven Campbell,brownandrew@villarreal.org,(313)637-4181x6980,"554 John Fields, Martinbury, MD 41659",2023-10-15,Duplicate key constraint violation,2025-08-22 23:04:41.971192
CUST5610,John Rogers,baileyroberts@hotmail.com,(354)088-4526,"9166 Christopher Loop, East Jessicaview, VT 60523",2023-04-05,Duplicate key constraint violation,2025-08-22 23:04:41.971192
CUST5611,Jacqueline Pace,johngreene@hotmail.com,290-003-7835x7211,"4696 Jason Ways, Williamshaven, VT 43648",2019-06-16,Duplicate key constraint violation,2025-08-22 23:04:41.971192
CUST5612,Amy Butler,roger11@gmail.com,023.600.9856,"01440 Davis Turnpike, South Johnbury, ND 11324",2021-12-29,Duplicate key constraint violation,2025-08-22 23:04:41.971192
CUST5613,Mario Boyd,rebecca27@sullivan.info,(093)709-0419,"904 Campbell Glen, West Chadfort, SC 49229",2024-04-23,Duplicate key constraint violation,2025-08-22 23:04:41.971192
CUST5614,Lindsay Moore,jeffrey61@bonilla.com,632.244.3012x48449,"USNS Burns, FPO AP 54123",2019-02-28,Duplicate key constraint violation,2025-08-22 23:04:41.971192
CUST5615,Joseph Jones,susanlee@yahoo.com,(856)091-1154,"822 William Pass Apt. 095, West Johnchester, AZ 53454",2019-12-20,Duplicate key constraint violation,2025-08-22 23:04:41.971192
CUST5616,Hailey Solomon,christian59@french.com,(968)896-2716x0470,"314 Pratt Ford Apt. 492, Conwaychester, IA 34246",2019-05-26,Duplicate key constraint violation,2025-08-22 23:04:41.971192
CUST5617,Ms. Meagan Murphy DDS,kmcdonald@yahoo.com,001-090-593-6687x9288,"81190 Ronnie Manors Suite 559, Bradleyton, NE 33071",2020-09-10,Duplicate key constraint violation,2025-08-22 23:04:41.971192
CUST5618,Taylor Pearson,gonzalezsteven@johnston.com,529.985.4925,"0192 Michael Port, New Melvin, DC 76896",2021-08-27,Duplicate key constraint violation,2025-08-22 23:04:41.971192
CUST5619,Martin Warren,cody13@hotmail.com,+1-083-015-7516x3606,"539 Santana Fort Apt. 612, North Devon, OH 79790",2020-11-03,Duplicate key constraint violation,2025-08-22 23:04:41.971192
CUST5620,Joseph Sutton,dana39@lopez.com,(203)340-8733x419,"67193 Arthur Islands Suite 110, Lake Krista, VT 29638",2022-09-22,Duplicate key constraint violation,2025-08-22 23:04:41.971192
CUST5621,James Gordon,amy00@gmail.com,598.744.8327x2975,"509 Hernandez Lights Suite 421, Kellerfurt, NY 57479",2023-10-08,Duplicate key constraint violation,2025-08-22 23:04:41.971192
CUST5622,Joseph Meyer,alejandro66@gmail.com,001-481-602-4270,"2351 Potter Via, West Benjaminshire, AZ 24862",2020-07-26,Duplicate key constraint violation,2025-08-22 23:04:41.971192
CUST5623,Lisa Edwards,collinsvanessa@smith-wiggins.net,(560)463-1516x54487,"65873 Michael Mission Apt. 383, East Mike, CT 44589",2024-09-02,Duplicate key constraint violation,2025-08-22 23:04:41.971192
CUST5624,Christy Burns,rstone@hotmail.com,+1-368-985-5590,"USNV Jordan, FPO AP 02219",2022-04-10,Duplicate key constraint violation,2025-08-22 23:04:41.971192
CUST5625,Deanna Roberts,kbecker@gmail.com,+1-698-411-1034,"041 Santiago Locks Apt. 651, Ruthstad, IL 26790",2024-06-15,Duplicate key constraint violation,2025-08-22 23:04:41.971192
CUST5626,Sarah Brown,ywright@barrera.com,(720)725-5338x36551,"6795 Henry Views, New Sandrabury, VA 73052",2021-10-07,Duplicate key constraint violation,2025-08-22 23:04:41.971192
CUST5627,Joseph Allen,ahenson@gmail.com,001-956-193-1895,"USNV Austin, FPO AA 54210",2019-11-02,Duplicate key constraint violation,2025-08-22 23:04:41.971192
CUST5628,Jane Keller,vweber@wallace-kirby.com,721-907-1511x6211,"39134 Brown Station Apt. 437, Harrisonborough, AZ 00505",2022-01-08,Duplicate key constraint violation,2025-08-22 23:04:41.971192
CUST5629,Amy Barr,ytate@delgado-hamilton.net,602.052.8765x28164,"USCGC Nelson, FPO AA 59286",2020-08-25,Duplicate key constraint violation,2025-08-22 23:04:41.971192
CUST5630,Aaron Hendricks,johnnybowen@kelly.com,(548)121-5785x6138,"027 Figueroa Village Apt. 323, New Jenniferberg, WA 88266",2021-03-03,Duplicate key constraint violation,2025-08-22 23:04:41.971192
CUST5631,Amanda Crane,julie51@mcdaniel-anderson.com,(657)436-0059x269,"Unit 4717 Box 3218, DPO AP 22411",2021-10-06,Duplicate key constraint violation,2025-08-22 23:04:41.971192
CUST5632,Allen Harris,katie98@yahoo.com,538.200.1167x0933,"9610 Brianna Park Apt. 617, East Nancy, NV 86864",2020-07-04,Duplicate key constraint violation,2025-08-22 23:04:41.971192
CUST5633,Francis Watkins,shawn77@hotmail.com,001-735-430-0414,"1946 Richard Cape, Donnafort, VA 61493",2019-02-24,Duplicate key constraint violation,2025-08-22 23:04:41.971192
CUST5634,Jasmine Smith,sjones@gmail.com,090.728.0749,"03020 Jennifer Club Suite 448, Starkland, PA 77382",2019-04-24,Duplicate key constraint violation,2025-08-22 23:04:41.971192
CUST5635,Jennifer Edwards,jonathan89@hotmail.com,(862)374-6652,"2769 Cunningham Knolls Suite 160, South Reginaldchester, WA 50374",2023-12-15,Duplicate key constraint violation,2025-08-22 23:04:41.971192
CUST5636,Sharon Clark,valeriehayes@king.biz,764.933.0565,"08028 Tabitha Squares, East Jessica, MO 66846",2022-02-05,Duplicate key constraint violation,2025-08-22 23:04:41.971192
CUST5637,Bryce Cain,bennettnicole@hotmail.com,(240)994-6617,"49810 Stout Spring Suite 220, South Kyle, UT 97366",2022-05-20,Duplicate key constraint violation,2025-08-22 23:04:41.971192
CUST5638,Megan Parsons,mrowe@clarke.com,853.421.7639x901,"606 Reyes Ranch Suite 570, Jameschester, CO 26634",2024-11-24,Duplicate key constraint violation,2025-08-22 23:04:41.971192
CUST5639,John Brown,ilopez@hotmail.com,(002)515-6355x318,"195 Alicia Manors, East Nathanfurt, NC 71894",2019-03-25,Duplicate key constraint violation,2025-08-22 23:04:41.971192
CUST5640,David Richardson,clarkwilliam@gmail.com,+1-778-260-1665x81886,"30775 Christopher Ramp Suite 659, Sydneyfort, MA 08896",2023-04-10,Duplicate key constraint violation,2025-08-22 23:04:41.971192
CUST5641,David Johnson,jacksonronald@hotmail.com,(543)713-6245,"438 Campbell Cove Suite 116, Rodriguezton, CO 21598",2024-03-26,Duplicate key constraint violation,2025-08-22 23:04:41.971192
CUST5642,Luis Thomas,douglasmichelle@yahoo.com,410-231-3817x25582,"313 Guerra Land Apt. 905, Kanetown, AZ 79520",2020-11-18,Duplicate key constraint violation,2025-08-22 23:04:41.971192
CUST5643,Stephen Moore,vicki08@hoffman.com,7440884263,"7214 Garcia Ridges, Port Lauraland, ME 59020",2019-06-07,Duplicate key constraint violation,2025-08-22 23:04:41.971192
CUST5644,Kelly Gomez,gregorywilson@gmail.com,001-655-468-7563x1414,"918 Barry Field Suite 834, Margaretstad, SC 21550",2020-11-15,Duplicate key constraint violation,2025-08-22 23:04:41.971192
CUST5645,Lisa Downs,john38@mendoza.info,(256)094-9134x584,"89393 Dunn Summit Suite 589, Hardinghaven, WV 71721",2019-02-07,Duplicate key constraint violation,2025-08-22 23:04:41.971192
CUST5646,Tyler Hart,millerann@gmail.com,(883)850-5581x625,"199 Stone Isle, Lake Matthewshire, DE 18951",2024-11-06,Duplicate key constraint violation,2025-08-22 23:04:41.971192
CUST5647,Kelly Clark,jharris@rivera.net,(212)613-3858x036,"2202 Valencia Curve Apt. 628, New Justin, ID 19314",2023-06-25,Duplicate key constraint violation,2025-08-22 23:04:41.971192
CUST5648,Corey Bender,kennethhorton@rodriguez.org,001-621-191-6593x63858,"Unit 8502 Box 3231, DPO AP 79723",2022-12-22,Duplicate key constraint violation,2025-08-22 23:04:41.971192
CUST5649,Nathaniel Smith,kaitlynmoran@hines.com,001-878-209-1840x7621,"866 Taylor Grove Apt. 754, South Christine, OR 84335",2020-01-11,Duplicate key constraint violation,2025-08-22 23:04:41.971192
CUST5650,Jennifer Brown,ehale@adkins-fry.com,+1-316-173-7607,"7958 James Plaza, New David, ND 63411",2022-07-07,Duplicate key constraint violation,2025-08-22 23:04:41.971192
CUST5651,Andrew Wallace,marshallkevin@gmail.com,(775)770-1406x5862,"33376 Anthony Flats Suite 472, North Alejandra, PA 54133",2019-04-17,Duplicate key constraint violation,2025-08-22 23:04:41.971192
CUST5652,Kevin Kelly,amyhopkins@martin-chavez.com,001-853-326-5098x9204,"681 Christopher Lodge Suite 220, New Tinaborough, HI 49935",2024-03-08,Duplicate key constraint violation,2025-08-22 23:04:41.971192
CUST5653,Kevin Mcgee,whitewilliam@yahoo.com,328.750.7869x79587,"Unit 8797 Box 6208, DPO AE 27794",2024-09-16,Duplicate key constraint violation,2025-08-22 23:04:41.971192
CUST5654,Debra Mendoza,stonenicole@gmail.com,+1-067-347-4292x19055,"1632 Thompson Drive Suite 867, Frostburgh, KS 87552",2021-08-08,Duplicate key constraint violation,2025-08-22 23:04:41.971192
CUST5655,Daisy Mcfarland,sheena51@smith.biz,001-154-780-7332x006,"700 Mackenzie Junctions Apt. 731, Munozton, VA 23968",2021-11-26,Duplicate key constraint violation,2025-08-22 23:04:41.971192
CUST5656,Allen Leonard,mjones@allen-evans.com,321-751-8094x9362,"53658 Henderson Lock, Wendyside, PA 47018",2023-03-25,Duplicate key constraint violation,2025-08-22 23:04:41.971192
CUST5657,Paul Harris,shirley83@edwards.org,872.694.1859x56360,"83302 Jeffrey Estates Suite 734, Fisherville, SC 12099",2019-08-31,Duplicate key constraint violation,2025-08-22 23:04:41.971192
CUST5658,Cody Torres,smithamy@rodriguez-norris.com,069.975.9279x81678,"10906 John Lakes, Port Christybury, RI 75189",2023-11-09,Duplicate key constraint violation,2025-08-22 23:04:41.971192
CUST5659,Cody Greene,thomaschristian@anderson.info,300-294-4516x089,"365 Mitchell Plaza Suite 036, North Nicole, MN 11818",2024-01-19,Duplicate key constraint violation,2025-08-22 23:04:41.971192
CUST5660,Jennifer Hickman MD,kanderson@gmail.com,(773)083-9309,"Unit 1440 Box 4392, DPO AE 43749",2024-06-23,Duplicate key constraint violation,2025-08-22 23:04:41.971192
CUST5661,Randy Stewart,armstrongheather@hotmail.com,(285)811-7745,"08523 Brewer Cape Apt. 274, Fieldston, WI 45459",2020-11-09,Duplicate key constraint violation,2025-08-22 23:04:41.971192
CUST5662,Misty Sanchez MD,williamtorres@bradley.com,234-894-0395x90552,"116 Julie Plaza Suite 620, East Megan, NJ 61321",2021-06-04,Duplicate key constraint violation,2025-08-22 23:04:41.971192
CUST5663,Michelle Watson,eugene24@yahoo.com,(748)781-7087x264,"472 Hahn Path, Joseville, NC 67744",2020-03-26,Duplicate key constraint violation,2025-08-22 23:04:41.971192
CUST5664,Ashley Schneider,vangkevin@taylor.net,+1-831-107-2168,"40657 Sweeney Points, Sharonview, IN 75595",2024-10-13,Duplicate key constraint violation,2025-08-22 23:04:41.971192
CUST5665,Robert Peters,rmcconnell@mitchell-johnston.com,001-370-849-5511x411,"1161 Scott Brooks Suite 235, Phillipmouth, PA 78931",2020-01-23,Duplicate key constraint violation,2025-08-22 23:04:41.971192
CUST5666,Shannon Ford,daniel04@gmail.com,163-962-8306x67008,"081 Taylor Passage Suite 795, Port Johnfort, VT 52929",2024-11-14,Duplicate key constraint violation,2025-08-22 23:04:41.971192
CUST5667,Michael Camacho,lisawatkins@yahoo.com,045.624.7542x662,"7525 April Inlet Apt. 150, North Mark, RI 85948",2021-06-10,Duplicate key constraint violation,2025-08-22 23:04:41.971192
CUST5668,Daniel Mcbride,donald11@lucas.biz,2801018191,"4932 William Path Apt. 111, Cummingsbury, LA 02730",2023-06-26,Duplicate key constraint violation,2025-08-22 23:04:41.971192
CUST5669,John Cuevas MD,etaylor@hotmail.com,+1-775-295-1242x051,"16084 Nguyen Flats Suite 913, West Carol, TX 92283",2022-08-10,Duplicate key constraint violation,2025-08-22 23:04:41.971192
CUST5670,Frederick Jimenez,kayla27@young.com,963-528-0431,"3657 Cox Field Apt. 332, Hamiltonborough, AZ 96895",2022-02-09,Duplicate key constraint violation,2025-08-22 23:04:41.971192
CUST5671,Kathleen Mullins,kevin08@montoya-jenkins.com,927-246-8192x189,"PSC 1630, Box 5667, APO AP 76520",2021-08-03,Duplicate key constraint violation,2025-08-22 23:04:41.971192
CUST5672,Alison Walker,wilsonandrew@vaughn.com,(288)679-7701x2014,"10726 Allen Motorway, North Katherineville, UT 05700",2019-09-01,Duplicate key constraint violation,2025-08-22 23:04:41.971192
CUST5673,Maria Morales,matthew19@smith.com,001-116-710-8576x9395,"69072 Sandoval Road Apt. 517, New Debraland, KS 29386",2022-07-29,Duplicate key constraint violation,2025-08-22 23:04:41.971192
CUST5674,Rodney Murphy,joshuasanford@hotmail.com,001-829-179-3395x641,"Unit 4642 Box 3804, DPO AP 10676",2022-02-16,Duplicate key constraint violation,2025-08-22 23:04:41.971192
CUST5675,Benjamin Smith,jakedickerson@yahoo.com,+1-653-063-7408x5132,"75286 Wolfe Spur, East John, IN 87669",2019-12-21,Duplicate key constraint violation,2025-08-22 23:04:41.971192
CUST5676,Joshua Wilson,smithtricia@hotmail.com,001-885-991-9625x44239,"6523 Larsen Summit Apt. 002, West Rebecca, GA 62446",2021-01-29,Duplicate key constraint violation,2025-08-22 23:04:41.971192
CUST5677,Robert Smith,tbrown@huerta.biz,+1-812-782-9108x6800,"26682 Jacqueline Hills, Beasleyport, NM 26368",2020-03-16,Duplicate key constraint violation,2025-08-22 23:04:41.971192
CUST5678,Daniel Dillon,alexander46@yahoo.com,+1-428-707-3686,"308 Robert Divide, South Aarontown, MS 12064",2024-02-24,Duplicate key constraint violation,2025-08-22 23:04:41.971192
CUST5679,Lisa Pope,maureen25@gmail.com,001-224-605-0181x283,"160 White Pines Suite 318, Shannonchester, CA 46828",2019-04-04,Duplicate key constraint violation,2025-08-22 23:04:41.971192
CUST5680,Victoria Clark,unguyen@mora-figueroa.com,681.844.4152,"563 Michael Rapid, New Veronicamouth, LA 53760",2024-05-12,Duplicate key constraint violation,2025-08-22 23:04:41.971192
CUST5681,Kimberly Williams,garciaangela@hotmail.com,+1-875-323-8048,"9671 Patricia Lodge, Normanfort, TX 61643",2022-12-22,Duplicate key constraint violation,2025-08-22 23:04:41.971192
CUST5682,Donald Johnson,rachel51@gomez-hardin.com,+1-109-816-8041,"805 Williams Avenue Suite 711, Armstronghaven, ND 17396",2021-10-21,Duplicate key constraint violation,2025-08-22 23:04:41.971192
CUST5683,Ralph Castaneda,martingloria@gmail.com,(925)392-6036x51904,"344 Coleman Heights Suite 360, West Nancy, MI 65592",2023-11-17,Duplicate key constraint violation,2025-08-22 23:04:41.971192
CUST5684,Rebecca Crawford,bmay@gmail.com,493.777.9196,"8007 Neal Village Suite 151, Kelleyfurt, IL 50804",2020-12-10,Duplicate key constraint violation,2025-08-22 23:04:41.971192
CUST5685,Donna Williams,avelasquez@hotmail.com,+1-808-494-5859,"260 Cox Springs Apt. 328, Reeseberg, TX 11419",2019-06-02,Duplicate key constraint violation,2025-08-22 23:04:41.971192
CUST5686,Dr. Olivia Nelson MD,stevenshannon@palmer-baird.net,001-658-076-4580x76122,"10227 Marsh Key, Fostertown, CA 02959",2024-11-28,Duplicate key constraint violation,2025-08-22 23:04:41.971192
CUST5687,Tiffany Chavez,samuel13@yahoo.com,332-137-6548x5665,"633 Michael Center Suite 467, Rickchester, NC 06216",2020-12-23,Duplicate key constraint violation,2025-08-22 23:04:41.971192
CUST5688,Katherine Benson,joe92@gmail.com,010.651.3958x16899,"9996 Patricia Stravenue, North Christopherside, UT 12883",2020-10-19,Duplicate key constraint violation,2025-08-22 23:04:41.971192
CUST5689,Natalie Sutton,twillis@gmail.com,346-747-4352x0095,"3444 Arnold Trace Suite 973, Schmitthaven, MS 98050",2023-10-29,Duplicate key constraint violation,2025-08-22 23:04:41.971192
CUST5690,Sarah Miller,qgutierrez@yahoo.com,993.002.1155x0973,"305 Angela Flat Apt. 636, Powersburgh, DE 62725",2021-03-25,Duplicate key constraint violation,2025-08-22 23:04:41.971192
CUST5691,Kathryn Pena,fshort@yahoo.com,+1-043-492-2418x0593,"038 Williams Key Suite 397, East Williamshire, RI 86501",2022-05-16,Duplicate key constraint violation,2025-08-22 23:04:41.971192
CUST5692,Franklin Carlson,nicole44@gmail.com,4460103190,"885 Williams Corners Suite 752, Lawrencetown, DC 98825",2024-12-18,Duplicate key constraint violation,2025-08-22 23:04:41.971192
CUST5693,Cynthia Miller,czimmerman@gmail.com,(231)202-8132,"75768 Rodriguez Garden Apt. 215, South Christineberg, IL 64226",2019-07-29,Duplicate key constraint violation,2025-08-22 23:04:41.971192
CUST5694,Joseph Graham,ltaylor@yahoo.com,(226)547-5735x19804,"2404 George Cliffs, Port Denisefurt, NH 34604",2019-08-12,Duplicate key constraint violation,2025-08-22 23:04:41.971192
CUST5695,Adam Barker,qbuchanan@newton.com,001-608-075-3314x259,"408 Jonathan Greens Apt. 735, New Amy, MD 33547",2021-07-31,Duplicate key constraint violation,2025-08-22 23:04:41.971192
CUST5696,Amber Barker,jamiereilly@hotmail.com,(977)218-3495,"9805 Davis Drives Apt. 257, Dominguezhaven, NC 55193",2019-04-08,Duplicate key constraint violation,2025-08-22 23:04:41.971192
CUST5697,Brian Yates,kyle28@bell.info,832-647-9189,"1657 Martin Field, Kimberlyside, CT 84146",2023-02-22,Duplicate key constraint violation,2025-08-22 23:04:41.971192
CUST5698,Kimberly Alvarez,pkennedy@powers-singh.net,(877)819-8465x37383,"68210 Michelle Row, Stevensmouth, KY 60743",2021-11-21,Duplicate key constraint violation,2025-08-22 23:04:41.971192
CUST5699,Charles Evans,mbarry@hotmail.com,(781)500-4895x4230,"801 Karen Stream, Jacobborough, DC 89602",2024-02-06,Duplicate key constraint violation,2025-08-22 23:04:41.971192
CUST5700,Bradley Martinez,craig41@noble-mejia.com,(343)002-1166,"871 Stone Court, North Eric, WV 24899",2022-03-01,Duplicate key constraint violation,2025-08-22 23:04:41.971192
CUST5701,Brett Buckley,jose85@hotmail.com,8281455180,"3508 Hurst Shore, Tiffanystad, MI 34601",2022-02-16,Duplicate key constraint violation,2025-08-22 23:04:41.971192
CUST5702,Haley Carney,sevans@moore-carpenter.org,(853)184-9208x2311,"0824 Martin Junctions Apt. 166, Turnerburgh, MT 69843",2024-11-18,Duplicate key constraint violation,2025-08-22 23:04:41.971192
CUST5703,Cynthia Moreno,perezpatrick@cline.net,491-599-5019x446,"39661 Nicole Ports Suite 593, Santoston, OH 84946",2022-09-17,Duplicate key constraint violation,2025-08-22 23:04:41.971192
CUST5704,Sherry Cardenas,lisadodson@hotmail.com,736-752-2509x441,"808 Bradley Pass Apt. 430, North Jeffreyfurt, WA 17132",2023-03-14,Duplicate key constraint violation,2025-08-22 23:04:41.971192
CUST5705,Christopher Espinoza,parksdave@gmail.com,316-744-0602x313,"PSC 1090, Box 7451, APO AE 40484",2020-06-19,Duplicate key constraint violation,2025-08-22 23:04:41.971192
CUST5706,Linda Contreras,lucasjohn@romero.biz,001-687-595-0578x074,"7198 Jordan Place, Julieborough, WA 66129",2019-10-01,Duplicate key constraint violation,2025-08-22 23:04:41.971192
CUST5707,Kathryn Moore,howardmadeline@ellis.com,+1-061-655-8385,"USNV Solis, FPO AE 08360",2023-12-12,Duplicate key constraint violation,2025-08-22 23:04:41.971192
CUST5708,Erica Clark,cartersamantha@king.org,+1-072-086-5170x58627,"316 Erika Stravenue Apt. 885, New Susanberg, WA 27318",2020-04-10,Duplicate key constraint violation,2025-08-22 23:04:41.971192
CUST5709,Andrea Miller,tmendoza@hotmail.com,245-287-8104x331,"5699 Burns Loaf Suite 477, Gabriellaton, MO 10755",2020-02-03,Duplicate key constraint violation,2025-08-22 23:04:41.971192
CUST5710,Troy Hughes,jimmybond@parsons-rowland.com,+1-877-208-3674x296,"7531 Thompson Flats Apt. 639, Brownfurt, AK 94206",2020-09-20,Duplicate key constraint violation,2025-08-22 23:04:41.971192
CUST5711,David Graham,williamsonmark@hotmail.com,(979)238-5458x731,"1754 Johnson Walk Apt. 850, Jacksonmouth, NV 00598",2020-11-04,Duplicate key constraint violation,2025-08-22 23:04:41.971192
CUST5712,Luis Smith,brownwanda@smith.com,001-655-365-1559x18079,"350 Barton Estate Apt. 816, Smithfurt, NY 05242",2022-10-16,Duplicate key constraint violation,2025-08-22 23:04:41.971192
CUST5713,Kevin Barajas,natashamerritt@meadows.com,001-762-176-6083x79883,"58581 Jeffrey Square, Tiffanyport, VT 95015",2023-08-27,Duplicate key constraint violation,2025-08-22 23:04:41.971192
CUST5714,Jesse Crane,shawnfleming@yahoo.com,1563317907,"30712 Lisa Port, South Jeffreyside, NH 12586",2021-06-07,Duplicate key constraint violation,2025-08-22 23:04:41.971192
CUST5715,Tiffany Hernandez,ramseymicheal@hotmail.com,986.191.9869,"63490 Blair Heights, Lake Tylermouth, RI 58978",2021-10-25,Duplicate key constraint violation,2025-08-22 23:04:41.971192
CUST5716,Keith Ramirez,jonesrobert@hotmail.com,391.653.1224,"99885 Wallace Groves, New Toddview, VT 29891",2022-12-12,Duplicate key constraint violation,2025-08-22 23:04:41.971192
CUST5717,Richard Mendoza,joshua21@hotmail.com,+1-601-790-7182x3805,"2762 Stewart Stravenue Apt. 582, Lorimouth, GA 69339",2022-12-20,Duplicate key constraint violation,2025-08-22 23:04:41.971192
CUST5718,Ashley Johnson,danieljeffery@gmail.com,871-726-9451x2507,"937 Devin Flats, West Emily, AZ 32611",2021-11-06,Duplicate key constraint violation,2025-08-22 23:04:41.971192
CUST5719,Tonya Lam,monica40@brock.com,(152)041-9480,"3717 Jensen Manor Apt. 874, Scottton, OH 47722",2024-09-10,Duplicate key constraint violation,2025-08-22 23:04:41.971192
CUST5720,Jenna Padilla,martintyler@hotmail.com,(528)945-7050,"27911 Bradford Crescent, Lake Christopherfurt, NM 25053",2019-02-14,Duplicate key constraint violation,2025-08-22 23:04:41.971192
CUST5721,Courtney Wheeler,jbyrd@maynard.com,585-358-3169,"5576 Donna Bypass Apt. 039, Richardsonmouth, WA 97303",2024-10-29,Duplicate key constraint violation,2025-08-22 23:04:41.971192
CUST5722,Michael Kline,jonathan20@wilson.com,860.420.5976,"PSC 4769, Box 3723, APO AP 76410",2019-09-16,Duplicate key constraint violation,2025-08-22 23:04:41.971192
CUST5723,Leslie Moreno,mark30@anderson-vasquez.biz,(103)881-0655x046,"7961 Debra Radial Suite 136, Wardborough, VA 06757",2023-09-19,Duplicate key constraint violation,2025-08-22 23:04:41.971192
CUST5724,Justin Brown,sarah42@owen.biz,+1-860-968-6938,"72879 Walsh Stravenue Suite 880, Michelleview, GA 60726",2020-03-31,Duplicate key constraint violation,2025-08-22 23:04:41.971192
CUST5725,Carol Price,melinda46@simon.com,956-509-5282x4982,"827 Chase Shore Suite 321, Port Dawn, NJ 02175",2023-09-19,Duplicate key constraint violation,2025-08-22 23:04:41.971192
CUST5726,Elizabeth Sutton,swatkins@hotmail.com,240.766.8660,"1482 Desiree Canyon, North Nicole, ME 81747",2024-02-25,Duplicate key constraint violation,2025-08-22 23:04:41.971192
CUST5727,James Castro,ronald37@andrews.com,(909)812-8693x45056,"9071 Joseph Shore Suite 151, East Angela, OK 35943",2019-10-31,Duplicate key constraint violation,2025-08-22 23:04:41.971192
CUST5728,Jaime Rodriguez,pamelaellis@yahoo.com,(202)757-5934,"421 Casey Gardens Apt. 022, West Michaelport, VT 98873",2020-02-13,Duplicate key constraint violation,2025-08-22 23:04:41.971192
CUST5729,Alyssa Elliott,suttonamber@morse.biz,+1-798-332-4704x442,"257 John Key, Fullerburgh, GA 38825",2024-02-10,Duplicate key constraint violation,2025-08-22 23:04:41.971192
CUST5730,Gina Hamilton,banderson@hotmail.com,001-449-832-8768,"28770 Ethan Lock, Elizabethhaven, MS 79321",2020-08-23,Duplicate key constraint violation,2025-08-22 23:04:41.971192
CUST5731,Nicole Romero,jared73@hotmail.com,892.909.4333x83180,"2156 Gutierrez Flats Apt. 122, Christopherport, PA 32811",2023-04-14,Duplicate key constraint violation,2025-08-22 23:04:41.971192
CUST5732,Aaron Johnson,amanda82@white.com,8102214081,"675 Ann Mountain Apt. 190, Hollyside, NY 23255",2021-01-26,Duplicate key constraint violation,2025-08-22 23:04:41.971192
CUST5733,Victoria Coleman,john59@hotmail.com,001-311-094-6443x8721,"55181 Debbie Parkways, Port Josephside, SC 41261",2023-07-31,Duplicate key constraint violation,2025-08-22 23:04:41.971192
CUST5734,Laura Harris,erinwilliams@austin.com,713-059-3814x1426,"47329 Mendez Harbors Suite 586, East Scott, AK 15656",2019-05-20,Duplicate key constraint violation,2025-08-22 23:04:41.971192
CUST5735,Casey Wilson,snyderjacob@yahoo.com,000.007.2281,"PSC 3229, Box 4594, APO AA 31017",2022-11-10,Duplicate key constraint violation,2025-08-22 23:04:41.971192
CUST5736,Seth Moreno,bradyjames@robinson.com,+1-789-228-6644,"8827 Harris Tunnel Suite 770, Port Jennifer, OK 96481",2023-10-10,Duplicate key constraint violation,2025-08-22 23:04:41.971192
CUST5737,Andrea Rush,pmiller@hill-cruz.com,114-258-0201,"05748 Joshua Walk Apt. 708, Savagehaven, NM 75282",2022-02-14,Duplicate key constraint violation,2025-08-22 23:04:41.971192
CUST5738,Steven Smith,natashagreen@gutierrez-boone.com,+1-888-920-2935x57122,"94037 Robert Trace Apt. 475, Clarkfort, IL 42033",2022-03-03,Duplicate key constraint violation,2025-08-22 23:04:41.971192
CUST5739,Kimberly Smith,portiz@yahoo.com,094-918-5629x769,"052 Morgan Land Suite 663, Lake Emmaton, WV 53077",2020-07-31,Duplicate key constraint violation,2025-08-22 23:04:41.971192
CUST5740,Scott Mitchell,banksmichael@yahoo.com,401.745.8120x15624,"Unit 0276 Box 7980, DPO AA 98054",2019-12-09,Duplicate key constraint violation,2025-08-22 23:04:41.971192
CUST5741,Joseph Clark,tonyasmith@gmail.com,(560)432-7855x00611,"345 Debra Meadows, Ramirezfort, TX 08602",2023-12-22,Duplicate key constraint violation,2025-08-22 23:04:41.971192
CUST5742,Courtney Pittman,normankayla@hotmail.com,900-469-2442x224,"10165 Rocha Harbor Suite 390, Port Christopherview, NJ 59588",2022-07-08,Duplicate key constraint violation,2025-08-22 23:04:41.971192
CUST5743,Luke Martinez,kevinwheeler@yahoo.com,+1-106-437-3621x94049,"134 Villanueva Lodge Apt. 384, Lake Shanestad, MA 70503",2021-02-11,Duplicate key constraint violation,2025-08-22 23:04:41.971192
CUST5744,Martin Garcia,hwillis@hotmail.com,(717)900-5503x771,"15028 Robles Key Apt. 554, Johnhaven, SC 00926",2019-06-30,Duplicate key constraint violation,2025-08-22 23:04:41.971192
CUST5745,Christine Harvey,cpeterson@hotmail.com,(787)631-1848x4023,"551 Patrick Viaduct Suite 365, North Alexis, VA 09079",2021-06-20,Duplicate key constraint violation,2025-08-22 23:04:41.971192
CUST5746,Stephen Moss,escott@wood.com,050-686-8309,"631 Morales Canyon, East Jennifer, ME 54010",2023-12-26,Duplicate key constraint violation,2025-08-22 23:04:41.971192
CUST5747,Richard Winters,cynthiawilliams@hotmail.com,001-125-695-2517x4238,"2643 Andrew Mews, Richardbury, MI 75189",2024-09-07,Duplicate key constraint violation,2025-08-22 23:04:41.971192
CUST5748,Lisa Meyers,belllarry@gmail.com,376-767-4854,"317 Jensen Ridge, Paulahaven, WY 27194",2023-07-31,Duplicate key constraint violation,2025-08-22 23:04:41.971192
CUST5749,Yvette Griffin,wmontes@yahoo.com,001-763-617-5251,"677 Donald Keys, East Toddview, NJ 69879",2020-07-12,Duplicate key constraint violation,2025-08-22 23:04:41.971192
CUST5750,Rodney Mcdonald,toddmatthew@williams.com,(395)108-6153,"PSC 4302, Box 2966, APO AA 16655",2019-05-20,Duplicate key constraint violation,2025-08-22 23:04:41.971192
CUST5751,Brittney Harding,reidkyle@hotmail.com,001-617-405-4634x55416,"4996 Ryan Stravenue, Carlsonmouth, HI 18523",2021-03-17,Duplicate key constraint violation,2025-08-22 23:04:41.971192
CUST5752,Patrick Marshall,mperry@mills.com,001-823-711-0617x81575,"710 Lisa Trail Suite 593, New Christopherview, OK 11235",2022-03-08,Duplicate key constraint violation,2025-08-22 23:04:41.971192
CUST5753,Steven Love,ryansmith@goodwin.net,7657661525,"20864 Brianna Canyon Suite 733, East Tracie, NM 03883",2021-04-23,Duplicate key constraint violation,2025-08-22 23:04:41.971192
CUST5754,Kim Haas,kyle58@ward-gregory.net,197.510.2365x154,"930 Coffey Trail Suite 026, Lake Robert, KY 10143",2021-12-22,Duplicate key constraint violation,2025-08-22 23:04:41.971192
CUST5755,Erik Richard,bondnathan@zimmerman-pierce.info,001-714-976-5445,"66365 Brooks Overpass Suite 158, South Catherineborough, DE 97447",2019-08-14,Duplicate key constraint violation,2025-08-22 23:04:41.971192
CUST5756,Patricia Snyder,fernandezclaudia@herring.com,001-284-547-6729,"02625 Miller Drive, Sarahport, CO 62756",2024-10-04,Duplicate key constraint violation,2025-08-22 23:04:41.971192
CUST5757,Daniel Torres,danielleward@yahoo.com,+1-556-026-2352x2811,"318 Williams Avenue, Kellybury, TN 27915",2023-02-09,Duplicate key constraint violation,2025-08-22 23:04:41.971192
CUST5758,Connor West,callahansarah@yahoo.com,001-453-412-2124x7412,"PSC 4884, Box 4027, APO AP 29273",2022-03-11,Duplicate key constraint violation,2025-08-22 23:04:41.971192
CUST5759,Gregory Barron,kristin48@stevenson-bradley.com,574-401-7903x419,"814 Adkins Pike Suite 780, Port Coryview, MI 98899",2023-04-23,Duplicate key constraint violation,2025-08-22 23:04:41.971192
CUST5760,William Lutz,kduncan@yahoo.com,+1-744-340-1264x443,"Unit 3493 Box 3990, DPO AA 21673",2020-06-22,Duplicate key constraint violation,2025-08-22 23:04:41.971192
CUST5761,Allison Greene,sara40@hotmail.com,2867042605,"23578 Lawrence Crossing, West Lisa, MD 76043",2019-05-31,Duplicate key constraint violation,2025-08-22 23:04:41.971192
CUST5762,Caitlin Mason,monroejoseph@hotmail.com,(134)136-9506x88769,"8199 Peters Meadows, West Courtney, ND 35469",2021-03-01,Duplicate key constraint violation,2025-08-22 23:04:41.971192
CUST5763,Joshua Davis,gabrielaalvarez@gmail.com,999.245.7369x851,"990 Rodgers Knoll, Aaronburgh, KS 77101",2022-05-15,Duplicate key constraint violation,2025-08-22 23:04:41.971192
CUST5764,Angela Schmitt,odougherty@hughes.com,001-075-553-6035,"9325 Bailey Spurs, Briantown, KS 29119",2021-04-27,Duplicate key constraint violation,2025-08-22 23:04:41.971192
CUST5765,Joseph Brown,leebrown@hotmail.com,865.858.2019x128,"678 Vazquez Tunnel Apt. 509, Jensenland, OH 46786",2024-01-10,Duplicate key constraint violation,2025-08-22 23:04:41.971192
CUST5766,Ryan Moore,elizabeth06@chapman.com,571.234.4081x3365,"67015 Jackson Neck Suite 099, Benjaminfurt, OK 11944",2022-04-20,Duplicate key constraint violation,2025-08-22 23:04:41.971192
CUST5767,Timothy Meyers,danielmendez@hernandez.com,001-693-371-9356x3811,"1357 Gross Port Apt. 477, Reneefort, VA 07074",2019-01-14,Duplicate key constraint violation,2025-08-22 23:04:41.971192
CUST5768,Chad Lowery,jeffrey60@thompson.org,418-919-8293x256,"890 Nunez Radial Suite 638, North Kimberly, IL 92166",2019-06-22,Duplicate key constraint violation,2025-08-22 23:04:41.971192
CUST5769,Gary Doyle,robert35@hotmail.com,(328)898-1681x4239,"9789 Sherman Forge Apt. 222, Stevenborough, NC 41192",2023-10-20,Duplicate key constraint violation,2025-08-22 23:04:41.971192
CUST5770,Dr. David Roach,nmeyer@smith.info,041.792.7215,"1445 Martin Harbor Suite 596, Lake Denise, AL 39366",2023-11-23,Duplicate key constraint violation,2025-08-22 23:04:41.971192
CUST5771,Carolyn Clark,hernandezjohn@yahoo.com,3748134938,"PSC 7012, Box 0532, APO AA 29194",2019-02-12,Duplicate key constraint violation,2025-08-22 23:04:41.971192
CUST5772,Michael Collier,fosterkevin@davis-pugh.org,808.251.2032x005,"646 Bell Isle, Victoriahaven, SD 26652",2020-11-13,Duplicate key constraint violation,2025-08-22 23:04:41.971192
CUST5773,Stephen Frank,danielharris@gmail.com,121.521.4773x491,"PSC 1726, Box 9235, APO AE 90629",2020-02-27,Duplicate key constraint violation,2025-08-22 23:04:41.971192
CUST5774,Cheryl Cross,oflores@gonzalez.com,001-795-560-5424x627,"4272 Ray Plain Suite 006, Jaredmouth, KS 01227",2023-02-12,Duplicate key constraint violation,2025-08-22 23:04:41.971192
CUST5775,Eric Mcclain,tvincent@gmail.com,+1-748-821-5204x5798,"99970 Ashley Manor, Lake Jason, HI 54486",2023-09-13,Duplicate key constraint violation,2025-08-22 23:04:41.971192
CUST5776,Alexandria Leach,gregorycarpenter@jones.com,(981)489-1364x645,"881 Matthew Gateway, Edwardland, WY 61880",2021-08-02,Duplicate key constraint violation,2025-08-22 23:04:41.971192
CUST5777,Crystal Ross,debbiehenderson@greene.com,+1-971-845-7830,"PSC 0715, Box 0909, APO AA 79045",2022-01-05,Duplicate key constraint violation,2025-08-22 23:04:41.971192
CUST5778,Stacy Smith,kgoodwin@joyce.com,+1-672-588-1344,"308 Cabrera Square, New Maurice, NY 40295",2023-07-03,Duplicate key constraint violation,2025-08-22 23:04:41.971192
CUST5779,Sheri Jackson,mccluremeredith@martinez.com,(972)291-8406x78582,"946 Cook Cliffs Suite 061, North Heather, VT 11683",2024-08-11,Duplicate key constraint violation,2025-08-22 23:04:41.971192
CUST5780,Carol Atkins,teresa53@stewart.net,001-860-278-9451x0816,"15814 Harris Pass Apt. 956, New Jenniferfurt, CA 24113",2022-12-21,Duplicate key constraint violation,2025-08-22 23:04:41.971192
CUST5781,Angela Blanchard,kanerussell@hotmail.com,(010)707-4629x3330,"939 Scott Green Apt. 964, East Carolyn, UT 64097",2020-09-27,Duplicate key constraint violation,2025-08-22 23:04:41.971192
CUST5782,Renee Holloway,sbenton@velazquez-shelton.com,613-138-7399x829,"402 Ariel Garden Suite 248, Martinezfurt, WV 78775",2020-01-09,Duplicate key constraint violation,2025-08-22 23:04:41.971192
CUST5783,Christopher Gilmore,nhill@wyatt.org,1346827594,"049 Ramirez Mission, Cohenhaven, LA 66492",2022-09-03,Duplicate key constraint violation,2025-08-22 23:04:41.971192
CUST5784,Steven Hernandez,colin50@benjamin.biz,(185)943-7580x79333,"62757 Smith Stravenue, Ericksonville, HI 71369",2021-05-30,Duplicate key constraint violation,2025-08-22 23:04:41.971192
CUST5785,Jacqueline Kennedy,nelsonmary@gmail.com,+1-239-828-1534x1976,"72341 Lopez Land, Hernandezborough, ID 62733",2019-06-21,Duplicate key constraint violation,2025-08-22 23:04:41.971192
CUST5786,Amy Williams,eugenejensen@yahoo.com,+1-152-407-8842,"69982 Michael Street Apt. 492, New Jacob, SD 89581",2023-05-31,Duplicate key constraint violation,2025-08-22 23:04:41.971192
CUST5787,Andrea Wade,yfuller@perry.org,001-752-317-6122x1903,"6616 Herman Route, Johnstad, WI 23184",2023-03-19,Duplicate key constraint violation,2025-08-22 23:04:41.971192
CUST5788,Brian Reynolds,pacecindy@yahoo.com,9888893817,"352 Wilson Brooks Apt. 092, Garciachester, FL 08776",2022-02-14,Duplicate key constraint violation,2025-08-22 23:04:41.971192
CUST5789,Linda Fisher,mvalencia@allen.com,746.651.0591x7712,"077 William Parkways, Soniaville, NV 84804",2022-09-11,Duplicate key constraint violation,2025-08-22 23:04:41.971192
CUST5790,Michelle Jackson,haley36@newman.com,754.969.9396x17583,"75253 Medina Roads, Benjamintown, NY 29624",2021-03-10,Duplicate key constraint violation,2025-08-22 23:04:41.971192
CUST5791,Benjamin Ellis,onealcraig@gmail.com,387.649.6566,"411 Amy Turnpike Suite 522, West Amandafort, TX 28141",2024-08-26,Duplicate key constraint violation,2025-08-22 23:04:41.971192
CUST5792,Sarah Foster,stephensoneric@yahoo.com,628-108-5372x28547,"459 Matthew Course, North Melindatown, AR 01786",2021-08-26,Duplicate key constraint violation,2025-08-22 23:04:41.971192
CUST5793,Anthony King,stephen98@hotmail.com,693.547.8233x514,"4273 Shelton Row, Lake Ian, NH 32994",2019-05-30,Duplicate key constraint violation,2025-08-22 23:04:41.971192
CUST5794,Crystal Hogan,antoniomcintosh@hotmail.com,990.812.4066,"63178 Garcia Mountain Apt. 552, Gutierrezhaven, ID 21320",2024-07-05,Duplicate key constraint violation,2025-08-22 23:04:41.971192
CUST5795,Latoya Mata,williamslisa@hotmail.com,(888)533-3931x09393,"0309 Avila Points Apt. 479, West Jane, KS 80233",2021-10-08,Duplicate key constraint violation,2025-08-22 23:04:41.971192
CUST5796,Alexander Reynolds,justin98@fitzgerald-watkins.net,(412)794-3079,"3119 Parrish Divide, Georgeshire, ND 03176",2021-04-21,Duplicate key constraint violation,2025-08-22 23:04:41.971192
CUST5797,Yvonne Long,stricklandsteven@pham-harmon.com,(890)972-6778x149,"0666 Carl Forges, Valentineburgh, LA 39042",2022-02-24,Duplicate key constraint violation,2025-08-22 23:04:41.971192
CUST5798,Erika Hill,cindy58@beasley-novak.com,165.325.5573x582,"785 Bailey Mills, Conradchester, AL 04854",2020-10-20,Duplicate key constraint violation,2025-08-22 23:04:41.971192
CUST5799,Mrs. Kelly Phillips,aclark@gmail.com,(859)008-1731,"Unit 0502 Box 9205, DPO AA 87103",2021-01-24,Duplicate key constraint violation,2025-08-22 23:04:41.971192
CUST5800,Kathryn Baker,qweaver@hotmail.com,(515)018-8565,"039 Evans Knoll, Staffordton, NV 21078",2024-01-23,Duplicate key constraint violation,2025-08-22 23:04:41.971192
CUST5801,Paul Walker,jennifer79@hotmail.com,013-690-4396,"09245 Jacob Oval Apt. 547, Williamsmouth, CO 96255",2021-08-06,Duplicate key constraint violation,2025-08-22 23:04:41.971192
CUST5802,Ronald Edwards,hmay@gmail.com,(102)030-4174,"69795 Brittney Shoal, East Chelsea, DC 46183",2019-06-28,Duplicate key constraint violation,2025-08-22 23:04:41.971192
CUST5803,Eric Cole,qdixon@lee-reed.com,(189)749-5689x455,"207 Welch Shoal Apt. 016, Alexafurt, LA 74436",2019-11-18,Duplicate key constraint violation,2025-08-22 23:04:41.971192
CUST5804,William Lee,tonyaanderson@gmail.com,(803)789-5672,"6086 Barbara Cliffs Suite 562, Martinview, WA 46407",2021-08-07,Duplicate key constraint violation,2025-08-22 23:04:41.971192
CUST5805,April Coleman,ajackson@yahoo.com,(975)178-7809,"90220 Carolyn Square, Amyview, FL 41863",2023-06-10,Duplicate key constraint violation,2025-08-22 23:04:41.971192
CUST5806,Mr. James Gray,millerlawrence@yahoo.com,803.752.8729,"79323 Shelly Turnpike Suite 879, Ashleyburgh, NY 18347",2023-06-16,Duplicate key constraint violation,2025-08-22 23:04:41.971192
CUST5807,Samuel Waller,zacharydiaz@hotmail.com,(279)836-2129,"6481 Jay Bridge Suite 247, Sylviashire, NV 00720",2023-09-28,Duplicate key constraint violation,2025-08-22 23:04:41.971192
CUST5808,Amber Moon,nelsondavid@hotmail.com,(768)388-4917x96723,"701 Henderson Squares, Lake Josephchester, NJ 82444",2019-04-24,Duplicate key constraint violation,2025-08-22 23:04:41.971192
CUST5809,Daniel Levine,jefferydavis@booker.info,075.865.7036x684,"126 Rose Roads Suite 216, Port Cherylport, ME 96980",2020-08-19,Duplicate key constraint violation,2025-08-22 23:04:41.971192
CUST5810,Heather Elliott,morrisonrobert@alvarado.com,235.189.6091x479,"29068 Jessica Branch, Victorburgh, VA 35726",2022-03-26,Duplicate key constraint violation,2025-08-22 23:04:41.971192
CUST5811,David Thompson,ulevine@newman.com,5478167000,"21906 Thomas Place, West Timothy, MD 30320",2022-06-17,Duplicate key constraint violation,2025-08-22 23:04:41.971192
CUST5812,Gregory Johnson,cgonzalez@williams.biz,990.939.1832x0064,"813 Robert Springs Suite 701, Daisychester, UT 54856",2019-07-02,Duplicate key constraint violation,2025-08-22 23:04:41.971192
CUST5813,Alexandria Stevens,thomaselliott@dudley.com,722.212.3570,"435 Obrien Valleys Apt. 020, North Ashley, CO 20673",2021-04-15,Duplicate key constraint violation,2025-08-22 23:04:41.971192
CUST5814,Cameron Bullock,vwilkinson@duke-hoover.org,860-998-0131x605,"960 Maria Forge Suite 940, Munozville, PA 32826",2022-05-05,Duplicate key constraint violation,2025-08-22 23:04:41.971192
CUST5815,William Mccoy,zholloway@hotmail.com,+1-213-853-6704x1695,"Unit 6109 Box 9630, DPO AA 55502",2024-06-14,Duplicate key constraint violation,2025-08-22 23:04:41.971192
CUST5816,Carl Fisher,santanalinda@cooper-sanchez.com,334-624-4900,"36645 Miguel Haven, New Natalieburgh, MN 69000",2023-04-15,Duplicate key constraint violation,2025-08-22 23:04:41.971192
CUST5817,Pamela Clark,richard15@hotmail.com,+1-138-020-3690x7173,"1597 Ashley Flat Apt. 874, Roberttown, TN 17488",2020-04-07,Duplicate key constraint violation,2025-08-22 23:04:41.971192
CUST5818,Bryan Martin,gonzaleztiffany@love.com,+1-547-720-4753,"818 Amanda Mountains, New Brendan, IL 67701",2022-11-29,Duplicate key constraint violation,2025-08-22 23:04:41.971192
CUST5819,Evan Acosta,zacharyhill@mitchell.biz,(715)340-6194,"41424 Nelson Glens, Herbertland, MT 43593",2020-01-01,Duplicate key constraint violation,2025-08-22 23:04:41.971192
CUST5820,Karen Walker,moralescatherine@gmail.com,+1-890-680-1114x4231,"968 Brown Shoals Apt. 561, Port Joanna, NY 16028",2024-02-19,Duplicate key constraint violation,2025-08-22 23:04:41.971192
CUST5821,Erika Martin,brownbobby@yahoo.com,(820)695-0813,"0716 Edgar Drives, Robertview, DE 29505",2023-01-29,Duplicate key constraint violation,2025-08-22 23:04:41.971192
CUST5822,Robert Rivera,michael62@hill.com,167.059.6856x672,"70164 Thompson Square Apt. 681, Longland, MI 62001",2021-07-05,Duplicate key constraint violation,2025-08-22 23:04:41.971192
CUST5823,Cindy Knox,ifrey@campbell.com,+1-202-182-6861x5398,"3541 Arias Vista, Lake Angela, IL 89420",2019-07-01,Duplicate key constraint violation,2025-08-22 23:04:41.971192
CUST5824,Amy Carey,taylorpeter@gmail.com,1018764736,"PSC 0773, Box 4273, APO AE 21809",2020-02-19,Duplicate key constraint violation,2025-08-22 23:04:41.971192
CUST5825,Timothy Hodges,spencer76@ponce.com,(979)481-8056x545,"2783 Marcus Loop, North Cassidy, TX 11390",2023-01-07,Duplicate key constraint violation,2025-08-22 23:04:41.971192
CUST5826,Erin Wong,katie27@evans.com,(557)354-3871x428,"028 Cassandra Hills, Port Melissa, NY 27319",2024-03-03,Duplicate key constraint violation,2025-08-22 23:04:41.971192
CUST5827,Jonathan Bradford,gonzalesjohn@yahoo.com,(624)996-3998x6537,"33367 Veronica Underpass, East Joseph, NE 41288",2021-02-20,Duplicate key constraint violation,2025-08-22 23:04:41.971192
CUST5828,Charles Jones,josephclayton@clark.com,426-859-3155x758,"18873 Alvarado Drive Suite 357, Ballville, CA 55430",2022-06-24,Duplicate key constraint violation,2025-08-22 23:04:41.971192
CUST5829,Matthew Hines,christina67@hernandez.com,(171)095-5519,"721 Gomez Cliffs, South Williamport, GA 95720",2022-03-30,Duplicate key constraint violation,2025-08-22 23:04:41.971192
CUST5830,Bethany Gonzalez,hhoward@gmail.com,117-014-3911,"41079 Neil Shores Apt. 834, East Tammyfort, ND 78607",2020-02-10,Duplicate key constraint violation,2025-08-22 23:04:41.971192
CUST5831,Veronica Gibson,morganwilson@schwartz-bender.org,184-855-4385x96623,"0896 Blevins Track Apt. 912, Bairdmouth, LA 56914",2019-01-13,Duplicate key constraint violation,2025-08-22 23:04:41.971192
CUST5832,Mr. Seth Cook,chavezamanda@peterson.com,0752356361,"USS Hester, FPO AE 91690",2019-10-06,Duplicate key constraint violation,2025-08-22 23:04:41.971192
CUST5833,Ann Booth,christina01@green.com,501-491-1828x80772,"903 Brenda Gardens, Lake Leahburgh, ME 95536",2023-11-18,Duplicate key constraint violation,2025-08-22 23:04:41.971192
CUST5834,James White,reginabell@johnson-palmer.net,+1-143-890-3948x69910,"934 Justin Ridges Suite 811, Lake Tina, OH 48254",2021-04-01,Duplicate key constraint violation,2025-08-22 23:04:41.971192
CUST5835,Caitlyn Adams,ashleymary@fitzgerald-garcia.com,(855)305-2222,"722 Rachel Vista Suite 313, Lake Kimberly, ME 42294",2024-07-21,Duplicate key constraint violation,2025-08-22 23:04:41.971192
CUST5836,Michael Frank,tammy84@hotmail.com,001-337-610-6420x211,"19173 Joseph Locks Suite 745, New Katherine, VA 21794",2021-04-17,Duplicate key constraint violation,2025-08-22 23:04:41.971192
CUST5837,Cindy Brown,klewis@yahoo.com,001-520-698-7748x772,"58984 Emily Divide Apt. 811, New Sharon, NE 47433",2024-06-24,Duplicate key constraint violation,2025-08-22 23:04:41.971192
CUST5838,Dustin Joseph,lamvictoria@richardson.net,332.931.6020,"72337 James Groves Apt. 212, Johnsonhaven, NC 39983",2023-07-19,Duplicate key constraint violation,2025-08-22 23:04:41.971192
CUST5839,Kenneth Lewis,owenpaul@hotmail.com,(904)862-4465x56953,"64578 Gina Cove, Palmerstad, CA 00946",2024-10-27,Duplicate key constraint violation,2025-08-22 23:04:41.971192
CUST5840,John Santana,graypaul@hotmail.com,467.381.4479x14680,"Unit 9850 Box 2518, DPO AE 11718",2024-04-20,Duplicate key constraint violation,2025-08-22 23:04:41.971192
CUST5841,Amanda King,isaac32@kemp.com,329.486.5809,"1243 Adkins Villages Suite 637, Debrahaven, WY 38499",2020-10-21,Duplicate key constraint violation,2025-08-22 23:04:41.971192
CUST5842,Victor Cooper,davisjustin@yahoo.com,001-398-829-4734x80074,"121 Edwards Flats, Keithview, MA 10099",2020-09-24,Duplicate key constraint violation,2025-08-22 23:04:41.971192
CUST5843,Maria Mckee,richard53@hotmail.com,016-684-6819,"7700 Michael Plains, New Lauratown, WA 43485",2019-01-18,Duplicate key constraint violation,2025-08-22 23:04:41.971192
CUST5844,Shaun Walker,collinsjennifer@cruz-keith.biz,543.974.8841x9448,"863 Bobby Greens, West Barbara, NV 60009",2024-11-19,Duplicate key constraint violation,2025-08-22 23:04:41.971192
CUST5845,Veronica Johnson,mary05@erickson.com,+1-967-552-4208x010,"PSC 5907, Box 9279, APO AA 45004",2024-02-06,Duplicate key constraint violation,2025-08-22 23:04:41.971192
CUST5846,Jacob Perez,kathleenwhite@newman.com,026-632-9471x314,"525 Mike Forest, Murrayfurt, WA 10690",2019-10-30,Duplicate key constraint violation,2025-08-22 23:04:41.971192
CUST5847,Kristin Harris,gabriella84@hotmail.com,227.909.0894x4737,"99786 Porter Vista, Allenside, IN 94221",2023-08-18,Duplicate key constraint violation,2025-08-22 23:04:41.971192
CUST5848,Billy Banks,svazquez@hotmail.com,985-359-4654,"Unit 6732 Box 5160, DPO AP 32803",2022-08-04,Duplicate key constraint violation,2025-08-22 23:04:41.971192
CUST5849,Amanda Strickland,jameskenneth@gmail.com,001-169-727-4912x2066,"33747 Ortiz Walks, East Kathrynburgh, OK 36141",2021-01-03,Duplicate key constraint violation,2025-08-22 23:04:41.971192
CUST5850,Andrew White,lisa42@smith-wright.net,409.145.5847x1160,"33252 Rebecca Gardens, Phamhaven, WI 73577",2019-11-25,Duplicate key constraint violation,2025-08-22 23:04:41.971192
CUST5851,Monica Morales,jamiechristensen@yahoo.com,+1-024-694-1233x532,"USNV Miller, FPO AA 31965",2022-10-25,Duplicate key constraint violation,2025-08-22 23:04:41.971192
CUST5852,Nicole Nguyen,douglasshepard@nguyen.com,+1-372-530-2849x98746,"57520 King Center Apt. 439, Phillipsborough, NJ 46873",2024-02-09,Duplicate key constraint violation,2025-08-22 23:04:41.971192
CUST5853,Dr. Samuel Sharp DDS,tracy77@gardner.net,+1-081-485-9281,"77004 Christopher Crossing Apt. 197, Harrisfurt, NH 26102",2021-03-01,Duplicate key constraint violation,2025-08-22 23:04:41.971192
CUST5854,Randy Lee,shaun51@hall-mccann.biz,(253)090-7590x858,"71548 Carol Radial, Port Todd, NH 19198",2024-06-27,Duplicate key constraint violation,2025-08-22 23:04:41.971192
CUST5855,Michael Johnson,iwilson@bender-lee.info,(840)672-8126,"7626 Montoya Summit, Jacksonmouth, IL 46470",2023-09-16,Duplicate key constraint violation,2025-08-22 23:04:41.971192
CUST5856,Richard Young,patrick42@yahoo.com,(737)110-6371x754,"67769 Donald Island Apt. 949, Judithview, WY 28787",2019-07-28,Duplicate key constraint violation,2025-08-22 23:04:41.971192
CUST5857,Megan Smith,jacksongina@barnett.com,056.869.4723x66779,"8308 Carpenter Oval Suite 034, Garciaborough, OH 47118",2020-10-07,Duplicate key constraint violation,2025-08-22 23:04:41.971192
CUST5858,Pamela Smith,joshua74@hotmail.com,690-309-4808,"87740 Elizabeth Ville Apt. 723, East Kevin, VA 31283",2021-10-22,Duplicate key constraint violation,2025-08-22 23:04:41.971192
CUST5859,Scott Hurst,michael70@yahoo.com,001-909-642-2503,"3115 Armstrong Road, Reedview, PA 72441",2022-04-10,Duplicate key constraint violation,2025-08-22 23:04:41.971192
CUST5860,Christian Jackson,brownbrian@brooks-taylor.biz,(848)410-0836x256,"597 Munoz Divide Suite 117, Bakerport, AZ 28866",2022-04-20,Duplicate key constraint violation,2025-08-22 23:04:41.971192
CUST5861,Michael Grant,aliciatownsend@yahoo.com,001-018-237-9306,"693 Scott Court Apt. 038, Bakershire, VT 15654",2023-11-20,Duplicate key constraint violation,2025-08-22 23:04:41.971192
CUST5862,Amy Duran,norma52@yahoo.com,128.723.9247x7165,"683 Andrews Inlet Apt. 235, Floydland, LA 84346",2019-01-08,Duplicate key constraint violation,2025-08-22 23:04:41.971192
CUST5863,Robert Underwood,michaeldeleon@rivera-lopez.com,(570)125-3671x151,"76771 Tristan Wells, New Dustin, MN 51074",2024-07-12,Duplicate key constraint violation,2025-08-22 23:04:41.971192
CUST5864,Roger Smith,elizabeth79@gmail.com,221.922.1219,"505 Katherine Stravenue Suite 117, Nicholasborough, WY 67998",2019-10-09,Duplicate key constraint violation,2025-08-22 23:04:41.971192
CUST5865,Rachel Robertson,johnpugh@yahoo.com,728-006-7018x74743,"638 David Extensions Apt. 149, Micheleport, NV 95284",2024-04-16,Duplicate key constraint violation,2025-08-22 23:04:41.971192
CUST5866,Patricia Foster,xdixon@diaz-martin.com,+1-591-942-1061x539,"01913 Victoria Ramp Apt. 533, Hartmanport, CT 26966",2022-04-07,Duplicate key constraint violation,2025-08-22 23:04:41.971192
CUST5867,Lori Anderson,mpope@yahoo.com,+1-842-425-2055x254,"46749 Valentine Bridge, Donaldberg, NM 65816",2024-03-27,Duplicate key constraint violation,2025-08-22 23:04:41.971192
CUST5868,Amy Brown,emilymcgee@reyes.com,001-579-787-6483x69222,"75964 Woods Trail Apt. 695, Mcdonaldport, IA 97585",2023-02-10,Duplicate key constraint violation,2025-08-22 23:04:41.971192
CUST5869,Victoria Oliver,aacosta@yahoo.com,857-039-3753x7739,"243 Grace Mountains, North Melanie, ID 22761",2024-05-19,Duplicate key constraint violation,2025-08-22 23:04:41.971192
CUST5870,Aaron Key,sean81@gmail.com,316.510.6812,"48864 Graham Cape, Santoston, ND 43855",2019-10-14,Duplicate key constraint violation,2025-08-22 23:04:41.971192
CUST5871,Mark Holmes,tayala@gmail.com,+1-548-612-4474x64920,"48867 Bianca Stravenue, Henrymouth, NJ 87710",2022-06-16,Duplicate key constraint violation,2025-08-22 23:04:41.971192
CUST5872,Tyler Roberts,douglas04@yahoo.com,(926)563-6620x69496,"274 Antonio Mall Suite 104, North Brandyfurt, UT 69665",2021-05-12,Duplicate key constraint violation,2025-08-22 23:04:41.971192
CUST5873,Nicole Mays,oliviawright@gmail.com,665.137.9339,"88713 Miller Run Suite 230, Taylorborough, MD 92118",2023-09-11,Duplicate key constraint violation,2025-08-22 23:04:41.971192
CUST5874,Karen Gardner,muellertanya@campbell-ballard.org,(688)606-8163x3922,"206 Linda Crossroad Apt. 985, Deniseburgh, AK 00943",2024-03-12,Duplicate key constraint violation,2025-08-22 23:04:41.971192
CUST5875,John Baker,iharris@yoder-bird.org,797-848-4922x29992,"605 Clark Trafficway, West Troy, WA 62901",2022-12-11,Duplicate key constraint violation,2025-08-22 23:04:41.971192
CUST5876,David Kelly,lisa37@parker-watkins.com,6126310794,"6970 Waters Mountains, Gonzalezshire, ID 79175",2023-12-18,Duplicate key constraint violation,2025-08-22 23:04:41.971192
CUST5877,Emily Ramirez,amberperry@gmail.com,+1-805-200-3420x00510,"77290 Thomas Plain, North Alexa, SD 92024",2020-08-15,Duplicate key constraint violation,2025-08-22 23:04:41.971192
CUST5878,Vincent Jones,debra95@black.com,+1-665-817-0209x8892,"490 Amanda Canyon, Lake Robertview, ND 22368",2024-05-27,Duplicate key constraint violation,2025-08-22 23:04:41.971192
CUST5879,Barbara Woods,sweeneyarthur@gmail.com,371-324-8221x81199,"41294 Velasquez Valley, North Michaelborough, NJ 28861",2023-01-19,Duplicate key constraint violation,2025-08-22 23:04:41.971192
CUST5880,Donald Guzman,michaelmorrison@gmail.com,+1-198-924-1418x2871,"24950 Simmons Gateway, Port Michelleborough, NE 27071",2019-09-21,Duplicate key constraint violation,2025-08-22 23:04:41.971192
CUST5881,Brandon Bailey,stephenkelley@hotmail.com,153.746.0497,"68247 Romero Island, New Elizabethfurt, GA 47090",2021-11-19,Duplicate key constraint violation,2025-08-22 23:04:41.971192
CUST5882,Karen Houston,rebecca08@gmail.com,306.786.6248x8238,"3044 Harris Plains, East Rachel, LA 15106",2021-05-06,Duplicate key constraint violation,2025-08-22 23:04:41.971192
CUST5883,Zachary Mata,littlejacob@ray.com,(451)236-7000,"31500 Jackson Flat Suite 150, Davidport, IN 37984",2020-07-08,Duplicate key constraint violation,2025-08-22 23:04:41.971192
CUST5884,Dr. Kayla White,mariabarnes@baird.net,+1-521-443-2859x27519,"70220 Kline Circle Apt. 709, New Williambury, UT 85365",2024-11-22,Duplicate key constraint violation,2025-08-22 23:04:41.971192
CUST5885,Mrs. Samantha Wolf,millscrystal@yahoo.com,7537947033,"11312 Karen Radial Apt. 638, Nancyport, GA 03277",2022-03-17,Duplicate key constraint violation,2025-08-22 23:04:41.971192
CUST5886,Robert Hays,fbell@gmail.com,(193)306-2030x84034,"657 Carey Forks, Meyersberg, KY 88611",2019-11-29,Duplicate key constraint violation,2025-08-22 23:04:41.971192
CUST5887,Michelle Owens,caldwellmegan@hotmail.com,8786938546,"34523 Linda Place, Kelseyville, WA 83483",2020-12-26,Duplicate key constraint violation,2025-08-22 23:04:41.971192
CUST5888,Yvonne Friedman,joshuabush@rhodes.com,+1-042-602-7471x1054,"3128 Kristy Lakes, Port Gabriel, SD 67629",2019-01-18,Duplicate key constraint violation,2025-08-22 23:04:41.971192
CUST5889,Melissa Norris,whill@gmail.com,964-688-4728,"5212 Romero Garden, Port Michael, TN 77325",2024-02-11,Duplicate key constraint violation,2025-08-22 23:04:41.971192
CUST5890,Richard Campbell,cole67@ibarra-thomas.biz,+1-779-687-8515x41465,"556 Kathryn Parks, Lake Kenneth, MI 13660",2024-05-31,Duplicate key constraint violation,2025-08-22 23:04:41.971192
CUST5891,Charles Turner,jenniferrice@hotmail.com,001-751-688-0329x20373,"3281 Burgess Extensions Apt. 217, Millerland, OK 07215",2022-02-12,Duplicate key constraint violation,2025-08-22 23:04:41.971192
CUST5892,Anita Long,ikim@hotmail.com,7680470784,"582 Kirk Rue, North Luis, NH 55832",2021-01-12,Duplicate key constraint violation,2025-08-22 23:04:41.971192
CUST5893,Christopher Snyder,beckyking@gmail.com,021.359.4058x940,"8593 Robinson Ford Apt. 461, Stoneside, AZ 28047",2019-01-22,Duplicate key constraint violation,2025-08-22 23:04:41.971192
CUST5894,Amber Howard,sara33@yahoo.com,600.095.2448x29478,"USS Neal, FPO AE 43625",2023-11-16,Duplicate key constraint violation,2025-08-22 23:04:41.971192
CUST5895,Kelsey Ward,holtgary@robinson.biz,(856)615-0382,"292 Ryan Parkway Suite 023, Mitchellshire, UT 12179",2022-12-12,Duplicate key constraint violation,2025-08-22 23:04:41.971192
CUST5896,Mary Hull,bellsheila@ross-holland.org,+1-574-494-3108,"719 Coleman Green, Brittanyfort, CT 57791",2022-05-21,Duplicate key constraint violation,2025-08-22 23:04:41.971192
CUST5897,Justin Garrett,millerchristina@mccoy.com,(717)308-7366,"62237 Smith Club Apt. 035, Michellefurt, WV 40088",2023-11-26,Duplicate key constraint violation,2025-08-22 23:04:41.971192
CUST5898,Kathy Scott,estradadavid@walker.com,4341731224,"Unit 8796 Box 1952, DPO AA 29957",2019-07-15,Duplicate key constraint violation,2025-08-22 23:04:41.971192
CUST5899,Tyler Ball,daniel82@rogers.com,001-873-404-5558x035,"74012 Wells Cape Suite 289, Smithchester, AK 08064",2019-05-15,Duplicate key constraint violation,2025-08-22 23:04:41.971192
CUST5900,Jimmy Woods,sabrina79@anderson.com,+1-383-864-7496,"39446 Flowers Pike Apt. 130, East Jeremy, NY 41462",2019-07-09,Duplicate key constraint violation,2025-08-22 23:04:41.971192
CUST5901,Mrs. Susan Clark,ronald37@hoffman.com,987-595-9376,"USNV Taylor, FPO AP 69599",2021-10-15,Duplicate key constraint violation,2025-08-22 23:04:41.971192
CUST5902,Michele Molina,jason75@thompson-lewis.com,+1-593-505-2482,"2294 King Neck, South Troyfort, AK 95288",2023-09-30,Duplicate key constraint violation,2025-08-22 23:04:41.971192
CUST5903,Alan Carson,zgreene@davis.com,+1-977-946-4804x9593,"Unit 4660 Box 3174, DPO AP 65713",2020-01-11,Duplicate key constraint violation,2025-08-22 23:04:41.971192
CUST5904,Lauren Patrick,abenson@gmail.com,738-904-8628x89140,"91048 Kenneth Light Suite 101, Lake Ryan, NE 31459",2019-07-11,Duplicate key constraint violation,2025-08-22 23:04:41.971192
CUST5905,Krista Krause,jacksontara@hotmail.com,+1-938-273-9304x36889,"PSC 4106, Box 1455, APO AE 22240",2023-03-18,Duplicate key constraint violation,2025-08-22 23:04:41.971192
CUST5906,Valerie Lane,johnsscott@hotmail.com,+1-950-802-5097x863,"7527 Sherri Oval, Port Brendan, CA 90582",2024-04-08,Duplicate key constraint violation,2025-08-22 23:04:41.971192
CUST5907,Charles Mccoy,lindsay62@phillips.com,656.466.1425x1065,"60151 Derek Junction Suite 301, Kevinbury, HI 98747",2021-05-09,Duplicate key constraint violation,2025-08-22 23:04:41.971192
CUST5908,Jason Ayers,daniel47@aguirre-cooper.info,680.365.3279,"1122 Escobar Keys Suite 948, Susanside, MA 79228",2020-04-24,Duplicate key constraint violation,2025-08-22 23:04:41.971192
CUST5909,Ashley Carrillo,jeffrey97@sutton.com,709.499.3261x441,"3206 Peter Bypass, South Matthew, IL 97436",2021-12-31,Duplicate key constraint violation,2025-08-22 23:04:41.971192
CUST5910,Robyn Arroyo,heather38@yahoo.com,001-384-973-4439,"773 Thomas Springs Apt. 525, Allenstad, NC 94105",2019-03-16,Duplicate key constraint violation,2025-08-22 23:04:41.971192
CUST5911,Monique Evans,maldonadotrevor@gmail.com,676-975-0767,"03392 Sarah Club, Maciasburgh, VA 44156",2020-12-12,Duplicate key constraint violation,2025-08-22 23:04:41.971192
CUST5912,Jeffrey Thornton,amy88@gmail.com,020.698.6422,"727 Aaron Pine, Hayshaven, DE 78971",2024-04-26,Duplicate key constraint violation,2025-08-22 23:04:41.971192
CUST5913,Dean Cantu,rachel01@yahoo.com,477.477.6784x040,"850 Hannah Isle, Courtneymouth, MO 19604",2019-07-13,Duplicate key constraint violation,2025-08-22 23:04:41.971192
CUST5914,Elizabeth Lee,apittman@hotmail.com,001-406-430-1811x550,"04424 Johnson View Suite 905, New Melissaborough, WY 21938",2019-10-02,Duplicate key constraint violation,2025-08-22 23:04:41.971192
CUST5915,Courtney Perez,pjuarez@yahoo.com,001-708-252-2956x44502,"9543 Kathleen Islands Apt. 221, East Joseph, HI 84816",2019-03-19,Duplicate key constraint violation,2025-08-22 23:04:41.971192
CUST5916,Ronald Williams,rodriguezadriana@douglas.com,001-677-954-3033x2531,"732 Henderson Bypass Apt. 423, Port Ralph, AK 94912",2021-10-27,Duplicate key constraint violation,2025-08-22 23:04:41.971192
CUST5917,Justin Rios,allenderrick@yahoo.com,+1-897-566-0747x18934,"3344 Carlos Estate Suite 447, Reevesstad, SD 11003",2020-08-19,Duplicate key constraint violation,2025-08-22 23:04:41.971192
CUST5918,Tiffany Lawrence,spencejoseph@yahoo.com,+1-137-833-4123,"1428 Gardner Bridge Apt. 074, Lake Kelly, KY 73641",2023-11-28,Duplicate key constraint violation,2025-08-22 23:04:41.971192
CUST5919,Gail Gomez,yperry@yahoo.com,+1-616-831-3441x365,"9034 Smith Trail Apt. 456, Raymondburgh, ND 84235",2020-10-11,Duplicate key constraint violation,2025-08-22 23:04:41.971192
CUST5920,William Hicks,holmesanthony@yahoo.com,+1-129-759-4461x9204,"USS Flores, FPO AA 60446",2021-06-07,Duplicate key constraint violation,2025-08-22 23:04:41.971192
CUST5921,Brian Thomas,ljohnson@gmail.com,933-206-8531x0095,"39630 Thomas Square, Kirstenshire, UT 19102",2021-09-06,Duplicate key constraint violation,2025-08-22 23:04:41.971192
CUST5922,Mindy Hernandez,karen76@brown-sherman.com,(747)952-3359,"747 Thomas Crest, Christopherberg, UT 95281",2021-06-15,Duplicate key constraint violation,2025-08-22 23:04:41.971192
CUST5923,Mark Young,katelyn19@hotmail.com,558.363.9408x140,"2099 Taylor Shore, Kristineport, OR 33736",2019-03-15,Duplicate key constraint violation,2025-08-22 23:04:41.971192
CUST5924,Felicia Davidson,alexanderguerra@rangel-jones.com,(766)716-5868,"067 Martinez Junction, Kathyborough, MT 22456",2019-09-09,Duplicate key constraint violation,2025-08-22 23:04:41.971192
CUST5925,Kimberly Martinez,lgraham@hotmail.com,331-621-0155x25444,"USNV Morgan, FPO AA 90478",2024-01-14,Duplicate key constraint violation,2025-08-22 23:04:41.971192
CUST5926,Hayley Moore,gdunn@gmail.com,(360)801-1143x51061,"563 Brandy Via, Josephfort, VA 35431",2024-06-24,Duplicate key constraint violation,2025-08-22 23:04:41.971192
CUST5927,Sarah Robinson,hernandezrobert@santos.biz,0566293318,"659 Martin Grove Apt. 434, Loweshire, MA 45679",2022-09-21,Duplicate key constraint violation,2025-08-22 23:04:41.971192
CUST5928,Kevin Peterson,meganbeck@lee.com,269.678.9476x033,"6293 Patricia Via Suite 428, North Lisa, MN 98045",2020-09-12,Duplicate key constraint violation,2025-08-22 23:04:41.971192
CUST5929,Matthew Donovan,rgreen@gmail.com,595-253-1691x926,"4240 Perkins Shores Apt. 060, Johnsonland, NJ 51726",2019-10-22,Duplicate key constraint violation,2025-08-22 23:04:41.971192
CUST5930,Sherry Johnson,owenkathryn@yates.net,489.117.4030,"2491 Jennifer Villages, Port Deanmouth, CA 19695",2019-09-10,Duplicate key constraint violation,2025-08-22 23:04:41.971192
CUST5931,Kelli Berg,christophermunoz@wilson.com,448-963-8363,"45814 Leblanc Islands Apt. 025, Joseborough, NC 58197",2019-07-16,Duplicate key constraint violation,2025-08-22 23:04:41.971192
CUST5932,Paul Singh,sean13@cantu.com,(807)287-8463,"350 Dakota Crescent Suite 521, Tranchester, TX 11395",2019-08-19,Duplicate key constraint violation,2025-08-22 23:04:41.971192
CUST5933,Jacob Taylor,david90@mclaughlin.com,755.288.5217,"09619 Rodriguez Square Apt. 649, Karlfort, MI 39796",2021-07-24,Duplicate key constraint violation,2025-08-22 23:04:41.971192
CUST5934,Jonathon Hutchinson,jchaney@horton-burke.org,001-984-637-1578,"44301 Jackson Vista Apt. 069, Alexisburgh, CO 31620",2023-07-03,Duplicate key constraint violation,2025-08-22 23:04:41.971192
CUST5935,Donna Brown,clivingston@green.com,(902)266-3857x3844,"823 Moore Prairie Apt. 988, North Hannahstad, RI 83907",2021-12-17,Duplicate key constraint violation,2025-08-22 23:04:41.971192
CUST5936,Peter Martin,jonesgerald@carpenter-cooper.com,150-193-2435x2637,"244 Flores Islands, Evansmouth, TX 94244",2019-02-09,Duplicate key constraint violation,2025-08-22 23:04:41.971192
CUST5937,Paula Thompson,tiffany60@martinez.com,001-093-600-8186x1019,"86717 Jeff Mount Apt. 776, Kelliview, HI 45970",2024-07-17,Duplicate key constraint violation,2025-08-22 23:04:41.971192
CUST5938,Jesse Dixon,rogerbell@hotmail.com,669.542.8070x34795,"19219 Brittany Point, Lake Kathystad, IN 94204",2021-12-06,Duplicate key constraint violation,2025-08-22 23:04:41.971192
CUST5939,Ann Wilson,bethany30@phillips.com,+1-953-331-0763,"10045 Church Parkways Suite 440, Lambport, AL 13017",2020-02-16,Duplicate key constraint violation,2025-08-22 23:04:41.971192
CUST5940,Michael Powell,sara02@martinez-bean.com,496-811-1894x397,"PSC 1426, Box 9535, APO AP 18386",2020-09-05,Duplicate key constraint violation,2025-08-22 23:04:41.971192
CUST5941,Robert Martinez,toddamy@cole.com,461-813-2109x5303,"2534 Peterson Islands, Burnsside, MA 89712",2019-11-24,Duplicate key constraint violation,2025-08-22 23:04:41.971192
CUST5942,Sabrina Clark,millerpamela@melton.info,806.947.9027x240,"232 Wanda Stream Suite 487, East Curtis, VT 99074",2023-02-25,Duplicate key constraint violation,2025-08-22 23:04:41.971192
CUST5943,Heidi Morris,barrontroy@gmail.com,6003984201,"346 Matthew Street, South Brianhaven, KS 58292",2022-07-28,Duplicate key constraint violation,2025-08-22 23:04:41.971192
CUST5944,Elizabeth Ramirez,kellylopez@nicholson-holland.org,(826)762-3241x4733,"93635 Anthony Ferry Suite 894, Virginiabury, VT 63998",2024-11-09,Duplicate key constraint violation,2025-08-22 23:04:41.971192
CUST5945,Jacqueline Armstrong,erikanguyen@gmail.com,+1-943-982-0736x9567,"907 Carolyn Roads Apt. 515, Derrickburgh, SC 84612",2021-04-01,Duplicate key constraint violation,2025-08-22 23:04:41.971192
CUST5946,Melanie Noble,omassey@yahoo.com,072.246.5448,"967 April Heights Apt. 904, Port Pamelastad, AL 42224",2024-12-27,Duplicate key constraint violation,2025-08-22 23:04:41.971192
CUST5947,Jonathan Bean,brendanhall@yahoo.com,001-640-038-7067x496,"7778 Tammy Circle Apt. 042, Perezchester, GA 13327",2021-05-15,Duplicate key constraint violation,2025-08-22 23:04:41.971192
CUST5948,Kaylee Lopez,wilsonmelanie@yahoo.com,477-112-0243,"80242 Ford Wall Suite 783, New Andrew, VT 88922",2024-10-09,Duplicate key constraint violation,2025-08-22 23:04:41.971192
CUST5949,Joshua Fitzgerald,comptondustin@carr.net,610.438.2561x214,"4939 Rebecca Mount, Jessicaview, MD 03249",2022-05-09,Duplicate key constraint violation,2025-08-22 23:04:41.971192
CUST5950,Roger Poole,edward29@yahoo.com,610.434.6259x62839,"63036 Fuentes Island Apt. 490, Lake Stephenview, ME 42484",2024-11-14,Duplicate key constraint violation,2025-08-22 23:04:41.971192
CUST5951,Lynn Weaver,samuel41@guzman-gonzalez.org,230.384.5093,"1493 Melton Motorway Apt. 506, Port Jonathan, DE 62172",2021-10-12,Duplicate key constraint violation,2025-08-22 23:04:41.971192
CUST5952,Stacy Moore,michelle89@hotmail.com,445.039.6542x738,"Unit 2526 Box 9644, DPO AE 61903",2020-10-08,Duplicate key constraint violation,2025-08-22 23:04:41.971192
CUST5953,William Davis,kari31@yahoo.com,(133)288-9956,"247 Stevens Cape, Jenniferton, NY 69779",2021-01-29,Duplicate key constraint violation,2025-08-22 23:04:41.971192
CUST5954,Joseph Norris,holtjennifer@hotmail.com,7268293655,"9870 Smith Rest Apt. 193, Lake Barbara, NM 78235",2022-12-19,Duplicate key constraint violation,2025-08-22 23:04:41.971192
CUST5955,Gina Mosley,umunoz@gmail.com,497-822-7474x66852,"0997 Jessica Stravenue, Hectorstad, NH 71354",2019-10-03,Duplicate key constraint violation,2025-08-22 23:04:41.971192
CUST5956,David Williams,gsantiago@morales-reed.com,(693)124-8446x3178,"746 Castillo Cliff Apt. 041, Angelaville, VA 71196",2020-02-19,Duplicate key constraint violation,2025-08-22 23:04:41.971192
CUST5957,Paula Scott,andersonbrandon@duke.com,978.990.7259x3779,"774 Christopher Highway, Martinfurt, MO 99034",2022-03-14,Duplicate key constraint violation,2025-08-22 23:04:41.971192
CUST5958,Justin Wright,pstanley@gmail.com,001-099-207-1081x6055,"72800 Powell Manor Apt. 350, North Marietown, DC 68321",2023-08-25,Duplicate key constraint violation,2025-08-22 23:04:41.971192
CUST5959,Megan Lopez,ronaldtaylor@hotmail.com,+1-555-992-7201x9561,"PSC 2993, Box 9962, APO AP 73326",2023-10-01,Duplicate key constraint violation,2025-08-22 23:04:41.971192
CUST5960,Christopher Wright,russell48@yahoo.com,089-858-4294x3762,"14067 Craig Curve Suite 721, Johnhaven, AZ 60878",2024-09-13,Duplicate key constraint violation,2025-08-22 23:04:41.971192
CUST5961,Thomas Hamilton,adamconway@young.org,759.438.9727x77681,"32631 Michael Groves, New Amandaland, MN 96968",2021-11-07,Duplicate key constraint violation,2025-08-22 23:04:41.971192
CUST5962,Robin Taylor,michael84@gmail.com,001-936-685-8874,"675 Lopez Forges, Sarahland, NY 16003",2024-12-10,Duplicate key constraint violation,2025-08-22 23:04:41.971192
CUST5963,Amy Pineda,robertturner@patel.info,+1-659-943-1236x104,"060 Sanford Corners, Marshalltown, WV 43710",2020-09-18,Duplicate key constraint violation,2025-08-22 23:04:41.971192
CUST5964,Toni Parks,jeremylester@gmail.com,102-213-0582x7047,"850 Kristopher Place Suite 146, South Taylorfurt, IA 74037",2020-03-30,Duplicate key constraint violation,2025-08-22 23:04:41.971192
CUST5965,Cody Lloyd,tony51@ford.com,001-458-562-5711x5225,"947 Kristine Orchard, Hughesmouth, WV 77184",2023-03-04,Duplicate key constraint violation,2025-08-22 23:04:41.971192
CUST5966,Kristen Martinez,millerrobert@white.info,(546)675-7484x1129,"83179 Theresa Ranch, North Jamesstad, NM 28621",2023-06-20,Duplicate key constraint violation,2025-08-22 23:04:41.971192
CUST5967,Joel Lewis,ncarrillo@hotmail.com,077.966.6829,"6329 Gary Harbors, West Miguelville, MS 07463",2020-05-08,Duplicate key constraint violation,2025-08-22 23:04:41.971192
CUST5968,Shelby Morris,jonesvanessa@washington-love.info,001-507-682-2036,"7147 Brown Points, New Caitlin, MI 11175",2021-02-02,Duplicate key constraint violation,2025-08-22 23:04:41.971192
CUST5969,Christine Contreras,michaelbradshaw@gmail.com,+1-205-794-7657x4829,"94730 Sloan Unions Apt. 477, South Jamesville, WA 03260",2019-07-21,Duplicate key constraint violation,2025-08-22 23:04:41.971192
CUST5970,Carmen Sanchez,tjones@diaz.com,623.776.8153x7806,"449 Jason Glens Suite 651, East Joseph, OH 94779",2023-08-01,Duplicate key constraint violation,2025-08-22 23:04:41.971192
CUST5971,Todd Levy,fletcherkristin@ellis.com,395-535-9325x377,"9401 Stephen Walks, Marktown, ND 68018",2019-05-08,Duplicate key constraint violation,2025-08-22 23:04:41.971192
CUST5972,Michael Park,eileenstewart@pope-love.info,+1-169-592-4286x8229,"191 Olivia Forges, Davidshire, MS 59265",2022-01-18,Duplicate key constraint violation,2025-08-22 23:04:41.971192
CUST5973,Trevor Young,zhebert@french.com,001-351-961-4140,"4120 Rowe Mount Suite 122, Nixonmouth, HI 63384",2022-07-15,Duplicate key constraint violation,2025-08-22 23:04:41.971192
CUST5974,Donald Crosby,penakatie@hotmail.com,+1-513-784-0007x660,"4267 Kristy Ports, Rileystad, NH 43180",2021-08-24,Duplicate key constraint violation,2025-08-22 23:04:41.971192
CUST5975,Kaitlin Morgan,debrahenderson@hotmail.com,001-423-928-7358,"210 Margaret Lodge Suite 633, Christinebury, PA 50546",2019-03-11,Duplicate key constraint violation,2025-08-22 23:04:41.971192
CUST5976,Nancy Sanchez,yortega@olson-davis.com,(412)243-9147,"1042 Brandi Falls, Kempton, NH 24727",2019-08-15,Duplicate key constraint violation,2025-08-22 23:04:41.971192
CUST5977,Jennifer Jackson,nicolas40@yahoo.com,231-960-2749x505,"21165 Jeremy Ferry, North Michelleland, KY 17407",2019-05-16,Duplicate key constraint violation,2025-08-22 23:04:41.971192
CUST5978,Ryan Whitehead,qwolf@thompson-summers.org,+1-168-257-6384x0241,"44241 George Alley Apt. 102, West Victoriashire, PA 53124",2019-03-31,Duplicate key constraint violation,2025-08-22 23:04:41.971192
CUST5979,Caroline Harris,jamie69@gmail.com,255-579-2918,"8931 Jessica Radial, Laurafurt, IL 55783",2021-08-14,Duplicate key constraint violation,2025-08-22 23:04:41.971192
CUST5980,Nancy Dunlap,shannonbradshaw@gmail.com,363.407.4491,"USNV Robertson, FPO AE 15984",2022-09-03,Duplicate key constraint violation,2025-08-22 23:04:41.971192
CUST5981,Cassandra Hernandez,bwashington@gordon-chavez.org,+1-284-411-1083,"8466 Melinda Crossroad Suite 177, Joseport, VA 92144",2020-04-03,Duplicate key constraint violation,2025-08-22 23:04:41.971192
CUST5982,Joshua Branch,ernestburton@burnett.com,(363)616-1801x33573,"8665 Graves Wall Suite 210, Ericland, OR 89735",2020-01-10,Duplicate key constraint violation,2025-08-22 23:04:41.971192
CUST5983,Tricia Bautista,kolsen@yahoo.com,001-360-372-2226x7776,"882 Copeland Prairie Suite 629, North Samantha, WI 57289",2022-03-12,Duplicate key constraint violation,2025-08-22 23:04:41.971192
CUST5984,Gregory Holmes,craigjennifer@mcneil.com,+1-898-639-0469x224,"906 Davis Corner, Bellfort, MT 03151",2021-11-14,Duplicate key constraint violation,2025-08-22 23:04:41.971192
CUST5985,Deanna Perry,shirleygriffin@schultz.net,+1-604-503-0353x66668,"USS Gibson, FPO AA 11840",2024-03-26,Duplicate key constraint violation,2025-08-22 23:04:41.971192
CUST5986,Diane Barajas,qcaldwell@hotmail.com,3913692520,"527 Joshua Springs, South Valerie, HI 34351",2019-08-25,Duplicate key constraint violation,2025-08-22 23:04:41.971192
CUST5987,Dustin Guerra,kathleen50@huff.com,9245758513,"8558 Clarke Drive Apt. 034, Beckyside, KY 16907",2020-03-12,Duplicate key constraint violation,2025-08-22 23:04:41.971192
CUST5988,Ashley Kemp,hodgeelizabeth@arnold.info,(847)234-2598,"8580 David Mount, Jodiland, OK 16397",2023-09-30,Duplicate key constraint violation,2025-08-22 23:04:41.971192
CUST5989,Tanya Noble,charles51@fuller.info,001-146-018-3782,"USNV Ramirez, FPO AP 07673",2021-08-15,Duplicate key constraint violation,2025-08-22 23:04:41.971192
CUST5990,Teresa Johnson,reevesmatthew@williams.com,8066704117,"2320 Porter Locks Apt. 944, New Karen, AK 21006",2021-12-20,Duplicate key constraint violation,2025-08-22 23:04:41.971192
CUST5991,Anthony Tanner,jacksonmichael@clements.biz,468.012.5746,"5709 Salazar Brook, Stephensonchester, GA 72317",2022-01-15,Duplicate key constraint violation,2025-08-22 23:04:41.971192
CUST5992,Bonnie Clark,hbennett@sexton.com,917.748.2111x20700,"861 Jeanne Forge Apt. 663, North Aliciaberg, OK 89501",2020-03-29,Duplicate key constraint violation,2025-08-22 23:04:41.971192
CUST5993,Jason Harris,ystevens@gmail.com,359.974.5825x062,"451 Johnson Divide Apt. 070, Fisherside, NC 24577",2020-07-06,Duplicate key constraint violation,2025-08-22 23:04:41.971192
CUST5994,Elizabeth Chan,danielcox@williams.com,599.586.9732,"946 Jennifer Hollow, Iantown, NV 75345",2020-04-28,Duplicate key constraint violation,2025-08-22 23:04:41.971192
CUST5995,Kimberly Fernandez,elam@gmail.com,+1-510-319-2049x0000,"4348 Jones Light Apt. 761, Paulborough, AR 63282",2023-02-25,Duplicate key constraint violation,2025-08-22 23:04:41.971192
CUST5996,Daniel Williams,jamesmcmillan@gmail.com,500.227.4276,"170 Fuller Street Suite 884, East Cheryl, RI 13058",2023-01-21,Duplicate key constraint violation,2025-08-22 23:04:41.971192
CUST5997,Bryan Smith,watsonkeith@hotmail.com,(293)406-5575x271,"85035 Lawrence Ridges Suite 139, Port Wesleyfort, MI 11054",2021-12-30,Duplicate key constraint violation,2025-08-22 23:04:41.971192
CUST5998,Walter Martin,huntermisty@dodson-beard.biz,225.740.3351x11646,"44379 Aimee Keys Suite 901, Jonathanville, IL 58283",2023-02-06,Duplicate key constraint violation,2025-08-22 23:04:41.971192
CUST5999,Maureen Robinson,alex75@holder-curry.com,870-678-2632,"93722 Robert Lane, Lake Victoria, NE 96931",2019-08-10,Duplicate key constraint violation,2025-08-22 23:04:41.971192
