store_id,store_name,location,manager,rejection_reason,rejection_timestamp
STORE1090,Oxford Store,East Greenwood,Jennifer Garcia,"Database insertion failed: (pymysql.err.IntegrityError) (1062, ""Duplicate entry 'STORE1090' for key 'dimstore.store_id'"")
[SQL: INSERT INTO dimstore (store_id, store_name, location, manager) VALUES (%(store_id)s, %(store_name)s, %(location)s, %(manager)s)]
[parameters: [{'store_id': 'STORE1090', 'store_name': 'Oxford Store', 'location': 'East Greenwood', 'manager': 'Jennifer Garcia'}, {'store_id': 'STORE1091', 'store_name': 'Salem Store', 'location': 'East Newport', 'manager': 'George Turner'}, {'store_id': 'STORE1092', 'store_name': 'Chester Store', 'location': 'West Fairview', 'manager': 'Richard Taylor'}, {'store_id': 'STORE1093', 'store_name': 'Manchester Store', 'location': 'East Jackson', 'manager': 'Anthony Lee'}, {'store_id': 'STORE1094', 'store_name': 'Franklin Store', 'location': 'West Washington', 'manager': 'Christopher Garcia'}, {'store_id': 'STORE1095', 'store_name': 'Fairview Store', 'location': 'East Bristol', 'manager': 'Lisa Edwards'}, {'store_id': 'STORE1096', 'store_name': 'Milton Store', 'location': 'West Marion', 'manager': 'Dorothy Parker'}, {'store_id': 'STORE1097', 'store_name': 'Burlington Store', 'location': 'West Richmond', 'manager': 'John Jones'}  ... displaying 10 of 534 total bound parameter sets ...  {'store_id': 'STORE1622', 'store_name': 'Franklin Store', 'location': 'East Arlingtontown', 'manager': 'John Jones'}, {'store_id': 'STORE1623', 'store_name': 'Clayton Store', 'location': 'West Franklin', 'manager': 'Carol Wright'}]]
(Background on this error at: https://sqlalche.me/e/20/gkpj)",2025-08-22 22:40:56.650964
STORE1091,Salem Store,East Newport,George Turner,"Database insertion failed: (pymysql.err.IntegrityError) (1062, ""Duplicate entry 'STORE1090' for key 'dimstore.store_id'"")
[SQL: INSERT INTO dimstore (store_id, store_name, location, manager) VALUES (%(store_id)s, %(store_name)s, %(location)s, %(manager)s)]
[parameters: [{'store_id': 'STORE1090', 'store_name': 'Oxford Store', 'location': 'East Greenwood', 'manager': 'Jennifer Garcia'}, {'store_id': 'STORE1091', 'store_name': 'Salem Store', 'location': 'East Newport', 'manager': 'George Turner'}, {'store_id': 'STORE1092', 'store_name': 'Chester Store', 'location': 'West Fairview', 'manager': 'Richard Taylor'}, {'store_id': 'STORE1093', 'store_name': 'Manchester Store', 'location': 'East Jackson', 'manager': 'Anthony Lee'}, {'store_id': 'STORE1094', 'store_name': 'Franklin Store', 'location': 'West Washington', 'manager': 'Christopher Garcia'}, {'store_id': 'STORE1095', 'store_name': 'Fairview Store', 'location': 'East Bristol', 'manager': 'Lisa Edwards'}, {'store_id': 'STORE1096', 'store_name': 'Milton Store', 'location': 'West Marion', 'manager': 'Dorothy Parker'}, {'store_id': 'STORE1097', 'store_name': 'Burlington Store', 'location': 'West Richmond', 'manager': 'John Jones'}  ... displaying 10 of 534 total bound parameter sets ...  {'store_id': 'STORE1622', 'store_name': 'Franklin Store', 'location': 'East Arlingtontown', 'manager': 'John Jones'}, {'store_id': 'STORE1623', 'store_name': 'Clayton Store', 'location': 'West Franklin', 'manager': 'Carol Wright'}]]
(Background on this error at: https://sqlalche.me/e/20/gkpj)",2025-08-22 22:40:56.650964
STORE1092,Chester Store,West Fairview,Richard Taylor,"Database insertion failed: (pymysql.err.IntegrityError) (1062, ""Duplicate entry 'STORE1090' for key 'dimstore.store_id'"")
[SQL: INSERT INTO dimstore (store_id, store_name, location, manager) VALUES (%(store_id)s, %(store_name)s, %(location)s, %(manager)s)]
[parameters: [{'store_id': 'STORE1090', 'store_name': 'Oxford Store', 'location': 'East Greenwood', 'manager': 'Jennifer Garcia'}, {'store_id': 'STORE1091', 'store_name': 'Salem Store', 'location': 'East Newport', 'manager': 'George Turner'}, {'store_id': 'STORE1092', 'store_name': 'Chester Store', 'location': 'West Fairview', 'manager': 'Richard Taylor'}, {'store_id': 'STORE1093', 'store_name': 'Manchester Store', 'location': 'East Jackson', 'manager': 'Anthony Lee'}, {'store_id': 'STORE1094', 'store_name': 'Franklin Store', 'location': 'West Washington', 'manager': 'Christopher Garcia'}, {'store_id': 'STORE1095', 'store_name': 'Fairview Store', 'location': 'East Bristol', 'manager': 'Lisa Edwards'}, {'store_id': 'STORE1096', 'store_name': 'Milton Store', 'location': 'West Marion', 'manager': 'Dorothy Parker'}, {'store_id': 'STORE1097', 'store_name': 'Burlington Store', 'location': 'West Richmond', 'manager': 'John Jones'}  ... displaying 10 of 534 total bound parameter sets ...  {'store_id': 'STORE1622', 'store_name': 'Franklin Store', 'location': 'East Arlingtontown', 'manager': 'John Jones'}, {'store_id': 'STORE1623', 'store_name': 'Clayton Store', 'location': 'West Franklin', 'manager': 'Carol Wright'}]]
(Background on this error at: https://sqlalche.me/e/20/gkpj)",2025-08-22 22:40:56.650964
STORE1093,Manchester Store,East Jackson,Anthony Lee,"Database insertion failed: (pymysql.err.IntegrityError) (1062, ""Duplicate entry 'STORE1090' for key 'dimstore.store_id'"")
[SQL: INSERT INTO dimstore (store_id, store_name, location, manager) VALUES (%(store_id)s, %(store_name)s, %(location)s, %(manager)s)]
[parameters: [{'store_id': 'STORE1090', 'store_name': 'Oxford Store', 'location': 'East Greenwood', 'manager': 'Jennifer Garcia'}, {'store_id': 'STORE1091', 'store_name': 'Salem Store', 'location': 'East Newport', 'manager': 'George Turner'}, {'store_id': 'STORE1092', 'store_name': 'Chester Store', 'location': 'West Fairview', 'manager': 'Richard Taylor'}, {'store_id': 'STORE1093', 'store_name': 'Manchester Store', 'location': 'East Jackson', 'manager': 'Anthony Lee'}, {'store_id': 'STORE1094', 'store_name': 'Franklin Store', 'location': 'West Washington', 'manager': 'Christopher Garcia'}, {'store_id': 'STORE1095', 'store_name': 'Fairview Store', 'location': 'East Bristol', 'manager': 'Lisa Edwards'}, {'store_id': 'STORE1096', 'store_name': 'Milton Store', 'location': 'West Marion', 'manager': 'Dorothy Parker'}, {'store_id': 'STORE1097', 'store_name': 'Burlington Store', 'location': 'West Richmond', 'manager': 'John Jones'}  ... displaying 10 of 534 total bound parameter sets ...  {'store_id': 'STORE1622', 'store_name': 'Franklin Store', 'location': 'East Arlingtontown', 'manager': 'John Jones'}, {'store_id': 'STORE1623', 'store_name': 'Clayton Store', 'location': 'West Franklin', 'manager': 'Carol Wright'}]]
(Background on this error at: https://sqlalche.me/e/20/gkpj)",2025-08-22 22:40:56.650964
STORE1094,Franklin Store,West Washington,Christopher Garcia,"Database insertion failed: (pymysql.err.IntegrityError) (1062, ""Duplicate entry 'STORE1090' for key 'dimstore.store_id'"")
[SQL: INSERT INTO dimstore (store_id, store_name, location, manager) VALUES (%(store_id)s, %(store_name)s, %(location)s, %(manager)s)]
[parameters: [{'store_id': 'STORE1090', 'store_name': 'Oxford Store', 'location': 'East Greenwood', 'manager': 'Jennifer Garcia'}, {'store_id': 'STORE1091', 'store_name': 'Salem Store', 'location': 'East Newport', 'manager': 'George Turner'}, {'store_id': 'STORE1092', 'store_name': 'Chester Store', 'location': 'West Fairview', 'manager': 'Richard Taylor'}, {'store_id': 'STORE1093', 'store_name': 'Manchester Store', 'location': 'East Jackson', 'manager': 'Anthony Lee'}, {'store_id': 'STORE1094', 'store_name': 'Franklin Store', 'location': 'West Washington', 'manager': 'Christopher Garcia'}, {'store_id': 'STORE1095', 'store_name': 'Fairview Store', 'location': 'East Bristol', 'manager': 'Lisa Edwards'}, {'store_id': 'STORE1096', 'store_name': 'Milton Store', 'location': 'West Marion', 'manager': 'Dorothy Parker'}, {'store_id': 'STORE1097', 'store_name': 'Burlington Store', 'location': 'West Richmond', 'manager': 'John Jones'}  ... displaying 10 of 534 total bound parameter sets ...  {'store_id': 'STORE1622', 'store_name': 'Franklin Store', 'location': 'East Arlingtontown', 'manager': 'John Jones'}, {'store_id': 'STORE1623', 'store_name': 'Clayton Store', 'location': 'West Franklin', 'manager': 'Carol Wright'}]]
(Background on this error at: https://sqlalche.me/e/20/gkpj)",2025-08-22 22:40:56.650964
STORE1095,Fairview Store,East Bristol,Lisa Edwards,"Database insertion failed: (pymysql.err.IntegrityError) (1062, ""Duplicate entry 'STORE1090' for key 'dimstore.store_id'"")
[SQL: INSERT INTO dimstore (store_id, store_name, location, manager) VALUES (%(store_id)s, %(store_name)s, %(location)s, %(manager)s)]
[parameters: [{'store_id': 'STORE1090', 'store_name': 'Oxford Store', 'location': 'East Greenwood', 'manager': 'Jennifer Garcia'}, {'store_id': 'STORE1091', 'store_name': 'Salem Store', 'location': 'East Newport', 'manager': 'George Turner'}, {'store_id': 'STORE1092', 'store_name': 'Chester Store', 'location': 'West Fairview', 'manager': 'Richard Taylor'}, {'store_id': 'STORE1093', 'store_name': 'Manchester Store', 'location': 'East Jackson', 'manager': 'Anthony Lee'}, {'store_id': 'STORE1094', 'store_name': 'Franklin Store', 'location': 'West Washington', 'manager': 'Christopher Garcia'}, {'store_id': 'STORE1095', 'store_name': 'Fairview Store', 'location': 'East Bristol', 'manager': 'Lisa Edwards'}, {'store_id': 'STORE1096', 'store_name': 'Milton Store', 'location': 'West Marion', 'manager': 'Dorothy Parker'}, {'store_id': 'STORE1097', 'store_name': 'Burlington Store', 'location': 'West Richmond', 'manager': 'John Jones'}  ... displaying 10 of 534 total bound parameter sets ...  {'store_id': 'STORE1622', 'store_name': 'Franklin Store', 'location': 'East Arlingtontown', 'manager': 'John Jones'}, {'store_id': 'STORE1623', 'store_name': 'Clayton Store', 'location': 'West Franklin', 'manager': 'Carol Wright'}]]
(Background on this error at: https://sqlalche.me/e/20/gkpj)",2025-08-22 22:40:56.650964
STORE1096,Milton Store,West Marion,Dorothy Parker,"Database insertion failed: (pymysql.err.IntegrityError) (1062, ""Duplicate entry 'STORE1090' for key 'dimstore.store_id'"")
[SQL: INSERT INTO dimstore (store_id, store_name, location, manager) VALUES (%(store_id)s, %(store_name)s, %(location)s, %(manager)s)]
[parameters: [{'store_id': 'STORE1090', 'store_name': 'Oxford Store', 'location': 'East Greenwood', 'manager': 'Jennifer Garcia'}, {'store_id': 'STORE1091', 'store_name': 'Salem Store', 'location': 'East Newport', 'manager': 'George Turner'}, {'store_id': 'STORE1092', 'store_name': 'Chester Store', 'location': 'West Fairview', 'manager': 'Richard Taylor'}, {'store_id': 'STORE1093', 'store_name': 'Manchester Store', 'location': 'East Jackson', 'manager': 'Anthony Lee'}, {'store_id': 'STORE1094', 'store_name': 'Franklin Store', 'location': 'West Washington', 'manager': 'Christopher Garcia'}, {'store_id': 'STORE1095', 'store_name': 'Fairview Store', 'location': 'East Bristol', 'manager': 'Lisa Edwards'}, {'store_id': 'STORE1096', 'store_name': 'Milton Store', 'location': 'West Marion', 'manager': 'Dorothy Parker'}, {'store_id': 'STORE1097', 'store_name': 'Burlington Store', 'location': 'West Richmond', 'manager': 'John Jones'}  ... displaying 10 of 534 total bound parameter sets ...  {'store_id': 'STORE1622', 'store_name': 'Franklin Store', 'location': 'East Arlingtontown', 'manager': 'John Jones'}, {'store_id': 'STORE1623', 'store_name': 'Clayton Store', 'location': 'West Franklin', 'manager': 'Carol Wright'}]]
(Background on this error at: https://sqlalche.me/e/20/gkpj)",2025-08-22 22:40:56.650964
STORE1097,Burlington Store,West Richmond,John Jones,"Database insertion failed: (pymysql.err.IntegrityError) (1062, ""Duplicate entry 'STORE1090' for key 'dimstore.store_id'"")
[SQL: INSERT INTO dimstore (store_id, store_name, location, manager) VALUES (%(store_id)s, %(store_name)s, %(location)s, %(manager)s)]
[parameters: [{'store_id': 'STORE1090', 'store_name': 'Oxford Store', 'location': 'East Greenwood', 'manager': 'Jennifer Garcia'}, {'store_id': 'STORE1091', 'store_name': 'Salem Store', 'location': 'East Newport', 'manager': 'George Turner'}, {'store_id': 'STORE1092', 'store_name': 'Chester Store', 'location': 'West Fairview', 'manager': 'Richard Taylor'}, {'store_id': 'STORE1093', 'store_name': 'Manchester Store', 'location': 'East Jackson', 'manager': 'Anthony Lee'}, {'store_id': 'STORE1094', 'store_name': 'Franklin Store', 'location': 'West Washington', 'manager': 'Christopher Garcia'}, {'store_id': 'STORE1095', 'store_name': 'Fairview Store', 'location': 'East Bristol', 'manager': 'Lisa Edwards'}, {'store_id': 'STORE1096', 'store_name': 'Milton Store', 'location': 'West Marion', 'manager': 'Dorothy Parker'}, {'store_id': 'STORE1097', 'store_name': 'Burlington Store', 'location': 'West Richmond', 'manager': 'John Jones'}  ... displaying 10 of 534 total bound parameter sets ...  {'store_id': 'STORE1622', 'store_name': 'Franklin Store', 'location': 'East Arlingtontown', 'manager': 'John Jones'}, {'store_id': 'STORE1623', 'store_name': 'Clayton Store', 'location': 'West Franklin', 'manager': 'Carol Wright'}]]
(Background on this error at: https://sqlalche.me/e/20/gkpj)",2025-08-22 22:40:56.650964
STORE1098,Springfield Store,East Clinton,Sarah Martin,"Database insertion failed: (pymysql.err.IntegrityError) (1062, ""Duplicate entry 'STORE1090' for key 'dimstore.store_id'"")
[SQL: INSERT INTO dimstore (store_id, store_name, location, manager) VALUES (%(store_id)s, %(store_name)s, %(location)s, %(manager)s)]
[parameters: [{'store_id': 'STORE1090', 'store_name': 'Oxford Store', 'location': 'East Greenwood', 'manager': 'Jennifer Garcia'}, {'store_id': 'STORE1091', 'store_name': 'Salem Store', 'location': 'East Newport', 'manager': 'George Turner'}, {'store_id': 'STORE1092', 'store_name': 'Chester Store', 'location': 'West Fairview', 'manager': 'Richard Taylor'}, {'store_id': 'STORE1093', 'store_name': 'Manchester Store', 'location': 'East Jackson', 'manager': 'Anthony Lee'}, {'store_id': 'STORE1094', 'store_name': 'Franklin Store', 'location': 'West Washington', 'manager': 'Christopher Garcia'}, {'store_id': 'STORE1095', 'store_name': 'Fairview Store', 'location': 'East Bristol', 'manager': 'Lisa Edwards'}, {'store_id': 'STORE1096', 'store_name': 'Milton Store', 'location': 'West Marion', 'manager': 'Dorothy Parker'}, {'store_id': 'STORE1097', 'store_name': 'Burlington Store', 'location': 'West Richmond', 'manager': 'John Jones'}  ... displaying 10 of 534 total bound parameter sets ...  {'store_id': 'STORE1622', 'store_name': 'Franklin Store', 'location': 'East Arlingtontown', 'manager': 'John Jones'}, {'store_id': 'STORE1623', 'store_name': 'Clayton Store', 'location': 'West Franklin', 'manager': 'Carol Wright'}]]
(Background on this error at: https://sqlalche.me/e/20/gkpj)",2025-08-22 22:40:56.650964
STORE1099,Auburn Store,West Kingstontown,Emily Mitchell,"Database insertion failed: (pymysql.err.IntegrityError) (1062, ""Duplicate entry 'STORE1090' for key 'dimstore.store_id'"")
[SQL: INSERT INTO dimstore (store_id, store_name, location, manager) VALUES (%(store_id)s, %(store_name)s, %(location)s, %(manager)s)]
[parameters: [{'store_id': 'STORE1090', 'store_name': 'Oxford Store', 'location': 'East Greenwood', 'manager': 'Jennifer Garcia'}, {'store_id': 'STORE1091', 'store_name': 'Salem Store', 'location': 'East Newport', 'manager': 'George Turner'}, {'store_id': 'STORE1092', 'store_name': 'Chester Store', 'location': 'West Fairview', 'manager': 'Richard Taylor'}, {'store_id': 'STORE1093', 'store_name': 'Manchester Store', 'location': 'East Jackson', 'manager': 'Anthony Lee'}, {'store_id': 'STORE1094', 'store_name': 'Franklin Store', 'location': 'West Washington', 'manager': 'Christopher Garcia'}, {'store_id': 'STORE1095', 'store_name': 'Fairview Store', 'location': 'East Bristol', 'manager': 'Lisa Edwards'}, {'store_id': 'STORE1096', 'store_name': 'Milton Store', 'location': 'West Marion', 'manager': 'Dorothy Parker'}, {'store_id': 'STORE1097', 'store_name': 'Burlington Store', 'location': 'West Richmond', 'manager': 'John Jones'}  ... displaying 10 of 534 total bound parameter sets ...  {'store_id': 'STORE1622', 'store_name': 'Franklin Store', 'location': 'East Arlingtontown', 'manager': 'John Jones'}, {'store_id': 'STORE1623', 'store_name': 'Clayton Store', 'location': 'West Franklin', 'manager': 'Carol Wright'}]]
(Background on this error at: https://sqlalche.me/e/20/gkpj)",2025-08-22 22:40:56.650964
STORE1100,Newport Store,East Richmond,Deborah Phillips,"Database insertion failed: (pymysql.err.IntegrityError) (1062, ""Duplicate entry 'STORE1090' for key 'dimstore.store_id'"")
[SQL: INSERT INTO dimstore (store_id, store_name, location, manager) VALUES (%(store_id)s, %(store_name)s, %(location)s, %(manager)s)]
[parameters: [{'store_id': 'STORE1090', 'store_name': 'Oxford Store', 'location': 'East Greenwood', 'manager': 'Jennifer Garcia'}, {'store_id': 'STORE1091', 'store_name': 'Salem Store', 'location': 'East Newport', 'manager': 'George Turner'}, {'store_id': 'STORE1092', 'store_name': 'Chester Store', 'location': 'West Fairview', 'manager': 'Richard Taylor'}, {'store_id': 'STORE1093', 'store_name': 'Manchester Store', 'location': 'East Jackson', 'manager': 'Anthony Lee'}, {'store_id': 'STORE1094', 'store_name': 'Franklin Store', 'location': 'West Washington', 'manager': 'Christopher Garcia'}, {'store_id': 'STORE1095', 'store_name': 'Fairview Store', 'location': 'East Bristol', 'manager': 'Lisa Edwards'}, {'store_id': 'STORE1096', 'store_name': 'Milton Store', 'location': 'West Marion', 'manager': 'Dorothy Parker'}, {'store_id': 'STORE1097', 'store_name': 'Burlington Store', 'location': 'West Richmond', 'manager': 'John Jones'}  ... displaying 10 of 534 total bound parameter sets ...  {'store_id': 'STORE1622', 'store_name': 'Franklin Store', 'location': 'East Arlingtontown', 'manager': 'John Jones'}, {'store_id': 'STORE1623', 'store_name': 'Clayton Store', 'location': 'West Franklin', 'manager': 'Carol Wright'}]]
(Background on this error at: https://sqlalche.me/e/20/gkpj)",2025-08-22 22:40:56.650964
STORE1101,Madison Store,East Bristol,Anthony Lee,"Database insertion failed: (pymysql.err.IntegrityError) (1062, ""Duplicate entry 'STORE1090' for key 'dimstore.store_id'"")
[SQL: INSERT INTO dimstore (store_id, store_name, location, manager) VALUES (%(store_id)s, %(store_name)s, %(location)s, %(manager)s)]
[parameters: [{'store_id': 'STORE1090', 'store_name': 'Oxford Store', 'location': 'East Greenwood', 'manager': 'Jennifer Garcia'}, {'store_id': 'STORE1091', 'store_name': 'Salem Store', 'location': 'East Newport', 'manager': 'George Turner'}, {'store_id': 'STORE1092', 'store_name': 'Chester Store', 'location': 'West Fairview', 'manager': 'Richard Taylor'}, {'store_id': 'STORE1093', 'store_name': 'Manchester Store', 'location': 'East Jackson', 'manager': 'Anthony Lee'}, {'store_id': 'STORE1094', 'store_name': 'Franklin Store', 'location': 'West Washington', 'manager': 'Christopher Garcia'}, {'store_id': 'STORE1095', 'store_name': 'Fairview Store', 'location': 'East Bristol', 'manager': 'Lisa Edwards'}, {'store_id': 'STORE1096', 'store_name': 'Milton Store', 'location': 'West Marion', 'manager': 'Dorothy Parker'}, {'store_id': 'STORE1097', 'store_name': 'Burlington Store', 'location': 'West Richmond', 'manager': 'John Jones'}  ... displaying 10 of 534 total bound parameter sets ...  {'store_id': 'STORE1622', 'store_name': 'Franklin Store', 'location': 'East Arlingtontown', 'manager': 'John Jones'}, {'store_id': 'STORE1623', 'store_name': 'Clayton Store', 'location': 'West Franklin', 'manager': 'Carol Wright'}]]
(Background on this error at: https://sqlalche.me/e/20/gkpj)",2025-08-22 22:40:56.650964
STORE1102,Troy Store,East Jacksontown,Andrew Scott,"Database insertion failed: (pymysql.err.IntegrityError) (1062, ""Duplicate entry 'STORE1090' for key 'dimstore.store_id'"")
[SQL: INSERT INTO dimstore (store_id, store_name, location, manager) VALUES (%(store_id)s, %(store_name)s, %(location)s, %(manager)s)]
[parameters: [{'store_id': 'STORE1090', 'store_name': 'Oxford Store', 'location': 'East Greenwood', 'manager': 'Jennifer Garcia'}, {'store_id': 'STORE1091', 'store_name': 'Salem Store', 'location': 'East Newport', 'manager': 'George Turner'}, {'store_id': 'STORE1092', 'store_name': 'Chester Store', 'location': 'West Fairview', 'manager': 'Richard Taylor'}, {'store_id': 'STORE1093', 'store_name': 'Manchester Store', 'location': 'East Jackson', 'manager': 'Anthony Lee'}, {'store_id': 'STORE1094', 'store_name': 'Franklin Store', 'location': 'West Washington', 'manager': 'Christopher Garcia'}, {'store_id': 'STORE1095', 'store_name': 'Fairview Store', 'location': 'East Bristol', 'manager': 'Lisa Edwards'}, {'store_id': 'STORE1096', 'store_name': 'Milton Store', 'location': 'West Marion', 'manager': 'Dorothy Parker'}, {'store_id': 'STORE1097', 'store_name': 'Burlington Store', 'location': 'West Richmond', 'manager': 'John Jones'}  ... displaying 10 of 534 total bound parameter sets ...  {'store_id': 'STORE1622', 'store_name': 'Franklin Store', 'location': 'East Arlingtontown', 'manager': 'John Jones'}, {'store_id': 'STORE1623', 'store_name': 'Clayton Store', 'location': 'West Franklin', 'manager': 'Carol Wright'}]]
(Background on this error at: https://sqlalche.me/e/20/gkpj)",2025-08-22 22:40:56.650964
STORE1103,Washington Store,East Dovertown,Sandra Allen,"Database insertion failed: (pymysql.err.IntegrityError) (1062, ""Duplicate entry 'STORE1090' for key 'dimstore.store_id'"")
[SQL: INSERT INTO dimstore (store_id, store_name, location, manager) VALUES (%(store_id)s, %(store_name)s, %(location)s, %(manager)s)]
[parameters: [{'store_id': 'STORE1090', 'store_name': 'Oxford Store', 'location': 'East Greenwood', 'manager': 'Jennifer Garcia'}, {'store_id': 'STORE1091', 'store_name': 'Salem Store', 'location': 'East Newport', 'manager': 'George Turner'}, {'store_id': 'STORE1092', 'store_name': 'Chester Store', 'location': 'West Fairview', 'manager': 'Richard Taylor'}, {'store_id': 'STORE1093', 'store_name': 'Manchester Store', 'location': 'East Jackson', 'manager': 'Anthony Lee'}, {'store_id': 'STORE1094', 'store_name': 'Franklin Store', 'location': 'West Washington', 'manager': 'Christopher Garcia'}, {'store_id': 'STORE1095', 'store_name': 'Fairview Store', 'location': 'East Bristol', 'manager': 'Lisa Edwards'}, {'store_id': 'STORE1096', 'store_name': 'Milton Store', 'location': 'West Marion', 'manager': 'Dorothy Parker'}, {'store_id': 'STORE1097', 'store_name': 'Burlington Store', 'location': 'West Richmond', 'manager': 'John Jones'}  ... displaying 10 of 534 total bound parameter sets ...  {'store_id': 'STORE1622', 'store_name': 'Franklin Store', 'location': 'East Arlingtontown', 'manager': 'John Jones'}, {'store_id': 'STORE1623', 'store_name': 'Clayton Store', 'location': 'West Franklin', 'manager': 'Carol Wright'}]]
(Background on this error at: https://sqlalche.me/e/20/gkpj)",2025-08-22 22:40:56.650964
STORE1104,Ashland Store,East Dover,Daniel Robinson,"Database insertion failed: (pymysql.err.IntegrityError) (1062, ""Duplicate entry 'STORE1090' for key 'dimstore.store_id'"")
[SQL: INSERT INTO dimstore (store_id, store_name, location, manager) VALUES (%(store_id)s, %(store_name)s, %(location)s, %(manager)s)]
[parameters: [{'store_id': 'STORE1090', 'store_name': 'Oxford Store', 'location': 'East Greenwood', 'manager': 'Jennifer Garcia'}, {'store_id': 'STORE1091', 'store_name': 'Salem Store', 'location': 'East Newport', 'manager': 'George Turner'}, {'store_id': 'STORE1092', 'store_name': 'Chester Store', 'location': 'West Fairview', 'manager': 'Richard Taylor'}, {'store_id': 'STORE1093', 'store_name': 'Manchester Store', 'location': 'East Jackson', 'manager': 'Anthony Lee'}, {'store_id': 'STORE1094', 'store_name': 'Franklin Store', 'location': 'West Washington', 'manager': 'Christopher Garcia'}, {'store_id': 'STORE1095', 'store_name': 'Fairview Store', 'location': 'East Bristol', 'manager': 'Lisa Edwards'}, {'store_id': 'STORE1096', 'store_name': 'Milton Store', 'location': 'West Marion', 'manager': 'Dorothy Parker'}, {'store_id': 'STORE1097', 'store_name': 'Burlington Store', 'location': 'West Richmond', 'manager': 'John Jones'}  ... displaying 10 of 534 total bound parameter sets ...  {'store_id': 'STORE1622', 'store_name': 'Franklin Store', 'location': 'East Arlingtontown', 'manager': 'John Jones'}, {'store_id': 'STORE1623', 'store_name': 'Clayton Store', 'location': 'West Franklin', 'manager': 'Carol Wright'}]]
(Background on this error at: https://sqlalche.me/e/20/gkpj)",2025-08-22 22:40:56.650964
STORE1105,Salem Store,East Lancaster,Robert Williams,"Database insertion failed: (pymysql.err.IntegrityError) (1062, ""Duplicate entry 'STORE1090' for key 'dimstore.store_id'"")
[SQL: INSERT INTO dimstore (store_id, store_name, location, manager) VALUES (%(store_id)s, %(store_name)s, %(location)s, %(manager)s)]
[parameters: [{'store_id': 'STORE1090', 'store_name': 'Oxford Store', 'location': 'East Greenwood', 'manager': 'Jennifer Garcia'}, {'store_id': 'STORE1091', 'store_name': 'Salem Store', 'location': 'East Newport', 'manager': 'George Turner'}, {'store_id': 'STORE1092', 'store_name': 'Chester Store', 'location': 'West Fairview', 'manager': 'Richard Taylor'}, {'store_id': 'STORE1093', 'store_name': 'Manchester Store', 'location': 'East Jackson', 'manager': 'Anthony Lee'}, {'store_id': 'STORE1094', 'store_name': 'Franklin Store', 'location': 'West Washington', 'manager': 'Christopher Garcia'}, {'store_id': 'STORE1095', 'store_name': 'Fairview Store', 'location': 'East Bristol', 'manager': 'Lisa Edwards'}, {'store_id': 'STORE1096', 'store_name': 'Milton Store', 'location': 'West Marion', 'manager': 'Dorothy Parker'}, {'store_id': 'STORE1097', 'store_name': 'Burlington Store', 'location': 'West Richmond', 'manager': 'John Jones'}  ... displaying 10 of 534 total bound parameter sets ...  {'store_id': 'STORE1622', 'store_name': 'Franklin Store', 'location': 'East Arlingtontown', 'manager': 'John Jones'}, {'store_id': 'STORE1623', 'store_name': 'Clayton Store', 'location': 'West Franklin', 'manager': 'Carol Wright'}]]
(Background on this error at: https://sqlalche.me/e/20/gkpj)",2025-08-22 22:40:56.650964
STORE1106,Greenwood Store,East Miltontown,James Smith,"Database insertion failed: (pymysql.err.IntegrityError) (1062, ""Duplicate entry 'STORE1090' for key 'dimstore.store_id'"")
[SQL: INSERT INTO dimstore (store_id, store_name, location, manager) VALUES (%(store_id)s, %(store_name)s, %(location)s, %(manager)s)]
[parameters: [{'store_id': 'STORE1090', 'store_name': 'Oxford Store', 'location': 'East Greenwood', 'manager': 'Jennifer Garcia'}, {'store_id': 'STORE1091', 'store_name': 'Salem Store', 'location': 'East Newport', 'manager': 'George Turner'}, {'store_id': 'STORE1092', 'store_name': 'Chester Store', 'location': 'West Fairview', 'manager': 'Richard Taylor'}, {'store_id': 'STORE1093', 'store_name': 'Manchester Store', 'location': 'East Jackson', 'manager': 'Anthony Lee'}, {'store_id': 'STORE1094', 'store_name': 'Franklin Store', 'location': 'West Washington', 'manager': 'Christopher Garcia'}, {'store_id': 'STORE1095', 'store_name': 'Fairview Store', 'location': 'East Bristol', 'manager': 'Lisa Edwards'}, {'store_id': 'STORE1096', 'store_name': 'Milton Store', 'location': 'West Marion', 'manager': 'Dorothy Parker'}, {'store_id': 'STORE1097', 'store_name': 'Burlington Store', 'location': 'West Richmond', 'manager': 'John Jones'}  ... displaying 10 of 534 total bound parameter sets ...  {'store_id': 'STORE1622', 'store_name': 'Franklin Store', 'location': 'East Arlingtontown', 'manager': 'John Jones'}, {'store_id': 'STORE1623', 'store_name': 'Clayton Store', 'location': 'West Franklin', 'manager': 'Carol Wright'}]]
(Background on this error at: https://sqlalche.me/e/20/gkpj)",2025-08-22 22:40:56.650964
STORE1107,Washington Store,East Auburn,Barbara Anderson,"Database insertion failed: (pymysql.err.IntegrityError) (1062, ""Duplicate entry 'STORE1090' for key 'dimstore.store_id'"")
[SQL: INSERT INTO dimstore (store_id, store_name, location, manager) VALUES (%(store_id)s, %(store_name)s, %(location)s, %(manager)s)]
[parameters: [{'store_id': 'STORE1090', 'store_name': 'Oxford Store', 'location': 'East Greenwood', 'manager': 'Jennifer Garcia'}, {'store_id': 'STORE1091', 'store_name': 'Salem Store', 'location': 'East Newport', 'manager': 'George Turner'}, {'store_id': 'STORE1092', 'store_name': 'Chester Store', 'location': 'West Fairview', 'manager': 'Richard Taylor'}, {'store_id': 'STORE1093', 'store_name': 'Manchester Store', 'location': 'East Jackson', 'manager': 'Anthony Lee'}, {'store_id': 'STORE1094', 'store_name': 'Franklin Store', 'location': 'West Washington', 'manager': 'Christopher Garcia'}, {'store_id': 'STORE1095', 'store_name': 'Fairview Store', 'location': 'East Bristol', 'manager': 'Lisa Edwards'}, {'store_id': 'STORE1096', 'store_name': 'Milton Store', 'location': 'West Marion', 'manager': 'Dorothy Parker'}, {'store_id': 'STORE1097', 'store_name': 'Burlington Store', 'location': 'West Richmond', 'manager': 'John Jones'}  ... displaying 10 of 534 total bound parameter sets ...  {'store_id': 'STORE1622', 'store_name': 'Franklin Store', 'location': 'East Arlingtontown', 'manager': 'John Jones'}, {'store_id': 'STORE1623', 'store_name': 'Clayton Store', 'location': 'West Franklin', 'manager': 'Carol Wright'}]]
(Background on this error at: https://sqlalche.me/e/20/gkpj)",2025-08-22 22:40:56.650964
STORE1108,Burlington Store,West Mariontown,Elizabeth Martinez,"Database insertion failed: (pymysql.err.IntegrityError) (1062, ""Duplicate entry 'STORE1090' for key 'dimstore.store_id'"")
[SQL: INSERT INTO dimstore (store_id, store_name, location, manager) VALUES (%(store_id)s, %(store_name)s, %(location)s, %(manager)s)]
[parameters: [{'store_id': 'STORE1090', 'store_name': 'Oxford Store', 'location': 'East Greenwood', 'manager': 'Jennifer Garcia'}, {'store_id': 'STORE1091', 'store_name': 'Salem Store', 'location': 'East Newport', 'manager': 'George Turner'}, {'store_id': 'STORE1092', 'store_name': 'Chester Store', 'location': 'West Fairview', 'manager': 'Richard Taylor'}, {'store_id': 'STORE1093', 'store_name': 'Manchester Store', 'location': 'East Jackson', 'manager': 'Anthony Lee'}, {'store_id': 'STORE1094', 'store_name': 'Franklin Store', 'location': 'West Washington', 'manager': 'Christopher Garcia'}, {'store_id': 'STORE1095', 'store_name': 'Fairview Store', 'location': 'East Bristol', 'manager': 'Lisa Edwards'}, {'store_id': 'STORE1096', 'store_name': 'Milton Store', 'location': 'West Marion', 'manager': 'Dorothy Parker'}, {'store_id': 'STORE1097', 'store_name': 'Burlington Store', 'location': 'West Richmond', 'manager': 'John Jones'}  ... displaying 10 of 534 total bound parameter sets ...  {'store_id': 'STORE1622', 'store_name': 'Franklin Store', 'location': 'East Arlingtontown', 'manager': 'John Jones'}, {'store_id': 'STORE1623', 'store_name': 'Clayton Store', 'location': 'West Franklin', 'manager': 'Carol Wright'}]]
(Background on this error at: https://sqlalche.me/e/20/gkpj)",2025-08-22 22:40:56.650964
STORE1109,Madison Store,West Clayton,Michael Miller,"Database insertion failed: (pymysql.err.IntegrityError) (1062, ""Duplicate entry 'STORE1090' for key 'dimstore.store_id'"")
[SQL: INSERT INTO dimstore (store_id, store_name, location, manager) VALUES (%(store_id)s, %(store_name)s, %(location)s, %(manager)s)]
[parameters: [{'store_id': 'STORE1090', 'store_name': 'Oxford Store', 'location': 'East Greenwood', 'manager': 'Jennifer Garcia'}, {'store_id': 'STORE1091', 'store_name': 'Salem Store', 'location': 'East Newport', 'manager': 'George Turner'}, {'store_id': 'STORE1092', 'store_name': 'Chester Store', 'location': 'West Fairview', 'manager': 'Richard Taylor'}, {'store_id': 'STORE1093', 'store_name': 'Manchester Store', 'location': 'East Jackson', 'manager': 'Anthony Lee'}, {'store_id': 'STORE1094', 'store_name': 'Franklin Store', 'location': 'West Washington', 'manager': 'Christopher Garcia'}, {'store_id': 'STORE1095', 'store_name': 'Fairview Store', 'location': 'East Bristol', 'manager': 'Lisa Edwards'}, {'store_id': 'STORE1096', 'store_name': 'Milton Store', 'location': 'West Marion', 'manager': 'Dorothy Parker'}, {'store_id': 'STORE1097', 'store_name': 'Burlington Store', 'location': 'West Richmond', 'manager': 'John Jones'}  ... displaying 10 of 534 total bound parameter sets ...  {'store_id': 'STORE1622', 'store_name': 'Franklin Store', 'location': 'East Arlingtontown', 'manager': 'John Jones'}, {'store_id': 'STORE1623', 'store_name': 'Clayton Store', 'location': 'West Franklin', 'manager': 'Carol Wright'}]]
(Background on this error at: https://sqlalche.me/e/20/gkpj)",2025-08-22 22:40:56.650964
STORE1110,Fairview Store,East Franklin,Kevin Carter,"Database insertion failed: (pymysql.err.IntegrityError) (1062, ""Duplicate entry 'STORE1090' for key 'dimstore.store_id'"")
[SQL: INSERT INTO dimstore (store_id, store_name, location, manager) VALUES (%(store_id)s, %(store_name)s, %(location)s, %(manager)s)]
[parameters: [{'store_id': 'STORE1090', 'store_name': 'Oxford Store', 'location': 'East Greenwood', 'manager': 'Jennifer Garcia'}, {'store_id': 'STORE1091', 'store_name': 'Salem Store', 'location': 'East Newport', 'manager': 'George Turner'}, {'store_id': 'STORE1092', 'store_name': 'Chester Store', 'location': 'West Fairview', 'manager': 'Richard Taylor'}, {'store_id': 'STORE1093', 'store_name': 'Manchester Store', 'location': 'East Jackson', 'manager': 'Anthony Lee'}, {'store_id': 'STORE1094', 'store_name': 'Franklin Store', 'location': 'West Washington', 'manager': 'Christopher Garcia'}, {'store_id': 'STORE1095', 'store_name': 'Fairview Store', 'location': 'East Bristol', 'manager': 'Lisa Edwards'}, {'store_id': 'STORE1096', 'store_name': 'Milton Store', 'location': 'West Marion', 'manager': 'Dorothy Parker'}, {'store_id': 'STORE1097', 'store_name': 'Burlington Store', 'location': 'West Richmond', 'manager': 'John Jones'}  ... displaying 10 of 534 total bound parameter sets ...  {'store_id': 'STORE1622', 'store_name': 'Franklin Store', 'location': 'East Arlingtontown', 'manager': 'John Jones'}, {'store_id': 'STORE1623', 'store_name': 'Clayton Store', 'location': 'West Franklin', 'manager': 'Carol Wright'}]]
(Background on this error at: https://sqlalche.me/e/20/gkpj)",2025-08-22 22:40:56.650964
STORE1111,Dover Store,East Clayton,Sandra Allen,"Database insertion failed: (pymysql.err.IntegrityError) (1062, ""Duplicate entry 'STORE1090' for key 'dimstore.store_id'"")
[SQL: INSERT INTO dimstore (store_id, store_name, location, manager) VALUES (%(store_id)s, %(store_name)s, %(location)s, %(manager)s)]
[parameters: [{'store_id': 'STORE1090', 'store_name': 'Oxford Store', 'location': 'East Greenwood', 'manager': 'Jennifer Garcia'}, {'store_id': 'STORE1091', 'store_name': 'Salem Store', 'location': 'East Newport', 'manager': 'George Turner'}, {'store_id': 'STORE1092', 'store_name': 'Chester Store', 'location': 'West Fairview', 'manager': 'Richard Taylor'}, {'store_id': 'STORE1093', 'store_name': 'Manchester Store', 'location': 'East Jackson', 'manager': 'Anthony Lee'}, {'store_id': 'STORE1094', 'store_name': 'Franklin Store', 'location': 'West Washington', 'manager': 'Christopher Garcia'}, {'store_id': 'STORE1095', 'store_name': 'Fairview Store', 'location': 'East Bristol', 'manager': 'Lisa Edwards'}, {'store_id': 'STORE1096', 'store_name': 'Milton Store', 'location': 'West Marion', 'manager': 'Dorothy Parker'}, {'store_id': 'STORE1097', 'store_name': 'Burlington Store', 'location': 'West Richmond', 'manager': 'John Jones'}  ... displaying 10 of 534 total bound parameter sets ...  {'store_id': 'STORE1622', 'store_name': 'Franklin Store', 'location': 'East Arlingtontown', 'manager': 'John Jones'}, {'store_id': 'STORE1623', 'store_name': 'Clayton Store', 'location': 'West Franklin', 'manager': 'Carol Wright'}]]
(Background on this error at: https://sqlalche.me/e/20/gkpj)",2025-08-22 22:40:56.650964
STORE1112,Franklin Store,East Manchester,David Wilson,"Database insertion failed: (pymysql.err.IntegrityError) (1062, ""Duplicate entry 'STORE1090' for key 'dimstore.store_id'"")
[SQL: INSERT INTO dimstore (store_id, store_name, location, manager) VALUES (%(store_id)s, %(store_name)s, %(location)s, %(manager)s)]
[parameters: [{'store_id': 'STORE1090', 'store_name': 'Oxford Store', 'location': 'East Greenwood', 'manager': 'Jennifer Garcia'}, {'store_id': 'STORE1091', 'store_name': 'Salem Store', 'location': 'East Newport', 'manager': 'George Turner'}, {'store_id': 'STORE1092', 'store_name': 'Chester Store', 'location': 'West Fairview', 'manager': 'Richard Taylor'}, {'store_id': 'STORE1093', 'store_name': 'Manchester Store', 'location': 'East Jackson', 'manager': 'Anthony Lee'}, {'store_id': 'STORE1094', 'store_name': 'Franklin Store', 'location': 'West Washington', 'manager': 'Christopher Garcia'}, {'store_id': 'STORE1095', 'store_name': 'Fairview Store', 'location': 'East Bristol', 'manager': 'Lisa Edwards'}, {'store_id': 'STORE1096', 'store_name': 'Milton Store', 'location': 'West Marion', 'manager': 'Dorothy Parker'}, {'store_id': 'STORE1097', 'store_name': 'Burlington Store', 'location': 'West Richmond', 'manager': 'John Jones'}  ... displaying 10 of 534 total bound parameter sets ...  {'store_id': 'STORE1622', 'store_name': 'Franklin Store', 'location': 'East Arlingtontown', 'manager': 'John Jones'}, {'store_id': 'STORE1623', 'store_name': 'Clayton Store', 'location': 'West Franklin', 'manager': 'Carol Wright'}]]
(Background on this error at: https://sqlalche.me/e/20/gkpj)",2025-08-22 22:40:56.650964
STORE1113,Clayton Store,West Burlington,Elizabeth Martinez,"Database insertion failed: (pymysql.err.IntegrityError) (1062, ""Duplicate entry 'STORE1090' for key 'dimstore.store_id'"")
[SQL: INSERT INTO dimstore (store_id, store_name, location, manager) VALUES (%(store_id)s, %(store_name)s, %(location)s, %(manager)s)]
[parameters: [{'store_id': 'STORE1090', 'store_name': 'Oxford Store', 'location': 'East Greenwood', 'manager': 'Jennifer Garcia'}, {'store_id': 'STORE1091', 'store_name': 'Salem Store', 'location': 'East Newport', 'manager': 'George Turner'}, {'store_id': 'STORE1092', 'store_name': 'Chester Store', 'location': 'West Fairview', 'manager': 'Richard Taylor'}, {'store_id': 'STORE1093', 'store_name': 'Manchester Store', 'location': 'East Jackson', 'manager': 'Anthony Lee'}, {'store_id': 'STORE1094', 'store_name': 'Franklin Store', 'location': 'West Washington', 'manager': 'Christopher Garcia'}, {'store_id': 'STORE1095', 'store_name': 'Fairview Store', 'location': 'East Bristol', 'manager': 'Lisa Edwards'}, {'store_id': 'STORE1096', 'store_name': 'Milton Store', 'location': 'West Marion', 'manager': 'Dorothy Parker'}, {'store_id': 'STORE1097', 'store_name': 'Burlington Store', 'location': 'West Richmond', 'manager': 'John Jones'}  ... displaying 10 of 534 total bound parameter sets ...  {'store_id': 'STORE1622', 'store_name': 'Franklin Store', 'location': 'East Arlingtontown', 'manager': 'John Jones'}, {'store_id': 'STORE1623', 'store_name': 'Clayton Store', 'location': 'West Franklin', 'manager': 'Carol Wright'}]]
(Background on this error at: https://sqlalche.me/e/20/gkpj)",2025-08-22 22:40:56.650964
STORE1114,Kingston Store,West Claytontown,Helen Walker,"Database insertion failed: (pymysql.err.IntegrityError) (1062, ""Duplicate entry 'STORE1090' for key 'dimstore.store_id'"")
[SQL: INSERT INTO dimstore (store_id, store_name, location, manager) VALUES (%(store_id)s, %(store_name)s, %(location)s, %(manager)s)]
[parameters: [{'store_id': 'STORE1090', 'store_name': 'Oxford Store', 'location': 'East Greenwood', 'manager': 'Jennifer Garcia'}, {'store_id': 'STORE1091', 'store_name': 'Salem Store', 'location': 'East Newport', 'manager': 'George Turner'}, {'store_id': 'STORE1092', 'store_name': 'Chester Store', 'location': 'West Fairview', 'manager': 'Richard Taylor'}, {'store_id': 'STORE1093', 'store_name': 'Manchester Store', 'location': 'East Jackson', 'manager': 'Anthony Lee'}, {'store_id': 'STORE1094', 'store_name': 'Franklin Store', 'location': 'West Washington', 'manager': 'Christopher Garcia'}, {'store_id': 'STORE1095', 'store_name': 'Fairview Store', 'location': 'East Bristol', 'manager': 'Lisa Edwards'}, {'store_id': 'STORE1096', 'store_name': 'Milton Store', 'location': 'West Marion', 'manager': 'Dorothy Parker'}, {'store_id': 'STORE1097', 'store_name': 'Burlington Store', 'location': 'West Richmond', 'manager': 'John Jones'}  ... displaying 10 of 534 total bound parameter sets ...  {'store_id': 'STORE1622', 'store_name': 'Franklin Store', 'location': 'East Arlingtontown', 'manager': 'John Jones'}, {'store_id': 'STORE1623', 'store_name': 'Clayton Store', 'location': 'West Franklin', 'manager': 'Carol Wright'}]]
(Background on this error at: https://sqlalche.me/e/20/gkpj)",2025-08-22 22:40:56.650964
STORE1115,Jackson Store,West Fairview,Thomas Harris,"Database insertion failed: (pymysql.err.IntegrityError) (1062, ""Duplicate entry 'STORE1090' for key 'dimstore.store_id'"")
[SQL: INSERT INTO dimstore (store_id, store_name, location, manager) VALUES (%(store_id)s, %(store_name)s, %(location)s, %(manager)s)]
[parameters: [{'store_id': 'STORE1090', 'store_name': 'Oxford Store', 'location': 'East Greenwood', 'manager': 'Jennifer Garcia'}, {'store_id': 'STORE1091', 'store_name': 'Salem Store', 'location': 'East Newport', 'manager': 'George Turner'}, {'store_id': 'STORE1092', 'store_name': 'Chester Store', 'location': 'West Fairview', 'manager': 'Richard Taylor'}, {'store_id': 'STORE1093', 'store_name': 'Manchester Store', 'location': 'East Jackson', 'manager': 'Anthony Lee'}, {'store_id': 'STORE1094', 'store_name': 'Franklin Store', 'location': 'West Washington', 'manager': 'Christopher Garcia'}, {'store_id': 'STORE1095', 'store_name': 'Fairview Store', 'location': 'East Bristol', 'manager': 'Lisa Edwards'}, {'store_id': 'STORE1096', 'store_name': 'Milton Store', 'location': 'West Marion', 'manager': 'Dorothy Parker'}, {'store_id': 'STORE1097', 'store_name': 'Burlington Store', 'location': 'West Richmond', 'manager': 'John Jones'}  ... displaying 10 of 534 total bound parameter sets ...  {'store_id': 'STORE1622', 'store_name': 'Franklin Store', 'location': 'East Arlingtontown', 'manager': 'John Jones'}, {'store_id': 'STORE1623', 'store_name': 'Clayton Store', 'location': 'West Franklin', 'manager': 'Carol Wright'}]]
(Background on this error at: https://sqlalche.me/e/20/gkpj)",2025-08-22 22:40:56.650964
STORE1116,Dover Store,East Waynetown,Sandra Allen,"Database insertion failed: (pymysql.err.IntegrityError) (1062, ""Duplicate entry 'STORE1090' for key 'dimstore.store_id'"")
[SQL: INSERT INTO dimstore (store_id, store_name, location, manager) VALUES (%(store_id)s, %(store_name)s, %(location)s, %(manager)s)]
[parameters: [{'store_id': 'STORE1090', 'store_name': 'Oxford Store', 'location': 'East Greenwood', 'manager': 'Jennifer Garcia'}, {'store_id': 'STORE1091', 'store_name': 'Salem Store', 'location': 'East Newport', 'manager': 'George Turner'}, {'store_id': 'STORE1092', 'store_name': 'Chester Store', 'location': 'West Fairview', 'manager': 'Richard Taylor'}, {'store_id': 'STORE1093', 'store_name': 'Manchester Store', 'location': 'East Jackson', 'manager': 'Anthony Lee'}, {'store_id': 'STORE1094', 'store_name': 'Franklin Store', 'location': 'West Washington', 'manager': 'Christopher Garcia'}, {'store_id': 'STORE1095', 'store_name': 'Fairview Store', 'location': 'East Bristol', 'manager': 'Lisa Edwards'}, {'store_id': 'STORE1096', 'store_name': 'Milton Store', 'location': 'West Marion', 'manager': 'Dorothy Parker'}, {'store_id': 'STORE1097', 'store_name': 'Burlington Store', 'location': 'West Richmond', 'manager': 'John Jones'}  ... displaying 10 of 534 total bound parameter sets ...  {'store_id': 'STORE1622', 'store_name': 'Franklin Store', 'location': 'East Arlingtontown', 'manager': 'John Jones'}, {'store_id': 'STORE1623', 'store_name': 'Clayton Store', 'location': 'West Franklin', 'manager': 'Carol Wright'}]]
(Background on this error at: https://sqlalche.me/e/20/gkpj)",2025-08-22 22:40:56.650964
STORE1117,Madison Store,West Salemtown,Emily Mitchell,"Database insertion failed: (pymysql.err.IntegrityError) (1062, ""Duplicate entry 'STORE1090' for key 'dimstore.store_id'"")
[SQL: INSERT INTO dimstore (store_id, store_name, location, manager) VALUES (%(store_id)s, %(store_name)s, %(location)s, %(manager)s)]
[parameters: [{'store_id': 'STORE1090', 'store_name': 'Oxford Store', 'location': 'East Greenwood', 'manager': 'Jennifer Garcia'}, {'store_id': 'STORE1091', 'store_name': 'Salem Store', 'location': 'East Newport', 'manager': 'George Turner'}, {'store_id': 'STORE1092', 'store_name': 'Chester Store', 'location': 'West Fairview', 'manager': 'Richard Taylor'}, {'store_id': 'STORE1093', 'store_name': 'Manchester Store', 'location': 'East Jackson', 'manager': 'Anthony Lee'}, {'store_id': 'STORE1094', 'store_name': 'Franklin Store', 'location': 'West Washington', 'manager': 'Christopher Garcia'}, {'store_id': 'STORE1095', 'store_name': 'Fairview Store', 'location': 'East Bristol', 'manager': 'Lisa Edwards'}, {'store_id': 'STORE1096', 'store_name': 'Milton Store', 'location': 'West Marion', 'manager': 'Dorothy Parker'}, {'store_id': 'STORE1097', 'store_name': 'Burlington Store', 'location': 'West Richmond', 'manager': 'John Jones'}  ... displaying 10 of 534 total bound parameter sets ...  {'store_id': 'STORE1622', 'store_name': 'Franklin Store', 'location': 'East Arlingtontown', 'manager': 'John Jones'}, {'store_id': 'STORE1623', 'store_name': 'Clayton Store', 'location': 'West Franklin', 'manager': 'Carol Wright'}]]
(Background on this error at: https://sqlalche.me/e/20/gkpj)",2025-08-22 22:40:56.650964
STORE1118,Lancaster Store,West Salem,Robert Williams,"Database insertion failed: (pymysql.err.IntegrityError) (1062, ""Duplicate entry 'STORE1090' for key 'dimstore.store_id'"")
[SQL: INSERT INTO dimstore (store_id, store_name, location, manager) VALUES (%(store_id)s, %(store_name)s, %(location)s, %(manager)s)]
[parameters: [{'store_id': 'STORE1090', 'store_name': 'Oxford Store', 'location': 'East Greenwood', 'manager': 'Jennifer Garcia'}, {'store_id': 'STORE1091', 'store_name': 'Salem Store', 'location': 'East Newport', 'manager': 'George Turner'}, {'store_id': 'STORE1092', 'store_name': 'Chester Store', 'location': 'West Fairview', 'manager': 'Richard Taylor'}, {'store_id': 'STORE1093', 'store_name': 'Manchester Store', 'location': 'East Jackson', 'manager': 'Anthony Lee'}, {'store_id': 'STORE1094', 'store_name': 'Franklin Store', 'location': 'West Washington', 'manager': 'Christopher Garcia'}, {'store_id': 'STORE1095', 'store_name': 'Fairview Store', 'location': 'East Bristol', 'manager': 'Lisa Edwards'}, {'store_id': 'STORE1096', 'store_name': 'Milton Store', 'location': 'West Marion', 'manager': 'Dorothy Parker'}, {'store_id': 'STORE1097', 'store_name': 'Burlington Store', 'location': 'West Richmond', 'manager': 'John Jones'}  ... displaying 10 of 534 total bound parameter sets ...  {'store_id': 'STORE1622', 'store_name': 'Franklin Store', 'location': 'East Arlingtontown', 'manager': 'John Jones'}, {'store_id': 'STORE1623', 'store_name': 'Clayton Store', 'location': 'West Franklin', 'manager': 'Carol Wright'}]]
(Background on this error at: https://sqlalche.me/e/20/gkpj)",2025-08-22 22:40:56.650964
STORE1119,Manchester Store,West Milton,William Rodriguez,"Database insertion failed: (pymysql.err.IntegrityError) (1062, ""Duplicate entry 'STORE1090' for key 'dimstore.store_id'"")
[SQL: INSERT INTO dimstore (store_id, store_name, location, manager) VALUES (%(store_id)s, %(store_name)s, %(location)s, %(manager)s)]
[parameters: [{'store_id': 'STORE1090', 'store_name': 'Oxford Store', 'location': 'East Greenwood', 'manager': 'Jennifer Garcia'}, {'store_id': 'STORE1091', 'store_name': 'Salem Store', 'location': 'East Newport', 'manager': 'George Turner'}, {'store_id': 'STORE1092', 'store_name': 'Chester Store', 'location': 'West Fairview', 'manager': 'Richard Taylor'}, {'store_id': 'STORE1093', 'store_name': 'Manchester Store', 'location': 'East Jackson', 'manager': 'Anthony Lee'}, {'store_id': 'STORE1094', 'store_name': 'Franklin Store', 'location': 'West Washington', 'manager': 'Christopher Garcia'}, {'store_id': 'STORE1095', 'store_name': 'Fairview Store', 'location': 'East Bristol', 'manager': 'Lisa Edwards'}, {'store_id': 'STORE1096', 'store_name': 'Milton Store', 'location': 'West Marion', 'manager': 'Dorothy Parker'}, {'store_id': 'STORE1097', 'store_name': 'Burlington Store', 'location': 'West Richmond', 'manager': 'John Jones'}  ... displaying 10 of 534 total bound parameter sets ...  {'store_id': 'STORE1622', 'store_name': 'Franklin Store', 'location': 'East Arlingtontown', 'manager': 'John Jones'}, {'store_id': 'STORE1623', 'store_name': 'Clayton Store', 'location': 'West Franklin', 'manager': 'Carol Wright'}]]
(Background on this error at: https://sqlalche.me/e/20/gkpj)",2025-08-22 22:40:56.650964
STORE1120,Riverside Store,West Arlingtontown,Brian Perez,"Database insertion failed: (pymysql.err.IntegrityError) (1062, ""Duplicate entry 'STORE1090' for key 'dimstore.store_id'"")
[SQL: INSERT INTO dimstore (store_id, store_name, location, manager) VALUES (%(store_id)s, %(store_name)s, %(location)s, %(manager)s)]
[parameters: [{'store_id': 'STORE1090', 'store_name': 'Oxford Store', 'location': 'East Greenwood', 'manager': 'Jennifer Garcia'}, {'store_id': 'STORE1091', 'store_name': 'Salem Store', 'location': 'East Newport', 'manager': 'George Turner'}, {'store_id': 'STORE1092', 'store_name': 'Chester Store', 'location': 'West Fairview', 'manager': 'Richard Taylor'}, {'store_id': 'STORE1093', 'store_name': 'Manchester Store', 'location': 'East Jackson', 'manager': 'Anthony Lee'}, {'store_id': 'STORE1094', 'store_name': 'Franklin Store', 'location': 'West Washington', 'manager': 'Christopher Garcia'}, {'store_id': 'STORE1095', 'store_name': 'Fairview Store', 'location': 'East Bristol', 'manager': 'Lisa Edwards'}, {'store_id': 'STORE1096', 'store_name': 'Milton Store', 'location': 'West Marion', 'manager': 'Dorothy Parker'}, {'store_id': 'STORE1097', 'store_name': 'Burlington Store', 'location': 'West Richmond', 'manager': 'John Jones'}  ... displaying 10 of 534 total bound parameter sets ...  {'store_id': 'STORE1622', 'store_name': 'Franklin Store', 'location': 'East Arlingtontown', 'manager': 'John Jones'}, {'store_id': 'STORE1623', 'store_name': 'Clayton Store', 'location': 'West Franklin', 'manager': 'Carol Wright'}]]
(Background on this error at: https://sqlalche.me/e/20/gkpj)",2025-08-22 22:40:56.650964
STORE1121,Oxford Store,West Jackson,John Jones,"Database insertion failed: (pymysql.err.IntegrityError) (1062, ""Duplicate entry 'STORE1090' for key 'dimstore.store_id'"")
[SQL: INSERT INTO dimstore (store_id, store_name, location, manager) VALUES (%(store_id)s, %(store_name)s, %(location)s, %(manager)s)]
[parameters: [{'store_id': 'STORE1090', 'store_name': 'Oxford Store', 'location': 'East Greenwood', 'manager': 'Jennifer Garcia'}, {'store_id': 'STORE1091', 'store_name': 'Salem Store', 'location': 'East Newport', 'manager': 'George Turner'}, {'store_id': 'STORE1092', 'store_name': 'Chester Store', 'location': 'West Fairview', 'manager': 'Richard Taylor'}, {'store_id': 'STORE1093', 'store_name': 'Manchester Store', 'location': 'East Jackson', 'manager': 'Anthony Lee'}, {'store_id': 'STORE1094', 'store_name': 'Franklin Store', 'location': 'West Washington', 'manager': 'Christopher Garcia'}, {'store_id': 'STORE1095', 'store_name': 'Fairview Store', 'location': 'East Bristol', 'manager': 'Lisa Edwards'}, {'store_id': 'STORE1096', 'store_name': 'Milton Store', 'location': 'West Marion', 'manager': 'Dorothy Parker'}, {'store_id': 'STORE1097', 'store_name': 'Burlington Store', 'location': 'West Richmond', 'manager': 'John Jones'}  ... displaying 10 of 534 total bound parameter sets ...  {'store_id': 'STORE1622', 'store_name': 'Franklin Store', 'location': 'East Arlingtontown', 'manager': 'John Jones'}, {'store_id': 'STORE1623', 'store_name': 'Clayton Store', 'location': 'West Franklin', 'manager': 'Carol Wright'}]]
(Background on this error at: https://sqlalche.me/e/20/gkpj)",2025-08-22 22:40:56.650964
STORE1122,Lancaster Store,East Chestertown,George Turner,"Database insertion failed: (pymysql.err.IntegrityError) (1062, ""Duplicate entry 'STORE1090' for key 'dimstore.store_id'"")
[SQL: INSERT INTO dimstore (store_id, store_name, location, manager) VALUES (%(store_id)s, %(store_name)s, %(location)s, %(manager)s)]
[parameters: [{'store_id': 'STORE1090', 'store_name': 'Oxford Store', 'location': 'East Greenwood', 'manager': 'Jennifer Garcia'}, {'store_id': 'STORE1091', 'store_name': 'Salem Store', 'location': 'East Newport', 'manager': 'George Turner'}, {'store_id': 'STORE1092', 'store_name': 'Chester Store', 'location': 'West Fairview', 'manager': 'Richard Taylor'}, {'store_id': 'STORE1093', 'store_name': 'Manchester Store', 'location': 'East Jackson', 'manager': 'Anthony Lee'}, {'store_id': 'STORE1094', 'store_name': 'Franklin Store', 'location': 'West Washington', 'manager': 'Christopher Garcia'}, {'store_id': 'STORE1095', 'store_name': 'Fairview Store', 'location': 'East Bristol', 'manager': 'Lisa Edwards'}, {'store_id': 'STORE1096', 'store_name': 'Milton Store', 'location': 'West Marion', 'manager': 'Dorothy Parker'}, {'store_id': 'STORE1097', 'store_name': 'Burlington Store', 'location': 'West Richmond', 'manager': 'John Jones'}  ... displaying 10 of 534 total bound parameter sets ...  {'store_id': 'STORE1622', 'store_name': 'Franklin Store', 'location': 'East Arlingtontown', 'manager': 'John Jones'}, {'store_id': 'STORE1623', 'store_name': 'Clayton Store', 'location': 'West Franklin', 'manager': 'Carol Wright'}]]
(Background on this error at: https://sqlalche.me/e/20/gkpj)",2025-08-22 22:40:56.650964
STORE1123,Georgetown Store,East Springfield,Laura Nelson,"Database insertion failed: (pymysql.err.IntegrityError) (1062, ""Duplicate entry 'STORE1090' for key 'dimstore.store_id'"")
[SQL: INSERT INTO dimstore (store_id, store_name, location, manager) VALUES (%(store_id)s, %(store_name)s, %(location)s, %(manager)s)]
[parameters: [{'store_id': 'STORE1090', 'store_name': 'Oxford Store', 'location': 'East Greenwood', 'manager': 'Jennifer Garcia'}, {'store_id': 'STORE1091', 'store_name': 'Salem Store', 'location': 'East Newport', 'manager': 'George Turner'}, {'store_id': 'STORE1092', 'store_name': 'Chester Store', 'location': 'West Fairview', 'manager': 'Richard Taylor'}, {'store_id': 'STORE1093', 'store_name': 'Manchester Store', 'location': 'East Jackson', 'manager': 'Anthony Lee'}, {'store_id': 'STORE1094', 'store_name': 'Franklin Store', 'location': 'West Washington', 'manager': 'Christopher Garcia'}, {'store_id': 'STORE1095', 'store_name': 'Fairview Store', 'location': 'East Bristol', 'manager': 'Lisa Edwards'}, {'store_id': 'STORE1096', 'store_name': 'Milton Store', 'location': 'West Marion', 'manager': 'Dorothy Parker'}, {'store_id': 'STORE1097', 'store_name': 'Burlington Store', 'location': 'West Richmond', 'manager': 'John Jones'}  ... displaying 10 of 534 total bound parameter sets ...  {'store_id': 'STORE1622', 'store_name': 'Franklin Store', 'location': 'East Arlingtontown', 'manager': 'John Jones'}, {'store_id': 'STORE1623', 'store_name': 'Clayton Store', 'location': 'West Franklin', 'manager': 'Carol Wright'}]]
(Background on this error at: https://sqlalche.me/e/20/gkpj)",2025-08-22 22:40:56.650964
STORE1124,Chester Store,West Hudson,Barbara Anderson,"Database insertion failed: (pymysql.err.IntegrityError) (1062, ""Duplicate entry 'STORE1090' for key 'dimstore.store_id'"")
[SQL: INSERT INTO dimstore (store_id, store_name, location, manager) VALUES (%(store_id)s, %(store_name)s, %(location)s, %(manager)s)]
[parameters: [{'store_id': 'STORE1090', 'store_name': 'Oxford Store', 'location': 'East Greenwood', 'manager': 'Jennifer Garcia'}, {'store_id': 'STORE1091', 'store_name': 'Salem Store', 'location': 'East Newport', 'manager': 'George Turner'}, {'store_id': 'STORE1092', 'store_name': 'Chester Store', 'location': 'West Fairview', 'manager': 'Richard Taylor'}, {'store_id': 'STORE1093', 'store_name': 'Manchester Store', 'location': 'East Jackson', 'manager': 'Anthony Lee'}, {'store_id': 'STORE1094', 'store_name': 'Franklin Store', 'location': 'West Washington', 'manager': 'Christopher Garcia'}, {'store_id': 'STORE1095', 'store_name': 'Fairview Store', 'location': 'East Bristol', 'manager': 'Lisa Edwards'}, {'store_id': 'STORE1096', 'store_name': 'Milton Store', 'location': 'West Marion', 'manager': 'Dorothy Parker'}, {'store_id': 'STORE1097', 'store_name': 'Burlington Store', 'location': 'West Richmond', 'manager': 'John Jones'}  ... displaying 10 of 534 total bound parameter sets ...  {'store_id': 'STORE1622', 'store_name': 'Franklin Store', 'location': 'East Arlingtontown', 'manager': 'John Jones'}, {'store_id': 'STORE1623', 'store_name': 'Clayton Store', 'location': 'West Franklin', 'manager': 'Carol Wright'}]]
(Background on this error at: https://sqlalche.me/e/20/gkpj)",2025-08-22 22:40:56.650964
STORE1125,Milton Store,East Washington,Barbara Anderson,"Database insertion failed: (pymysql.err.IntegrityError) (1062, ""Duplicate entry 'STORE1090' for key 'dimstore.store_id'"")
[SQL: INSERT INTO dimstore (store_id, store_name, location, manager) VALUES (%(store_id)s, %(store_name)s, %(location)s, %(manager)s)]
[parameters: [{'store_id': 'STORE1090', 'store_name': 'Oxford Store', 'location': 'East Greenwood', 'manager': 'Jennifer Garcia'}, {'store_id': 'STORE1091', 'store_name': 'Salem Store', 'location': 'East Newport', 'manager': 'George Turner'}, {'store_id': 'STORE1092', 'store_name': 'Chester Store', 'location': 'West Fairview', 'manager': 'Richard Taylor'}, {'store_id': 'STORE1093', 'store_name': 'Manchester Store', 'location': 'East Jackson', 'manager': 'Anthony Lee'}, {'store_id': 'STORE1094', 'store_name': 'Franklin Store', 'location': 'West Washington', 'manager': 'Christopher Garcia'}, {'store_id': 'STORE1095', 'store_name': 'Fairview Store', 'location': 'East Bristol', 'manager': 'Lisa Edwards'}, {'store_id': 'STORE1096', 'store_name': 'Milton Store', 'location': 'West Marion', 'manager': 'Dorothy Parker'}, {'store_id': 'STORE1097', 'store_name': 'Burlington Store', 'location': 'West Richmond', 'manager': 'John Jones'}  ... displaying 10 of 534 total bound parameter sets ...  {'store_id': 'STORE1622', 'store_name': 'Franklin Store', 'location': 'East Arlingtontown', 'manager': 'John Jones'}, {'store_id': 'STORE1623', 'store_name': 'Clayton Store', 'location': 'West Franklin', 'manager': 'Carol Wright'}]]
(Background on this error at: https://sqlalche.me/e/20/gkpj)",2025-08-22 22:40:56.650964
STORE1126,Marion Store,West Madisontown,John Jones,"Database insertion failed: (pymysql.err.IntegrityError) (1062, ""Duplicate entry 'STORE1090' for key 'dimstore.store_id'"")
[SQL: INSERT INTO dimstore (store_id, store_name, location, manager) VALUES (%(store_id)s, %(store_name)s, %(location)s, %(manager)s)]
[parameters: [{'store_id': 'STORE1090', 'store_name': 'Oxford Store', 'location': 'East Greenwood', 'manager': 'Jennifer Garcia'}, {'store_id': 'STORE1091', 'store_name': 'Salem Store', 'location': 'East Newport', 'manager': 'George Turner'}, {'store_id': 'STORE1092', 'store_name': 'Chester Store', 'location': 'West Fairview', 'manager': 'Richard Taylor'}, {'store_id': 'STORE1093', 'store_name': 'Manchester Store', 'location': 'East Jackson', 'manager': 'Anthony Lee'}, {'store_id': 'STORE1094', 'store_name': 'Franklin Store', 'location': 'West Washington', 'manager': 'Christopher Garcia'}, {'store_id': 'STORE1095', 'store_name': 'Fairview Store', 'location': 'East Bristol', 'manager': 'Lisa Edwards'}, {'store_id': 'STORE1096', 'store_name': 'Milton Store', 'location': 'West Marion', 'manager': 'Dorothy Parker'}, {'store_id': 'STORE1097', 'store_name': 'Burlington Store', 'location': 'West Richmond', 'manager': 'John Jones'}  ... displaying 10 of 534 total bound parameter sets ...  {'store_id': 'STORE1622', 'store_name': 'Franklin Store', 'location': 'East Arlingtontown', 'manager': 'John Jones'}, {'store_id': 'STORE1623', 'store_name': 'Clayton Store', 'location': 'West Franklin', 'manager': 'Carol Wright'}]]
(Background on this error at: https://sqlalche.me/e/20/gkpj)",2025-08-22 22:40:56.650964
STORE1127,Clinton Store,West Salem,Kimberly Roberts,"Database insertion failed: (pymysql.err.IntegrityError) (1062, ""Duplicate entry 'STORE1090' for key 'dimstore.store_id'"")
[SQL: INSERT INTO dimstore (store_id, store_name, location, manager) VALUES (%(store_id)s, %(store_name)s, %(location)s, %(manager)s)]
[parameters: [{'store_id': 'STORE1090', 'store_name': 'Oxford Store', 'location': 'East Greenwood', 'manager': 'Jennifer Garcia'}, {'store_id': 'STORE1091', 'store_name': 'Salem Store', 'location': 'East Newport', 'manager': 'George Turner'}, {'store_id': 'STORE1092', 'store_name': 'Chester Store', 'location': 'West Fairview', 'manager': 'Richard Taylor'}, {'store_id': 'STORE1093', 'store_name': 'Manchester Store', 'location': 'East Jackson', 'manager': 'Anthony Lee'}, {'store_id': 'STORE1094', 'store_name': 'Franklin Store', 'location': 'West Washington', 'manager': 'Christopher Garcia'}, {'store_id': 'STORE1095', 'store_name': 'Fairview Store', 'location': 'East Bristol', 'manager': 'Lisa Edwards'}, {'store_id': 'STORE1096', 'store_name': 'Milton Store', 'location': 'West Marion', 'manager': 'Dorothy Parker'}, {'store_id': 'STORE1097', 'store_name': 'Burlington Store', 'location': 'West Richmond', 'manager': 'John Jones'}  ... displaying 10 of 534 total bound parameter sets ...  {'store_id': 'STORE1622', 'store_name': 'Franklin Store', 'location': 'East Arlingtontown', 'manager': 'John Jones'}, {'store_id': 'STORE1623', 'store_name': 'Clayton Store', 'location': 'West Franklin', 'manager': 'Carol Wright'}]]
(Background on this error at: https://sqlalche.me/e/20/gkpj)",2025-08-22 22:40:56.650964
STORE1128,Clinton Store,West Chester,Christopher Garcia,"Database insertion failed: (pymysql.err.IntegrityError) (1062, ""Duplicate entry 'STORE1090' for key 'dimstore.store_id'"")
[SQL: INSERT INTO dimstore (store_id, store_name, location, manager) VALUES (%(store_id)s, %(store_name)s, %(location)s, %(manager)s)]
[parameters: [{'store_id': 'STORE1090', 'store_name': 'Oxford Store', 'location': 'East Greenwood', 'manager': 'Jennifer Garcia'}, {'store_id': 'STORE1091', 'store_name': 'Salem Store', 'location': 'East Newport', 'manager': 'George Turner'}, {'store_id': 'STORE1092', 'store_name': 'Chester Store', 'location': 'West Fairview', 'manager': 'Richard Taylor'}, {'store_id': 'STORE1093', 'store_name': 'Manchester Store', 'location': 'East Jackson', 'manager': 'Anthony Lee'}, {'store_id': 'STORE1094', 'store_name': 'Franklin Store', 'location': 'West Washington', 'manager': 'Christopher Garcia'}, {'store_id': 'STORE1095', 'store_name': 'Fairview Store', 'location': 'East Bristol', 'manager': 'Lisa Edwards'}, {'store_id': 'STORE1096', 'store_name': 'Milton Store', 'location': 'West Marion', 'manager': 'Dorothy Parker'}, {'store_id': 'STORE1097', 'store_name': 'Burlington Store', 'location': 'West Richmond', 'manager': 'John Jones'}  ... displaying 10 of 534 total bound parameter sets ...  {'store_id': 'STORE1622', 'store_name': 'Franklin Store', 'location': 'East Arlingtontown', 'manager': 'John Jones'}, {'store_id': 'STORE1623', 'store_name': 'Clayton Store', 'location': 'West Franklin', 'manager': 'Carol Wright'}]]
(Background on this error at: https://sqlalche.me/e/20/gkpj)",2025-08-22 22:40:56.650964
STORE1129,Clayton Store,East Springfield,Matthew Rodriguez,"Database insertion failed: (pymysql.err.IntegrityError) (1062, ""Duplicate entry 'STORE1090' for key 'dimstore.store_id'"")
[SQL: INSERT INTO dimstore (store_id, store_name, location, manager) VALUES (%(store_id)s, %(store_name)s, %(location)s, %(manager)s)]
[parameters: [{'store_id': 'STORE1090', 'store_name': 'Oxford Store', 'location': 'East Greenwood', 'manager': 'Jennifer Garcia'}, {'store_id': 'STORE1091', 'store_name': 'Salem Store', 'location': 'East Newport', 'manager': 'George Turner'}, {'store_id': 'STORE1092', 'store_name': 'Chester Store', 'location': 'West Fairview', 'manager': 'Richard Taylor'}, {'store_id': 'STORE1093', 'store_name': 'Manchester Store', 'location': 'East Jackson', 'manager': 'Anthony Lee'}, {'store_id': 'STORE1094', 'store_name': 'Franklin Store', 'location': 'West Washington', 'manager': 'Christopher Garcia'}, {'store_id': 'STORE1095', 'store_name': 'Fairview Store', 'location': 'East Bristol', 'manager': 'Lisa Edwards'}, {'store_id': 'STORE1096', 'store_name': 'Milton Store', 'location': 'West Marion', 'manager': 'Dorothy Parker'}, {'store_id': 'STORE1097', 'store_name': 'Burlington Store', 'location': 'West Richmond', 'manager': 'John Jones'}  ... displaying 10 of 534 total bound parameter sets ...  {'store_id': 'STORE1622', 'store_name': 'Franklin Store', 'location': 'East Arlingtontown', 'manager': 'John Jones'}, {'store_id': 'STORE1623', 'store_name': 'Clayton Store', 'location': 'West Franklin', 'manager': 'Carol Wright'}]]
(Background on this error at: https://sqlalche.me/e/20/gkpj)",2025-08-22 22:40:56.650964
STORE1130,Oxford Store,East Greenwood,Betty Lewis,"Database insertion failed: (pymysql.err.IntegrityError) (1062, ""Duplicate entry 'STORE1090' for key 'dimstore.store_id'"")
[SQL: INSERT INTO dimstore (store_id, store_name, location, manager) VALUES (%(store_id)s, %(store_name)s, %(location)s, %(manager)s)]
[parameters: [{'store_id': 'STORE1090', 'store_name': 'Oxford Store', 'location': 'East Greenwood', 'manager': 'Jennifer Garcia'}, {'store_id': 'STORE1091', 'store_name': 'Salem Store', 'location': 'East Newport', 'manager': 'George Turner'}, {'store_id': 'STORE1092', 'store_name': 'Chester Store', 'location': 'West Fairview', 'manager': 'Richard Taylor'}, {'store_id': 'STORE1093', 'store_name': 'Manchester Store', 'location': 'East Jackson', 'manager': 'Anthony Lee'}, {'store_id': 'STORE1094', 'store_name': 'Franklin Store', 'location': 'West Washington', 'manager': 'Christopher Garcia'}, {'store_id': 'STORE1095', 'store_name': 'Fairview Store', 'location': 'East Bristol', 'manager': 'Lisa Edwards'}, {'store_id': 'STORE1096', 'store_name': 'Milton Store', 'location': 'West Marion', 'manager': 'Dorothy Parker'}, {'store_id': 'STORE1097', 'store_name': 'Burlington Store', 'location': 'West Richmond', 'manager': 'John Jones'}  ... displaying 10 of 534 total bound parameter sets ...  {'store_id': 'STORE1622', 'store_name': 'Franklin Store', 'location': 'East Arlingtontown', 'manager': 'John Jones'}, {'store_id': 'STORE1623', 'store_name': 'Clayton Store', 'location': 'West Franklin', 'manager': 'Carol Wright'}]]
(Background on this error at: https://sqlalche.me/e/20/gkpj)",2025-08-22 22:40:56.650964
STORE1131,Marion Store,East Dover,Dorothy Parker,"Database insertion failed: (pymysql.err.IntegrityError) (1062, ""Duplicate entry 'STORE1090' for key 'dimstore.store_id'"")
[SQL: INSERT INTO dimstore (store_id, store_name, location, manager) VALUES (%(store_id)s, %(store_name)s, %(location)s, %(manager)s)]
[parameters: [{'store_id': 'STORE1090', 'store_name': 'Oxford Store', 'location': 'East Greenwood', 'manager': 'Jennifer Garcia'}, {'store_id': 'STORE1091', 'store_name': 'Salem Store', 'location': 'East Newport', 'manager': 'George Turner'}, {'store_id': 'STORE1092', 'store_name': 'Chester Store', 'location': 'West Fairview', 'manager': 'Richard Taylor'}, {'store_id': 'STORE1093', 'store_name': 'Manchester Store', 'location': 'East Jackson', 'manager': 'Anthony Lee'}, {'store_id': 'STORE1094', 'store_name': 'Franklin Store', 'location': 'West Washington', 'manager': 'Christopher Garcia'}, {'store_id': 'STORE1095', 'store_name': 'Fairview Store', 'location': 'East Bristol', 'manager': 'Lisa Edwards'}, {'store_id': 'STORE1096', 'store_name': 'Milton Store', 'location': 'West Marion', 'manager': 'Dorothy Parker'}, {'store_id': 'STORE1097', 'store_name': 'Burlington Store', 'location': 'West Richmond', 'manager': 'John Jones'}  ... displaying 10 of 534 total bound parameter sets ...  {'store_id': 'STORE1622', 'store_name': 'Franklin Store', 'location': 'East Arlingtontown', 'manager': 'John Jones'}, {'store_id': 'STORE1623', 'store_name': 'Clayton Store', 'location': 'West Franklin', 'manager': 'Carol Wright'}]]
(Background on this error at: https://sqlalche.me/e/20/gkpj)",2025-08-22 22:40:56.650964
STORE1132,Newport Store,East Franklin,Sandra Allen,"Database insertion failed: (pymysql.err.IntegrityError) (1062, ""Duplicate entry 'STORE1090' for key 'dimstore.store_id'"")
[SQL: INSERT INTO dimstore (store_id, store_name, location, manager) VALUES (%(store_id)s, %(store_name)s, %(location)s, %(manager)s)]
[parameters: [{'store_id': 'STORE1090', 'store_name': 'Oxford Store', 'location': 'East Greenwood', 'manager': 'Jennifer Garcia'}, {'store_id': 'STORE1091', 'store_name': 'Salem Store', 'location': 'East Newport', 'manager': 'George Turner'}, {'store_id': 'STORE1092', 'store_name': 'Chester Store', 'location': 'West Fairview', 'manager': 'Richard Taylor'}, {'store_id': 'STORE1093', 'store_name': 'Manchester Store', 'location': 'East Jackson', 'manager': 'Anthony Lee'}, {'store_id': 'STORE1094', 'store_name': 'Franklin Store', 'location': 'West Washington', 'manager': 'Christopher Garcia'}, {'store_id': 'STORE1095', 'store_name': 'Fairview Store', 'location': 'East Bristol', 'manager': 'Lisa Edwards'}, {'store_id': 'STORE1096', 'store_name': 'Milton Store', 'location': 'West Marion', 'manager': 'Dorothy Parker'}, {'store_id': 'STORE1097', 'store_name': 'Burlington Store', 'location': 'West Richmond', 'manager': 'John Jones'}  ... displaying 10 of 534 total bound parameter sets ...  {'store_id': 'STORE1622', 'store_name': 'Franklin Store', 'location': 'East Arlingtontown', 'manager': 'John Jones'}, {'store_id': 'STORE1623', 'store_name': 'Clayton Store', 'location': 'West Franklin', 'manager': 'Carol Wright'}]]
(Background on this error at: https://sqlalche.me/e/20/gkpj)",2025-08-22 22:40:56.650964
STORE1133,Clayton Store,East Clayton,Laura Nelson,"Database insertion failed: (pymysql.err.IntegrityError) (1062, ""Duplicate entry 'STORE1090' for key 'dimstore.store_id'"")
[SQL: INSERT INTO dimstore (store_id, store_name, location, manager) VALUES (%(store_id)s, %(store_name)s, %(location)s, %(manager)s)]
[parameters: [{'store_id': 'STORE1090', 'store_name': 'Oxford Store', 'location': 'East Greenwood', 'manager': 'Jennifer Garcia'}, {'store_id': 'STORE1091', 'store_name': 'Salem Store', 'location': 'East Newport', 'manager': 'George Turner'}, {'store_id': 'STORE1092', 'store_name': 'Chester Store', 'location': 'West Fairview', 'manager': 'Richard Taylor'}, {'store_id': 'STORE1093', 'store_name': 'Manchester Store', 'location': 'East Jackson', 'manager': 'Anthony Lee'}, {'store_id': 'STORE1094', 'store_name': 'Franklin Store', 'location': 'West Washington', 'manager': 'Christopher Garcia'}, {'store_id': 'STORE1095', 'store_name': 'Fairview Store', 'location': 'East Bristol', 'manager': 'Lisa Edwards'}, {'store_id': 'STORE1096', 'store_name': 'Milton Store', 'location': 'West Marion', 'manager': 'Dorothy Parker'}, {'store_id': 'STORE1097', 'store_name': 'Burlington Store', 'location': 'West Richmond', 'manager': 'John Jones'}  ... displaying 10 of 534 total bound parameter sets ...  {'store_id': 'STORE1622', 'store_name': 'Franklin Store', 'location': 'East Arlingtontown', 'manager': 'John Jones'}, {'store_id': 'STORE1623', 'store_name': 'Clayton Store', 'location': 'West Franklin', 'manager': 'Carol Wright'}]]
(Background on this error at: https://sqlalche.me/e/20/gkpj)",2025-08-22 22:40:56.650964
STORE1134,Dover Store,West Washington,Kimberly Roberts,"Database insertion failed: (pymysql.err.IntegrityError) (1062, ""Duplicate entry 'STORE1090' for key 'dimstore.store_id'"")
[SQL: INSERT INTO dimstore (store_id, store_name, location, manager) VALUES (%(store_id)s, %(store_name)s, %(location)s, %(manager)s)]
[parameters: [{'store_id': 'STORE1090', 'store_name': 'Oxford Store', 'location': 'East Greenwood', 'manager': 'Jennifer Garcia'}, {'store_id': 'STORE1091', 'store_name': 'Salem Store', 'location': 'East Newport', 'manager': 'George Turner'}, {'store_id': 'STORE1092', 'store_name': 'Chester Store', 'location': 'West Fairview', 'manager': 'Richard Taylor'}, {'store_id': 'STORE1093', 'store_name': 'Manchester Store', 'location': 'East Jackson', 'manager': 'Anthony Lee'}, {'store_id': 'STORE1094', 'store_name': 'Franklin Store', 'location': 'West Washington', 'manager': 'Christopher Garcia'}, {'store_id': 'STORE1095', 'store_name': 'Fairview Store', 'location': 'East Bristol', 'manager': 'Lisa Edwards'}, {'store_id': 'STORE1096', 'store_name': 'Milton Store', 'location': 'West Marion', 'manager': 'Dorothy Parker'}, {'store_id': 'STORE1097', 'store_name': 'Burlington Store', 'location': 'West Richmond', 'manager': 'John Jones'}  ... displaying 10 of 534 total bound parameter sets ...  {'store_id': 'STORE1622', 'store_name': 'Franklin Store', 'location': 'East Arlingtontown', 'manager': 'John Jones'}, {'store_id': 'STORE1623', 'store_name': 'Clayton Store', 'location': 'West Franklin', 'manager': 'Carol Wright'}]]
(Background on this error at: https://sqlalche.me/e/20/gkpj)",2025-08-22 22:40:56.650964
STORE1135,Wayne Store,East Franklin,Sarah Martin,"Database insertion failed: (pymysql.err.IntegrityError) (1062, ""Duplicate entry 'STORE1090' for key 'dimstore.store_id'"")
[SQL: INSERT INTO dimstore (store_id, store_name, location, manager) VALUES (%(store_id)s, %(store_name)s, %(location)s, %(manager)s)]
[parameters: [{'store_id': 'STORE1090', 'store_name': 'Oxford Store', 'location': 'East Greenwood', 'manager': 'Jennifer Garcia'}, {'store_id': 'STORE1091', 'store_name': 'Salem Store', 'location': 'East Newport', 'manager': 'George Turner'}, {'store_id': 'STORE1092', 'store_name': 'Chester Store', 'location': 'West Fairview', 'manager': 'Richard Taylor'}, {'store_id': 'STORE1093', 'store_name': 'Manchester Store', 'location': 'East Jackson', 'manager': 'Anthony Lee'}, {'store_id': 'STORE1094', 'store_name': 'Franklin Store', 'location': 'West Washington', 'manager': 'Christopher Garcia'}, {'store_id': 'STORE1095', 'store_name': 'Fairview Store', 'location': 'East Bristol', 'manager': 'Lisa Edwards'}, {'store_id': 'STORE1096', 'store_name': 'Milton Store', 'location': 'West Marion', 'manager': 'Dorothy Parker'}, {'store_id': 'STORE1097', 'store_name': 'Burlington Store', 'location': 'West Richmond', 'manager': 'John Jones'}  ... displaying 10 of 534 total bound parameter sets ...  {'store_id': 'STORE1622', 'store_name': 'Franklin Store', 'location': 'East Arlingtontown', 'manager': 'John Jones'}, {'store_id': 'STORE1623', 'store_name': 'Clayton Store', 'location': 'West Franklin', 'manager': 'Carol Wright'}]]
(Background on this error at: https://sqlalche.me/e/20/gkpj)",2025-08-22 22:40:56.650964
STORE1136,Jackson Store,West Springfield,Jessica White,"Database insertion failed: (pymysql.err.IntegrityError) (1062, ""Duplicate entry 'STORE1090' for key 'dimstore.store_id'"")
[SQL: INSERT INTO dimstore (store_id, store_name, location, manager) VALUES (%(store_id)s, %(store_name)s, %(location)s, %(manager)s)]
[parameters: [{'store_id': 'STORE1090', 'store_name': 'Oxford Store', 'location': 'East Greenwood', 'manager': 'Jennifer Garcia'}, {'store_id': 'STORE1091', 'store_name': 'Salem Store', 'location': 'East Newport', 'manager': 'George Turner'}, {'store_id': 'STORE1092', 'store_name': 'Chester Store', 'location': 'West Fairview', 'manager': 'Richard Taylor'}, {'store_id': 'STORE1093', 'store_name': 'Manchester Store', 'location': 'East Jackson', 'manager': 'Anthony Lee'}, {'store_id': 'STORE1094', 'store_name': 'Franklin Store', 'location': 'West Washington', 'manager': 'Christopher Garcia'}, {'store_id': 'STORE1095', 'store_name': 'Fairview Store', 'location': 'East Bristol', 'manager': 'Lisa Edwards'}, {'store_id': 'STORE1096', 'store_name': 'Milton Store', 'location': 'West Marion', 'manager': 'Dorothy Parker'}, {'store_id': 'STORE1097', 'store_name': 'Burlington Store', 'location': 'West Richmond', 'manager': 'John Jones'}  ... displaying 10 of 534 total bound parameter sets ...  {'store_id': 'STORE1622', 'store_name': 'Franklin Store', 'location': 'East Arlingtontown', 'manager': 'John Jones'}, {'store_id': 'STORE1623', 'store_name': 'Clayton Store', 'location': 'West Franklin', 'manager': 'Carol Wright'}]]
(Background on this error at: https://sqlalche.me/e/20/gkpj)",2025-08-22 22:40:56.650964
STORE1137,Franklin Store,West Milton,Andrew Scott,"Database insertion failed: (pymysql.err.IntegrityError) (1062, ""Duplicate entry 'STORE1090' for key 'dimstore.store_id'"")
[SQL: INSERT INTO dimstore (store_id, store_name, location, manager) VALUES (%(store_id)s, %(store_name)s, %(location)s, %(manager)s)]
[parameters: [{'store_id': 'STORE1090', 'store_name': 'Oxford Store', 'location': 'East Greenwood', 'manager': 'Jennifer Garcia'}, {'store_id': 'STORE1091', 'store_name': 'Salem Store', 'location': 'East Newport', 'manager': 'George Turner'}, {'store_id': 'STORE1092', 'store_name': 'Chester Store', 'location': 'West Fairview', 'manager': 'Richard Taylor'}, {'store_id': 'STORE1093', 'store_name': 'Manchester Store', 'location': 'East Jackson', 'manager': 'Anthony Lee'}, {'store_id': 'STORE1094', 'store_name': 'Franklin Store', 'location': 'West Washington', 'manager': 'Christopher Garcia'}, {'store_id': 'STORE1095', 'store_name': 'Fairview Store', 'location': 'East Bristol', 'manager': 'Lisa Edwards'}, {'store_id': 'STORE1096', 'store_name': 'Milton Store', 'location': 'West Marion', 'manager': 'Dorothy Parker'}, {'store_id': 'STORE1097', 'store_name': 'Burlington Store', 'location': 'West Richmond', 'manager': 'John Jones'}  ... displaying 10 of 534 total bound parameter sets ...  {'store_id': 'STORE1622', 'store_name': 'Franklin Store', 'location': 'East Arlingtontown', 'manager': 'John Jones'}, {'store_id': 'STORE1623', 'store_name': 'Clayton Store', 'location': 'West Franklin', 'manager': 'Carol Wright'}]]
(Background on this error at: https://sqlalche.me/e/20/gkpj)",2025-08-22 22:40:56.650964
STORE1138,Jackson Store,West Greenwood,Kevin Carter,"Database insertion failed: (pymysql.err.IntegrityError) (1062, ""Duplicate entry 'STORE1090' for key 'dimstore.store_id'"")
[SQL: INSERT INTO dimstore (store_id, store_name, location, manager) VALUES (%(store_id)s, %(store_name)s, %(location)s, %(manager)s)]
[parameters: [{'store_id': 'STORE1090', 'store_name': 'Oxford Store', 'location': 'East Greenwood', 'manager': 'Jennifer Garcia'}, {'store_id': 'STORE1091', 'store_name': 'Salem Store', 'location': 'East Newport', 'manager': 'George Turner'}, {'store_id': 'STORE1092', 'store_name': 'Chester Store', 'location': 'West Fairview', 'manager': 'Richard Taylor'}, {'store_id': 'STORE1093', 'store_name': 'Manchester Store', 'location': 'East Jackson', 'manager': 'Anthony Lee'}, {'store_id': 'STORE1094', 'store_name': 'Franklin Store', 'location': 'West Washington', 'manager': 'Christopher Garcia'}, {'store_id': 'STORE1095', 'store_name': 'Fairview Store', 'location': 'East Bristol', 'manager': 'Lisa Edwards'}, {'store_id': 'STORE1096', 'store_name': 'Milton Store', 'location': 'West Marion', 'manager': 'Dorothy Parker'}, {'store_id': 'STORE1097', 'store_name': 'Burlington Store', 'location': 'West Richmond', 'manager': 'John Jones'}  ... displaying 10 of 534 total bound parameter sets ...  {'store_id': 'STORE1622', 'store_name': 'Franklin Store', 'location': 'East Arlingtontown', 'manager': 'John Jones'}, {'store_id': 'STORE1623', 'store_name': 'Clayton Store', 'location': 'West Franklin', 'manager': 'Carol Wright'}]]
(Background on this error at: https://sqlalche.me/e/20/gkpj)",2025-08-22 22:40:56.650964
STORE1139,Arlington Store,West Greenwood,Robert Williams,"Database insertion failed: (pymysql.err.IntegrityError) (1062, ""Duplicate entry 'STORE1090' for key 'dimstore.store_id'"")
[SQL: INSERT INTO dimstore (store_id, store_name, location, manager) VALUES (%(store_id)s, %(store_name)s, %(location)s, %(manager)s)]
[parameters: [{'store_id': 'STORE1090', 'store_name': 'Oxford Store', 'location': 'East Greenwood', 'manager': 'Jennifer Garcia'}, {'store_id': 'STORE1091', 'store_name': 'Salem Store', 'location': 'East Newport', 'manager': 'George Turner'}, {'store_id': 'STORE1092', 'store_name': 'Chester Store', 'location': 'West Fairview', 'manager': 'Richard Taylor'}, {'store_id': 'STORE1093', 'store_name': 'Manchester Store', 'location': 'East Jackson', 'manager': 'Anthony Lee'}, {'store_id': 'STORE1094', 'store_name': 'Franklin Store', 'location': 'West Washington', 'manager': 'Christopher Garcia'}, {'store_id': 'STORE1095', 'store_name': 'Fairview Store', 'location': 'East Bristol', 'manager': 'Lisa Edwards'}, {'store_id': 'STORE1096', 'store_name': 'Milton Store', 'location': 'West Marion', 'manager': 'Dorothy Parker'}, {'store_id': 'STORE1097', 'store_name': 'Burlington Store', 'location': 'West Richmond', 'manager': 'John Jones'}  ... displaying 10 of 534 total bound parameter sets ...  {'store_id': 'STORE1622', 'store_name': 'Franklin Store', 'location': 'East Arlingtontown', 'manager': 'John Jones'}, {'store_id': 'STORE1623', 'store_name': 'Clayton Store', 'location': 'West Franklin', 'manager': 'Carol Wright'}]]
(Background on this error at: https://sqlalche.me/e/20/gkpj)",2025-08-22 22:40:56.650964
STORE1140,Oxford Store,West Arlington,Lisa Edwards,"Database insertion failed: (pymysql.err.IntegrityError) (1062, ""Duplicate entry 'STORE1090' for key 'dimstore.store_id'"")
[SQL: INSERT INTO dimstore (store_id, store_name, location, manager) VALUES (%(store_id)s, %(store_name)s, %(location)s, %(manager)s)]
[parameters: [{'store_id': 'STORE1090', 'store_name': 'Oxford Store', 'location': 'East Greenwood', 'manager': 'Jennifer Garcia'}, {'store_id': 'STORE1091', 'store_name': 'Salem Store', 'location': 'East Newport', 'manager': 'George Turner'}, {'store_id': 'STORE1092', 'store_name': 'Chester Store', 'location': 'West Fairview', 'manager': 'Richard Taylor'}, {'store_id': 'STORE1093', 'store_name': 'Manchester Store', 'location': 'East Jackson', 'manager': 'Anthony Lee'}, {'store_id': 'STORE1094', 'store_name': 'Franklin Store', 'location': 'West Washington', 'manager': 'Christopher Garcia'}, {'store_id': 'STORE1095', 'store_name': 'Fairview Store', 'location': 'East Bristol', 'manager': 'Lisa Edwards'}, {'store_id': 'STORE1096', 'store_name': 'Milton Store', 'location': 'West Marion', 'manager': 'Dorothy Parker'}, {'store_id': 'STORE1097', 'store_name': 'Burlington Store', 'location': 'West Richmond', 'manager': 'John Jones'}  ... displaying 10 of 534 total bound parameter sets ...  {'store_id': 'STORE1622', 'store_name': 'Franklin Store', 'location': 'East Arlingtontown', 'manager': 'John Jones'}, {'store_id': 'STORE1623', 'store_name': 'Clayton Store', 'location': 'West Franklin', 'manager': 'Carol Wright'}]]
(Background on this error at: https://sqlalche.me/e/20/gkpj)",2025-08-22 22:40:56.650964
STORE1141,Springfield Store,East Hudson,David Wilson,"Database insertion failed: (pymysql.err.IntegrityError) (1062, ""Duplicate entry 'STORE1090' for key 'dimstore.store_id'"")
[SQL: INSERT INTO dimstore (store_id, store_name, location, manager) VALUES (%(store_id)s, %(store_name)s, %(location)s, %(manager)s)]
[parameters: [{'store_id': 'STORE1090', 'store_name': 'Oxford Store', 'location': 'East Greenwood', 'manager': 'Jennifer Garcia'}, {'store_id': 'STORE1091', 'store_name': 'Salem Store', 'location': 'East Newport', 'manager': 'George Turner'}, {'store_id': 'STORE1092', 'store_name': 'Chester Store', 'location': 'West Fairview', 'manager': 'Richard Taylor'}, {'store_id': 'STORE1093', 'store_name': 'Manchester Store', 'location': 'East Jackson', 'manager': 'Anthony Lee'}, {'store_id': 'STORE1094', 'store_name': 'Franklin Store', 'location': 'West Washington', 'manager': 'Christopher Garcia'}, {'store_id': 'STORE1095', 'store_name': 'Fairview Store', 'location': 'East Bristol', 'manager': 'Lisa Edwards'}, {'store_id': 'STORE1096', 'store_name': 'Milton Store', 'location': 'West Marion', 'manager': 'Dorothy Parker'}, {'store_id': 'STORE1097', 'store_name': 'Burlington Store', 'location': 'West Richmond', 'manager': 'John Jones'}  ... displaying 10 of 534 total bound parameter sets ...  {'store_id': 'STORE1622', 'store_name': 'Franklin Store', 'location': 'East Arlingtontown', 'manager': 'John Jones'}, {'store_id': 'STORE1623', 'store_name': 'Clayton Store', 'location': 'West Franklin', 'manager': 'Carol Wright'}]]
(Background on this error at: https://sqlalche.me/e/20/gkpj)",2025-08-22 22:40:56.650964
STORE1142,Fairview Store,West Arlington,Sharon Green,"Database insertion failed: (pymysql.err.IntegrityError) (1062, ""Duplicate entry 'STORE1090' for key 'dimstore.store_id'"")
[SQL: INSERT INTO dimstore (store_id, store_name, location, manager) VALUES (%(store_id)s, %(store_name)s, %(location)s, %(manager)s)]
[parameters: [{'store_id': 'STORE1090', 'store_name': 'Oxford Store', 'location': 'East Greenwood', 'manager': 'Jennifer Garcia'}, {'store_id': 'STORE1091', 'store_name': 'Salem Store', 'location': 'East Newport', 'manager': 'George Turner'}, {'store_id': 'STORE1092', 'store_name': 'Chester Store', 'location': 'West Fairview', 'manager': 'Richard Taylor'}, {'store_id': 'STORE1093', 'store_name': 'Manchester Store', 'location': 'East Jackson', 'manager': 'Anthony Lee'}, {'store_id': 'STORE1094', 'store_name': 'Franklin Store', 'location': 'West Washington', 'manager': 'Christopher Garcia'}, {'store_id': 'STORE1095', 'store_name': 'Fairview Store', 'location': 'East Bristol', 'manager': 'Lisa Edwards'}, {'store_id': 'STORE1096', 'store_name': 'Milton Store', 'location': 'West Marion', 'manager': 'Dorothy Parker'}, {'store_id': 'STORE1097', 'store_name': 'Burlington Store', 'location': 'West Richmond', 'manager': 'John Jones'}  ... displaying 10 of 534 total bound parameter sets ...  {'store_id': 'STORE1622', 'store_name': 'Franklin Store', 'location': 'East Arlingtontown', 'manager': 'John Jones'}, {'store_id': 'STORE1623', 'store_name': 'Clayton Store', 'location': 'West Franklin', 'manager': 'Carol Wright'}]]
(Background on this error at: https://sqlalche.me/e/20/gkpj)",2025-08-22 22:40:56.650964
STORE1143,Washington Store,East Springfieldtown,Paul Lopez,"Database insertion failed: (pymysql.err.IntegrityError) (1062, ""Duplicate entry 'STORE1090' for key 'dimstore.store_id'"")
[SQL: INSERT INTO dimstore (store_id, store_name, location, manager) VALUES (%(store_id)s, %(store_name)s, %(location)s, %(manager)s)]
[parameters: [{'store_id': 'STORE1090', 'store_name': 'Oxford Store', 'location': 'East Greenwood', 'manager': 'Jennifer Garcia'}, {'store_id': 'STORE1091', 'store_name': 'Salem Store', 'location': 'East Newport', 'manager': 'George Turner'}, {'store_id': 'STORE1092', 'store_name': 'Chester Store', 'location': 'West Fairview', 'manager': 'Richard Taylor'}, {'store_id': 'STORE1093', 'store_name': 'Manchester Store', 'location': 'East Jackson', 'manager': 'Anthony Lee'}, {'store_id': 'STORE1094', 'store_name': 'Franklin Store', 'location': 'West Washington', 'manager': 'Christopher Garcia'}, {'store_id': 'STORE1095', 'store_name': 'Fairview Store', 'location': 'East Bristol', 'manager': 'Lisa Edwards'}, {'store_id': 'STORE1096', 'store_name': 'Milton Store', 'location': 'West Marion', 'manager': 'Dorothy Parker'}, {'store_id': 'STORE1097', 'store_name': 'Burlington Store', 'location': 'West Richmond', 'manager': 'John Jones'}  ... displaying 10 of 534 total bound parameter sets ...  {'store_id': 'STORE1622', 'store_name': 'Franklin Store', 'location': 'East Arlingtontown', 'manager': 'John Jones'}, {'store_id': 'STORE1623', 'store_name': 'Clayton Store', 'location': 'West Franklin', 'manager': 'Carol Wright'}]]
(Background on this error at: https://sqlalche.me/e/20/gkpj)",2025-08-22 22:40:56.650964
STORE1144,Newport Store,East Dover,Sharon Green,"Database insertion failed: (pymysql.err.IntegrityError) (1062, ""Duplicate entry 'STORE1090' for key 'dimstore.store_id'"")
[SQL: INSERT INTO dimstore (store_id, store_name, location, manager) VALUES (%(store_id)s, %(store_name)s, %(location)s, %(manager)s)]
[parameters: [{'store_id': 'STORE1090', 'store_name': 'Oxford Store', 'location': 'East Greenwood', 'manager': 'Jennifer Garcia'}, {'store_id': 'STORE1091', 'store_name': 'Salem Store', 'location': 'East Newport', 'manager': 'George Turner'}, {'store_id': 'STORE1092', 'store_name': 'Chester Store', 'location': 'West Fairview', 'manager': 'Richard Taylor'}, {'store_id': 'STORE1093', 'store_name': 'Manchester Store', 'location': 'East Jackson', 'manager': 'Anthony Lee'}, {'store_id': 'STORE1094', 'store_name': 'Franklin Store', 'location': 'West Washington', 'manager': 'Christopher Garcia'}, {'store_id': 'STORE1095', 'store_name': 'Fairview Store', 'location': 'East Bristol', 'manager': 'Lisa Edwards'}, {'store_id': 'STORE1096', 'store_name': 'Milton Store', 'location': 'West Marion', 'manager': 'Dorothy Parker'}, {'store_id': 'STORE1097', 'store_name': 'Burlington Store', 'location': 'West Richmond', 'manager': 'John Jones'}  ... displaying 10 of 534 total bound parameter sets ...  {'store_id': 'STORE1622', 'store_name': 'Franklin Store', 'location': 'East Arlingtontown', 'manager': 'John Jones'}, {'store_id': 'STORE1623', 'store_name': 'Clayton Store', 'location': 'West Franklin', 'manager': 'Carol Wright'}]]
(Background on this error at: https://sqlalche.me/e/20/gkpj)",2025-08-22 22:40:56.650964
STORE1145,Fairview Store,East Franklin,Mark Hall,"Database insertion failed: (pymysql.err.IntegrityError) (1062, ""Duplicate entry 'STORE1090' for key 'dimstore.store_id'"")
[SQL: INSERT INTO dimstore (store_id, store_name, location, manager) VALUES (%(store_id)s, %(store_name)s, %(location)s, %(manager)s)]
[parameters: [{'store_id': 'STORE1090', 'store_name': 'Oxford Store', 'location': 'East Greenwood', 'manager': 'Jennifer Garcia'}, {'store_id': 'STORE1091', 'store_name': 'Salem Store', 'location': 'East Newport', 'manager': 'George Turner'}, {'store_id': 'STORE1092', 'store_name': 'Chester Store', 'location': 'West Fairview', 'manager': 'Richard Taylor'}, {'store_id': 'STORE1093', 'store_name': 'Manchester Store', 'location': 'East Jackson', 'manager': 'Anthony Lee'}, {'store_id': 'STORE1094', 'store_name': 'Franklin Store', 'location': 'West Washington', 'manager': 'Christopher Garcia'}, {'store_id': 'STORE1095', 'store_name': 'Fairview Store', 'location': 'East Bristol', 'manager': 'Lisa Edwards'}, {'store_id': 'STORE1096', 'store_name': 'Milton Store', 'location': 'West Marion', 'manager': 'Dorothy Parker'}, {'store_id': 'STORE1097', 'store_name': 'Burlington Store', 'location': 'West Richmond', 'manager': 'John Jones'}  ... displaying 10 of 534 total bound parameter sets ...  {'store_id': 'STORE1622', 'store_name': 'Franklin Store', 'location': 'East Arlingtontown', 'manager': 'John Jones'}, {'store_id': 'STORE1623', 'store_name': 'Clayton Store', 'location': 'West Franklin', 'manager': 'Carol Wright'}]]
(Background on this error at: https://sqlalche.me/e/20/gkpj)",2025-08-22 22:40:56.650964
STORE1146,Jackson Store,West Hudsontown,Paul Lopez,"Database insertion failed: (pymysql.err.IntegrityError) (1062, ""Duplicate entry 'STORE1090' for key 'dimstore.store_id'"")
[SQL: INSERT INTO dimstore (store_id, store_name, location, manager) VALUES (%(store_id)s, %(store_name)s, %(location)s, %(manager)s)]
[parameters: [{'store_id': 'STORE1090', 'store_name': 'Oxford Store', 'location': 'East Greenwood', 'manager': 'Jennifer Garcia'}, {'store_id': 'STORE1091', 'store_name': 'Salem Store', 'location': 'East Newport', 'manager': 'George Turner'}, {'store_id': 'STORE1092', 'store_name': 'Chester Store', 'location': 'West Fairview', 'manager': 'Richard Taylor'}, {'store_id': 'STORE1093', 'store_name': 'Manchester Store', 'location': 'East Jackson', 'manager': 'Anthony Lee'}, {'store_id': 'STORE1094', 'store_name': 'Franklin Store', 'location': 'West Washington', 'manager': 'Christopher Garcia'}, {'store_id': 'STORE1095', 'store_name': 'Fairview Store', 'location': 'East Bristol', 'manager': 'Lisa Edwards'}, {'store_id': 'STORE1096', 'store_name': 'Milton Store', 'location': 'West Marion', 'manager': 'Dorothy Parker'}, {'store_id': 'STORE1097', 'store_name': 'Burlington Store', 'location': 'West Richmond', 'manager': 'John Jones'}  ... displaying 10 of 534 total bound parameter sets ...  {'store_id': 'STORE1622', 'store_name': 'Franklin Store', 'location': 'East Arlingtontown', 'manager': 'John Jones'}, {'store_id': 'STORE1623', 'store_name': 'Clayton Store', 'location': 'West Franklin', 'manager': 'Carol Wright'}]]
(Background on this error at: https://sqlalche.me/e/20/gkpj)",2025-08-22 22:40:56.650964
STORE1147,Madison Store,East Ashlandtown,John Jones,"Database insertion failed: (pymysql.err.IntegrityError) (1062, ""Duplicate entry 'STORE1090' for key 'dimstore.store_id'"")
[SQL: INSERT INTO dimstore (store_id, store_name, location, manager) VALUES (%(store_id)s, %(store_name)s, %(location)s, %(manager)s)]
[parameters: [{'store_id': 'STORE1090', 'store_name': 'Oxford Store', 'location': 'East Greenwood', 'manager': 'Jennifer Garcia'}, {'store_id': 'STORE1091', 'store_name': 'Salem Store', 'location': 'East Newport', 'manager': 'George Turner'}, {'store_id': 'STORE1092', 'store_name': 'Chester Store', 'location': 'West Fairview', 'manager': 'Richard Taylor'}, {'store_id': 'STORE1093', 'store_name': 'Manchester Store', 'location': 'East Jackson', 'manager': 'Anthony Lee'}, {'store_id': 'STORE1094', 'store_name': 'Franklin Store', 'location': 'West Washington', 'manager': 'Christopher Garcia'}, {'store_id': 'STORE1095', 'store_name': 'Fairview Store', 'location': 'East Bristol', 'manager': 'Lisa Edwards'}, {'store_id': 'STORE1096', 'store_name': 'Milton Store', 'location': 'West Marion', 'manager': 'Dorothy Parker'}, {'store_id': 'STORE1097', 'store_name': 'Burlington Store', 'location': 'West Richmond', 'manager': 'John Jones'}  ... displaying 10 of 534 total bound parameter sets ...  {'store_id': 'STORE1622', 'store_name': 'Franklin Store', 'location': 'East Arlingtontown', 'manager': 'John Jones'}, {'store_id': 'STORE1623', 'store_name': 'Clayton Store', 'location': 'West Franklin', 'manager': 'Carol Wright'}]]
(Background on this error at: https://sqlalche.me/e/20/gkpj)",2025-08-22 22:40:56.650964
STORE1148,Franklin Store,East Franklintown,Jennifer Garcia,"Database insertion failed: (pymysql.err.IntegrityError) (1062, ""Duplicate entry 'STORE1090' for key 'dimstore.store_id'"")
[SQL: INSERT INTO dimstore (store_id, store_name, location, manager) VALUES (%(store_id)s, %(store_name)s, %(location)s, %(manager)s)]
[parameters: [{'store_id': 'STORE1090', 'store_name': 'Oxford Store', 'location': 'East Greenwood', 'manager': 'Jennifer Garcia'}, {'store_id': 'STORE1091', 'store_name': 'Salem Store', 'location': 'East Newport', 'manager': 'George Turner'}, {'store_id': 'STORE1092', 'store_name': 'Chester Store', 'location': 'West Fairview', 'manager': 'Richard Taylor'}, {'store_id': 'STORE1093', 'store_name': 'Manchester Store', 'location': 'East Jackson', 'manager': 'Anthony Lee'}, {'store_id': 'STORE1094', 'store_name': 'Franklin Store', 'location': 'West Washington', 'manager': 'Christopher Garcia'}, {'store_id': 'STORE1095', 'store_name': 'Fairview Store', 'location': 'East Bristol', 'manager': 'Lisa Edwards'}, {'store_id': 'STORE1096', 'store_name': 'Milton Store', 'location': 'West Marion', 'manager': 'Dorothy Parker'}, {'store_id': 'STORE1097', 'store_name': 'Burlington Store', 'location': 'West Richmond', 'manager': 'John Jones'}  ... displaying 10 of 534 total bound parameter sets ...  {'store_id': 'STORE1622', 'store_name': 'Franklin Store', 'location': 'East Arlingtontown', 'manager': 'John Jones'}, {'store_id': 'STORE1623', 'store_name': 'Clayton Store', 'location': 'West Franklin', 'manager': 'Carol Wright'}]]
(Background on this error at: https://sqlalche.me/e/20/gkpj)",2025-08-22 22:40:56.650964
STORE1149,Georgetown Store,West Hudsontown,Andrew Scott,"Database insertion failed: (pymysql.err.IntegrityError) (1062, ""Duplicate entry 'STORE1090' for key 'dimstore.store_id'"")
[SQL: INSERT INTO dimstore (store_id, store_name, location, manager) VALUES (%(store_id)s, %(store_name)s, %(location)s, %(manager)s)]
[parameters: [{'store_id': 'STORE1090', 'store_name': 'Oxford Store', 'location': 'East Greenwood', 'manager': 'Jennifer Garcia'}, {'store_id': 'STORE1091', 'store_name': 'Salem Store', 'location': 'East Newport', 'manager': 'George Turner'}, {'store_id': 'STORE1092', 'store_name': 'Chester Store', 'location': 'West Fairview', 'manager': 'Richard Taylor'}, {'store_id': 'STORE1093', 'store_name': 'Manchester Store', 'location': 'East Jackson', 'manager': 'Anthony Lee'}, {'store_id': 'STORE1094', 'store_name': 'Franklin Store', 'location': 'West Washington', 'manager': 'Christopher Garcia'}, {'store_id': 'STORE1095', 'store_name': 'Fairview Store', 'location': 'East Bristol', 'manager': 'Lisa Edwards'}, {'store_id': 'STORE1096', 'store_name': 'Milton Store', 'location': 'West Marion', 'manager': 'Dorothy Parker'}, {'store_id': 'STORE1097', 'store_name': 'Burlington Store', 'location': 'West Richmond', 'manager': 'John Jones'}  ... displaying 10 of 534 total bound parameter sets ...  {'store_id': 'STORE1622', 'store_name': 'Franklin Store', 'location': 'East Arlingtontown', 'manager': 'John Jones'}, {'store_id': 'STORE1623', 'store_name': 'Clayton Store', 'location': 'West Franklin', 'manager': 'Carol Wright'}]]
(Background on this error at: https://sqlalche.me/e/20/gkpj)",2025-08-22 22:40:56.650964
STORE1150,Wayne Store,West Madison,Patricia Brown,"Database insertion failed: (pymysql.err.IntegrityError) (1062, ""Duplicate entry 'STORE1090' for key 'dimstore.store_id'"")
[SQL: INSERT INTO dimstore (store_id, store_name, location, manager) VALUES (%(store_id)s, %(store_name)s, %(location)s, %(manager)s)]
[parameters: [{'store_id': 'STORE1090', 'store_name': 'Oxford Store', 'location': 'East Greenwood', 'manager': 'Jennifer Garcia'}, {'store_id': 'STORE1091', 'store_name': 'Salem Store', 'location': 'East Newport', 'manager': 'George Turner'}, {'store_id': 'STORE1092', 'store_name': 'Chester Store', 'location': 'West Fairview', 'manager': 'Richard Taylor'}, {'store_id': 'STORE1093', 'store_name': 'Manchester Store', 'location': 'East Jackson', 'manager': 'Anthony Lee'}, {'store_id': 'STORE1094', 'store_name': 'Franklin Store', 'location': 'West Washington', 'manager': 'Christopher Garcia'}, {'store_id': 'STORE1095', 'store_name': 'Fairview Store', 'location': 'East Bristol', 'manager': 'Lisa Edwards'}, {'store_id': 'STORE1096', 'store_name': 'Milton Store', 'location': 'West Marion', 'manager': 'Dorothy Parker'}, {'store_id': 'STORE1097', 'store_name': 'Burlington Store', 'location': 'West Richmond', 'manager': 'John Jones'}  ... displaying 10 of 534 total bound parameter sets ...  {'store_id': 'STORE1622', 'store_name': 'Franklin Store', 'location': 'East Arlingtontown', 'manager': 'John Jones'}, {'store_id': 'STORE1623', 'store_name': 'Clayton Store', 'location': 'West Franklin', 'manager': 'Carol Wright'}]]
(Background on this error at: https://sqlalche.me/e/20/gkpj)",2025-08-22 22:40:56.650964
STORE1151,Chester Store,East Auburn,Laura Nelson,"Database insertion failed: (pymysql.err.IntegrityError) (1062, ""Duplicate entry 'STORE1090' for key 'dimstore.store_id'"")
[SQL: INSERT INTO dimstore (store_id, store_name, location, manager) VALUES (%(store_id)s, %(store_name)s, %(location)s, %(manager)s)]
[parameters: [{'store_id': 'STORE1090', 'store_name': 'Oxford Store', 'location': 'East Greenwood', 'manager': 'Jennifer Garcia'}, {'store_id': 'STORE1091', 'store_name': 'Salem Store', 'location': 'East Newport', 'manager': 'George Turner'}, {'store_id': 'STORE1092', 'store_name': 'Chester Store', 'location': 'West Fairview', 'manager': 'Richard Taylor'}, {'store_id': 'STORE1093', 'store_name': 'Manchester Store', 'location': 'East Jackson', 'manager': 'Anthony Lee'}, {'store_id': 'STORE1094', 'store_name': 'Franklin Store', 'location': 'West Washington', 'manager': 'Christopher Garcia'}, {'store_id': 'STORE1095', 'store_name': 'Fairview Store', 'location': 'East Bristol', 'manager': 'Lisa Edwards'}, {'store_id': 'STORE1096', 'store_name': 'Milton Store', 'location': 'West Marion', 'manager': 'Dorothy Parker'}, {'store_id': 'STORE1097', 'store_name': 'Burlington Store', 'location': 'West Richmond', 'manager': 'John Jones'}  ... displaying 10 of 534 total bound parameter sets ...  {'store_id': 'STORE1622', 'store_name': 'Franklin Store', 'location': 'East Arlingtontown', 'manager': 'John Jones'}, {'store_id': 'STORE1623', 'store_name': 'Clayton Store', 'location': 'West Franklin', 'manager': 'Carol Wright'}]]
(Background on this error at: https://sqlalche.me/e/20/gkpj)",2025-08-22 22:40:56.650964
STORE1152,Kingston Store,East Marion,Laura Nelson,"Database insertion failed: (pymysql.err.IntegrityError) (1062, ""Duplicate entry 'STORE1090' for key 'dimstore.store_id'"")
[SQL: INSERT INTO dimstore (store_id, store_name, location, manager) VALUES (%(store_id)s, %(store_name)s, %(location)s, %(manager)s)]
[parameters: [{'store_id': 'STORE1090', 'store_name': 'Oxford Store', 'location': 'East Greenwood', 'manager': 'Jennifer Garcia'}, {'store_id': 'STORE1091', 'store_name': 'Salem Store', 'location': 'East Newport', 'manager': 'George Turner'}, {'store_id': 'STORE1092', 'store_name': 'Chester Store', 'location': 'West Fairview', 'manager': 'Richard Taylor'}, {'store_id': 'STORE1093', 'store_name': 'Manchester Store', 'location': 'East Jackson', 'manager': 'Anthony Lee'}, {'store_id': 'STORE1094', 'store_name': 'Franklin Store', 'location': 'West Washington', 'manager': 'Christopher Garcia'}, {'store_id': 'STORE1095', 'store_name': 'Fairview Store', 'location': 'East Bristol', 'manager': 'Lisa Edwards'}, {'store_id': 'STORE1096', 'store_name': 'Milton Store', 'location': 'West Marion', 'manager': 'Dorothy Parker'}, {'store_id': 'STORE1097', 'store_name': 'Burlington Store', 'location': 'West Richmond', 'manager': 'John Jones'}  ... displaying 10 of 534 total bound parameter sets ...  {'store_id': 'STORE1622', 'store_name': 'Franklin Store', 'location': 'East Arlingtontown', 'manager': 'John Jones'}, {'store_id': 'STORE1623', 'store_name': 'Clayton Store', 'location': 'West Franklin', 'manager': 'Carol Wright'}]]
(Background on this error at: https://sqlalche.me/e/20/gkpj)",2025-08-22 22:40:56.650964
STORE1153,Fairview Store,East Bristoltown,Daniel Robinson,"Database insertion failed: (pymysql.err.IntegrityError) (1062, ""Duplicate entry 'STORE1090' for key 'dimstore.store_id'"")
[SQL: INSERT INTO dimstore (store_id, store_name, location, manager) VALUES (%(store_id)s, %(store_name)s, %(location)s, %(manager)s)]
[parameters: [{'store_id': 'STORE1090', 'store_name': 'Oxford Store', 'location': 'East Greenwood', 'manager': 'Jennifer Garcia'}, {'store_id': 'STORE1091', 'store_name': 'Salem Store', 'location': 'East Newport', 'manager': 'George Turner'}, {'store_id': 'STORE1092', 'store_name': 'Chester Store', 'location': 'West Fairview', 'manager': 'Richard Taylor'}, {'store_id': 'STORE1093', 'store_name': 'Manchester Store', 'location': 'East Jackson', 'manager': 'Anthony Lee'}, {'store_id': 'STORE1094', 'store_name': 'Franklin Store', 'location': 'West Washington', 'manager': 'Christopher Garcia'}, {'store_id': 'STORE1095', 'store_name': 'Fairview Store', 'location': 'East Bristol', 'manager': 'Lisa Edwards'}, {'store_id': 'STORE1096', 'store_name': 'Milton Store', 'location': 'West Marion', 'manager': 'Dorothy Parker'}, {'store_id': 'STORE1097', 'store_name': 'Burlington Store', 'location': 'West Richmond', 'manager': 'John Jones'}  ... displaying 10 of 534 total bound parameter sets ...  {'store_id': 'STORE1622', 'store_name': 'Franklin Store', 'location': 'East Arlingtontown', 'manager': 'John Jones'}, {'store_id': 'STORE1623', 'store_name': 'Clayton Store', 'location': 'West Franklin', 'manager': 'Carol Wright'}]]
(Background on this error at: https://sqlalche.me/e/20/gkpj)",2025-08-22 22:40:56.650964
STORE1154,Lancaster Store,West Bristol,Lisa Clark,"Database insertion failed: (pymysql.err.IntegrityError) (1062, ""Duplicate entry 'STORE1090' for key 'dimstore.store_id'"")
[SQL: INSERT INTO dimstore (store_id, store_name, location, manager) VALUES (%(store_id)s, %(store_name)s, %(location)s, %(manager)s)]
[parameters: [{'store_id': 'STORE1090', 'store_name': 'Oxford Store', 'location': 'East Greenwood', 'manager': 'Jennifer Garcia'}, {'store_id': 'STORE1091', 'store_name': 'Salem Store', 'location': 'East Newport', 'manager': 'George Turner'}, {'store_id': 'STORE1092', 'store_name': 'Chester Store', 'location': 'West Fairview', 'manager': 'Richard Taylor'}, {'store_id': 'STORE1093', 'store_name': 'Manchester Store', 'location': 'East Jackson', 'manager': 'Anthony Lee'}, {'store_id': 'STORE1094', 'store_name': 'Franklin Store', 'location': 'West Washington', 'manager': 'Christopher Garcia'}, {'store_id': 'STORE1095', 'store_name': 'Fairview Store', 'location': 'East Bristol', 'manager': 'Lisa Edwards'}, {'store_id': 'STORE1096', 'store_name': 'Milton Store', 'location': 'West Marion', 'manager': 'Dorothy Parker'}, {'store_id': 'STORE1097', 'store_name': 'Burlington Store', 'location': 'West Richmond', 'manager': 'John Jones'}  ... displaying 10 of 534 total bound parameter sets ...  {'store_id': 'STORE1622', 'store_name': 'Franklin Store', 'location': 'East Arlingtontown', 'manager': 'John Jones'}, {'store_id': 'STORE1623', 'store_name': 'Clayton Store', 'location': 'West Franklin', 'manager': 'Carol Wright'}]]
(Background on this error at: https://sqlalche.me/e/20/gkpj)",2025-08-22 22:40:56.650964
STORE1155,Springfield Store,West Manchester,Laura Nelson,"Database insertion failed: (pymysql.err.IntegrityError) (1062, ""Duplicate entry 'STORE1090' for key 'dimstore.store_id'"")
[SQL: INSERT INTO dimstore (store_id, store_name, location, manager) VALUES (%(store_id)s, %(store_name)s, %(location)s, %(manager)s)]
[parameters: [{'store_id': 'STORE1090', 'store_name': 'Oxford Store', 'location': 'East Greenwood', 'manager': 'Jennifer Garcia'}, {'store_id': 'STORE1091', 'store_name': 'Salem Store', 'location': 'East Newport', 'manager': 'George Turner'}, {'store_id': 'STORE1092', 'store_name': 'Chester Store', 'location': 'West Fairview', 'manager': 'Richard Taylor'}, {'store_id': 'STORE1093', 'store_name': 'Manchester Store', 'location': 'East Jackson', 'manager': 'Anthony Lee'}, {'store_id': 'STORE1094', 'store_name': 'Franklin Store', 'location': 'West Washington', 'manager': 'Christopher Garcia'}, {'store_id': 'STORE1095', 'store_name': 'Fairview Store', 'location': 'East Bristol', 'manager': 'Lisa Edwards'}, {'store_id': 'STORE1096', 'store_name': 'Milton Store', 'location': 'West Marion', 'manager': 'Dorothy Parker'}, {'store_id': 'STORE1097', 'store_name': 'Burlington Store', 'location': 'West Richmond', 'manager': 'John Jones'}  ... displaying 10 of 534 total bound parameter sets ...  {'store_id': 'STORE1622', 'store_name': 'Franklin Store', 'location': 'East Arlingtontown', 'manager': 'John Jones'}, {'store_id': 'STORE1623', 'store_name': 'Clayton Store', 'location': 'West Franklin', 'manager': 'Carol Wright'}]]
(Background on this error at: https://sqlalche.me/e/20/gkpj)",2025-08-22 22:40:56.650964
STORE1156,Franklin Store,East Dover,Paul Lopez,"Database insertion failed: (pymysql.err.IntegrityError) (1062, ""Duplicate entry 'STORE1090' for key 'dimstore.store_id'"")
[SQL: INSERT INTO dimstore (store_id, store_name, location, manager) VALUES (%(store_id)s, %(store_name)s, %(location)s, %(manager)s)]
[parameters: [{'store_id': 'STORE1090', 'store_name': 'Oxford Store', 'location': 'East Greenwood', 'manager': 'Jennifer Garcia'}, {'store_id': 'STORE1091', 'store_name': 'Salem Store', 'location': 'East Newport', 'manager': 'George Turner'}, {'store_id': 'STORE1092', 'store_name': 'Chester Store', 'location': 'West Fairview', 'manager': 'Richard Taylor'}, {'store_id': 'STORE1093', 'store_name': 'Manchester Store', 'location': 'East Jackson', 'manager': 'Anthony Lee'}, {'store_id': 'STORE1094', 'store_name': 'Franklin Store', 'location': 'West Washington', 'manager': 'Christopher Garcia'}, {'store_id': 'STORE1095', 'store_name': 'Fairview Store', 'location': 'East Bristol', 'manager': 'Lisa Edwards'}, {'store_id': 'STORE1096', 'store_name': 'Milton Store', 'location': 'West Marion', 'manager': 'Dorothy Parker'}, {'store_id': 'STORE1097', 'store_name': 'Burlington Store', 'location': 'West Richmond', 'manager': 'John Jones'}  ... displaying 10 of 534 total bound parameter sets ...  {'store_id': 'STORE1622', 'store_name': 'Franklin Store', 'location': 'East Arlingtontown', 'manager': 'John Jones'}, {'store_id': 'STORE1623', 'store_name': 'Clayton Store', 'location': 'West Franklin', 'manager': 'Carol Wright'}]]
(Background on this error at: https://sqlalche.me/e/20/gkpj)",2025-08-22 22:40:56.650964
STORE1157,Franklin Store,East Greenwood,Kevin Carter,"Database insertion failed: (pymysql.err.IntegrityError) (1062, ""Duplicate entry 'STORE1090' for key 'dimstore.store_id'"")
[SQL: INSERT INTO dimstore (store_id, store_name, location, manager) VALUES (%(store_id)s, %(store_name)s, %(location)s, %(manager)s)]
[parameters: [{'store_id': 'STORE1090', 'store_name': 'Oxford Store', 'location': 'East Greenwood', 'manager': 'Jennifer Garcia'}, {'store_id': 'STORE1091', 'store_name': 'Salem Store', 'location': 'East Newport', 'manager': 'George Turner'}, {'store_id': 'STORE1092', 'store_name': 'Chester Store', 'location': 'West Fairview', 'manager': 'Richard Taylor'}, {'store_id': 'STORE1093', 'store_name': 'Manchester Store', 'location': 'East Jackson', 'manager': 'Anthony Lee'}, {'store_id': 'STORE1094', 'store_name': 'Franklin Store', 'location': 'West Washington', 'manager': 'Christopher Garcia'}, {'store_id': 'STORE1095', 'store_name': 'Fairview Store', 'location': 'East Bristol', 'manager': 'Lisa Edwards'}, {'store_id': 'STORE1096', 'store_name': 'Milton Store', 'location': 'West Marion', 'manager': 'Dorothy Parker'}, {'store_id': 'STORE1097', 'store_name': 'Burlington Store', 'location': 'West Richmond', 'manager': 'John Jones'}  ... displaying 10 of 534 total bound parameter sets ...  {'store_id': 'STORE1622', 'store_name': 'Franklin Store', 'location': 'East Arlingtontown', 'manager': 'John Jones'}, {'store_id': 'STORE1623', 'store_name': 'Clayton Store', 'location': 'West Franklin', 'manager': 'Carol Wright'}]]
(Background on this error at: https://sqlalche.me/e/20/gkpj)",2025-08-22 22:40:56.650964
STORE1158,Auburn Store,West Newporttown,Jennifer Garcia,"Database insertion failed: (pymysql.err.IntegrityError) (1062, ""Duplicate entry 'STORE1090' for key 'dimstore.store_id'"")
[SQL: INSERT INTO dimstore (store_id, store_name, location, manager) VALUES (%(store_id)s, %(store_name)s, %(location)s, %(manager)s)]
[parameters: [{'store_id': 'STORE1090', 'store_name': 'Oxford Store', 'location': 'East Greenwood', 'manager': 'Jennifer Garcia'}, {'store_id': 'STORE1091', 'store_name': 'Salem Store', 'location': 'East Newport', 'manager': 'George Turner'}, {'store_id': 'STORE1092', 'store_name': 'Chester Store', 'location': 'West Fairview', 'manager': 'Richard Taylor'}, {'store_id': 'STORE1093', 'store_name': 'Manchester Store', 'location': 'East Jackson', 'manager': 'Anthony Lee'}, {'store_id': 'STORE1094', 'store_name': 'Franklin Store', 'location': 'West Washington', 'manager': 'Christopher Garcia'}, {'store_id': 'STORE1095', 'store_name': 'Fairview Store', 'location': 'East Bristol', 'manager': 'Lisa Edwards'}, {'store_id': 'STORE1096', 'store_name': 'Milton Store', 'location': 'West Marion', 'manager': 'Dorothy Parker'}, {'store_id': 'STORE1097', 'store_name': 'Burlington Store', 'location': 'West Richmond', 'manager': 'John Jones'}  ... displaying 10 of 534 total bound parameter sets ...  {'store_id': 'STORE1622', 'store_name': 'Franklin Store', 'location': 'East Arlingtontown', 'manager': 'John Jones'}, {'store_id': 'STORE1623', 'store_name': 'Clayton Store', 'location': 'West Franklin', 'manager': 'Carol Wright'}]]
(Background on this error at: https://sqlalche.me/e/20/gkpj)",2025-08-22 22:40:56.650964
STORE1159,Clayton Store,West Clintontown,Jennifer Garcia,"Database insertion failed: (pymysql.err.IntegrityError) (1062, ""Duplicate entry 'STORE1090' for key 'dimstore.store_id'"")
[SQL: INSERT INTO dimstore (store_id, store_name, location, manager) VALUES (%(store_id)s, %(store_name)s, %(location)s, %(manager)s)]
[parameters: [{'store_id': 'STORE1090', 'store_name': 'Oxford Store', 'location': 'East Greenwood', 'manager': 'Jennifer Garcia'}, {'store_id': 'STORE1091', 'store_name': 'Salem Store', 'location': 'East Newport', 'manager': 'George Turner'}, {'store_id': 'STORE1092', 'store_name': 'Chester Store', 'location': 'West Fairview', 'manager': 'Richard Taylor'}, {'store_id': 'STORE1093', 'store_name': 'Manchester Store', 'location': 'East Jackson', 'manager': 'Anthony Lee'}, {'store_id': 'STORE1094', 'store_name': 'Franklin Store', 'location': 'West Washington', 'manager': 'Christopher Garcia'}, {'store_id': 'STORE1095', 'store_name': 'Fairview Store', 'location': 'East Bristol', 'manager': 'Lisa Edwards'}, {'store_id': 'STORE1096', 'store_name': 'Milton Store', 'location': 'West Marion', 'manager': 'Dorothy Parker'}, {'store_id': 'STORE1097', 'store_name': 'Burlington Store', 'location': 'West Richmond', 'manager': 'John Jones'}  ... displaying 10 of 534 total bound parameter sets ...  {'store_id': 'STORE1622', 'store_name': 'Franklin Store', 'location': 'East Arlingtontown', 'manager': 'John Jones'}, {'store_id': 'STORE1623', 'store_name': 'Clayton Store', 'location': 'West Franklin', 'manager': 'Carol Wright'}]]
(Background on this error at: https://sqlalche.me/e/20/gkpj)",2025-08-22 22:40:56.650964
STORE1160,Jackson Store,East Lancaster,Robert Williams,"Database insertion failed: (pymysql.err.IntegrityError) (1062, ""Duplicate entry 'STORE1090' for key 'dimstore.store_id'"")
[SQL: INSERT INTO dimstore (store_id, store_name, location, manager) VALUES (%(store_id)s, %(store_name)s, %(location)s, %(manager)s)]
[parameters: [{'store_id': 'STORE1090', 'store_name': 'Oxford Store', 'location': 'East Greenwood', 'manager': 'Jennifer Garcia'}, {'store_id': 'STORE1091', 'store_name': 'Salem Store', 'location': 'East Newport', 'manager': 'George Turner'}, {'store_id': 'STORE1092', 'store_name': 'Chester Store', 'location': 'West Fairview', 'manager': 'Richard Taylor'}, {'store_id': 'STORE1093', 'store_name': 'Manchester Store', 'location': 'East Jackson', 'manager': 'Anthony Lee'}, {'store_id': 'STORE1094', 'store_name': 'Franklin Store', 'location': 'West Washington', 'manager': 'Christopher Garcia'}, {'store_id': 'STORE1095', 'store_name': 'Fairview Store', 'location': 'East Bristol', 'manager': 'Lisa Edwards'}, {'store_id': 'STORE1096', 'store_name': 'Milton Store', 'location': 'West Marion', 'manager': 'Dorothy Parker'}, {'store_id': 'STORE1097', 'store_name': 'Burlington Store', 'location': 'West Richmond', 'manager': 'John Jones'}  ... displaying 10 of 534 total bound parameter sets ...  {'store_id': 'STORE1622', 'store_name': 'Franklin Store', 'location': 'East Arlingtontown', 'manager': 'John Jones'}, {'store_id': 'STORE1623', 'store_name': 'Clayton Store', 'location': 'West Franklin', 'manager': 'Carol Wright'}]]
(Background on this error at: https://sqlalche.me/e/20/gkpj)",2025-08-22 22:40:56.650964
STORE1161,Bristol Store,West Marion,Laura Nelson,"Database insertion failed: (pymysql.err.IntegrityError) (1062, ""Duplicate entry 'STORE1090' for key 'dimstore.store_id'"")
[SQL: INSERT INTO dimstore (store_id, store_name, location, manager) VALUES (%(store_id)s, %(store_name)s, %(location)s, %(manager)s)]
[parameters: [{'store_id': 'STORE1090', 'store_name': 'Oxford Store', 'location': 'East Greenwood', 'manager': 'Jennifer Garcia'}, {'store_id': 'STORE1091', 'store_name': 'Salem Store', 'location': 'East Newport', 'manager': 'George Turner'}, {'store_id': 'STORE1092', 'store_name': 'Chester Store', 'location': 'West Fairview', 'manager': 'Richard Taylor'}, {'store_id': 'STORE1093', 'store_name': 'Manchester Store', 'location': 'East Jackson', 'manager': 'Anthony Lee'}, {'store_id': 'STORE1094', 'store_name': 'Franklin Store', 'location': 'West Washington', 'manager': 'Christopher Garcia'}, {'store_id': 'STORE1095', 'store_name': 'Fairview Store', 'location': 'East Bristol', 'manager': 'Lisa Edwards'}, {'store_id': 'STORE1096', 'store_name': 'Milton Store', 'location': 'West Marion', 'manager': 'Dorothy Parker'}, {'store_id': 'STORE1097', 'store_name': 'Burlington Store', 'location': 'West Richmond', 'manager': 'John Jones'}  ... displaying 10 of 534 total bound parameter sets ...  {'store_id': 'STORE1622', 'store_name': 'Franklin Store', 'location': 'East Arlingtontown', 'manager': 'John Jones'}, {'store_id': 'STORE1623', 'store_name': 'Clayton Store', 'location': 'West Franklin', 'manager': 'Carol Wright'}]]
(Background on this error at: https://sqlalche.me/e/20/gkpj)",2025-08-22 22:40:56.650964
STORE1162,Springfield Store,East Miltontown,Dorothy Parker,"Database insertion failed: (pymysql.err.IntegrityError) (1062, ""Duplicate entry 'STORE1090' for key 'dimstore.store_id'"")
[SQL: INSERT INTO dimstore (store_id, store_name, location, manager) VALUES (%(store_id)s, %(store_name)s, %(location)s, %(manager)s)]
[parameters: [{'store_id': 'STORE1090', 'store_name': 'Oxford Store', 'location': 'East Greenwood', 'manager': 'Jennifer Garcia'}, {'store_id': 'STORE1091', 'store_name': 'Salem Store', 'location': 'East Newport', 'manager': 'George Turner'}, {'store_id': 'STORE1092', 'store_name': 'Chester Store', 'location': 'West Fairview', 'manager': 'Richard Taylor'}, {'store_id': 'STORE1093', 'store_name': 'Manchester Store', 'location': 'East Jackson', 'manager': 'Anthony Lee'}, {'store_id': 'STORE1094', 'store_name': 'Franklin Store', 'location': 'West Washington', 'manager': 'Christopher Garcia'}, {'store_id': 'STORE1095', 'store_name': 'Fairview Store', 'location': 'East Bristol', 'manager': 'Lisa Edwards'}, {'store_id': 'STORE1096', 'store_name': 'Milton Store', 'location': 'West Marion', 'manager': 'Dorothy Parker'}, {'store_id': 'STORE1097', 'store_name': 'Burlington Store', 'location': 'West Richmond', 'manager': 'John Jones'}  ... displaying 10 of 534 total bound parameter sets ...  {'store_id': 'STORE1622', 'store_name': 'Franklin Store', 'location': 'East Arlingtontown', 'manager': 'John Jones'}, {'store_id': 'STORE1623', 'store_name': 'Clayton Store', 'location': 'West Franklin', 'manager': 'Carol Wright'}]]
(Background on this error at: https://sqlalche.me/e/20/gkpj)",2025-08-22 22:40:56.650964
STORE1163,Auburn Store,West Fairview,Steven King,"Database insertion failed: (pymysql.err.IntegrityError) (1062, ""Duplicate entry 'STORE1090' for key 'dimstore.store_id'"")
[SQL: INSERT INTO dimstore (store_id, store_name, location, manager) VALUES (%(store_id)s, %(store_name)s, %(location)s, %(manager)s)]
[parameters: [{'store_id': 'STORE1090', 'store_name': 'Oxford Store', 'location': 'East Greenwood', 'manager': 'Jennifer Garcia'}, {'store_id': 'STORE1091', 'store_name': 'Salem Store', 'location': 'East Newport', 'manager': 'George Turner'}, {'store_id': 'STORE1092', 'store_name': 'Chester Store', 'location': 'West Fairview', 'manager': 'Richard Taylor'}, {'store_id': 'STORE1093', 'store_name': 'Manchester Store', 'location': 'East Jackson', 'manager': 'Anthony Lee'}, {'store_id': 'STORE1094', 'store_name': 'Franklin Store', 'location': 'West Washington', 'manager': 'Christopher Garcia'}, {'store_id': 'STORE1095', 'store_name': 'Fairview Store', 'location': 'East Bristol', 'manager': 'Lisa Edwards'}, {'store_id': 'STORE1096', 'store_name': 'Milton Store', 'location': 'West Marion', 'manager': 'Dorothy Parker'}, {'store_id': 'STORE1097', 'store_name': 'Burlington Store', 'location': 'West Richmond', 'manager': 'John Jones'}  ... displaying 10 of 534 total bound parameter sets ...  {'store_id': 'STORE1622', 'store_name': 'Franklin Store', 'location': 'East Arlingtontown', 'manager': 'John Jones'}, {'store_id': 'STORE1623', 'store_name': 'Clayton Store', 'location': 'West Franklin', 'manager': 'Carol Wright'}]]
(Background on this error at: https://sqlalche.me/e/20/gkpj)",2025-08-22 22:40:56.650964
STORE1164,Wayne Store,East Auburn,Andrew Scott,"Database insertion failed: (pymysql.err.IntegrityError) (1062, ""Duplicate entry 'STORE1090' for key 'dimstore.store_id'"")
[SQL: INSERT INTO dimstore (store_id, store_name, location, manager) VALUES (%(store_id)s, %(store_name)s, %(location)s, %(manager)s)]
[parameters: [{'store_id': 'STORE1090', 'store_name': 'Oxford Store', 'location': 'East Greenwood', 'manager': 'Jennifer Garcia'}, {'store_id': 'STORE1091', 'store_name': 'Salem Store', 'location': 'East Newport', 'manager': 'George Turner'}, {'store_id': 'STORE1092', 'store_name': 'Chester Store', 'location': 'West Fairview', 'manager': 'Richard Taylor'}, {'store_id': 'STORE1093', 'store_name': 'Manchester Store', 'location': 'East Jackson', 'manager': 'Anthony Lee'}, {'store_id': 'STORE1094', 'store_name': 'Franklin Store', 'location': 'West Washington', 'manager': 'Christopher Garcia'}, {'store_id': 'STORE1095', 'store_name': 'Fairview Store', 'location': 'East Bristol', 'manager': 'Lisa Edwards'}, {'store_id': 'STORE1096', 'store_name': 'Milton Store', 'location': 'West Marion', 'manager': 'Dorothy Parker'}, {'store_id': 'STORE1097', 'store_name': 'Burlington Store', 'location': 'West Richmond', 'manager': 'John Jones'}  ... displaying 10 of 534 total bound parameter sets ...  {'store_id': 'STORE1622', 'store_name': 'Franklin Store', 'location': 'East Arlingtontown', 'manager': 'John Jones'}, {'store_id': 'STORE1623', 'store_name': 'Clayton Store', 'location': 'West Franklin', 'manager': 'Carol Wright'}]]
(Background on this error at: https://sqlalche.me/e/20/gkpj)",2025-08-22 22:40:56.650964
STORE1165,Auburn Store,East Oxfordtown,Matthew Rodriguez,"Database insertion failed: (pymysql.err.IntegrityError) (1062, ""Duplicate entry 'STORE1090' for key 'dimstore.store_id'"")
[SQL: INSERT INTO dimstore (store_id, store_name, location, manager) VALUES (%(store_id)s, %(store_name)s, %(location)s, %(manager)s)]
[parameters: [{'store_id': 'STORE1090', 'store_name': 'Oxford Store', 'location': 'East Greenwood', 'manager': 'Jennifer Garcia'}, {'store_id': 'STORE1091', 'store_name': 'Salem Store', 'location': 'East Newport', 'manager': 'George Turner'}, {'store_id': 'STORE1092', 'store_name': 'Chester Store', 'location': 'West Fairview', 'manager': 'Richard Taylor'}, {'store_id': 'STORE1093', 'store_name': 'Manchester Store', 'location': 'East Jackson', 'manager': 'Anthony Lee'}, {'store_id': 'STORE1094', 'store_name': 'Franklin Store', 'location': 'West Washington', 'manager': 'Christopher Garcia'}, {'store_id': 'STORE1095', 'store_name': 'Fairview Store', 'location': 'East Bristol', 'manager': 'Lisa Edwards'}, {'store_id': 'STORE1096', 'store_name': 'Milton Store', 'location': 'West Marion', 'manager': 'Dorothy Parker'}, {'store_id': 'STORE1097', 'store_name': 'Burlington Store', 'location': 'West Richmond', 'manager': 'John Jones'}  ... displaying 10 of 534 total bound parameter sets ...  {'store_id': 'STORE1622', 'store_name': 'Franklin Store', 'location': 'East Arlingtontown', 'manager': 'John Jones'}, {'store_id': 'STORE1623', 'store_name': 'Clayton Store', 'location': 'West Franklin', 'manager': 'Carol Wright'}]]
(Background on this error at: https://sqlalche.me/e/20/gkpj)",2025-08-22 22:40:56.650964
STORE1166,Springfield Store,West Ashland,Michelle Baker,"Database insertion failed: (pymysql.err.IntegrityError) (1062, ""Duplicate entry 'STORE1090' for key 'dimstore.store_id'"")
[SQL: INSERT INTO dimstore (store_id, store_name, location, manager) VALUES (%(store_id)s, %(store_name)s, %(location)s, %(manager)s)]
[parameters: [{'store_id': 'STORE1090', 'store_name': 'Oxford Store', 'location': 'East Greenwood', 'manager': 'Jennifer Garcia'}, {'store_id': 'STORE1091', 'store_name': 'Salem Store', 'location': 'East Newport', 'manager': 'George Turner'}, {'store_id': 'STORE1092', 'store_name': 'Chester Store', 'location': 'West Fairview', 'manager': 'Richard Taylor'}, {'store_id': 'STORE1093', 'store_name': 'Manchester Store', 'location': 'East Jackson', 'manager': 'Anthony Lee'}, {'store_id': 'STORE1094', 'store_name': 'Franklin Store', 'location': 'West Washington', 'manager': 'Christopher Garcia'}, {'store_id': 'STORE1095', 'store_name': 'Fairview Store', 'location': 'East Bristol', 'manager': 'Lisa Edwards'}, {'store_id': 'STORE1096', 'store_name': 'Milton Store', 'location': 'West Marion', 'manager': 'Dorothy Parker'}, {'store_id': 'STORE1097', 'store_name': 'Burlington Store', 'location': 'West Richmond', 'manager': 'John Jones'}  ... displaying 10 of 534 total bound parameter sets ...  {'store_id': 'STORE1622', 'store_name': 'Franklin Store', 'location': 'East Arlingtontown', 'manager': 'John Jones'}, {'store_id': 'STORE1623', 'store_name': 'Clayton Store', 'location': 'West Franklin', 'manager': 'Carol Wright'}]]
(Background on this error at: https://sqlalche.me/e/20/gkpj)",2025-08-22 22:40:56.650964
STORE1167,Franklin Store,West Waynetown,Paul Lopez,"Database insertion failed: (pymysql.err.IntegrityError) (1062, ""Duplicate entry 'STORE1090' for key 'dimstore.store_id'"")
[SQL: INSERT INTO dimstore (store_id, store_name, location, manager) VALUES (%(store_id)s, %(store_name)s, %(location)s, %(manager)s)]
[parameters: [{'store_id': 'STORE1090', 'store_name': 'Oxford Store', 'location': 'East Greenwood', 'manager': 'Jennifer Garcia'}, {'store_id': 'STORE1091', 'store_name': 'Salem Store', 'location': 'East Newport', 'manager': 'George Turner'}, {'store_id': 'STORE1092', 'store_name': 'Chester Store', 'location': 'West Fairview', 'manager': 'Richard Taylor'}, {'store_id': 'STORE1093', 'store_name': 'Manchester Store', 'location': 'East Jackson', 'manager': 'Anthony Lee'}, {'store_id': 'STORE1094', 'store_name': 'Franklin Store', 'location': 'West Washington', 'manager': 'Christopher Garcia'}, {'store_id': 'STORE1095', 'store_name': 'Fairview Store', 'location': 'East Bristol', 'manager': 'Lisa Edwards'}, {'store_id': 'STORE1096', 'store_name': 'Milton Store', 'location': 'West Marion', 'manager': 'Dorothy Parker'}, {'store_id': 'STORE1097', 'store_name': 'Burlington Store', 'location': 'West Richmond', 'manager': 'John Jones'}  ... displaying 10 of 534 total bound parameter sets ...  {'store_id': 'STORE1622', 'store_name': 'Franklin Store', 'location': 'East Arlingtontown', 'manager': 'John Jones'}, {'store_id': 'STORE1623', 'store_name': 'Clayton Store', 'location': 'West Franklin', 'manager': 'Carol Wright'}]]
(Background on this error at: https://sqlalche.me/e/20/gkpj)",2025-08-22 22:40:56.650964
STORE1168,Troy Store,East Chestertown,Patricia Brown,"Database insertion failed: (pymysql.err.IntegrityError) (1062, ""Duplicate entry 'STORE1090' for key 'dimstore.store_id'"")
[SQL: INSERT INTO dimstore (store_id, store_name, location, manager) VALUES (%(store_id)s, %(store_name)s, %(location)s, %(manager)s)]
[parameters: [{'store_id': 'STORE1090', 'store_name': 'Oxford Store', 'location': 'East Greenwood', 'manager': 'Jennifer Garcia'}, {'store_id': 'STORE1091', 'store_name': 'Salem Store', 'location': 'East Newport', 'manager': 'George Turner'}, {'store_id': 'STORE1092', 'store_name': 'Chester Store', 'location': 'West Fairview', 'manager': 'Richard Taylor'}, {'store_id': 'STORE1093', 'store_name': 'Manchester Store', 'location': 'East Jackson', 'manager': 'Anthony Lee'}, {'store_id': 'STORE1094', 'store_name': 'Franklin Store', 'location': 'West Washington', 'manager': 'Christopher Garcia'}, {'store_id': 'STORE1095', 'store_name': 'Fairview Store', 'location': 'East Bristol', 'manager': 'Lisa Edwards'}, {'store_id': 'STORE1096', 'store_name': 'Milton Store', 'location': 'West Marion', 'manager': 'Dorothy Parker'}, {'store_id': 'STORE1097', 'store_name': 'Burlington Store', 'location': 'West Richmond', 'manager': 'John Jones'}  ... displaying 10 of 534 total bound parameter sets ...  {'store_id': 'STORE1622', 'store_name': 'Franklin Store', 'location': 'East Arlingtontown', 'manager': 'John Jones'}, {'store_id': 'STORE1623', 'store_name': 'Clayton Store', 'location': 'West Franklin', 'manager': 'Carol Wright'}]]
(Background on this error at: https://sqlalche.me/e/20/gkpj)",2025-08-22 22:40:56.650964
STORE1169,Troy Store,East Oxfordtown,Anthony Lee,"Database insertion failed: (pymysql.err.IntegrityError) (1062, ""Duplicate entry 'STORE1090' for key 'dimstore.store_id'"")
[SQL: INSERT INTO dimstore (store_id, store_name, location, manager) VALUES (%(store_id)s, %(store_name)s, %(location)s, %(manager)s)]
[parameters: [{'store_id': 'STORE1090', 'store_name': 'Oxford Store', 'location': 'East Greenwood', 'manager': 'Jennifer Garcia'}, {'store_id': 'STORE1091', 'store_name': 'Salem Store', 'location': 'East Newport', 'manager': 'George Turner'}, {'store_id': 'STORE1092', 'store_name': 'Chester Store', 'location': 'West Fairview', 'manager': 'Richard Taylor'}, {'store_id': 'STORE1093', 'store_name': 'Manchester Store', 'location': 'East Jackson', 'manager': 'Anthony Lee'}, {'store_id': 'STORE1094', 'store_name': 'Franklin Store', 'location': 'West Washington', 'manager': 'Christopher Garcia'}, {'store_id': 'STORE1095', 'store_name': 'Fairview Store', 'location': 'East Bristol', 'manager': 'Lisa Edwards'}, {'store_id': 'STORE1096', 'store_name': 'Milton Store', 'location': 'West Marion', 'manager': 'Dorothy Parker'}, {'store_id': 'STORE1097', 'store_name': 'Burlington Store', 'location': 'West Richmond', 'manager': 'John Jones'}  ... displaying 10 of 534 total bound parameter sets ...  {'store_id': 'STORE1622', 'store_name': 'Franklin Store', 'location': 'East Arlingtontown', 'manager': 'John Jones'}, {'store_id': 'STORE1623', 'store_name': 'Clayton Store', 'location': 'West Franklin', 'manager': 'Carol Wright'}]]
(Background on this error at: https://sqlalche.me/e/20/gkpj)",2025-08-22 22:40:56.650964
STORE1170,Kingston Store,East Mariontown,Patricia Brown,"Database insertion failed: (pymysql.err.IntegrityError) (1062, ""Duplicate entry 'STORE1090' for key 'dimstore.store_id'"")
[SQL: INSERT INTO dimstore (store_id, store_name, location, manager) VALUES (%(store_id)s, %(store_name)s, %(location)s, %(manager)s)]
[parameters: [{'store_id': 'STORE1090', 'store_name': 'Oxford Store', 'location': 'East Greenwood', 'manager': 'Jennifer Garcia'}, {'store_id': 'STORE1091', 'store_name': 'Salem Store', 'location': 'East Newport', 'manager': 'George Turner'}, {'store_id': 'STORE1092', 'store_name': 'Chester Store', 'location': 'West Fairview', 'manager': 'Richard Taylor'}, {'store_id': 'STORE1093', 'store_name': 'Manchester Store', 'location': 'East Jackson', 'manager': 'Anthony Lee'}, {'store_id': 'STORE1094', 'store_name': 'Franklin Store', 'location': 'West Washington', 'manager': 'Christopher Garcia'}, {'store_id': 'STORE1095', 'store_name': 'Fairview Store', 'location': 'East Bristol', 'manager': 'Lisa Edwards'}, {'store_id': 'STORE1096', 'store_name': 'Milton Store', 'location': 'West Marion', 'manager': 'Dorothy Parker'}, {'store_id': 'STORE1097', 'store_name': 'Burlington Store', 'location': 'West Richmond', 'manager': 'John Jones'}  ... displaying 10 of 534 total bound parameter sets ...  {'store_id': 'STORE1622', 'store_name': 'Franklin Store', 'location': 'East Arlingtontown', 'manager': 'John Jones'}, {'store_id': 'STORE1623', 'store_name': 'Clayton Store', 'location': 'West Franklin', 'manager': 'Carol Wright'}]]
(Background on this error at: https://sqlalche.me/e/20/gkpj)",2025-08-22 22:40:56.650964
STORE1171,Greenwood Store,West Troytown,Carol Wright,"Database insertion failed: (pymysql.err.IntegrityError) (1062, ""Duplicate entry 'STORE1090' for key 'dimstore.store_id'"")
[SQL: INSERT INTO dimstore (store_id, store_name, location, manager) VALUES (%(store_id)s, %(store_name)s, %(location)s, %(manager)s)]
[parameters: [{'store_id': 'STORE1090', 'store_name': 'Oxford Store', 'location': 'East Greenwood', 'manager': 'Jennifer Garcia'}, {'store_id': 'STORE1091', 'store_name': 'Salem Store', 'location': 'East Newport', 'manager': 'George Turner'}, {'store_id': 'STORE1092', 'store_name': 'Chester Store', 'location': 'West Fairview', 'manager': 'Richard Taylor'}, {'store_id': 'STORE1093', 'store_name': 'Manchester Store', 'location': 'East Jackson', 'manager': 'Anthony Lee'}, {'store_id': 'STORE1094', 'store_name': 'Franklin Store', 'location': 'West Washington', 'manager': 'Christopher Garcia'}, {'store_id': 'STORE1095', 'store_name': 'Fairview Store', 'location': 'East Bristol', 'manager': 'Lisa Edwards'}, {'store_id': 'STORE1096', 'store_name': 'Milton Store', 'location': 'West Marion', 'manager': 'Dorothy Parker'}, {'store_id': 'STORE1097', 'store_name': 'Burlington Store', 'location': 'West Richmond', 'manager': 'John Jones'}  ... displaying 10 of 534 total bound parameter sets ...  {'store_id': 'STORE1622', 'store_name': 'Franklin Store', 'location': 'East Arlingtontown', 'manager': 'John Jones'}, {'store_id': 'STORE1623', 'store_name': 'Clayton Store', 'location': 'West Franklin', 'manager': 'Carol Wright'}]]
(Background on this error at: https://sqlalche.me/e/20/gkpj)",2025-08-22 22:40:56.650964
STORE1172,Chester Store,East Dover,Helen Walker,"Database insertion failed: (pymysql.err.IntegrityError) (1062, ""Duplicate entry 'STORE1090' for key 'dimstore.store_id'"")
[SQL: INSERT INTO dimstore (store_id, store_name, location, manager) VALUES (%(store_id)s, %(store_name)s, %(location)s, %(manager)s)]
[parameters: [{'store_id': 'STORE1090', 'store_name': 'Oxford Store', 'location': 'East Greenwood', 'manager': 'Jennifer Garcia'}, {'store_id': 'STORE1091', 'store_name': 'Salem Store', 'location': 'East Newport', 'manager': 'George Turner'}, {'store_id': 'STORE1092', 'store_name': 'Chester Store', 'location': 'West Fairview', 'manager': 'Richard Taylor'}, {'store_id': 'STORE1093', 'store_name': 'Manchester Store', 'location': 'East Jackson', 'manager': 'Anthony Lee'}, {'store_id': 'STORE1094', 'store_name': 'Franklin Store', 'location': 'West Washington', 'manager': 'Christopher Garcia'}, {'store_id': 'STORE1095', 'store_name': 'Fairview Store', 'location': 'East Bristol', 'manager': 'Lisa Edwards'}, {'store_id': 'STORE1096', 'store_name': 'Milton Store', 'location': 'West Marion', 'manager': 'Dorothy Parker'}, {'store_id': 'STORE1097', 'store_name': 'Burlington Store', 'location': 'West Richmond', 'manager': 'John Jones'}  ... displaying 10 of 534 total bound parameter sets ...  {'store_id': 'STORE1622', 'store_name': 'Franklin Store', 'location': 'East Arlingtontown', 'manager': 'John Jones'}, {'store_id': 'STORE1623', 'store_name': 'Clayton Store', 'location': 'West Franklin', 'manager': 'Carol Wright'}]]
(Background on this error at: https://sqlalche.me/e/20/gkpj)",2025-08-22 22:40:56.650964
STORE1173,Marion Store,East Clinton,James Smith,"Database insertion failed: (pymysql.err.IntegrityError) (1062, ""Duplicate entry 'STORE1090' for key 'dimstore.store_id'"")
[SQL: INSERT INTO dimstore (store_id, store_name, location, manager) VALUES (%(store_id)s, %(store_name)s, %(location)s, %(manager)s)]
[parameters: [{'store_id': 'STORE1090', 'store_name': 'Oxford Store', 'location': 'East Greenwood', 'manager': 'Jennifer Garcia'}, {'store_id': 'STORE1091', 'store_name': 'Salem Store', 'location': 'East Newport', 'manager': 'George Turner'}, {'store_id': 'STORE1092', 'store_name': 'Chester Store', 'location': 'West Fairview', 'manager': 'Richard Taylor'}, {'store_id': 'STORE1093', 'store_name': 'Manchester Store', 'location': 'East Jackson', 'manager': 'Anthony Lee'}, {'store_id': 'STORE1094', 'store_name': 'Franklin Store', 'location': 'West Washington', 'manager': 'Christopher Garcia'}, {'store_id': 'STORE1095', 'store_name': 'Fairview Store', 'location': 'East Bristol', 'manager': 'Lisa Edwards'}, {'store_id': 'STORE1096', 'store_name': 'Milton Store', 'location': 'West Marion', 'manager': 'Dorothy Parker'}, {'store_id': 'STORE1097', 'store_name': 'Burlington Store', 'location': 'West Richmond', 'manager': 'John Jones'}  ... displaying 10 of 534 total bound parameter sets ...  {'store_id': 'STORE1622', 'store_name': 'Franklin Store', 'location': 'East Arlingtontown', 'manager': 'John Jones'}, {'store_id': 'STORE1623', 'store_name': 'Clayton Store', 'location': 'West Franklin', 'manager': 'Carol Wright'}]]
(Background on this error at: https://sqlalche.me/e/20/gkpj)",2025-08-22 22:40:56.650964
STORE1174,Clinton Store,East Greenwood,Mary Johnson,"Database insertion failed: (pymysql.err.IntegrityError) (1062, ""Duplicate entry 'STORE1090' for key 'dimstore.store_id'"")
[SQL: INSERT INTO dimstore (store_id, store_name, location, manager) VALUES (%(store_id)s, %(store_name)s, %(location)s, %(manager)s)]
[parameters: [{'store_id': 'STORE1090', 'store_name': 'Oxford Store', 'location': 'East Greenwood', 'manager': 'Jennifer Garcia'}, {'store_id': 'STORE1091', 'store_name': 'Salem Store', 'location': 'East Newport', 'manager': 'George Turner'}, {'store_id': 'STORE1092', 'store_name': 'Chester Store', 'location': 'West Fairview', 'manager': 'Richard Taylor'}, {'store_id': 'STORE1093', 'store_name': 'Manchester Store', 'location': 'East Jackson', 'manager': 'Anthony Lee'}, {'store_id': 'STORE1094', 'store_name': 'Franklin Store', 'location': 'West Washington', 'manager': 'Christopher Garcia'}, {'store_id': 'STORE1095', 'store_name': 'Fairview Store', 'location': 'East Bristol', 'manager': 'Lisa Edwards'}, {'store_id': 'STORE1096', 'store_name': 'Milton Store', 'location': 'West Marion', 'manager': 'Dorothy Parker'}, {'store_id': 'STORE1097', 'store_name': 'Burlington Store', 'location': 'West Richmond', 'manager': 'John Jones'}  ... displaying 10 of 534 total bound parameter sets ...  {'store_id': 'STORE1622', 'store_name': 'Franklin Store', 'location': 'East Arlingtontown', 'manager': 'John Jones'}, {'store_id': 'STORE1623', 'store_name': 'Clayton Store', 'location': 'West Franklin', 'manager': 'Carol Wright'}]]
(Background on this error at: https://sqlalche.me/e/20/gkpj)",2025-08-22 22:40:56.650964
STORE1175,Marion Store,West Milton,Jennifer Garcia,"Database insertion failed: (pymysql.err.IntegrityError) (1062, ""Duplicate entry 'STORE1090' for key 'dimstore.store_id'"")
[SQL: INSERT INTO dimstore (store_id, store_name, location, manager) VALUES (%(store_id)s, %(store_name)s, %(location)s, %(manager)s)]
[parameters: [{'store_id': 'STORE1090', 'store_name': 'Oxford Store', 'location': 'East Greenwood', 'manager': 'Jennifer Garcia'}, {'store_id': 'STORE1091', 'store_name': 'Salem Store', 'location': 'East Newport', 'manager': 'George Turner'}, {'store_id': 'STORE1092', 'store_name': 'Chester Store', 'location': 'West Fairview', 'manager': 'Richard Taylor'}, {'store_id': 'STORE1093', 'store_name': 'Manchester Store', 'location': 'East Jackson', 'manager': 'Anthony Lee'}, {'store_id': 'STORE1094', 'store_name': 'Franklin Store', 'location': 'West Washington', 'manager': 'Christopher Garcia'}, {'store_id': 'STORE1095', 'store_name': 'Fairview Store', 'location': 'East Bristol', 'manager': 'Lisa Edwards'}, {'store_id': 'STORE1096', 'store_name': 'Milton Store', 'location': 'West Marion', 'manager': 'Dorothy Parker'}, {'store_id': 'STORE1097', 'store_name': 'Burlington Store', 'location': 'West Richmond', 'manager': 'John Jones'}  ... displaying 10 of 534 total bound parameter sets ...  {'store_id': 'STORE1622', 'store_name': 'Franklin Store', 'location': 'East Arlingtontown', 'manager': 'John Jones'}, {'store_id': 'STORE1623', 'store_name': 'Clayton Store', 'location': 'West Franklin', 'manager': 'Carol Wright'}]]
(Background on this error at: https://sqlalche.me/e/20/gkpj)",2025-08-22 22:40:56.650964
STORE1176,Springfield Store,West Marion,Dorothy Parker,"Database insertion failed: (pymysql.err.IntegrityError) (1062, ""Duplicate entry 'STORE1090' for key 'dimstore.store_id'"")
[SQL: INSERT INTO dimstore (store_id, store_name, location, manager) VALUES (%(store_id)s, %(store_name)s, %(location)s, %(manager)s)]
[parameters: [{'store_id': 'STORE1090', 'store_name': 'Oxford Store', 'location': 'East Greenwood', 'manager': 'Jennifer Garcia'}, {'store_id': 'STORE1091', 'store_name': 'Salem Store', 'location': 'East Newport', 'manager': 'George Turner'}, {'store_id': 'STORE1092', 'store_name': 'Chester Store', 'location': 'West Fairview', 'manager': 'Richard Taylor'}, {'store_id': 'STORE1093', 'store_name': 'Manchester Store', 'location': 'East Jackson', 'manager': 'Anthony Lee'}, {'store_id': 'STORE1094', 'store_name': 'Franklin Store', 'location': 'West Washington', 'manager': 'Christopher Garcia'}, {'store_id': 'STORE1095', 'store_name': 'Fairview Store', 'location': 'East Bristol', 'manager': 'Lisa Edwards'}, {'store_id': 'STORE1096', 'store_name': 'Milton Store', 'location': 'West Marion', 'manager': 'Dorothy Parker'}, {'store_id': 'STORE1097', 'store_name': 'Burlington Store', 'location': 'West Richmond', 'manager': 'John Jones'}  ... displaying 10 of 534 total bound parameter sets ...  {'store_id': 'STORE1622', 'store_name': 'Franklin Store', 'location': 'East Arlingtontown', 'manager': 'John Jones'}, {'store_id': 'STORE1623', 'store_name': 'Clayton Store', 'location': 'West Franklin', 'manager': 'Carol Wright'}]]
(Background on this error at: https://sqlalche.me/e/20/gkpj)",2025-08-22 22:40:56.650964
STORE1177,Madison Store,East Clayton,Carol Wright,"Database insertion failed: (pymysql.err.IntegrityError) (1062, ""Duplicate entry 'STORE1090' for key 'dimstore.store_id'"")
[SQL: INSERT INTO dimstore (store_id, store_name, location, manager) VALUES (%(store_id)s, %(store_name)s, %(location)s, %(manager)s)]
[parameters: [{'store_id': 'STORE1090', 'store_name': 'Oxford Store', 'location': 'East Greenwood', 'manager': 'Jennifer Garcia'}, {'store_id': 'STORE1091', 'store_name': 'Salem Store', 'location': 'East Newport', 'manager': 'George Turner'}, {'store_id': 'STORE1092', 'store_name': 'Chester Store', 'location': 'West Fairview', 'manager': 'Richard Taylor'}, {'store_id': 'STORE1093', 'store_name': 'Manchester Store', 'location': 'East Jackson', 'manager': 'Anthony Lee'}, {'store_id': 'STORE1094', 'store_name': 'Franklin Store', 'location': 'West Washington', 'manager': 'Christopher Garcia'}, {'store_id': 'STORE1095', 'store_name': 'Fairview Store', 'location': 'East Bristol', 'manager': 'Lisa Edwards'}, {'store_id': 'STORE1096', 'store_name': 'Milton Store', 'location': 'West Marion', 'manager': 'Dorothy Parker'}, {'store_id': 'STORE1097', 'store_name': 'Burlington Store', 'location': 'West Richmond', 'manager': 'John Jones'}  ... displaying 10 of 534 total bound parameter sets ...  {'store_id': 'STORE1622', 'store_name': 'Franklin Store', 'location': 'East Arlingtontown', 'manager': 'John Jones'}, {'store_id': 'STORE1623', 'store_name': 'Clayton Store', 'location': 'West Franklin', 'manager': 'Carol Wright'}]]
(Background on this error at: https://sqlalche.me/e/20/gkpj)",2025-08-22 22:40:56.650964
STORE1178,Kingston Store,West Hudson,Michael Miller,"Database insertion failed: (pymysql.err.IntegrityError) (1062, ""Duplicate entry 'STORE1090' for key 'dimstore.store_id'"")
[SQL: INSERT INTO dimstore (store_id, store_name, location, manager) VALUES (%(store_id)s, %(store_name)s, %(location)s, %(manager)s)]
[parameters: [{'store_id': 'STORE1090', 'store_name': 'Oxford Store', 'location': 'East Greenwood', 'manager': 'Jennifer Garcia'}, {'store_id': 'STORE1091', 'store_name': 'Salem Store', 'location': 'East Newport', 'manager': 'George Turner'}, {'store_id': 'STORE1092', 'store_name': 'Chester Store', 'location': 'West Fairview', 'manager': 'Richard Taylor'}, {'store_id': 'STORE1093', 'store_name': 'Manchester Store', 'location': 'East Jackson', 'manager': 'Anthony Lee'}, {'store_id': 'STORE1094', 'store_name': 'Franklin Store', 'location': 'West Washington', 'manager': 'Christopher Garcia'}, {'store_id': 'STORE1095', 'store_name': 'Fairview Store', 'location': 'East Bristol', 'manager': 'Lisa Edwards'}, {'store_id': 'STORE1096', 'store_name': 'Milton Store', 'location': 'West Marion', 'manager': 'Dorothy Parker'}, {'store_id': 'STORE1097', 'store_name': 'Burlington Store', 'location': 'West Richmond', 'manager': 'John Jones'}  ... displaying 10 of 534 total bound parameter sets ...  {'store_id': 'STORE1622', 'store_name': 'Franklin Store', 'location': 'East Arlingtontown', 'manager': 'John Jones'}, {'store_id': 'STORE1623', 'store_name': 'Clayton Store', 'location': 'West Franklin', 'manager': 'Carol Wright'}]]
(Background on this error at: https://sqlalche.me/e/20/gkpj)",2025-08-22 22:40:56.650964
STORE1179,Wayne Store,West Jackson,Donald Young,"Database insertion failed: (pymysql.err.IntegrityError) (1062, ""Duplicate entry 'STORE1090' for key 'dimstore.store_id'"")
[SQL: INSERT INTO dimstore (store_id, store_name, location, manager) VALUES (%(store_id)s, %(store_name)s, %(location)s, %(manager)s)]
[parameters: [{'store_id': 'STORE1090', 'store_name': 'Oxford Store', 'location': 'East Greenwood', 'manager': 'Jennifer Garcia'}, {'store_id': 'STORE1091', 'store_name': 'Salem Store', 'location': 'East Newport', 'manager': 'George Turner'}, {'store_id': 'STORE1092', 'store_name': 'Chester Store', 'location': 'West Fairview', 'manager': 'Richard Taylor'}, {'store_id': 'STORE1093', 'store_name': 'Manchester Store', 'location': 'East Jackson', 'manager': 'Anthony Lee'}, {'store_id': 'STORE1094', 'store_name': 'Franklin Store', 'location': 'West Washington', 'manager': 'Christopher Garcia'}, {'store_id': 'STORE1095', 'store_name': 'Fairview Store', 'location': 'East Bristol', 'manager': 'Lisa Edwards'}, {'store_id': 'STORE1096', 'store_name': 'Milton Store', 'location': 'West Marion', 'manager': 'Dorothy Parker'}, {'store_id': 'STORE1097', 'store_name': 'Burlington Store', 'location': 'West Richmond', 'manager': 'John Jones'}  ... displaying 10 of 534 total bound parameter sets ...  {'store_id': 'STORE1622', 'store_name': 'Franklin Store', 'location': 'East Arlingtontown', 'manager': 'John Jones'}, {'store_id': 'STORE1623', 'store_name': 'Clayton Store', 'location': 'West Franklin', 'manager': 'Carol Wright'}]]
(Background on this error at: https://sqlalche.me/e/20/gkpj)",2025-08-22 22:40:56.650964
STORE1180,Salem Store,East Oxford,David Wilson,"Database insertion failed: (pymysql.err.IntegrityError) (1062, ""Duplicate entry 'STORE1090' for key 'dimstore.store_id'"")
[SQL: INSERT INTO dimstore (store_id, store_name, location, manager) VALUES (%(store_id)s, %(store_name)s, %(location)s, %(manager)s)]
[parameters: [{'store_id': 'STORE1090', 'store_name': 'Oxford Store', 'location': 'East Greenwood', 'manager': 'Jennifer Garcia'}, {'store_id': 'STORE1091', 'store_name': 'Salem Store', 'location': 'East Newport', 'manager': 'George Turner'}, {'store_id': 'STORE1092', 'store_name': 'Chester Store', 'location': 'West Fairview', 'manager': 'Richard Taylor'}, {'store_id': 'STORE1093', 'store_name': 'Manchester Store', 'location': 'East Jackson', 'manager': 'Anthony Lee'}, {'store_id': 'STORE1094', 'store_name': 'Franklin Store', 'location': 'West Washington', 'manager': 'Christopher Garcia'}, {'store_id': 'STORE1095', 'store_name': 'Fairview Store', 'location': 'East Bristol', 'manager': 'Lisa Edwards'}, {'store_id': 'STORE1096', 'store_name': 'Milton Store', 'location': 'West Marion', 'manager': 'Dorothy Parker'}, {'store_id': 'STORE1097', 'store_name': 'Burlington Store', 'location': 'West Richmond', 'manager': 'John Jones'}  ... displaying 10 of 534 total bound parameter sets ...  {'store_id': 'STORE1622', 'store_name': 'Franklin Store', 'location': 'East Arlingtontown', 'manager': 'John Jones'}, {'store_id': 'STORE1623', 'store_name': 'Clayton Store', 'location': 'West Franklin', 'manager': 'Carol Wright'}]]
(Background on this error at: https://sqlalche.me/e/20/gkpj)",2025-08-22 22:40:56.650964
STORE1181,Jackson Store,West Greenwood,Helen Walker,"Database insertion failed: (pymysql.err.IntegrityError) (1062, ""Duplicate entry 'STORE1090' for key 'dimstore.store_id'"")
[SQL: INSERT INTO dimstore (store_id, store_name, location, manager) VALUES (%(store_id)s, %(store_name)s, %(location)s, %(manager)s)]
[parameters: [{'store_id': 'STORE1090', 'store_name': 'Oxford Store', 'location': 'East Greenwood', 'manager': 'Jennifer Garcia'}, {'store_id': 'STORE1091', 'store_name': 'Salem Store', 'location': 'East Newport', 'manager': 'George Turner'}, {'store_id': 'STORE1092', 'store_name': 'Chester Store', 'location': 'West Fairview', 'manager': 'Richard Taylor'}, {'store_id': 'STORE1093', 'store_name': 'Manchester Store', 'location': 'East Jackson', 'manager': 'Anthony Lee'}, {'store_id': 'STORE1094', 'store_name': 'Franklin Store', 'location': 'West Washington', 'manager': 'Christopher Garcia'}, {'store_id': 'STORE1095', 'store_name': 'Fairview Store', 'location': 'East Bristol', 'manager': 'Lisa Edwards'}, {'store_id': 'STORE1096', 'store_name': 'Milton Store', 'location': 'West Marion', 'manager': 'Dorothy Parker'}, {'store_id': 'STORE1097', 'store_name': 'Burlington Store', 'location': 'West Richmond', 'manager': 'John Jones'}  ... displaying 10 of 534 total bound parameter sets ...  {'store_id': 'STORE1622', 'store_name': 'Franklin Store', 'location': 'East Arlingtontown', 'manager': 'John Jones'}, {'store_id': 'STORE1623', 'store_name': 'Clayton Store', 'location': 'West Franklin', 'manager': 'Carol Wright'}]]
(Background on this error at: https://sqlalche.me/e/20/gkpj)",2025-08-22 22:40:56.650964
STORE1182,Jackson Store,East Clayton,Linda Davis,"Database insertion failed: (pymysql.err.IntegrityError) (1062, ""Duplicate entry 'STORE1090' for key 'dimstore.store_id'"")
[SQL: INSERT INTO dimstore (store_id, store_name, location, manager) VALUES (%(store_id)s, %(store_name)s, %(location)s, %(manager)s)]
[parameters: [{'store_id': 'STORE1090', 'store_name': 'Oxford Store', 'location': 'East Greenwood', 'manager': 'Jennifer Garcia'}, {'store_id': 'STORE1091', 'store_name': 'Salem Store', 'location': 'East Newport', 'manager': 'George Turner'}, {'store_id': 'STORE1092', 'store_name': 'Chester Store', 'location': 'West Fairview', 'manager': 'Richard Taylor'}, {'store_id': 'STORE1093', 'store_name': 'Manchester Store', 'location': 'East Jackson', 'manager': 'Anthony Lee'}, {'store_id': 'STORE1094', 'store_name': 'Franklin Store', 'location': 'West Washington', 'manager': 'Christopher Garcia'}, {'store_id': 'STORE1095', 'store_name': 'Fairview Store', 'location': 'East Bristol', 'manager': 'Lisa Edwards'}, {'store_id': 'STORE1096', 'store_name': 'Milton Store', 'location': 'West Marion', 'manager': 'Dorothy Parker'}, {'store_id': 'STORE1097', 'store_name': 'Burlington Store', 'location': 'West Richmond', 'manager': 'John Jones'}  ... displaying 10 of 534 total bound parameter sets ...  {'store_id': 'STORE1622', 'store_name': 'Franklin Store', 'location': 'East Arlingtontown', 'manager': 'John Jones'}, {'store_id': 'STORE1623', 'store_name': 'Clayton Store', 'location': 'West Franklin', 'manager': 'Carol Wright'}]]
(Background on this error at: https://sqlalche.me/e/20/gkpj)",2025-08-22 22:40:56.650964
STORE1183,Newport Store,West Richmondtown,Emily Mitchell,"Database insertion failed: (pymysql.err.IntegrityError) (1062, ""Duplicate entry 'STORE1090' for key 'dimstore.store_id'"")
[SQL: INSERT INTO dimstore (store_id, store_name, location, manager) VALUES (%(store_id)s, %(store_name)s, %(location)s, %(manager)s)]
[parameters: [{'store_id': 'STORE1090', 'store_name': 'Oxford Store', 'location': 'East Greenwood', 'manager': 'Jennifer Garcia'}, {'store_id': 'STORE1091', 'store_name': 'Salem Store', 'location': 'East Newport', 'manager': 'George Turner'}, {'store_id': 'STORE1092', 'store_name': 'Chester Store', 'location': 'West Fairview', 'manager': 'Richard Taylor'}, {'store_id': 'STORE1093', 'store_name': 'Manchester Store', 'location': 'East Jackson', 'manager': 'Anthony Lee'}, {'store_id': 'STORE1094', 'store_name': 'Franklin Store', 'location': 'West Washington', 'manager': 'Christopher Garcia'}, {'store_id': 'STORE1095', 'store_name': 'Fairview Store', 'location': 'East Bristol', 'manager': 'Lisa Edwards'}, {'store_id': 'STORE1096', 'store_name': 'Milton Store', 'location': 'West Marion', 'manager': 'Dorothy Parker'}, {'store_id': 'STORE1097', 'store_name': 'Burlington Store', 'location': 'West Richmond', 'manager': 'John Jones'}  ... displaying 10 of 534 total bound parameter sets ...  {'store_id': 'STORE1622', 'store_name': 'Franklin Store', 'location': 'East Arlingtontown', 'manager': 'John Jones'}, {'store_id': 'STORE1623', 'store_name': 'Clayton Store', 'location': 'West Franklin', 'manager': 'Carol Wright'}]]
(Background on this error at: https://sqlalche.me/e/20/gkpj)",2025-08-22 22:40:56.650964
STORE1184,Burlington Store,East Georgetown,Patricia Brown,"Database insertion failed: (pymysql.err.IntegrityError) (1062, ""Duplicate entry 'STORE1090' for key 'dimstore.store_id'"")
[SQL: INSERT INTO dimstore (store_id, store_name, location, manager) VALUES (%(store_id)s, %(store_name)s, %(location)s, %(manager)s)]
[parameters: [{'store_id': 'STORE1090', 'store_name': 'Oxford Store', 'location': 'East Greenwood', 'manager': 'Jennifer Garcia'}, {'store_id': 'STORE1091', 'store_name': 'Salem Store', 'location': 'East Newport', 'manager': 'George Turner'}, {'store_id': 'STORE1092', 'store_name': 'Chester Store', 'location': 'West Fairview', 'manager': 'Richard Taylor'}, {'store_id': 'STORE1093', 'store_name': 'Manchester Store', 'location': 'East Jackson', 'manager': 'Anthony Lee'}, {'store_id': 'STORE1094', 'store_name': 'Franklin Store', 'location': 'West Washington', 'manager': 'Christopher Garcia'}, {'store_id': 'STORE1095', 'store_name': 'Fairview Store', 'location': 'East Bristol', 'manager': 'Lisa Edwards'}, {'store_id': 'STORE1096', 'store_name': 'Milton Store', 'location': 'West Marion', 'manager': 'Dorothy Parker'}, {'store_id': 'STORE1097', 'store_name': 'Burlington Store', 'location': 'West Richmond', 'manager': 'John Jones'}  ... displaying 10 of 534 total bound parameter sets ...  {'store_id': 'STORE1622', 'store_name': 'Franklin Store', 'location': 'East Arlingtontown', 'manager': 'John Jones'}, {'store_id': 'STORE1623', 'store_name': 'Clayton Store', 'location': 'West Franklin', 'manager': 'Carol Wright'}]]
(Background on this error at: https://sqlalche.me/e/20/gkpj)",2025-08-22 22:40:56.650964
STORE1185,Salem Store,East Madison,Deborah Phillips,"Database insertion failed: (pymysql.err.IntegrityError) (1062, ""Duplicate entry 'STORE1090' for key 'dimstore.store_id'"")
[SQL: INSERT INTO dimstore (store_id, store_name, location, manager) VALUES (%(store_id)s, %(store_name)s, %(location)s, %(manager)s)]
[parameters: [{'store_id': 'STORE1090', 'store_name': 'Oxford Store', 'location': 'East Greenwood', 'manager': 'Jennifer Garcia'}, {'store_id': 'STORE1091', 'store_name': 'Salem Store', 'location': 'East Newport', 'manager': 'George Turner'}, {'store_id': 'STORE1092', 'store_name': 'Chester Store', 'location': 'West Fairview', 'manager': 'Richard Taylor'}, {'store_id': 'STORE1093', 'store_name': 'Manchester Store', 'location': 'East Jackson', 'manager': 'Anthony Lee'}, {'store_id': 'STORE1094', 'store_name': 'Franklin Store', 'location': 'West Washington', 'manager': 'Christopher Garcia'}, {'store_id': 'STORE1095', 'store_name': 'Fairview Store', 'location': 'East Bristol', 'manager': 'Lisa Edwards'}, {'store_id': 'STORE1096', 'store_name': 'Milton Store', 'location': 'West Marion', 'manager': 'Dorothy Parker'}, {'store_id': 'STORE1097', 'store_name': 'Burlington Store', 'location': 'West Richmond', 'manager': 'John Jones'}  ... displaying 10 of 534 total bound parameter sets ...  {'store_id': 'STORE1622', 'store_name': 'Franklin Store', 'location': 'East Arlingtontown', 'manager': 'John Jones'}, {'store_id': 'STORE1623', 'store_name': 'Clayton Store', 'location': 'West Franklin', 'manager': 'Carol Wright'}]]
(Background on this error at: https://sqlalche.me/e/20/gkpj)",2025-08-22 22:40:56.650964
STORE1186,Bristol Store,West Clintontown,Sandra Allen,"Database insertion failed: (pymysql.err.IntegrityError) (1062, ""Duplicate entry 'STORE1090' for key 'dimstore.store_id'"")
[SQL: INSERT INTO dimstore (store_id, store_name, location, manager) VALUES (%(store_id)s, %(store_name)s, %(location)s, %(manager)s)]
[parameters: [{'store_id': 'STORE1090', 'store_name': 'Oxford Store', 'location': 'East Greenwood', 'manager': 'Jennifer Garcia'}, {'store_id': 'STORE1091', 'store_name': 'Salem Store', 'location': 'East Newport', 'manager': 'George Turner'}, {'store_id': 'STORE1092', 'store_name': 'Chester Store', 'location': 'West Fairview', 'manager': 'Richard Taylor'}, {'store_id': 'STORE1093', 'store_name': 'Manchester Store', 'location': 'East Jackson', 'manager': 'Anthony Lee'}, {'store_id': 'STORE1094', 'store_name': 'Franklin Store', 'location': 'West Washington', 'manager': 'Christopher Garcia'}, {'store_id': 'STORE1095', 'store_name': 'Fairview Store', 'location': 'East Bristol', 'manager': 'Lisa Edwards'}, {'store_id': 'STORE1096', 'store_name': 'Milton Store', 'location': 'West Marion', 'manager': 'Dorothy Parker'}, {'store_id': 'STORE1097', 'store_name': 'Burlington Store', 'location': 'West Richmond', 'manager': 'John Jones'}  ... displaying 10 of 534 total bound parameter sets ...  {'store_id': 'STORE1622', 'store_name': 'Franklin Store', 'location': 'East Arlingtontown', 'manager': 'John Jones'}, {'store_id': 'STORE1623', 'store_name': 'Clayton Store', 'location': 'West Franklin', 'manager': 'Carol Wright'}]]
(Background on this error at: https://sqlalche.me/e/20/gkpj)",2025-08-22 22:40:56.650964
STORE1187,Madison Store,East Chester,Matthew Rodriguez,"Database insertion failed: (pymysql.err.IntegrityError) (1062, ""Duplicate entry 'STORE1090' for key 'dimstore.store_id'"")
[SQL: INSERT INTO dimstore (store_id, store_name, location, manager) VALUES (%(store_id)s, %(store_name)s, %(location)s, %(manager)s)]
[parameters: [{'store_id': 'STORE1090', 'store_name': 'Oxford Store', 'location': 'East Greenwood', 'manager': 'Jennifer Garcia'}, {'store_id': 'STORE1091', 'store_name': 'Salem Store', 'location': 'East Newport', 'manager': 'George Turner'}, {'store_id': 'STORE1092', 'store_name': 'Chester Store', 'location': 'West Fairview', 'manager': 'Richard Taylor'}, {'store_id': 'STORE1093', 'store_name': 'Manchester Store', 'location': 'East Jackson', 'manager': 'Anthony Lee'}, {'store_id': 'STORE1094', 'store_name': 'Franklin Store', 'location': 'West Washington', 'manager': 'Christopher Garcia'}, {'store_id': 'STORE1095', 'store_name': 'Fairview Store', 'location': 'East Bristol', 'manager': 'Lisa Edwards'}, {'store_id': 'STORE1096', 'store_name': 'Milton Store', 'location': 'West Marion', 'manager': 'Dorothy Parker'}, {'store_id': 'STORE1097', 'store_name': 'Burlington Store', 'location': 'West Richmond', 'manager': 'John Jones'}  ... displaying 10 of 534 total bound parameter sets ...  {'store_id': 'STORE1622', 'store_name': 'Franklin Store', 'location': 'East Arlingtontown', 'manager': 'John Jones'}, {'store_id': 'STORE1623', 'store_name': 'Clayton Store', 'location': 'West Franklin', 'manager': 'Carol Wright'}]]
(Background on this error at: https://sqlalche.me/e/20/gkpj)",2025-08-22 22:40:56.650964
STORE1188,Bristol Store,West Clayton,Richard Taylor,"Database insertion failed: (pymysql.err.IntegrityError) (1062, ""Duplicate entry 'STORE1090' for key 'dimstore.store_id'"")
[SQL: INSERT INTO dimstore (store_id, store_name, location, manager) VALUES (%(store_id)s, %(store_name)s, %(location)s, %(manager)s)]
[parameters: [{'store_id': 'STORE1090', 'store_name': 'Oxford Store', 'location': 'East Greenwood', 'manager': 'Jennifer Garcia'}, {'store_id': 'STORE1091', 'store_name': 'Salem Store', 'location': 'East Newport', 'manager': 'George Turner'}, {'store_id': 'STORE1092', 'store_name': 'Chester Store', 'location': 'West Fairview', 'manager': 'Richard Taylor'}, {'store_id': 'STORE1093', 'store_name': 'Manchester Store', 'location': 'East Jackson', 'manager': 'Anthony Lee'}, {'store_id': 'STORE1094', 'store_name': 'Franklin Store', 'location': 'West Washington', 'manager': 'Christopher Garcia'}, {'store_id': 'STORE1095', 'store_name': 'Fairview Store', 'location': 'East Bristol', 'manager': 'Lisa Edwards'}, {'store_id': 'STORE1096', 'store_name': 'Milton Store', 'location': 'West Marion', 'manager': 'Dorothy Parker'}, {'store_id': 'STORE1097', 'store_name': 'Burlington Store', 'location': 'West Richmond', 'manager': 'John Jones'}  ... displaying 10 of 534 total bound parameter sets ...  {'store_id': 'STORE1622', 'store_name': 'Franklin Store', 'location': 'East Arlingtontown', 'manager': 'John Jones'}, {'store_id': 'STORE1623', 'store_name': 'Clayton Store', 'location': 'West Franklin', 'manager': 'Carol Wright'}]]
(Background on this error at: https://sqlalche.me/e/20/gkpj)",2025-08-22 22:40:56.650964
STORE1189,Greenwood Store,West Auburn,Patricia Brown,"Database insertion failed: (pymysql.err.IntegrityError) (1062, ""Duplicate entry 'STORE1090' for key 'dimstore.store_id'"")
[SQL: INSERT INTO dimstore (store_id, store_name, location, manager) VALUES (%(store_id)s, %(store_name)s, %(location)s, %(manager)s)]
[parameters: [{'store_id': 'STORE1090', 'store_name': 'Oxford Store', 'location': 'East Greenwood', 'manager': 'Jennifer Garcia'}, {'store_id': 'STORE1091', 'store_name': 'Salem Store', 'location': 'East Newport', 'manager': 'George Turner'}, {'store_id': 'STORE1092', 'store_name': 'Chester Store', 'location': 'West Fairview', 'manager': 'Richard Taylor'}, {'store_id': 'STORE1093', 'store_name': 'Manchester Store', 'location': 'East Jackson', 'manager': 'Anthony Lee'}, {'store_id': 'STORE1094', 'store_name': 'Franklin Store', 'location': 'West Washington', 'manager': 'Christopher Garcia'}, {'store_id': 'STORE1095', 'store_name': 'Fairview Store', 'location': 'East Bristol', 'manager': 'Lisa Edwards'}, {'store_id': 'STORE1096', 'store_name': 'Milton Store', 'location': 'West Marion', 'manager': 'Dorothy Parker'}, {'store_id': 'STORE1097', 'store_name': 'Burlington Store', 'location': 'West Richmond', 'manager': 'John Jones'}  ... displaying 10 of 534 total bound parameter sets ...  {'store_id': 'STORE1622', 'store_name': 'Franklin Store', 'location': 'East Arlingtontown', 'manager': 'John Jones'}, {'store_id': 'STORE1623', 'store_name': 'Clayton Store', 'location': 'West Franklin', 'manager': 'Carol Wright'}]]
(Background on this error at: https://sqlalche.me/e/20/gkpj)",2025-08-22 22:40:56.650964
STORE1190,Georgetown Store,East Riverside,Christopher Garcia,"Database insertion failed: (pymysql.err.IntegrityError) (1062, ""Duplicate entry 'STORE1090' for key 'dimstore.store_id'"")
[SQL: INSERT INTO dimstore (store_id, store_name, location, manager) VALUES (%(store_id)s, %(store_name)s, %(location)s, %(manager)s)]
[parameters: [{'store_id': 'STORE1090', 'store_name': 'Oxford Store', 'location': 'East Greenwood', 'manager': 'Jennifer Garcia'}, {'store_id': 'STORE1091', 'store_name': 'Salem Store', 'location': 'East Newport', 'manager': 'George Turner'}, {'store_id': 'STORE1092', 'store_name': 'Chester Store', 'location': 'West Fairview', 'manager': 'Richard Taylor'}, {'store_id': 'STORE1093', 'store_name': 'Manchester Store', 'location': 'East Jackson', 'manager': 'Anthony Lee'}, {'store_id': 'STORE1094', 'store_name': 'Franklin Store', 'location': 'West Washington', 'manager': 'Christopher Garcia'}, {'store_id': 'STORE1095', 'store_name': 'Fairview Store', 'location': 'East Bristol', 'manager': 'Lisa Edwards'}, {'store_id': 'STORE1096', 'store_name': 'Milton Store', 'location': 'West Marion', 'manager': 'Dorothy Parker'}, {'store_id': 'STORE1097', 'store_name': 'Burlington Store', 'location': 'West Richmond', 'manager': 'John Jones'}  ... displaying 10 of 534 total bound parameter sets ...  {'store_id': 'STORE1622', 'store_name': 'Franklin Store', 'location': 'East Arlingtontown', 'manager': 'John Jones'}, {'store_id': 'STORE1623', 'store_name': 'Clayton Store', 'location': 'West Franklin', 'manager': 'Carol Wright'}]]
(Background on this error at: https://sqlalche.me/e/20/gkpj)",2025-08-22 22:40:56.650964
STORE1191,Fairview Store,East Oxfordtown,Daniel Robinson,"Database insertion failed: (pymysql.err.IntegrityError) (1062, ""Duplicate entry 'STORE1090' for key 'dimstore.store_id'"")
[SQL: INSERT INTO dimstore (store_id, store_name, location, manager) VALUES (%(store_id)s, %(store_name)s, %(location)s, %(manager)s)]
[parameters: [{'store_id': 'STORE1090', 'store_name': 'Oxford Store', 'location': 'East Greenwood', 'manager': 'Jennifer Garcia'}, {'store_id': 'STORE1091', 'store_name': 'Salem Store', 'location': 'East Newport', 'manager': 'George Turner'}, {'store_id': 'STORE1092', 'store_name': 'Chester Store', 'location': 'West Fairview', 'manager': 'Richard Taylor'}, {'store_id': 'STORE1093', 'store_name': 'Manchester Store', 'location': 'East Jackson', 'manager': 'Anthony Lee'}, {'store_id': 'STORE1094', 'store_name': 'Franklin Store', 'location': 'West Washington', 'manager': 'Christopher Garcia'}, {'store_id': 'STORE1095', 'store_name': 'Fairview Store', 'location': 'East Bristol', 'manager': 'Lisa Edwards'}, {'store_id': 'STORE1096', 'store_name': 'Milton Store', 'location': 'West Marion', 'manager': 'Dorothy Parker'}, {'store_id': 'STORE1097', 'store_name': 'Burlington Store', 'location': 'West Richmond', 'manager': 'John Jones'}  ... displaying 10 of 534 total bound parameter sets ...  {'store_id': 'STORE1622', 'store_name': 'Franklin Store', 'location': 'East Arlingtontown', 'manager': 'John Jones'}, {'store_id': 'STORE1623', 'store_name': 'Clayton Store', 'location': 'West Franklin', 'manager': 'Carol Wright'}]]
(Background on this error at: https://sqlalche.me/e/20/gkpj)",2025-08-22 22:40:56.650964
STORE1192,Ashland Store,West Fairview,Ruth Hill,"Database insertion failed: (pymysql.err.IntegrityError) (1062, ""Duplicate entry 'STORE1090' for key 'dimstore.store_id'"")
[SQL: INSERT INTO dimstore (store_id, store_name, location, manager) VALUES (%(store_id)s, %(store_name)s, %(location)s, %(manager)s)]
[parameters: [{'store_id': 'STORE1090', 'store_name': 'Oxford Store', 'location': 'East Greenwood', 'manager': 'Jennifer Garcia'}, {'store_id': 'STORE1091', 'store_name': 'Salem Store', 'location': 'East Newport', 'manager': 'George Turner'}, {'store_id': 'STORE1092', 'store_name': 'Chester Store', 'location': 'West Fairview', 'manager': 'Richard Taylor'}, {'store_id': 'STORE1093', 'store_name': 'Manchester Store', 'location': 'East Jackson', 'manager': 'Anthony Lee'}, {'store_id': 'STORE1094', 'store_name': 'Franklin Store', 'location': 'West Washington', 'manager': 'Christopher Garcia'}, {'store_id': 'STORE1095', 'store_name': 'Fairview Store', 'location': 'East Bristol', 'manager': 'Lisa Edwards'}, {'store_id': 'STORE1096', 'store_name': 'Milton Store', 'location': 'West Marion', 'manager': 'Dorothy Parker'}, {'store_id': 'STORE1097', 'store_name': 'Burlington Store', 'location': 'West Richmond', 'manager': 'John Jones'}  ... displaying 10 of 534 total bound parameter sets ...  {'store_id': 'STORE1622', 'store_name': 'Franklin Store', 'location': 'East Arlingtontown', 'manager': 'John Jones'}, {'store_id': 'STORE1623', 'store_name': 'Clayton Store', 'location': 'West Franklin', 'manager': 'Carol Wright'}]]
(Background on this error at: https://sqlalche.me/e/20/gkpj)",2025-08-22 22:40:56.650964
STORE1193,Georgetown Store,West Burlingtontown,Jennifer Garcia,"Database insertion failed: (pymysql.err.IntegrityError) (1062, ""Duplicate entry 'STORE1090' for key 'dimstore.store_id'"")
[SQL: INSERT INTO dimstore (store_id, store_name, location, manager) VALUES (%(store_id)s, %(store_name)s, %(location)s, %(manager)s)]
[parameters: [{'store_id': 'STORE1090', 'store_name': 'Oxford Store', 'location': 'East Greenwood', 'manager': 'Jennifer Garcia'}, {'store_id': 'STORE1091', 'store_name': 'Salem Store', 'location': 'East Newport', 'manager': 'George Turner'}, {'store_id': 'STORE1092', 'store_name': 'Chester Store', 'location': 'West Fairview', 'manager': 'Richard Taylor'}, {'store_id': 'STORE1093', 'store_name': 'Manchester Store', 'location': 'East Jackson', 'manager': 'Anthony Lee'}, {'store_id': 'STORE1094', 'store_name': 'Franklin Store', 'location': 'West Washington', 'manager': 'Christopher Garcia'}, {'store_id': 'STORE1095', 'store_name': 'Fairview Store', 'location': 'East Bristol', 'manager': 'Lisa Edwards'}, {'store_id': 'STORE1096', 'store_name': 'Milton Store', 'location': 'West Marion', 'manager': 'Dorothy Parker'}, {'store_id': 'STORE1097', 'store_name': 'Burlington Store', 'location': 'West Richmond', 'manager': 'John Jones'}  ... displaying 10 of 534 total bound parameter sets ...  {'store_id': 'STORE1622', 'store_name': 'Franklin Store', 'location': 'East Arlingtontown', 'manager': 'John Jones'}, {'store_id': 'STORE1623', 'store_name': 'Clayton Store', 'location': 'West Franklin', 'manager': 'Carol Wright'}]]
(Background on this error at: https://sqlalche.me/e/20/gkpj)",2025-08-22 22:40:56.650964
STORE1194,Jackson Store,East Salem,John Jones,"Database insertion failed: (pymysql.err.IntegrityError) (1062, ""Duplicate entry 'STORE1090' for key 'dimstore.store_id'"")
[SQL: INSERT INTO dimstore (store_id, store_name, location, manager) VALUES (%(store_id)s, %(store_name)s, %(location)s, %(manager)s)]
[parameters: [{'store_id': 'STORE1090', 'store_name': 'Oxford Store', 'location': 'East Greenwood', 'manager': 'Jennifer Garcia'}, {'store_id': 'STORE1091', 'store_name': 'Salem Store', 'location': 'East Newport', 'manager': 'George Turner'}, {'store_id': 'STORE1092', 'store_name': 'Chester Store', 'location': 'West Fairview', 'manager': 'Richard Taylor'}, {'store_id': 'STORE1093', 'store_name': 'Manchester Store', 'location': 'East Jackson', 'manager': 'Anthony Lee'}, {'store_id': 'STORE1094', 'store_name': 'Franklin Store', 'location': 'West Washington', 'manager': 'Christopher Garcia'}, {'store_id': 'STORE1095', 'store_name': 'Fairview Store', 'location': 'East Bristol', 'manager': 'Lisa Edwards'}, {'store_id': 'STORE1096', 'store_name': 'Milton Store', 'location': 'West Marion', 'manager': 'Dorothy Parker'}, {'store_id': 'STORE1097', 'store_name': 'Burlington Store', 'location': 'West Richmond', 'manager': 'John Jones'}  ... displaying 10 of 534 total bound parameter sets ...  {'store_id': 'STORE1622', 'store_name': 'Franklin Store', 'location': 'East Arlingtontown', 'manager': 'John Jones'}, {'store_id': 'STORE1623', 'store_name': 'Clayton Store', 'location': 'West Franklin', 'manager': 'Carol Wright'}]]
(Background on this error at: https://sqlalche.me/e/20/gkpj)",2025-08-22 22:40:56.650964
STORE1195,Salem Store,East Kingston,Edward Campbell,"Database insertion failed: (pymysql.err.IntegrityError) (1062, ""Duplicate entry 'STORE1090' for key 'dimstore.store_id'"")
[SQL: INSERT INTO dimstore (store_id, store_name, location, manager) VALUES (%(store_id)s, %(store_name)s, %(location)s, %(manager)s)]
[parameters: [{'store_id': 'STORE1090', 'store_name': 'Oxford Store', 'location': 'East Greenwood', 'manager': 'Jennifer Garcia'}, {'store_id': 'STORE1091', 'store_name': 'Salem Store', 'location': 'East Newport', 'manager': 'George Turner'}, {'store_id': 'STORE1092', 'store_name': 'Chester Store', 'location': 'West Fairview', 'manager': 'Richard Taylor'}, {'store_id': 'STORE1093', 'store_name': 'Manchester Store', 'location': 'East Jackson', 'manager': 'Anthony Lee'}, {'store_id': 'STORE1094', 'store_name': 'Franklin Store', 'location': 'West Washington', 'manager': 'Christopher Garcia'}, {'store_id': 'STORE1095', 'store_name': 'Fairview Store', 'location': 'East Bristol', 'manager': 'Lisa Edwards'}, {'store_id': 'STORE1096', 'store_name': 'Milton Store', 'location': 'West Marion', 'manager': 'Dorothy Parker'}, {'store_id': 'STORE1097', 'store_name': 'Burlington Store', 'location': 'West Richmond', 'manager': 'John Jones'}  ... displaying 10 of 534 total bound parameter sets ...  {'store_id': 'STORE1622', 'store_name': 'Franklin Store', 'location': 'East Arlingtontown', 'manager': 'John Jones'}, {'store_id': 'STORE1623', 'store_name': 'Clayton Store', 'location': 'West Franklin', 'manager': 'Carol Wright'}]]
(Background on this error at: https://sqlalche.me/e/20/gkpj)",2025-08-22 22:40:56.650964
STORE1196,Franklin Store,West Springfield,Matthew Rodriguez,"Database insertion failed: (pymysql.err.IntegrityError) (1062, ""Duplicate entry 'STORE1090' for key 'dimstore.store_id'"")
[SQL: INSERT INTO dimstore (store_id, store_name, location, manager) VALUES (%(store_id)s, %(store_name)s, %(location)s, %(manager)s)]
[parameters: [{'store_id': 'STORE1090', 'store_name': 'Oxford Store', 'location': 'East Greenwood', 'manager': 'Jennifer Garcia'}, {'store_id': 'STORE1091', 'store_name': 'Salem Store', 'location': 'East Newport', 'manager': 'George Turner'}, {'store_id': 'STORE1092', 'store_name': 'Chester Store', 'location': 'West Fairview', 'manager': 'Richard Taylor'}, {'store_id': 'STORE1093', 'store_name': 'Manchester Store', 'location': 'East Jackson', 'manager': 'Anthony Lee'}, {'store_id': 'STORE1094', 'store_name': 'Franklin Store', 'location': 'West Washington', 'manager': 'Christopher Garcia'}, {'store_id': 'STORE1095', 'store_name': 'Fairview Store', 'location': 'East Bristol', 'manager': 'Lisa Edwards'}, {'store_id': 'STORE1096', 'store_name': 'Milton Store', 'location': 'West Marion', 'manager': 'Dorothy Parker'}, {'store_id': 'STORE1097', 'store_name': 'Burlington Store', 'location': 'West Richmond', 'manager': 'John Jones'}  ... displaying 10 of 534 total bound parameter sets ...  {'store_id': 'STORE1622', 'store_name': 'Franklin Store', 'location': 'East Arlingtontown', 'manager': 'John Jones'}, {'store_id': 'STORE1623', 'store_name': 'Clayton Store', 'location': 'West Franklin', 'manager': 'Carol Wright'}]]
(Background on this error at: https://sqlalche.me/e/20/gkpj)",2025-08-22 22:40:56.650964
STORE1197,Kingston Store,West Clinton,Donna Hernandez,"Database insertion failed: (pymysql.err.IntegrityError) (1062, ""Duplicate entry 'STORE1090' for key 'dimstore.store_id'"")
[SQL: INSERT INTO dimstore (store_id, store_name, location, manager) VALUES (%(store_id)s, %(store_name)s, %(location)s, %(manager)s)]
[parameters: [{'store_id': 'STORE1090', 'store_name': 'Oxford Store', 'location': 'East Greenwood', 'manager': 'Jennifer Garcia'}, {'store_id': 'STORE1091', 'store_name': 'Salem Store', 'location': 'East Newport', 'manager': 'George Turner'}, {'store_id': 'STORE1092', 'store_name': 'Chester Store', 'location': 'West Fairview', 'manager': 'Richard Taylor'}, {'store_id': 'STORE1093', 'store_name': 'Manchester Store', 'location': 'East Jackson', 'manager': 'Anthony Lee'}, {'store_id': 'STORE1094', 'store_name': 'Franklin Store', 'location': 'West Washington', 'manager': 'Christopher Garcia'}, {'store_id': 'STORE1095', 'store_name': 'Fairview Store', 'location': 'East Bristol', 'manager': 'Lisa Edwards'}, {'store_id': 'STORE1096', 'store_name': 'Milton Store', 'location': 'West Marion', 'manager': 'Dorothy Parker'}, {'store_id': 'STORE1097', 'store_name': 'Burlington Store', 'location': 'West Richmond', 'manager': 'John Jones'}  ... displaying 10 of 534 total bound parameter sets ...  {'store_id': 'STORE1622', 'store_name': 'Franklin Store', 'location': 'East Arlingtontown', 'manager': 'John Jones'}, {'store_id': 'STORE1623', 'store_name': 'Clayton Store', 'location': 'West Franklin', 'manager': 'Carol Wright'}]]
(Background on this error at: https://sqlalche.me/e/20/gkpj)",2025-08-22 22:40:56.650964
STORE1198,Manchester Store,West Lancaster,Deborah Phillips,"Database insertion failed: (pymysql.err.IntegrityError) (1062, ""Duplicate entry 'STORE1090' for key 'dimstore.store_id'"")
[SQL: INSERT INTO dimstore (store_id, store_name, location, manager) VALUES (%(store_id)s, %(store_name)s, %(location)s, %(manager)s)]
[parameters: [{'store_id': 'STORE1090', 'store_name': 'Oxford Store', 'location': 'East Greenwood', 'manager': 'Jennifer Garcia'}, {'store_id': 'STORE1091', 'store_name': 'Salem Store', 'location': 'East Newport', 'manager': 'George Turner'}, {'store_id': 'STORE1092', 'store_name': 'Chester Store', 'location': 'West Fairview', 'manager': 'Richard Taylor'}, {'store_id': 'STORE1093', 'store_name': 'Manchester Store', 'location': 'East Jackson', 'manager': 'Anthony Lee'}, {'store_id': 'STORE1094', 'store_name': 'Franklin Store', 'location': 'West Washington', 'manager': 'Christopher Garcia'}, {'store_id': 'STORE1095', 'store_name': 'Fairview Store', 'location': 'East Bristol', 'manager': 'Lisa Edwards'}, {'store_id': 'STORE1096', 'store_name': 'Milton Store', 'location': 'West Marion', 'manager': 'Dorothy Parker'}, {'store_id': 'STORE1097', 'store_name': 'Burlington Store', 'location': 'West Richmond', 'manager': 'John Jones'}  ... displaying 10 of 534 total bound parameter sets ...  {'store_id': 'STORE1622', 'store_name': 'Franklin Store', 'location': 'East Arlingtontown', 'manager': 'John Jones'}, {'store_id': 'STORE1623', 'store_name': 'Clayton Store', 'location': 'West Franklin', 'manager': 'Carol Wright'}]]
(Background on this error at: https://sqlalche.me/e/20/gkpj)",2025-08-22 22:40:56.650964
STORE1199,Bristol Store,East Hudsontown,James Smith,"Database insertion failed: (pymysql.err.IntegrityError) (1062, ""Duplicate entry 'STORE1090' for key 'dimstore.store_id'"")
[SQL: INSERT INTO dimstore (store_id, store_name, location, manager) VALUES (%(store_id)s, %(store_name)s, %(location)s, %(manager)s)]
[parameters: [{'store_id': 'STORE1090', 'store_name': 'Oxford Store', 'location': 'East Greenwood', 'manager': 'Jennifer Garcia'}, {'store_id': 'STORE1091', 'store_name': 'Salem Store', 'location': 'East Newport', 'manager': 'George Turner'}, {'store_id': 'STORE1092', 'store_name': 'Chester Store', 'location': 'West Fairview', 'manager': 'Richard Taylor'}, {'store_id': 'STORE1093', 'store_name': 'Manchester Store', 'location': 'East Jackson', 'manager': 'Anthony Lee'}, {'store_id': 'STORE1094', 'store_name': 'Franklin Store', 'location': 'West Washington', 'manager': 'Christopher Garcia'}, {'store_id': 'STORE1095', 'store_name': 'Fairview Store', 'location': 'East Bristol', 'manager': 'Lisa Edwards'}, {'store_id': 'STORE1096', 'store_name': 'Milton Store', 'location': 'West Marion', 'manager': 'Dorothy Parker'}, {'store_id': 'STORE1097', 'store_name': 'Burlington Store', 'location': 'West Richmond', 'manager': 'John Jones'}  ... displaying 10 of 534 total bound parameter sets ...  {'store_id': 'STORE1622', 'store_name': 'Franklin Store', 'location': 'East Arlingtontown', 'manager': 'John Jones'}, {'store_id': 'STORE1623', 'store_name': 'Clayton Store', 'location': 'West Franklin', 'manager': 'Carol Wright'}]]
(Background on this error at: https://sqlalche.me/e/20/gkpj)",2025-08-22 22:40:56.650964
STORE1200,Ashland Store,West Manchestertown,Jessica White,"Database insertion failed: (pymysql.err.IntegrityError) (1062, ""Duplicate entry 'STORE1090' for key 'dimstore.store_id'"")
[SQL: INSERT INTO dimstore (store_id, store_name, location, manager) VALUES (%(store_id)s, %(store_name)s, %(location)s, %(manager)s)]
[parameters: [{'store_id': 'STORE1090', 'store_name': 'Oxford Store', 'location': 'East Greenwood', 'manager': 'Jennifer Garcia'}, {'store_id': 'STORE1091', 'store_name': 'Salem Store', 'location': 'East Newport', 'manager': 'George Turner'}, {'store_id': 'STORE1092', 'store_name': 'Chester Store', 'location': 'West Fairview', 'manager': 'Richard Taylor'}, {'store_id': 'STORE1093', 'store_name': 'Manchester Store', 'location': 'East Jackson', 'manager': 'Anthony Lee'}, {'store_id': 'STORE1094', 'store_name': 'Franklin Store', 'location': 'West Washington', 'manager': 'Christopher Garcia'}, {'store_id': 'STORE1095', 'store_name': 'Fairview Store', 'location': 'East Bristol', 'manager': 'Lisa Edwards'}, {'store_id': 'STORE1096', 'store_name': 'Milton Store', 'location': 'West Marion', 'manager': 'Dorothy Parker'}, {'store_id': 'STORE1097', 'store_name': 'Burlington Store', 'location': 'West Richmond', 'manager': 'John Jones'}  ... displaying 10 of 534 total bound parameter sets ...  {'store_id': 'STORE1622', 'store_name': 'Franklin Store', 'location': 'East Arlingtontown', 'manager': 'John Jones'}, {'store_id': 'STORE1623', 'store_name': 'Clayton Store', 'location': 'West Franklin', 'manager': 'Carol Wright'}]]
(Background on this error at: https://sqlalche.me/e/20/gkpj)",2025-08-22 22:40:56.650964
STORE1201,Madison Store,East Milton,William Rodriguez,"Database insertion failed: (pymysql.err.IntegrityError) (1062, ""Duplicate entry 'STORE1090' for key 'dimstore.store_id'"")
[SQL: INSERT INTO dimstore (store_id, store_name, location, manager) VALUES (%(store_id)s, %(store_name)s, %(location)s, %(manager)s)]
[parameters: [{'store_id': 'STORE1090', 'store_name': 'Oxford Store', 'location': 'East Greenwood', 'manager': 'Jennifer Garcia'}, {'store_id': 'STORE1091', 'store_name': 'Salem Store', 'location': 'East Newport', 'manager': 'George Turner'}, {'store_id': 'STORE1092', 'store_name': 'Chester Store', 'location': 'West Fairview', 'manager': 'Richard Taylor'}, {'store_id': 'STORE1093', 'store_name': 'Manchester Store', 'location': 'East Jackson', 'manager': 'Anthony Lee'}, {'store_id': 'STORE1094', 'store_name': 'Franklin Store', 'location': 'West Washington', 'manager': 'Christopher Garcia'}, {'store_id': 'STORE1095', 'store_name': 'Fairview Store', 'location': 'East Bristol', 'manager': 'Lisa Edwards'}, {'store_id': 'STORE1096', 'store_name': 'Milton Store', 'location': 'West Marion', 'manager': 'Dorothy Parker'}, {'store_id': 'STORE1097', 'store_name': 'Burlington Store', 'location': 'West Richmond', 'manager': 'John Jones'}  ... displaying 10 of 534 total bound parameter sets ...  {'store_id': 'STORE1622', 'store_name': 'Franklin Store', 'location': 'East Arlingtontown', 'manager': 'John Jones'}, {'store_id': 'STORE1623', 'store_name': 'Clayton Store', 'location': 'West Franklin', 'manager': 'Carol Wright'}]]
(Background on this error at: https://sqlalche.me/e/20/gkpj)",2025-08-22 22:40:56.650964
STORE1202,Newport Store,East Claytontown,Edward Campbell,"Database insertion failed: (pymysql.err.IntegrityError) (1062, ""Duplicate entry 'STORE1090' for key 'dimstore.store_id'"")
[SQL: INSERT INTO dimstore (store_id, store_name, location, manager) VALUES (%(store_id)s, %(store_name)s, %(location)s, %(manager)s)]
[parameters: [{'store_id': 'STORE1090', 'store_name': 'Oxford Store', 'location': 'East Greenwood', 'manager': 'Jennifer Garcia'}, {'store_id': 'STORE1091', 'store_name': 'Salem Store', 'location': 'East Newport', 'manager': 'George Turner'}, {'store_id': 'STORE1092', 'store_name': 'Chester Store', 'location': 'West Fairview', 'manager': 'Richard Taylor'}, {'store_id': 'STORE1093', 'store_name': 'Manchester Store', 'location': 'East Jackson', 'manager': 'Anthony Lee'}, {'store_id': 'STORE1094', 'store_name': 'Franklin Store', 'location': 'West Washington', 'manager': 'Christopher Garcia'}, {'store_id': 'STORE1095', 'store_name': 'Fairview Store', 'location': 'East Bristol', 'manager': 'Lisa Edwards'}, {'store_id': 'STORE1096', 'store_name': 'Milton Store', 'location': 'West Marion', 'manager': 'Dorothy Parker'}, {'store_id': 'STORE1097', 'store_name': 'Burlington Store', 'location': 'West Richmond', 'manager': 'John Jones'}  ... displaying 10 of 534 total bound parameter sets ...  {'store_id': 'STORE1622', 'store_name': 'Franklin Store', 'location': 'East Arlingtontown', 'manager': 'John Jones'}, {'store_id': 'STORE1623', 'store_name': 'Clayton Store', 'location': 'West Franklin', 'manager': 'Carol Wright'}]]
(Background on this error at: https://sqlalche.me/e/20/gkpj)",2025-08-22 22:40:56.650964
STORE1203,Richmond Store,East Fairview,Kenneth Gonzalez,"Database insertion failed: (pymysql.err.IntegrityError) (1062, ""Duplicate entry 'STORE1090' for key 'dimstore.store_id'"")
[SQL: INSERT INTO dimstore (store_id, store_name, location, manager) VALUES (%(store_id)s, %(store_name)s, %(location)s, %(manager)s)]
[parameters: [{'store_id': 'STORE1090', 'store_name': 'Oxford Store', 'location': 'East Greenwood', 'manager': 'Jennifer Garcia'}, {'store_id': 'STORE1091', 'store_name': 'Salem Store', 'location': 'East Newport', 'manager': 'George Turner'}, {'store_id': 'STORE1092', 'store_name': 'Chester Store', 'location': 'West Fairview', 'manager': 'Richard Taylor'}, {'store_id': 'STORE1093', 'store_name': 'Manchester Store', 'location': 'East Jackson', 'manager': 'Anthony Lee'}, {'store_id': 'STORE1094', 'store_name': 'Franklin Store', 'location': 'West Washington', 'manager': 'Christopher Garcia'}, {'store_id': 'STORE1095', 'store_name': 'Fairview Store', 'location': 'East Bristol', 'manager': 'Lisa Edwards'}, {'store_id': 'STORE1096', 'store_name': 'Milton Store', 'location': 'West Marion', 'manager': 'Dorothy Parker'}, {'store_id': 'STORE1097', 'store_name': 'Burlington Store', 'location': 'West Richmond', 'manager': 'John Jones'}  ... displaying 10 of 534 total bound parameter sets ...  {'store_id': 'STORE1622', 'store_name': 'Franklin Store', 'location': 'East Arlingtontown', 'manager': 'John Jones'}, {'store_id': 'STORE1623', 'store_name': 'Clayton Store', 'location': 'West Franklin', 'manager': 'Carol Wright'}]]
(Background on this error at: https://sqlalche.me/e/20/gkpj)",2025-08-22 22:40:56.650964
STORE1204,Newport Store,East Washington,Lisa Clark,"Database insertion failed: (pymysql.err.IntegrityError) (1062, ""Duplicate entry 'STORE1090' for key 'dimstore.store_id'"")
[SQL: INSERT INTO dimstore (store_id, store_name, location, manager) VALUES (%(store_id)s, %(store_name)s, %(location)s, %(manager)s)]
[parameters: [{'store_id': 'STORE1090', 'store_name': 'Oxford Store', 'location': 'East Greenwood', 'manager': 'Jennifer Garcia'}, {'store_id': 'STORE1091', 'store_name': 'Salem Store', 'location': 'East Newport', 'manager': 'George Turner'}, {'store_id': 'STORE1092', 'store_name': 'Chester Store', 'location': 'West Fairview', 'manager': 'Richard Taylor'}, {'store_id': 'STORE1093', 'store_name': 'Manchester Store', 'location': 'East Jackson', 'manager': 'Anthony Lee'}, {'store_id': 'STORE1094', 'store_name': 'Franklin Store', 'location': 'West Washington', 'manager': 'Christopher Garcia'}, {'store_id': 'STORE1095', 'store_name': 'Fairview Store', 'location': 'East Bristol', 'manager': 'Lisa Edwards'}, {'store_id': 'STORE1096', 'store_name': 'Milton Store', 'location': 'West Marion', 'manager': 'Dorothy Parker'}, {'store_id': 'STORE1097', 'store_name': 'Burlington Store', 'location': 'West Richmond', 'manager': 'John Jones'}  ... displaying 10 of 534 total bound parameter sets ...  {'store_id': 'STORE1622', 'store_name': 'Franklin Store', 'location': 'East Arlingtontown', 'manager': 'John Jones'}, {'store_id': 'STORE1623', 'store_name': 'Clayton Store', 'location': 'West Franklin', 'manager': 'Carol Wright'}]]
(Background on this error at: https://sqlalche.me/e/20/gkpj)",2025-08-22 22:40:56.650964
STORE1205,Lancaster Store,West Richmondtown,Thomas Harris,"Database insertion failed: (pymysql.err.IntegrityError) (1062, ""Duplicate entry 'STORE1090' for key 'dimstore.store_id'"")
[SQL: INSERT INTO dimstore (store_id, store_name, location, manager) VALUES (%(store_id)s, %(store_name)s, %(location)s, %(manager)s)]
[parameters: [{'store_id': 'STORE1090', 'store_name': 'Oxford Store', 'location': 'East Greenwood', 'manager': 'Jennifer Garcia'}, {'store_id': 'STORE1091', 'store_name': 'Salem Store', 'location': 'East Newport', 'manager': 'George Turner'}, {'store_id': 'STORE1092', 'store_name': 'Chester Store', 'location': 'West Fairview', 'manager': 'Richard Taylor'}, {'store_id': 'STORE1093', 'store_name': 'Manchester Store', 'location': 'East Jackson', 'manager': 'Anthony Lee'}, {'store_id': 'STORE1094', 'store_name': 'Franklin Store', 'location': 'West Washington', 'manager': 'Christopher Garcia'}, {'store_id': 'STORE1095', 'store_name': 'Fairview Store', 'location': 'East Bristol', 'manager': 'Lisa Edwards'}, {'store_id': 'STORE1096', 'store_name': 'Milton Store', 'location': 'West Marion', 'manager': 'Dorothy Parker'}, {'store_id': 'STORE1097', 'store_name': 'Burlington Store', 'location': 'West Richmond', 'manager': 'John Jones'}  ... displaying 10 of 534 total bound parameter sets ...  {'store_id': 'STORE1622', 'store_name': 'Franklin Store', 'location': 'East Arlingtontown', 'manager': 'John Jones'}, {'store_id': 'STORE1623', 'store_name': 'Clayton Store', 'location': 'West Franklin', 'manager': 'Carol Wright'}]]
(Background on this error at: https://sqlalche.me/e/20/gkpj)",2025-08-22 22:40:56.650964
STORE1206,Ashland Store,West Auburn,Edward Campbell,"Database insertion failed: (pymysql.err.IntegrityError) (1062, ""Duplicate entry 'STORE1090' for key 'dimstore.store_id'"")
[SQL: INSERT INTO dimstore (store_id, store_name, location, manager) VALUES (%(store_id)s, %(store_name)s, %(location)s, %(manager)s)]
[parameters: [{'store_id': 'STORE1090', 'store_name': 'Oxford Store', 'location': 'East Greenwood', 'manager': 'Jennifer Garcia'}, {'store_id': 'STORE1091', 'store_name': 'Salem Store', 'location': 'East Newport', 'manager': 'George Turner'}, {'store_id': 'STORE1092', 'store_name': 'Chester Store', 'location': 'West Fairview', 'manager': 'Richard Taylor'}, {'store_id': 'STORE1093', 'store_name': 'Manchester Store', 'location': 'East Jackson', 'manager': 'Anthony Lee'}, {'store_id': 'STORE1094', 'store_name': 'Franklin Store', 'location': 'West Washington', 'manager': 'Christopher Garcia'}, {'store_id': 'STORE1095', 'store_name': 'Fairview Store', 'location': 'East Bristol', 'manager': 'Lisa Edwards'}, {'store_id': 'STORE1096', 'store_name': 'Milton Store', 'location': 'West Marion', 'manager': 'Dorothy Parker'}, {'store_id': 'STORE1097', 'store_name': 'Burlington Store', 'location': 'West Richmond', 'manager': 'John Jones'}  ... displaying 10 of 534 total bound parameter sets ...  {'store_id': 'STORE1622', 'store_name': 'Franklin Store', 'location': 'East Arlingtontown', 'manager': 'John Jones'}, {'store_id': 'STORE1623', 'store_name': 'Clayton Store', 'location': 'West Franklin', 'manager': 'Carol Wright'}]]
(Background on this error at: https://sqlalche.me/e/20/gkpj)",2025-08-22 22:40:56.650964
STORE1207,Arlington Store,West Jacksontown,Linda Davis,"Database insertion failed: (pymysql.err.IntegrityError) (1062, ""Duplicate entry 'STORE1090' for key 'dimstore.store_id'"")
[SQL: INSERT INTO dimstore (store_id, store_name, location, manager) VALUES (%(store_id)s, %(store_name)s, %(location)s, %(manager)s)]
[parameters: [{'store_id': 'STORE1090', 'store_name': 'Oxford Store', 'location': 'East Greenwood', 'manager': 'Jennifer Garcia'}, {'store_id': 'STORE1091', 'store_name': 'Salem Store', 'location': 'East Newport', 'manager': 'George Turner'}, {'store_id': 'STORE1092', 'store_name': 'Chester Store', 'location': 'West Fairview', 'manager': 'Richard Taylor'}, {'store_id': 'STORE1093', 'store_name': 'Manchester Store', 'location': 'East Jackson', 'manager': 'Anthony Lee'}, {'store_id': 'STORE1094', 'store_name': 'Franklin Store', 'location': 'West Washington', 'manager': 'Christopher Garcia'}, {'store_id': 'STORE1095', 'store_name': 'Fairview Store', 'location': 'East Bristol', 'manager': 'Lisa Edwards'}, {'store_id': 'STORE1096', 'store_name': 'Milton Store', 'location': 'West Marion', 'manager': 'Dorothy Parker'}, {'store_id': 'STORE1097', 'store_name': 'Burlington Store', 'location': 'West Richmond', 'manager': 'John Jones'}  ... displaying 10 of 534 total bound parameter sets ...  {'store_id': 'STORE1622', 'store_name': 'Franklin Store', 'location': 'East Arlingtontown', 'manager': 'John Jones'}, {'store_id': 'STORE1623', 'store_name': 'Clayton Store', 'location': 'West Franklin', 'manager': 'Carol Wright'}]]
(Background on this error at: https://sqlalche.me/e/20/gkpj)",2025-08-22 22:40:56.650964
STORE1208,Chester Store,West Ashlandtown,Paul Lopez,"Database insertion failed: (pymysql.err.IntegrityError) (1062, ""Duplicate entry 'STORE1090' for key 'dimstore.store_id'"")
[SQL: INSERT INTO dimstore (store_id, store_name, location, manager) VALUES (%(store_id)s, %(store_name)s, %(location)s, %(manager)s)]
[parameters: [{'store_id': 'STORE1090', 'store_name': 'Oxford Store', 'location': 'East Greenwood', 'manager': 'Jennifer Garcia'}, {'store_id': 'STORE1091', 'store_name': 'Salem Store', 'location': 'East Newport', 'manager': 'George Turner'}, {'store_id': 'STORE1092', 'store_name': 'Chester Store', 'location': 'West Fairview', 'manager': 'Richard Taylor'}, {'store_id': 'STORE1093', 'store_name': 'Manchester Store', 'location': 'East Jackson', 'manager': 'Anthony Lee'}, {'store_id': 'STORE1094', 'store_name': 'Franklin Store', 'location': 'West Washington', 'manager': 'Christopher Garcia'}, {'store_id': 'STORE1095', 'store_name': 'Fairview Store', 'location': 'East Bristol', 'manager': 'Lisa Edwards'}, {'store_id': 'STORE1096', 'store_name': 'Milton Store', 'location': 'West Marion', 'manager': 'Dorothy Parker'}, {'store_id': 'STORE1097', 'store_name': 'Burlington Store', 'location': 'West Richmond', 'manager': 'John Jones'}  ... displaying 10 of 534 total bound parameter sets ...  {'store_id': 'STORE1622', 'store_name': 'Franklin Store', 'location': 'East Arlingtontown', 'manager': 'John Jones'}, {'store_id': 'STORE1623', 'store_name': 'Clayton Store', 'location': 'West Franklin', 'manager': 'Carol Wright'}]]
(Background on this error at: https://sqlalche.me/e/20/gkpj)",2025-08-22 22:40:56.650964
STORE1209,Bristol Store,West Arlington,Paul Lopez,"Database insertion failed: (pymysql.err.IntegrityError) (1062, ""Duplicate entry 'STORE1090' for key 'dimstore.store_id'"")
[SQL: INSERT INTO dimstore (store_id, store_name, location, manager) VALUES (%(store_id)s, %(store_name)s, %(location)s, %(manager)s)]
[parameters: [{'store_id': 'STORE1090', 'store_name': 'Oxford Store', 'location': 'East Greenwood', 'manager': 'Jennifer Garcia'}, {'store_id': 'STORE1091', 'store_name': 'Salem Store', 'location': 'East Newport', 'manager': 'George Turner'}, {'store_id': 'STORE1092', 'store_name': 'Chester Store', 'location': 'West Fairview', 'manager': 'Richard Taylor'}, {'store_id': 'STORE1093', 'store_name': 'Manchester Store', 'location': 'East Jackson', 'manager': 'Anthony Lee'}, {'store_id': 'STORE1094', 'store_name': 'Franklin Store', 'location': 'West Washington', 'manager': 'Christopher Garcia'}, {'store_id': 'STORE1095', 'store_name': 'Fairview Store', 'location': 'East Bristol', 'manager': 'Lisa Edwards'}, {'store_id': 'STORE1096', 'store_name': 'Milton Store', 'location': 'West Marion', 'manager': 'Dorothy Parker'}, {'store_id': 'STORE1097', 'store_name': 'Burlington Store', 'location': 'West Richmond', 'manager': 'John Jones'}  ... displaying 10 of 534 total bound parameter sets ...  {'store_id': 'STORE1622', 'store_name': 'Franklin Store', 'location': 'East Arlingtontown', 'manager': 'John Jones'}, {'store_id': 'STORE1623', 'store_name': 'Clayton Store', 'location': 'West Franklin', 'manager': 'Carol Wright'}]]
(Background on this error at: https://sqlalche.me/e/20/gkpj)",2025-08-22 22:40:56.650964
STORE1210,Kingston Store,East Burlington,Sarah Martin,"Database insertion failed: (pymysql.err.IntegrityError) (1062, ""Duplicate entry 'STORE1090' for key 'dimstore.store_id'"")
[SQL: INSERT INTO dimstore (store_id, store_name, location, manager) VALUES (%(store_id)s, %(store_name)s, %(location)s, %(manager)s)]
[parameters: [{'store_id': 'STORE1090', 'store_name': 'Oxford Store', 'location': 'East Greenwood', 'manager': 'Jennifer Garcia'}, {'store_id': 'STORE1091', 'store_name': 'Salem Store', 'location': 'East Newport', 'manager': 'George Turner'}, {'store_id': 'STORE1092', 'store_name': 'Chester Store', 'location': 'West Fairview', 'manager': 'Richard Taylor'}, {'store_id': 'STORE1093', 'store_name': 'Manchester Store', 'location': 'East Jackson', 'manager': 'Anthony Lee'}, {'store_id': 'STORE1094', 'store_name': 'Franklin Store', 'location': 'West Washington', 'manager': 'Christopher Garcia'}, {'store_id': 'STORE1095', 'store_name': 'Fairview Store', 'location': 'East Bristol', 'manager': 'Lisa Edwards'}, {'store_id': 'STORE1096', 'store_name': 'Milton Store', 'location': 'West Marion', 'manager': 'Dorothy Parker'}, {'store_id': 'STORE1097', 'store_name': 'Burlington Store', 'location': 'West Richmond', 'manager': 'John Jones'}  ... displaying 10 of 534 total bound parameter sets ...  {'store_id': 'STORE1622', 'store_name': 'Franklin Store', 'location': 'East Arlingtontown', 'manager': 'John Jones'}, {'store_id': 'STORE1623', 'store_name': 'Clayton Store', 'location': 'West Franklin', 'manager': 'Carol Wright'}]]
(Background on this error at: https://sqlalche.me/e/20/gkpj)",2025-08-22 22:40:56.650964
STORE1211,Lancaster Store,West Clintontown,Betty Lewis,"Database insertion failed: (pymysql.err.IntegrityError) (1062, ""Duplicate entry 'STORE1090' for key 'dimstore.store_id'"")
[SQL: INSERT INTO dimstore (store_id, store_name, location, manager) VALUES (%(store_id)s, %(store_name)s, %(location)s, %(manager)s)]
[parameters: [{'store_id': 'STORE1090', 'store_name': 'Oxford Store', 'location': 'East Greenwood', 'manager': 'Jennifer Garcia'}, {'store_id': 'STORE1091', 'store_name': 'Salem Store', 'location': 'East Newport', 'manager': 'George Turner'}, {'store_id': 'STORE1092', 'store_name': 'Chester Store', 'location': 'West Fairview', 'manager': 'Richard Taylor'}, {'store_id': 'STORE1093', 'store_name': 'Manchester Store', 'location': 'East Jackson', 'manager': 'Anthony Lee'}, {'store_id': 'STORE1094', 'store_name': 'Franklin Store', 'location': 'West Washington', 'manager': 'Christopher Garcia'}, {'store_id': 'STORE1095', 'store_name': 'Fairview Store', 'location': 'East Bristol', 'manager': 'Lisa Edwards'}, {'store_id': 'STORE1096', 'store_name': 'Milton Store', 'location': 'West Marion', 'manager': 'Dorothy Parker'}, {'store_id': 'STORE1097', 'store_name': 'Burlington Store', 'location': 'West Richmond', 'manager': 'John Jones'}  ... displaying 10 of 534 total bound parameter sets ...  {'store_id': 'STORE1622', 'store_name': 'Franklin Store', 'location': 'East Arlingtontown', 'manager': 'John Jones'}, {'store_id': 'STORE1623', 'store_name': 'Clayton Store', 'location': 'West Franklin', 'manager': 'Carol Wright'}]]
(Background on this error at: https://sqlalche.me/e/20/gkpj)",2025-08-22 22:40:56.650964
STORE1212,Bristol Store,East Salemtown,Sarah Martin,"Database insertion failed: (pymysql.err.IntegrityError) (1062, ""Duplicate entry 'STORE1090' for key 'dimstore.store_id'"")
[SQL: INSERT INTO dimstore (store_id, store_name, location, manager) VALUES (%(store_id)s, %(store_name)s, %(location)s, %(manager)s)]
[parameters: [{'store_id': 'STORE1090', 'store_name': 'Oxford Store', 'location': 'East Greenwood', 'manager': 'Jennifer Garcia'}, {'store_id': 'STORE1091', 'store_name': 'Salem Store', 'location': 'East Newport', 'manager': 'George Turner'}, {'store_id': 'STORE1092', 'store_name': 'Chester Store', 'location': 'West Fairview', 'manager': 'Richard Taylor'}, {'store_id': 'STORE1093', 'store_name': 'Manchester Store', 'location': 'East Jackson', 'manager': 'Anthony Lee'}, {'store_id': 'STORE1094', 'store_name': 'Franklin Store', 'location': 'West Washington', 'manager': 'Christopher Garcia'}, {'store_id': 'STORE1095', 'store_name': 'Fairview Store', 'location': 'East Bristol', 'manager': 'Lisa Edwards'}, {'store_id': 'STORE1096', 'store_name': 'Milton Store', 'location': 'West Marion', 'manager': 'Dorothy Parker'}, {'store_id': 'STORE1097', 'store_name': 'Burlington Store', 'location': 'West Richmond', 'manager': 'John Jones'}  ... displaying 10 of 534 total bound parameter sets ...  {'store_id': 'STORE1622', 'store_name': 'Franklin Store', 'location': 'East Arlingtontown', 'manager': 'John Jones'}, {'store_id': 'STORE1623', 'store_name': 'Clayton Store', 'location': 'West Franklin', 'manager': 'Carol Wright'}]]
(Background on this error at: https://sqlalche.me/e/20/gkpj)",2025-08-22 22:40:56.650964
STORE1213,Madison Store,East Clayton,Sharon Green,"Database insertion failed: (pymysql.err.IntegrityError) (1062, ""Duplicate entry 'STORE1090' for key 'dimstore.store_id'"")
[SQL: INSERT INTO dimstore (store_id, store_name, location, manager) VALUES (%(store_id)s, %(store_name)s, %(location)s, %(manager)s)]
[parameters: [{'store_id': 'STORE1090', 'store_name': 'Oxford Store', 'location': 'East Greenwood', 'manager': 'Jennifer Garcia'}, {'store_id': 'STORE1091', 'store_name': 'Salem Store', 'location': 'East Newport', 'manager': 'George Turner'}, {'store_id': 'STORE1092', 'store_name': 'Chester Store', 'location': 'West Fairview', 'manager': 'Richard Taylor'}, {'store_id': 'STORE1093', 'store_name': 'Manchester Store', 'location': 'East Jackson', 'manager': 'Anthony Lee'}, {'store_id': 'STORE1094', 'store_name': 'Franklin Store', 'location': 'West Washington', 'manager': 'Christopher Garcia'}, {'store_id': 'STORE1095', 'store_name': 'Fairview Store', 'location': 'East Bristol', 'manager': 'Lisa Edwards'}, {'store_id': 'STORE1096', 'store_name': 'Milton Store', 'location': 'West Marion', 'manager': 'Dorothy Parker'}, {'store_id': 'STORE1097', 'store_name': 'Burlington Store', 'location': 'West Richmond', 'manager': 'John Jones'}  ... displaying 10 of 534 total bound parameter sets ...  {'store_id': 'STORE1622', 'store_name': 'Franklin Store', 'location': 'East Arlingtontown', 'manager': 'John Jones'}, {'store_id': 'STORE1623', 'store_name': 'Clayton Store', 'location': 'West Franklin', 'manager': 'Carol Wright'}]]
(Background on this error at: https://sqlalche.me/e/20/gkpj)",2025-08-22 22:40:56.650964
STORE1214,Salem Store,East Springfield,Elizabeth Martinez,"Database insertion failed: (pymysql.err.IntegrityError) (1062, ""Duplicate entry 'STORE1090' for key 'dimstore.store_id'"")
[SQL: INSERT INTO dimstore (store_id, store_name, location, manager) VALUES (%(store_id)s, %(store_name)s, %(location)s, %(manager)s)]
[parameters: [{'store_id': 'STORE1090', 'store_name': 'Oxford Store', 'location': 'East Greenwood', 'manager': 'Jennifer Garcia'}, {'store_id': 'STORE1091', 'store_name': 'Salem Store', 'location': 'East Newport', 'manager': 'George Turner'}, {'store_id': 'STORE1092', 'store_name': 'Chester Store', 'location': 'West Fairview', 'manager': 'Richard Taylor'}, {'store_id': 'STORE1093', 'store_name': 'Manchester Store', 'location': 'East Jackson', 'manager': 'Anthony Lee'}, {'store_id': 'STORE1094', 'store_name': 'Franklin Store', 'location': 'West Washington', 'manager': 'Christopher Garcia'}, {'store_id': 'STORE1095', 'store_name': 'Fairview Store', 'location': 'East Bristol', 'manager': 'Lisa Edwards'}, {'store_id': 'STORE1096', 'store_name': 'Milton Store', 'location': 'West Marion', 'manager': 'Dorothy Parker'}, {'store_id': 'STORE1097', 'store_name': 'Burlington Store', 'location': 'West Richmond', 'manager': 'John Jones'}  ... displaying 10 of 534 total bound parameter sets ...  {'store_id': 'STORE1622', 'store_name': 'Franklin Store', 'location': 'East Arlingtontown', 'manager': 'John Jones'}, {'store_id': 'STORE1623', 'store_name': 'Clayton Store', 'location': 'West Franklin', 'manager': 'Carol Wright'}]]
(Background on this error at: https://sqlalche.me/e/20/gkpj)",2025-08-22 22:40:56.650964
STORE1215,Oxford Store,East Kingston,Joseph Jackson,"Database insertion failed: (pymysql.err.IntegrityError) (1062, ""Duplicate entry 'STORE1090' for key 'dimstore.store_id'"")
[SQL: INSERT INTO dimstore (store_id, store_name, location, manager) VALUES (%(store_id)s, %(store_name)s, %(location)s, %(manager)s)]
[parameters: [{'store_id': 'STORE1090', 'store_name': 'Oxford Store', 'location': 'East Greenwood', 'manager': 'Jennifer Garcia'}, {'store_id': 'STORE1091', 'store_name': 'Salem Store', 'location': 'East Newport', 'manager': 'George Turner'}, {'store_id': 'STORE1092', 'store_name': 'Chester Store', 'location': 'West Fairview', 'manager': 'Richard Taylor'}, {'store_id': 'STORE1093', 'store_name': 'Manchester Store', 'location': 'East Jackson', 'manager': 'Anthony Lee'}, {'store_id': 'STORE1094', 'store_name': 'Franklin Store', 'location': 'West Washington', 'manager': 'Christopher Garcia'}, {'store_id': 'STORE1095', 'store_name': 'Fairview Store', 'location': 'East Bristol', 'manager': 'Lisa Edwards'}, {'store_id': 'STORE1096', 'store_name': 'Milton Store', 'location': 'West Marion', 'manager': 'Dorothy Parker'}, {'store_id': 'STORE1097', 'store_name': 'Burlington Store', 'location': 'West Richmond', 'manager': 'John Jones'}  ... displaying 10 of 534 total bound parameter sets ...  {'store_id': 'STORE1622', 'store_name': 'Franklin Store', 'location': 'East Arlingtontown', 'manager': 'John Jones'}, {'store_id': 'STORE1623', 'store_name': 'Clayton Store', 'location': 'West Franklin', 'manager': 'Carol Wright'}]]
(Background on this error at: https://sqlalche.me/e/20/gkpj)",2025-08-22 22:40:56.650964
STORE1216,Burlington Store,East Marion,Jennifer Garcia,"Database insertion failed: (pymysql.err.IntegrityError) (1062, ""Duplicate entry 'STORE1090' for key 'dimstore.store_id'"")
[SQL: INSERT INTO dimstore (store_id, store_name, location, manager) VALUES (%(store_id)s, %(store_name)s, %(location)s, %(manager)s)]
[parameters: [{'store_id': 'STORE1090', 'store_name': 'Oxford Store', 'location': 'East Greenwood', 'manager': 'Jennifer Garcia'}, {'store_id': 'STORE1091', 'store_name': 'Salem Store', 'location': 'East Newport', 'manager': 'George Turner'}, {'store_id': 'STORE1092', 'store_name': 'Chester Store', 'location': 'West Fairview', 'manager': 'Richard Taylor'}, {'store_id': 'STORE1093', 'store_name': 'Manchester Store', 'location': 'East Jackson', 'manager': 'Anthony Lee'}, {'store_id': 'STORE1094', 'store_name': 'Franklin Store', 'location': 'West Washington', 'manager': 'Christopher Garcia'}, {'store_id': 'STORE1095', 'store_name': 'Fairview Store', 'location': 'East Bristol', 'manager': 'Lisa Edwards'}, {'store_id': 'STORE1096', 'store_name': 'Milton Store', 'location': 'West Marion', 'manager': 'Dorothy Parker'}, {'store_id': 'STORE1097', 'store_name': 'Burlington Store', 'location': 'West Richmond', 'manager': 'John Jones'}  ... displaying 10 of 534 total bound parameter sets ...  {'store_id': 'STORE1622', 'store_name': 'Franklin Store', 'location': 'East Arlingtontown', 'manager': 'John Jones'}, {'store_id': 'STORE1623', 'store_name': 'Clayton Store', 'location': 'West Franklin', 'manager': 'Carol Wright'}]]
(Background on this error at: https://sqlalche.me/e/20/gkpj)",2025-08-22 22:40:56.650964
STORE1217,Riverside Store,West Auburn,Helen Walker,"Database insertion failed: (pymysql.err.IntegrityError) (1062, ""Duplicate entry 'STORE1090' for key 'dimstore.store_id'"")
[SQL: INSERT INTO dimstore (store_id, store_name, location, manager) VALUES (%(store_id)s, %(store_name)s, %(location)s, %(manager)s)]
[parameters: [{'store_id': 'STORE1090', 'store_name': 'Oxford Store', 'location': 'East Greenwood', 'manager': 'Jennifer Garcia'}, {'store_id': 'STORE1091', 'store_name': 'Salem Store', 'location': 'East Newport', 'manager': 'George Turner'}, {'store_id': 'STORE1092', 'store_name': 'Chester Store', 'location': 'West Fairview', 'manager': 'Richard Taylor'}, {'store_id': 'STORE1093', 'store_name': 'Manchester Store', 'location': 'East Jackson', 'manager': 'Anthony Lee'}, {'store_id': 'STORE1094', 'store_name': 'Franklin Store', 'location': 'West Washington', 'manager': 'Christopher Garcia'}, {'store_id': 'STORE1095', 'store_name': 'Fairview Store', 'location': 'East Bristol', 'manager': 'Lisa Edwards'}, {'store_id': 'STORE1096', 'store_name': 'Milton Store', 'location': 'West Marion', 'manager': 'Dorothy Parker'}, {'store_id': 'STORE1097', 'store_name': 'Burlington Store', 'location': 'West Richmond', 'manager': 'John Jones'}  ... displaying 10 of 534 total bound parameter sets ...  {'store_id': 'STORE1622', 'store_name': 'Franklin Store', 'location': 'East Arlingtontown', 'manager': 'John Jones'}, {'store_id': 'STORE1623', 'store_name': 'Clayton Store', 'location': 'West Franklin', 'manager': 'Carol Wright'}]]
(Background on this error at: https://sqlalche.me/e/20/gkpj)",2025-08-22 22:40:56.650964
STORE1218,Burlington Store,East Bristol,Dorothy Parker,"Database insertion failed: (pymysql.err.IntegrityError) (1062, ""Duplicate entry 'STORE1090' for key 'dimstore.store_id'"")
[SQL: INSERT INTO dimstore (store_id, store_name, location, manager) VALUES (%(store_id)s, %(store_name)s, %(location)s, %(manager)s)]
[parameters: [{'store_id': 'STORE1090', 'store_name': 'Oxford Store', 'location': 'East Greenwood', 'manager': 'Jennifer Garcia'}, {'store_id': 'STORE1091', 'store_name': 'Salem Store', 'location': 'East Newport', 'manager': 'George Turner'}, {'store_id': 'STORE1092', 'store_name': 'Chester Store', 'location': 'West Fairview', 'manager': 'Richard Taylor'}, {'store_id': 'STORE1093', 'store_name': 'Manchester Store', 'location': 'East Jackson', 'manager': 'Anthony Lee'}, {'store_id': 'STORE1094', 'store_name': 'Franklin Store', 'location': 'West Washington', 'manager': 'Christopher Garcia'}, {'store_id': 'STORE1095', 'store_name': 'Fairview Store', 'location': 'East Bristol', 'manager': 'Lisa Edwards'}, {'store_id': 'STORE1096', 'store_name': 'Milton Store', 'location': 'West Marion', 'manager': 'Dorothy Parker'}, {'store_id': 'STORE1097', 'store_name': 'Burlington Store', 'location': 'West Richmond', 'manager': 'John Jones'}  ... displaying 10 of 534 total bound parameter sets ...  {'store_id': 'STORE1622', 'store_name': 'Franklin Store', 'location': 'East Arlingtontown', 'manager': 'John Jones'}, {'store_id': 'STORE1623', 'store_name': 'Clayton Store', 'location': 'West Franklin', 'manager': 'Carol Wright'}]]
(Background on this error at: https://sqlalche.me/e/20/gkpj)",2025-08-22 22:40:56.650964
STORE1219,Marion Store,West Dover,Ronald Evans,"Database insertion failed: (pymysql.err.IntegrityError) (1062, ""Duplicate entry 'STORE1090' for key 'dimstore.store_id'"")
[SQL: INSERT INTO dimstore (store_id, store_name, location, manager) VALUES (%(store_id)s, %(store_name)s, %(location)s, %(manager)s)]
[parameters: [{'store_id': 'STORE1090', 'store_name': 'Oxford Store', 'location': 'East Greenwood', 'manager': 'Jennifer Garcia'}, {'store_id': 'STORE1091', 'store_name': 'Salem Store', 'location': 'East Newport', 'manager': 'George Turner'}, {'store_id': 'STORE1092', 'store_name': 'Chester Store', 'location': 'West Fairview', 'manager': 'Richard Taylor'}, {'store_id': 'STORE1093', 'store_name': 'Manchester Store', 'location': 'East Jackson', 'manager': 'Anthony Lee'}, {'store_id': 'STORE1094', 'store_name': 'Franklin Store', 'location': 'West Washington', 'manager': 'Christopher Garcia'}, {'store_id': 'STORE1095', 'store_name': 'Fairview Store', 'location': 'East Bristol', 'manager': 'Lisa Edwards'}, {'store_id': 'STORE1096', 'store_name': 'Milton Store', 'location': 'West Marion', 'manager': 'Dorothy Parker'}, {'store_id': 'STORE1097', 'store_name': 'Burlington Store', 'location': 'West Richmond', 'manager': 'John Jones'}  ... displaying 10 of 534 total bound parameter sets ...  {'store_id': 'STORE1622', 'store_name': 'Franklin Store', 'location': 'East Arlingtontown', 'manager': 'John Jones'}, {'store_id': 'STORE1623', 'store_name': 'Clayton Store', 'location': 'West Franklin', 'manager': 'Carol Wright'}]]
(Background on this error at: https://sqlalche.me/e/20/gkpj)",2025-08-22 22:40:56.650964
STORE1220,Troy Store,East Fairviewtown,Edward Campbell,"Database insertion failed: (pymysql.err.IntegrityError) (1062, ""Duplicate entry 'STORE1090' for key 'dimstore.store_id'"")
[SQL: INSERT INTO dimstore (store_id, store_name, location, manager) VALUES (%(store_id)s, %(store_name)s, %(location)s, %(manager)s)]
[parameters: [{'store_id': 'STORE1090', 'store_name': 'Oxford Store', 'location': 'East Greenwood', 'manager': 'Jennifer Garcia'}, {'store_id': 'STORE1091', 'store_name': 'Salem Store', 'location': 'East Newport', 'manager': 'George Turner'}, {'store_id': 'STORE1092', 'store_name': 'Chester Store', 'location': 'West Fairview', 'manager': 'Richard Taylor'}, {'store_id': 'STORE1093', 'store_name': 'Manchester Store', 'location': 'East Jackson', 'manager': 'Anthony Lee'}, {'store_id': 'STORE1094', 'store_name': 'Franklin Store', 'location': 'West Washington', 'manager': 'Christopher Garcia'}, {'store_id': 'STORE1095', 'store_name': 'Fairview Store', 'location': 'East Bristol', 'manager': 'Lisa Edwards'}, {'store_id': 'STORE1096', 'store_name': 'Milton Store', 'location': 'West Marion', 'manager': 'Dorothy Parker'}, {'store_id': 'STORE1097', 'store_name': 'Burlington Store', 'location': 'West Richmond', 'manager': 'John Jones'}  ... displaying 10 of 534 total bound parameter sets ...  {'store_id': 'STORE1622', 'store_name': 'Franklin Store', 'location': 'East Arlingtontown', 'manager': 'John Jones'}, {'store_id': 'STORE1623', 'store_name': 'Clayton Store', 'location': 'West Franklin', 'manager': 'Carol Wright'}]]
(Background on this error at: https://sqlalche.me/e/20/gkpj)",2025-08-22 22:40:56.650964
STORE1221,Newport Store,East Miltontown,Daniel Robinson,"Database insertion failed: (pymysql.err.IntegrityError) (1062, ""Duplicate entry 'STORE1090' for key 'dimstore.store_id'"")
[SQL: INSERT INTO dimstore (store_id, store_name, location, manager) VALUES (%(store_id)s, %(store_name)s, %(location)s, %(manager)s)]
[parameters: [{'store_id': 'STORE1090', 'store_name': 'Oxford Store', 'location': 'East Greenwood', 'manager': 'Jennifer Garcia'}, {'store_id': 'STORE1091', 'store_name': 'Salem Store', 'location': 'East Newport', 'manager': 'George Turner'}, {'store_id': 'STORE1092', 'store_name': 'Chester Store', 'location': 'West Fairview', 'manager': 'Richard Taylor'}, {'store_id': 'STORE1093', 'store_name': 'Manchester Store', 'location': 'East Jackson', 'manager': 'Anthony Lee'}, {'store_id': 'STORE1094', 'store_name': 'Franklin Store', 'location': 'West Washington', 'manager': 'Christopher Garcia'}, {'store_id': 'STORE1095', 'store_name': 'Fairview Store', 'location': 'East Bristol', 'manager': 'Lisa Edwards'}, {'store_id': 'STORE1096', 'store_name': 'Milton Store', 'location': 'West Marion', 'manager': 'Dorothy Parker'}, {'store_id': 'STORE1097', 'store_name': 'Burlington Store', 'location': 'West Richmond', 'manager': 'John Jones'}  ... displaying 10 of 534 total bound parameter sets ...  {'store_id': 'STORE1622', 'store_name': 'Franklin Store', 'location': 'East Arlingtontown', 'manager': 'John Jones'}, {'store_id': 'STORE1623', 'store_name': 'Clayton Store', 'location': 'West Franklin', 'manager': 'Carol Wright'}]]
(Background on this error at: https://sqlalche.me/e/20/gkpj)",2025-08-22 22:40:56.650964
STORE1222,Greenwood Store,West Clayton,Ruth Hill,"Database insertion failed: (pymysql.err.IntegrityError) (1062, ""Duplicate entry 'STORE1090' for key 'dimstore.store_id'"")
[SQL: INSERT INTO dimstore (store_id, store_name, location, manager) VALUES (%(store_id)s, %(store_name)s, %(location)s, %(manager)s)]
[parameters: [{'store_id': 'STORE1090', 'store_name': 'Oxford Store', 'location': 'East Greenwood', 'manager': 'Jennifer Garcia'}, {'store_id': 'STORE1091', 'store_name': 'Salem Store', 'location': 'East Newport', 'manager': 'George Turner'}, {'store_id': 'STORE1092', 'store_name': 'Chester Store', 'location': 'West Fairview', 'manager': 'Richard Taylor'}, {'store_id': 'STORE1093', 'store_name': 'Manchester Store', 'location': 'East Jackson', 'manager': 'Anthony Lee'}, {'store_id': 'STORE1094', 'store_name': 'Franklin Store', 'location': 'West Washington', 'manager': 'Christopher Garcia'}, {'store_id': 'STORE1095', 'store_name': 'Fairview Store', 'location': 'East Bristol', 'manager': 'Lisa Edwards'}, {'store_id': 'STORE1096', 'store_name': 'Milton Store', 'location': 'West Marion', 'manager': 'Dorothy Parker'}, {'store_id': 'STORE1097', 'store_name': 'Burlington Store', 'location': 'West Richmond', 'manager': 'John Jones'}  ... displaying 10 of 534 total bound parameter sets ...  {'store_id': 'STORE1622', 'store_name': 'Franklin Store', 'location': 'East Arlingtontown', 'manager': 'John Jones'}, {'store_id': 'STORE1623', 'store_name': 'Clayton Store', 'location': 'West Franklin', 'manager': 'Carol Wright'}]]
(Background on this error at: https://sqlalche.me/e/20/gkpj)",2025-08-22 22:40:56.650964
STORE1223,Dover Store,West Richmond,Kenneth Gonzalez,"Database insertion failed: (pymysql.err.IntegrityError) (1062, ""Duplicate entry 'STORE1090' for key 'dimstore.store_id'"")
[SQL: INSERT INTO dimstore (store_id, store_name, location, manager) VALUES (%(store_id)s, %(store_name)s, %(location)s, %(manager)s)]
[parameters: [{'store_id': 'STORE1090', 'store_name': 'Oxford Store', 'location': 'East Greenwood', 'manager': 'Jennifer Garcia'}, {'store_id': 'STORE1091', 'store_name': 'Salem Store', 'location': 'East Newport', 'manager': 'George Turner'}, {'store_id': 'STORE1092', 'store_name': 'Chester Store', 'location': 'West Fairview', 'manager': 'Richard Taylor'}, {'store_id': 'STORE1093', 'store_name': 'Manchester Store', 'location': 'East Jackson', 'manager': 'Anthony Lee'}, {'store_id': 'STORE1094', 'store_name': 'Franklin Store', 'location': 'West Washington', 'manager': 'Christopher Garcia'}, {'store_id': 'STORE1095', 'store_name': 'Fairview Store', 'location': 'East Bristol', 'manager': 'Lisa Edwards'}, {'store_id': 'STORE1096', 'store_name': 'Milton Store', 'location': 'West Marion', 'manager': 'Dorothy Parker'}, {'store_id': 'STORE1097', 'store_name': 'Burlington Store', 'location': 'West Richmond', 'manager': 'John Jones'}  ... displaying 10 of 534 total bound parameter sets ...  {'store_id': 'STORE1622', 'store_name': 'Franklin Store', 'location': 'East Arlingtontown', 'manager': 'John Jones'}, {'store_id': 'STORE1623', 'store_name': 'Clayton Store', 'location': 'West Franklin', 'manager': 'Carol Wright'}]]
(Background on this error at: https://sqlalche.me/e/20/gkpj)",2025-08-22 22:40:56.650964
STORE1224,Auburn Store,East Fairview,George Turner,"Database insertion failed: (pymysql.err.IntegrityError) (1062, ""Duplicate entry 'STORE1090' for key 'dimstore.store_id'"")
[SQL: INSERT INTO dimstore (store_id, store_name, location, manager) VALUES (%(store_id)s, %(store_name)s, %(location)s, %(manager)s)]
[parameters: [{'store_id': 'STORE1090', 'store_name': 'Oxford Store', 'location': 'East Greenwood', 'manager': 'Jennifer Garcia'}, {'store_id': 'STORE1091', 'store_name': 'Salem Store', 'location': 'East Newport', 'manager': 'George Turner'}, {'store_id': 'STORE1092', 'store_name': 'Chester Store', 'location': 'West Fairview', 'manager': 'Richard Taylor'}, {'store_id': 'STORE1093', 'store_name': 'Manchester Store', 'location': 'East Jackson', 'manager': 'Anthony Lee'}, {'store_id': 'STORE1094', 'store_name': 'Franklin Store', 'location': 'West Washington', 'manager': 'Christopher Garcia'}, {'store_id': 'STORE1095', 'store_name': 'Fairview Store', 'location': 'East Bristol', 'manager': 'Lisa Edwards'}, {'store_id': 'STORE1096', 'store_name': 'Milton Store', 'location': 'West Marion', 'manager': 'Dorothy Parker'}, {'store_id': 'STORE1097', 'store_name': 'Burlington Store', 'location': 'West Richmond', 'manager': 'John Jones'}  ... displaying 10 of 534 total bound parameter sets ...  {'store_id': 'STORE1622', 'store_name': 'Franklin Store', 'location': 'East Arlingtontown', 'manager': 'John Jones'}, {'store_id': 'STORE1623', 'store_name': 'Clayton Store', 'location': 'West Franklin', 'manager': 'Carol Wright'}]]
(Background on this error at: https://sqlalche.me/e/20/gkpj)",2025-08-22 22:40:56.650964
STORE1225,Bristol Store,East Bristoltown,Brian Perez,"Database insertion failed: (pymysql.err.IntegrityError) (1062, ""Duplicate entry 'STORE1090' for key 'dimstore.store_id'"")
[SQL: INSERT INTO dimstore (store_id, store_name, location, manager) VALUES (%(store_id)s, %(store_name)s, %(location)s, %(manager)s)]
[parameters: [{'store_id': 'STORE1090', 'store_name': 'Oxford Store', 'location': 'East Greenwood', 'manager': 'Jennifer Garcia'}, {'store_id': 'STORE1091', 'store_name': 'Salem Store', 'location': 'East Newport', 'manager': 'George Turner'}, {'store_id': 'STORE1092', 'store_name': 'Chester Store', 'location': 'West Fairview', 'manager': 'Richard Taylor'}, {'store_id': 'STORE1093', 'store_name': 'Manchester Store', 'location': 'East Jackson', 'manager': 'Anthony Lee'}, {'store_id': 'STORE1094', 'store_name': 'Franklin Store', 'location': 'West Washington', 'manager': 'Christopher Garcia'}, {'store_id': 'STORE1095', 'store_name': 'Fairview Store', 'location': 'East Bristol', 'manager': 'Lisa Edwards'}, {'store_id': 'STORE1096', 'store_name': 'Milton Store', 'location': 'West Marion', 'manager': 'Dorothy Parker'}, {'store_id': 'STORE1097', 'store_name': 'Burlington Store', 'location': 'West Richmond', 'manager': 'John Jones'}  ... displaying 10 of 534 total bound parameter sets ...  {'store_id': 'STORE1622', 'store_name': 'Franklin Store', 'location': 'East Arlingtontown', 'manager': 'John Jones'}, {'store_id': 'STORE1623', 'store_name': 'Clayton Store', 'location': 'West Franklin', 'manager': 'Carol Wright'}]]
(Background on this error at: https://sqlalche.me/e/20/gkpj)",2025-08-22 22:40:56.650964
STORE1226,Dover Store,East Dover,Joseph Jackson,"Database insertion failed: (pymysql.err.IntegrityError) (1062, ""Duplicate entry 'STORE1090' for key 'dimstore.store_id'"")
[SQL: INSERT INTO dimstore (store_id, store_name, location, manager) VALUES (%(store_id)s, %(store_name)s, %(location)s, %(manager)s)]
[parameters: [{'store_id': 'STORE1090', 'store_name': 'Oxford Store', 'location': 'East Greenwood', 'manager': 'Jennifer Garcia'}, {'store_id': 'STORE1091', 'store_name': 'Salem Store', 'location': 'East Newport', 'manager': 'George Turner'}, {'store_id': 'STORE1092', 'store_name': 'Chester Store', 'location': 'West Fairview', 'manager': 'Richard Taylor'}, {'store_id': 'STORE1093', 'store_name': 'Manchester Store', 'location': 'East Jackson', 'manager': 'Anthony Lee'}, {'store_id': 'STORE1094', 'store_name': 'Franklin Store', 'location': 'West Washington', 'manager': 'Christopher Garcia'}, {'store_id': 'STORE1095', 'store_name': 'Fairview Store', 'location': 'East Bristol', 'manager': 'Lisa Edwards'}, {'store_id': 'STORE1096', 'store_name': 'Milton Store', 'location': 'West Marion', 'manager': 'Dorothy Parker'}, {'store_id': 'STORE1097', 'store_name': 'Burlington Store', 'location': 'West Richmond', 'manager': 'John Jones'}  ... displaying 10 of 534 total bound parameter sets ...  {'store_id': 'STORE1622', 'store_name': 'Franklin Store', 'location': 'East Arlingtontown', 'manager': 'John Jones'}, {'store_id': 'STORE1623', 'store_name': 'Clayton Store', 'location': 'West Franklin', 'manager': 'Carol Wright'}]]
(Background on this error at: https://sqlalche.me/e/20/gkpj)",2025-08-22 22:40:56.650964
STORE1227,Hudson Store,East Lancaster,Nancy Martinez,"Database insertion failed: (pymysql.err.IntegrityError) (1062, ""Duplicate entry 'STORE1090' for key 'dimstore.store_id'"")
[SQL: INSERT INTO dimstore (store_id, store_name, location, manager) VALUES (%(store_id)s, %(store_name)s, %(location)s, %(manager)s)]
[parameters: [{'store_id': 'STORE1090', 'store_name': 'Oxford Store', 'location': 'East Greenwood', 'manager': 'Jennifer Garcia'}, {'store_id': 'STORE1091', 'store_name': 'Salem Store', 'location': 'East Newport', 'manager': 'George Turner'}, {'store_id': 'STORE1092', 'store_name': 'Chester Store', 'location': 'West Fairview', 'manager': 'Richard Taylor'}, {'store_id': 'STORE1093', 'store_name': 'Manchester Store', 'location': 'East Jackson', 'manager': 'Anthony Lee'}, {'store_id': 'STORE1094', 'store_name': 'Franklin Store', 'location': 'West Washington', 'manager': 'Christopher Garcia'}, {'store_id': 'STORE1095', 'store_name': 'Fairview Store', 'location': 'East Bristol', 'manager': 'Lisa Edwards'}, {'store_id': 'STORE1096', 'store_name': 'Milton Store', 'location': 'West Marion', 'manager': 'Dorothy Parker'}, {'store_id': 'STORE1097', 'store_name': 'Burlington Store', 'location': 'West Richmond', 'manager': 'John Jones'}  ... displaying 10 of 534 total bound parameter sets ...  {'store_id': 'STORE1622', 'store_name': 'Franklin Store', 'location': 'East Arlingtontown', 'manager': 'John Jones'}, {'store_id': 'STORE1623', 'store_name': 'Clayton Store', 'location': 'West Franklin', 'manager': 'Carol Wright'}]]
(Background on this error at: https://sqlalche.me/e/20/gkpj)",2025-08-22 22:40:56.650964
STORE1228,Manchester Store,East Manchestertown,Paul Lopez,"Database insertion failed: (pymysql.err.IntegrityError) (1062, ""Duplicate entry 'STORE1090' for key 'dimstore.store_id'"")
[SQL: INSERT INTO dimstore (store_id, store_name, location, manager) VALUES (%(store_id)s, %(store_name)s, %(location)s, %(manager)s)]
[parameters: [{'store_id': 'STORE1090', 'store_name': 'Oxford Store', 'location': 'East Greenwood', 'manager': 'Jennifer Garcia'}, {'store_id': 'STORE1091', 'store_name': 'Salem Store', 'location': 'East Newport', 'manager': 'George Turner'}, {'store_id': 'STORE1092', 'store_name': 'Chester Store', 'location': 'West Fairview', 'manager': 'Richard Taylor'}, {'store_id': 'STORE1093', 'store_name': 'Manchester Store', 'location': 'East Jackson', 'manager': 'Anthony Lee'}, {'store_id': 'STORE1094', 'store_name': 'Franklin Store', 'location': 'West Washington', 'manager': 'Christopher Garcia'}, {'store_id': 'STORE1095', 'store_name': 'Fairview Store', 'location': 'East Bristol', 'manager': 'Lisa Edwards'}, {'store_id': 'STORE1096', 'store_name': 'Milton Store', 'location': 'West Marion', 'manager': 'Dorothy Parker'}, {'store_id': 'STORE1097', 'store_name': 'Burlington Store', 'location': 'West Richmond', 'manager': 'John Jones'}  ... displaying 10 of 534 total bound parameter sets ...  {'store_id': 'STORE1622', 'store_name': 'Franklin Store', 'location': 'East Arlingtontown', 'manager': 'John Jones'}, {'store_id': 'STORE1623', 'store_name': 'Clayton Store', 'location': 'West Franklin', 'manager': 'Carol Wright'}]]
(Background on this error at: https://sqlalche.me/e/20/gkpj)",2025-08-22 22:40:56.650964
STORE1229,Riverside Store,West Dover,Emily Mitchell,"Database insertion failed: (pymysql.err.IntegrityError) (1062, ""Duplicate entry 'STORE1090' for key 'dimstore.store_id'"")
[SQL: INSERT INTO dimstore (store_id, store_name, location, manager) VALUES (%(store_id)s, %(store_name)s, %(location)s, %(manager)s)]
[parameters: [{'store_id': 'STORE1090', 'store_name': 'Oxford Store', 'location': 'East Greenwood', 'manager': 'Jennifer Garcia'}, {'store_id': 'STORE1091', 'store_name': 'Salem Store', 'location': 'East Newport', 'manager': 'George Turner'}, {'store_id': 'STORE1092', 'store_name': 'Chester Store', 'location': 'West Fairview', 'manager': 'Richard Taylor'}, {'store_id': 'STORE1093', 'store_name': 'Manchester Store', 'location': 'East Jackson', 'manager': 'Anthony Lee'}, {'store_id': 'STORE1094', 'store_name': 'Franklin Store', 'location': 'West Washington', 'manager': 'Christopher Garcia'}, {'store_id': 'STORE1095', 'store_name': 'Fairview Store', 'location': 'East Bristol', 'manager': 'Lisa Edwards'}, {'store_id': 'STORE1096', 'store_name': 'Milton Store', 'location': 'West Marion', 'manager': 'Dorothy Parker'}, {'store_id': 'STORE1097', 'store_name': 'Burlington Store', 'location': 'West Richmond', 'manager': 'John Jones'}  ... displaying 10 of 534 total bound parameter sets ...  {'store_id': 'STORE1622', 'store_name': 'Franklin Store', 'location': 'East Arlingtontown', 'manager': 'John Jones'}, {'store_id': 'STORE1623', 'store_name': 'Clayton Store', 'location': 'West Franklin', 'manager': 'Carol Wright'}]]
(Background on this error at: https://sqlalche.me/e/20/gkpj)",2025-08-22 22:40:56.650964
STORE1230,Newport Store,East Lancaster,Ronald Evans,"Database insertion failed: (pymysql.err.IntegrityError) (1062, ""Duplicate entry 'STORE1090' for key 'dimstore.store_id'"")
[SQL: INSERT INTO dimstore (store_id, store_name, location, manager) VALUES (%(store_id)s, %(store_name)s, %(location)s, %(manager)s)]
[parameters: [{'store_id': 'STORE1090', 'store_name': 'Oxford Store', 'location': 'East Greenwood', 'manager': 'Jennifer Garcia'}, {'store_id': 'STORE1091', 'store_name': 'Salem Store', 'location': 'East Newport', 'manager': 'George Turner'}, {'store_id': 'STORE1092', 'store_name': 'Chester Store', 'location': 'West Fairview', 'manager': 'Richard Taylor'}, {'store_id': 'STORE1093', 'store_name': 'Manchester Store', 'location': 'East Jackson', 'manager': 'Anthony Lee'}, {'store_id': 'STORE1094', 'store_name': 'Franklin Store', 'location': 'West Washington', 'manager': 'Christopher Garcia'}, {'store_id': 'STORE1095', 'store_name': 'Fairview Store', 'location': 'East Bristol', 'manager': 'Lisa Edwards'}, {'store_id': 'STORE1096', 'store_name': 'Milton Store', 'location': 'West Marion', 'manager': 'Dorothy Parker'}, {'store_id': 'STORE1097', 'store_name': 'Burlington Store', 'location': 'West Richmond', 'manager': 'John Jones'}  ... displaying 10 of 534 total bound parameter sets ...  {'store_id': 'STORE1622', 'store_name': 'Franklin Store', 'location': 'East Arlingtontown', 'manager': 'John Jones'}, {'store_id': 'STORE1623', 'store_name': 'Clayton Store', 'location': 'West Franklin', 'manager': 'Carol Wright'}]]
(Background on this error at: https://sqlalche.me/e/20/gkpj)",2025-08-22 22:40:56.650964
STORE1231,Fairview Store,West Auburn,John Jones,"Database insertion failed: (pymysql.err.IntegrityError) (1062, ""Duplicate entry 'STORE1090' for key 'dimstore.store_id'"")
[SQL: INSERT INTO dimstore (store_id, store_name, location, manager) VALUES (%(store_id)s, %(store_name)s, %(location)s, %(manager)s)]
[parameters: [{'store_id': 'STORE1090', 'store_name': 'Oxford Store', 'location': 'East Greenwood', 'manager': 'Jennifer Garcia'}, {'store_id': 'STORE1091', 'store_name': 'Salem Store', 'location': 'East Newport', 'manager': 'George Turner'}, {'store_id': 'STORE1092', 'store_name': 'Chester Store', 'location': 'West Fairview', 'manager': 'Richard Taylor'}, {'store_id': 'STORE1093', 'store_name': 'Manchester Store', 'location': 'East Jackson', 'manager': 'Anthony Lee'}, {'store_id': 'STORE1094', 'store_name': 'Franklin Store', 'location': 'West Washington', 'manager': 'Christopher Garcia'}, {'store_id': 'STORE1095', 'store_name': 'Fairview Store', 'location': 'East Bristol', 'manager': 'Lisa Edwards'}, {'store_id': 'STORE1096', 'store_name': 'Milton Store', 'location': 'West Marion', 'manager': 'Dorothy Parker'}, {'store_id': 'STORE1097', 'store_name': 'Burlington Store', 'location': 'West Richmond', 'manager': 'John Jones'}  ... displaying 10 of 534 total bound parameter sets ...  {'store_id': 'STORE1622', 'store_name': 'Franklin Store', 'location': 'East Arlingtontown', 'manager': 'John Jones'}, {'store_id': 'STORE1623', 'store_name': 'Clayton Store', 'location': 'West Franklin', 'manager': 'Carol Wright'}]]
(Background on this error at: https://sqlalche.me/e/20/gkpj)",2025-08-22 22:40:56.650964
STORE1232,Washington Store,West Richmondtown,Michelle Baker,"Database insertion failed: (pymysql.err.IntegrityError) (1062, ""Duplicate entry 'STORE1090' for key 'dimstore.store_id'"")
[SQL: INSERT INTO dimstore (store_id, store_name, location, manager) VALUES (%(store_id)s, %(store_name)s, %(location)s, %(manager)s)]
[parameters: [{'store_id': 'STORE1090', 'store_name': 'Oxford Store', 'location': 'East Greenwood', 'manager': 'Jennifer Garcia'}, {'store_id': 'STORE1091', 'store_name': 'Salem Store', 'location': 'East Newport', 'manager': 'George Turner'}, {'store_id': 'STORE1092', 'store_name': 'Chester Store', 'location': 'West Fairview', 'manager': 'Richard Taylor'}, {'store_id': 'STORE1093', 'store_name': 'Manchester Store', 'location': 'East Jackson', 'manager': 'Anthony Lee'}, {'store_id': 'STORE1094', 'store_name': 'Franklin Store', 'location': 'West Washington', 'manager': 'Christopher Garcia'}, {'store_id': 'STORE1095', 'store_name': 'Fairview Store', 'location': 'East Bristol', 'manager': 'Lisa Edwards'}, {'store_id': 'STORE1096', 'store_name': 'Milton Store', 'location': 'West Marion', 'manager': 'Dorothy Parker'}, {'store_id': 'STORE1097', 'store_name': 'Burlington Store', 'location': 'West Richmond', 'manager': 'John Jones'}  ... displaying 10 of 534 total bound parameter sets ...  {'store_id': 'STORE1622', 'store_name': 'Franklin Store', 'location': 'East Arlingtontown', 'manager': 'John Jones'}, {'store_id': 'STORE1623', 'store_name': 'Clayton Store', 'location': 'West Franklin', 'manager': 'Carol Wright'}]]
(Background on this error at: https://sqlalche.me/e/20/gkpj)",2025-08-22 22:40:56.650964
STORE1233,Ashland Store,East Chester,Thomas Harris,"Database insertion failed: (pymysql.err.IntegrityError) (1062, ""Duplicate entry 'STORE1090' for key 'dimstore.store_id'"")
[SQL: INSERT INTO dimstore (store_id, store_name, location, manager) VALUES (%(store_id)s, %(store_name)s, %(location)s, %(manager)s)]
[parameters: [{'store_id': 'STORE1090', 'store_name': 'Oxford Store', 'location': 'East Greenwood', 'manager': 'Jennifer Garcia'}, {'store_id': 'STORE1091', 'store_name': 'Salem Store', 'location': 'East Newport', 'manager': 'George Turner'}, {'store_id': 'STORE1092', 'store_name': 'Chester Store', 'location': 'West Fairview', 'manager': 'Richard Taylor'}, {'store_id': 'STORE1093', 'store_name': 'Manchester Store', 'location': 'East Jackson', 'manager': 'Anthony Lee'}, {'store_id': 'STORE1094', 'store_name': 'Franklin Store', 'location': 'West Washington', 'manager': 'Christopher Garcia'}, {'store_id': 'STORE1095', 'store_name': 'Fairview Store', 'location': 'East Bristol', 'manager': 'Lisa Edwards'}, {'store_id': 'STORE1096', 'store_name': 'Milton Store', 'location': 'West Marion', 'manager': 'Dorothy Parker'}, {'store_id': 'STORE1097', 'store_name': 'Burlington Store', 'location': 'West Richmond', 'manager': 'John Jones'}  ... displaying 10 of 534 total bound parameter sets ...  {'store_id': 'STORE1622', 'store_name': 'Franklin Store', 'location': 'East Arlingtontown', 'manager': 'John Jones'}, {'store_id': 'STORE1623', 'store_name': 'Clayton Store', 'location': 'West Franklin', 'manager': 'Carol Wright'}]]
(Background on this error at: https://sqlalche.me/e/20/gkpj)",2025-08-22 22:40:56.650964
STORE1234,Manchester Store,East Clintontown,Deborah Phillips,"Database insertion failed: (pymysql.err.IntegrityError) (1062, ""Duplicate entry 'STORE1090' for key 'dimstore.store_id'"")
[SQL: INSERT INTO dimstore (store_id, store_name, location, manager) VALUES (%(store_id)s, %(store_name)s, %(location)s, %(manager)s)]
[parameters: [{'store_id': 'STORE1090', 'store_name': 'Oxford Store', 'location': 'East Greenwood', 'manager': 'Jennifer Garcia'}, {'store_id': 'STORE1091', 'store_name': 'Salem Store', 'location': 'East Newport', 'manager': 'George Turner'}, {'store_id': 'STORE1092', 'store_name': 'Chester Store', 'location': 'West Fairview', 'manager': 'Richard Taylor'}, {'store_id': 'STORE1093', 'store_name': 'Manchester Store', 'location': 'East Jackson', 'manager': 'Anthony Lee'}, {'store_id': 'STORE1094', 'store_name': 'Franklin Store', 'location': 'West Washington', 'manager': 'Christopher Garcia'}, {'store_id': 'STORE1095', 'store_name': 'Fairview Store', 'location': 'East Bristol', 'manager': 'Lisa Edwards'}, {'store_id': 'STORE1096', 'store_name': 'Milton Store', 'location': 'West Marion', 'manager': 'Dorothy Parker'}, {'store_id': 'STORE1097', 'store_name': 'Burlington Store', 'location': 'West Richmond', 'manager': 'John Jones'}  ... displaying 10 of 534 total bound parameter sets ...  {'store_id': 'STORE1622', 'store_name': 'Franklin Store', 'location': 'East Arlingtontown', 'manager': 'John Jones'}, {'store_id': 'STORE1623', 'store_name': 'Clayton Store', 'location': 'West Franklin', 'manager': 'Carol Wright'}]]
(Background on this error at: https://sqlalche.me/e/20/gkpj)",2025-08-22 22:40:56.650964
STORE1235,Ashland Store,West Manchestertown,Mary Johnson,"Database insertion failed: (pymysql.err.IntegrityError) (1062, ""Duplicate entry 'STORE1090' for key 'dimstore.store_id'"")
[SQL: INSERT INTO dimstore (store_id, store_name, location, manager) VALUES (%(store_id)s, %(store_name)s, %(location)s, %(manager)s)]
[parameters: [{'store_id': 'STORE1090', 'store_name': 'Oxford Store', 'location': 'East Greenwood', 'manager': 'Jennifer Garcia'}, {'store_id': 'STORE1091', 'store_name': 'Salem Store', 'location': 'East Newport', 'manager': 'George Turner'}, {'store_id': 'STORE1092', 'store_name': 'Chester Store', 'location': 'West Fairview', 'manager': 'Richard Taylor'}, {'store_id': 'STORE1093', 'store_name': 'Manchester Store', 'location': 'East Jackson', 'manager': 'Anthony Lee'}, {'store_id': 'STORE1094', 'store_name': 'Franklin Store', 'location': 'West Washington', 'manager': 'Christopher Garcia'}, {'store_id': 'STORE1095', 'store_name': 'Fairview Store', 'location': 'East Bristol', 'manager': 'Lisa Edwards'}, {'store_id': 'STORE1096', 'store_name': 'Milton Store', 'location': 'West Marion', 'manager': 'Dorothy Parker'}, {'store_id': 'STORE1097', 'store_name': 'Burlington Store', 'location': 'West Richmond', 'manager': 'John Jones'}  ... displaying 10 of 534 total bound parameter sets ...  {'store_id': 'STORE1622', 'store_name': 'Franklin Store', 'location': 'East Arlingtontown', 'manager': 'John Jones'}, {'store_id': 'STORE1623', 'store_name': 'Clayton Store', 'location': 'West Franklin', 'manager': 'Carol Wright'}]]
(Background on this error at: https://sqlalche.me/e/20/gkpj)",2025-08-22 22:40:56.650964
STORE1236,Kingston Store,East Clintontown,Joshua Adams,"Database insertion failed: (pymysql.err.IntegrityError) (1062, ""Duplicate entry 'STORE1090' for key 'dimstore.store_id'"")
[SQL: INSERT INTO dimstore (store_id, store_name, location, manager) VALUES (%(store_id)s, %(store_name)s, %(location)s, %(manager)s)]
[parameters: [{'store_id': 'STORE1090', 'store_name': 'Oxford Store', 'location': 'East Greenwood', 'manager': 'Jennifer Garcia'}, {'store_id': 'STORE1091', 'store_name': 'Salem Store', 'location': 'East Newport', 'manager': 'George Turner'}, {'store_id': 'STORE1092', 'store_name': 'Chester Store', 'location': 'West Fairview', 'manager': 'Richard Taylor'}, {'store_id': 'STORE1093', 'store_name': 'Manchester Store', 'location': 'East Jackson', 'manager': 'Anthony Lee'}, {'store_id': 'STORE1094', 'store_name': 'Franklin Store', 'location': 'West Washington', 'manager': 'Christopher Garcia'}, {'store_id': 'STORE1095', 'store_name': 'Fairview Store', 'location': 'East Bristol', 'manager': 'Lisa Edwards'}, {'store_id': 'STORE1096', 'store_name': 'Milton Store', 'location': 'West Marion', 'manager': 'Dorothy Parker'}, {'store_id': 'STORE1097', 'store_name': 'Burlington Store', 'location': 'West Richmond', 'manager': 'John Jones'}  ... displaying 10 of 534 total bound parameter sets ...  {'store_id': 'STORE1622', 'store_name': 'Franklin Store', 'location': 'East Arlingtontown', 'manager': 'John Jones'}, {'store_id': 'STORE1623', 'store_name': 'Clayton Store', 'location': 'West Franklin', 'manager': 'Carol Wright'}]]
(Background on this error at: https://sqlalche.me/e/20/gkpj)",2025-08-22 22:40:56.650964
STORE1237,Newport Store,West Arlingtontown,Mary Johnson,"Database insertion failed: (pymysql.err.IntegrityError) (1062, ""Duplicate entry 'STORE1090' for key 'dimstore.store_id'"")
[SQL: INSERT INTO dimstore (store_id, store_name, location, manager) VALUES (%(store_id)s, %(store_name)s, %(location)s, %(manager)s)]
[parameters: [{'store_id': 'STORE1090', 'store_name': 'Oxford Store', 'location': 'East Greenwood', 'manager': 'Jennifer Garcia'}, {'store_id': 'STORE1091', 'store_name': 'Salem Store', 'location': 'East Newport', 'manager': 'George Turner'}, {'store_id': 'STORE1092', 'store_name': 'Chester Store', 'location': 'West Fairview', 'manager': 'Richard Taylor'}, {'store_id': 'STORE1093', 'store_name': 'Manchester Store', 'location': 'East Jackson', 'manager': 'Anthony Lee'}, {'store_id': 'STORE1094', 'store_name': 'Franklin Store', 'location': 'West Washington', 'manager': 'Christopher Garcia'}, {'store_id': 'STORE1095', 'store_name': 'Fairview Store', 'location': 'East Bristol', 'manager': 'Lisa Edwards'}, {'store_id': 'STORE1096', 'store_name': 'Milton Store', 'location': 'West Marion', 'manager': 'Dorothy Parker'}, {'store_id': 'STORE1097', 'store_name': 'Burlington Store', 'location': 'West Richmond', 'manager': 'John Jones'}  ... displaying 10 of 534 total bound parameter sets ...  {'store_id': 'STORE1622', 'store_name': 'Franklin Store', 'location': 'East Arlingtontown', 'manager': 'John Jones'}, {'store_id': 'STORE1623', 'store_name': 'Clayton Store', 'location': 'West Franklin', 'manager': 'Carol Wright'}]]
(Background on this error at: https://sqlalche.me/e/20/gkpj)",2025-08-22 22:40:56.650964
STORE1238,Springfield Store,East Springfield,Laura Nelson,"Database insertion failed: (pymysql.err.IntegrityError) (1062, ""Duplicate entry 'STORE1090' for key 'dimstore.store_id'"")
[SQL: INSERT INTO dimstore (store_id, store_name, location, manager) VALUES (%(store_id)s, %(store_name)s, %(location)s, %(manager)s)]
[parameters: [{'store_id': 'STORE1090', 'store_name': 'Oxford Store', 'location': 'East Greenwood', 'manager': 'Jennifer Garcia'}, {'store_id': 'STORE1091', 'store_name': 'Salem Store', 'location': 'East Newport', 'manager': 'George Turner'}, {'store_id': 'STORE1092', 'store_name': 'Chester Store', 'location': 'West Fairview', 'manager': 'Richard Taylor'}, {'store_id': 'STORE1093', 'store_name': 'Manchester Store', 'location': 'East Jackson', 'manager': 'Anthony Lee'}, {'store_id': 'STORE1094', 'store_name': 'Franklin Store', 'location': 'West Washington', 'manager': 'Christopher Garcia'}, {'store_id': 'STORE1095', 'store_name': 'Fairview Store', 'location': 'East Bristol', 'manager': 'Lisa Edwards'}, {'store_id': 'STORE1096', 'store_name': 'Milton Store', 'location': 'West Marion', 'manager': 'Dorothy Parker'}, {'store_id': 'STORE1097', 'store_name': 'Burlington Store', 'location': 'West Richmond', 'manager': 'John Jones'}  ... displaying 10 of 534 total bound parameter sets ...  {'store_id': 'STORE1622', 'store_name': 'Franklin Store', 'location': 'East Arlingtontown', 'manager': 'John Jones'}, {'store_id': 'STORE1623', 'store_name': 'Clayton Store', 'location': 'West Franklin', 'manager': 'Carol Wright'}]]
(Background on this error at: https://sqlalche.me/e/20/gkpj)",2025-08-22 22:40:56.650964
STORE1239,Manchester Store,West Kingston,Deborah Phillips,"Database insertion failed: (pymysql.err.IntegrityError) (1062, ""Duplicate entry 'STORE1090' for key 'dimstore.store_id'"")
[SQL: INSERT INTO dimstore (store_id, store_name, location, manager) VALUES (%(store_id)s, %(store_name)s, %(location)s, %(manager)s)]
[parameters: [{'store_id': 'STORE1090', 'store_name': 'Oxford Store', 'location': 'East Greenwood', 'manager': 'Jennifer Garcia'}, {'store_id': 'STORE1091', 'store_name': 'Salem Store', 'location': 'East Newport', 'manager': 'George Turner'}, {'store_id': 'STORE1092', 'store_name': 'Chester Store', 'location': 'West Fairview', 'manager': 'Richard Taylor'}, {'store_id': 'STORE1093', 'store_name': 'Manchester Store', 'location': 'East Jackson', 'manager': 'Anthony Lee'}, {'store_id': 'STORE1094', 'store_name': 'Franklin Store', 'location': 'West Washington', 'manager': 'Christopher Garcia'}, {'store_id': 'STORE1095', 'store_name': 'Fairview Store', 'location': 'East Bristol', 'manager': 'Lisa Edwards'}, {'store_id': 'STORE1096', 'store_name': 'Milton Store', 'location': 'West Marion', 'manager': 'Dorothy Parker'}, {'store_id': 'STORE1097', 'store_name': 'Burlington Store', 'location': 'West Richmond', 'manager': 'John Jones'}  ... displaying 10 of 534 total bound parameter sets ...  {'store_id': 'STORE1622', 'store_name': 'Franklin Store', 'location': 'East Arlingtontown', 'manager': 'John Jones'}, {'store_id': 'STORE1623', 'store_name': 'Clayton Store', 'location': 'West Franklin', 'manager': 'Carol Wright'}]]
(Background on this error at: https://sqlalche.me/e/20/gkpj)",2025-08-22 22:40:56.650964
STORE1240,Richmond Store,East Auburntown,Thomas Harris,"Database insertion failed: (pymysql.err.IntegrityError) (1062, ""Duplicate entry 'STORE1090' for key 'dimstore.store_id'"")
[SQL: INSERT INTO dimstore (store_id, store_name, location, manager) VALUES (%(store_id)s, %(store_name)s, %(location)s, %(manager)s)]
[parameters: [{'store_id': 'STORE1090', 'store_name': 'Oxford Store', 'location': 'East Greenwood', 'manager': 'Jennifer Garcia'}, {'store_id': 'STORE1091', 'store_name': 'Salem Store', 'location': 'East Newport', 'manager': 'George Turner'}, {'store_id': 'STORE1092', 'store_name': 'Chester Store', 'location': 'West Fairview', 'manager': 'Richard Taylor'}, {'store_id': 'STORE1093', 'store_name': 'Manchester Store', 'location': 'East Jackson', 'manager': 'Anthony Lee'}, {'store_id': 'STORE1094', 'store_name': 'Franklin Store', 'location': 'West Washington', 'manager': 'Christopher Garcia'}, {'store_id': 'STORE1095', 'store_name': 'Fairview Store', 'location': 'East Bristol', 'manager': 'Lisa Edwards'}, {'store_id': 'STORE1096', 'store_name': 'Milton Store', 'location': 'West Marion', 'manager': 'Dorothy Parker'}, {'store_id': 'STORE1097', 'store_name': 'Burlington Store', 'location': 'West Richmond', 'manager': 'John Jones'}  ... displaying 10 of 534 total bound parameter sets ...  {'store_id': 'STORE1622', 'store_name': 'Franklin Store', 'location': 'East Arlingtontown', 'manager': 'John Jones'}, {'store_id': 'STORE1623', 'store_name': 'Clayton Store', 'location': 'West Franklin', 'manager': 'Carol Wright'}]]
(Background on this error at: https://sqlalche.me/e/20/gkpj)",2025-08-22 22:40:56.650964
STORE1241,Salem Store,West Oxford,Richard Taylor,"Database insertion failed: (pymysql.err.IntegrityError) (1062, ""Duplicate entry 'STORE1090' for key 'dimstore.store_id'"")
[SQL: INSERT INTO dimstore (store_id, store_name, location, manager) VALUES (%(store_id)s, %(store_name)s, %(location)s, %(manager)s)]
[parameters: [{'store_id': 'STORE1090', 'store_name': 'Oxford Store', 'location': 'East Greenwood', 'manager': 'Jennifer Garcia'}, {'store_id': 'STORE1091', 'store_name': 'Salem Store', 'location': 'East Newport', 'manager': 'George Turner'}, {'store_id': 'STORE1092', 'store_name': 'Chester Store', 'location': 'West Fairview', 'manager': 'Richard Taylor'}, {'store_id': 'STORE1093', 'store_name': 'Manchester Store', 'location': 'East Jackson', 'manager': 'Anthony Lee'}, {'store_id': 'STORE1094', 'store_name': 'Franklin Store', 'location': 'West Washington', 'manager': 'Christopher Garcia'}, {'store_id': 'STORE1095', 'store_name': 'Fairview Store', 'location': 'East Bristol', 'manager': 'Lisa Edwards'}, {'store_id': 'STORE1096', 'store_name': 'Milton Store', 'location': 'West Marion', 'manager': 'Dorothy Parker'}, {'store_id': 'STORE1097', 'store_name': 'Burlington Store', 'location': 'West Richmond', 'manager': 'John Jones'}  ... displaying 10 of 534 total bound parameter sets ...  {'store_id': 'STORE1622', 'store_name': 'Franklin Store', 'location': 'East Arlingtontown', 'manager': 'John Jones'}, {'store_id': 'STORE1623', 'store_name': 'Clayton Store', 'location': 'West Franklin', 'manager': 'Carol Wright'}]]
(Background on this error at: https://sqlalche.me/e/20/gkpj)",2025-08-22 22:40:56.650964
STORE1242,Franklin Store,East Madison,Steven King,"Database insertion failed: (pymysql.err.IntegrityError) (1062, ""Duplicate entry 'STORE1090' for key 'dimstore.store_id'"")
[SQL: INSERT INTO dimstore (store_id, store_name, location, manager) VALUES (%(store_id)s, %(store_name)s, %(location)s, %(manager)s)]
[parameters: [{'store_id': 'STORE1090', 'store_name': 'Oxford Store', 'location': 'East Greenwood', 'manager': 'Jennifer Garcia'}, {'store_id': 'STORE1091', 'store_name': 'Salem Store', 'location': 'East Newport', 'manager': 'George Turner'}, {'store_id': 'STORE1092', 'store_name': 'Chester Store', 'location': 'West Fairview', 'manager': 'Richard Taylor'}, {'store_id': 'STORE1093', 'store_name': 'Manchester Store', 'location': 'East Jackson', 'manager': 'Anthony Lee'}, {'store_id': 'STORE1094', 'store_name': 'Franklin Store', 'location': 'West Washington', 'manager': 'Christopher Garcia'}, {'store_id': 'STORE1095', 'store_name': 'Fairview Store', 'location': 'East Bristol', 'manager': 'Lisa Edwards'}, {'store_id': 'STORE1096', 'store_name': 'Milton Store', 'location': 'West Marion', 'manager': 'Dorothy Parker'}, {'store_id': 'STORE1097', 'store_name': 'Burlington Store', 'location': 'West Richmond', 'manager': 'John Jones'}  ... displaying 10 of 534 total bound parameter sets ...  {'store_id': 'STORE1622', 'store_name': 'Franklin Store', 'location': 'East Arlingtontown', 'manager': 'John Jones'}, {'store_id': 'STORE1623', 'store_name': 'Clayton Store', 'location': 'West Franklin', 'manager': 'Carol Wright'}]]
(Background on this error at: https://sqlalche.me/e/20/gkpj)",2025-08-22 22:40:56.650964
STORE1243,Burlington Store,West Kingston,Edward Campbell,"Database insertion failed: (pymysql.err.IntegrityError) (1062, ""Duplicate entry 'STORE1090' for key 'dimstore.store_id'"")
[SQL: INSERT INTO dimstore (store_id, store_name, location, manager) VALUES (%(store_id)s, %(store_name)s, %(location)s, %(manager)s)]
[parameters: [{'store_id': 'STORE1090', 'store_name': 'Oxford Store', 'location': 'East Greenwood', 'manager': 'Jennifer Garcia'}, {'store_id': 'STORE1091', 'store_name': 'Salem Store', 'location': 'East Newport', 'manager': 'George Turner'}, {'store_id': 'STORE1092', 'store_name': 'Chester Store', 'location': 'West Fairview', 'manager': 'Richard Taylor'}, {'store_id': 'STORE1093', 'store_name': 'Manchester Store', 'location': 'East Jackson', 'manager': 'Anthony Lee'}, {'store_id': 'STORE1094', 'store_name': 'Franklin Store', 'location': 'West Washington', 'manager': 'Christopher Garcia'}, {'store_id': 'STORE1095', 'store_name': 'Fairview Store', 'location': 'East Bristol', 'manager': 'Lisa Edwards'}, {'store_id': 'STORE1096', 'store_name': 'Milton Store', 'location': 'West Marion', 'manager': 'Dorothy Parker'}, {'store_id': 'STORE1097', 'store_name': 'Burlington Store', 'location': 'West Richmond', 'manager': 'John Jones'}  ... displaying 10 of 534 total bound parameter sets ...  {'store_id': 'STORE1622', 'store_name': 'Franklin Store', 'location': 'East Arlingtontown', 'manager': 'John Jones'}, {'store_id': 'STORE1623', 'store_name': 'Clayton Store', 'location': 'West Franklin', 'manager': 'Carol Wright'}]]
(Background on this error at: https://sqlalche.me/e/20/gkpj)",2025-08-22 22:40:56.650964
STORE1244,Marion Store,East Georgetowntown,Joshua Adams,"Database insertion failed: (pymysql.err.IntegrityError) (1062, ""Duplicate entry 'STORE1090' for key 'dimstore.store_id'"")
[SQL: INSERT INTO dimstore (store_id, store_name, location, manager) VALUES (%(store_id)s, %(store_name)s, %(location)s, %(manager)s)]
[parameters: [{'store_id': 'STORE1090', 'store_name': 'Oxford Store', 'location': 'East Greenwood', 'manager': 'Jennifer Garcia'}, {'store_id': 'STORE1091', 'store_name': 'Salem Store', 'location': 'East Newport', 'manager': 'George Turner'}, {'store_id': 'STORE1092', 'store_name': 'Chester Store', 'location': 'West Fairview', 'manager': 'Richard Taylor'}, {'store_id': 'STORE1093', 'store_name': 'Manchester Store', 'location': 'East Jackson', 'manager': 'Anthony Lee'}, {'store_id': 'STORE1094', 'store_name': 'Franklin Store', 'location': 'West Washington', 'manager': 'Christopher Garcia'}, {'store_id': 'STORE1095', 'store_name': 'Fairview Store', 'location': 'East Bristol', 'manager': 'Lisa Edwards'}, {'store_id': 'STORE1096', 'store_name': 'Milton Store', 'location': 'West Marion', 'manager': 'Dorothy Parker'}, {'store_id': 'STORE1097', 'store_name': 'Burlington Store', 'location': 'West Richmond', 'manager': 'John Jones'}  ... displaying 10 of 534 total bound parameter sets ...  {'store_id': 'STORE1622', 'store_name': 'Franklin Store', 'location': 'East Arlingtontown', 'manager': 'John Jones'}, {'store_id': 'STORE1623', 'store_name': 'Clayton Store', 'location': 'West Franklin', 'manager': 'Carol Wright'}]]
(Background on this error at: https://sqlalche.me/e/20/gkpj)",2025-08-22 22:40:56.650964
STORE1245,Salem Store,West Jackson,Robert Williams,"Database insertion failed: (pymysql.err.IntegrityError) (1062, ""Duplicate entry 'STORE1090' for key 'dimstore.store_id'"")
[SQL: INSERT INTO dimstore (store_id, store_name, location, manager) VALUES (%(store_id)s, %(store_name)s, %(location)s, %(manager)s)]
[parameters: [{'store_id': 'STORE1090', 'store_name': 'Oxford Store', 'location': 'East Greenwood', 'manager': 'Jennifer Garcia'}, {'store_id': 'STORE1091', 'store_name': 'Salem Store', 'location': 'East Newport', 'manager': 'George Turner'}, {'store_id': 'STORE1092', 'store_name': 'Chester Store', 'location': 'West Fairview', 'manager': 'Richard Taylor'}, {'store_id': 'STORE1093', 'store_name': 'Manchester Store', 'location': 'East Jackson', 'manager': 'Anthony Lee'}, {'store_id': 'STORE1094', 'store_name': 'Franklin Store', 'location': 'West Washington', 'manager': 'Christopher Garcia'}, {'store_id': 'STORE1095', 'store_name': 'Fairview Store', 'location': 'East Bristol', 'manager': 'Lisa Edwards'}, {'store_id': 'STORE1096', 'store_name': 'Milton Store', 'location': 'West Marion', 'manager': 'Dorothy Parker'}, {'store_id': 'STORE1097', 'store_name': 'Burlington Store', 'location': 'West Richmond', 'manager': 'John Jones'}  ... displaying 10 of 534 total bound parameter sets ...  {'store_id': 'STORE1622', 'store_name': 'Franklin Store', 'location': 'East Arlingtontown', 'manager': 'John Jones'}, {'store_id': 'STORE1623', 'store_name': 'Clayton Store', 'location': 'West Franklin', 'manager': 'Carol Wright'}]]
(Background on this error at: https://sqlalche.me/e/20/gkpj)",2025-08-22 22:40:56.650964
STORE1246,Madison Store,West Georgetown,Carol Wright,"Database insertion failed: (pymysql.err.IntegrityError) (1062, ""Duplicate entry 'STORE1090' for key 'dimstore.store_id'"")
[SQL: INSERT INTO dimstore (store_id, store_name, location, manager) VALUES (%(store_id)s, %(store_name)s, %(location)s, %(manager)s)]
[parameters: [{'store_id': 'STORE1090', 'store_name': 'Oxford Store', 'location': 'East Greenwood', 'manager': 'Jennifer Garcia'}, {'store_id': 'STORE1091', 'store_name': 'Salem Store', 'location': 'East Newport', 'manager': 'George Turner'}, {'store_id': 'STORE1092', 'store_name': 'Chester Store', 'location': 'West Fairview', 'manager': 'Richard Taylor'}, {'store_id': 'STORE1093', 'store_name': 'Manchester Store', 'location': 'East Jackson', 'manager': 'Anthony Lee'}, {'store_id': 'STORE1094', 'store_name': 'Franklin Store', 'location': 'West Washington', 'manager': 'Christopher Garcia'}, {'store_id': 'STORE1095', 'store_name': 'Fairview Store', 'location': 'East Bristol', 'manager': 'Lisa Edwards'}, {'store_id': 'STORE1096', 'store_name': 'Milton Store', 'location': 'West Marion', 'manager': 'Dorothy Parker'}, {'store_id': 'STORE1097', 'store_name': 'Burlington Store', 'location': 'West Richmond', 'manager': 'John Jones'}  ... displaying 10 of 534 total bound parameter sets ...  {'store_id': 'STORE1622', 'store_name': 'Franklin Store', 'location': 'East Arlingtontown', 'manager': 'John Jones'}, {'store_id': 'STORE1623', 'store_name': 'Clayton Store', 'location': 'West Franklin', 'manager': 'Carol Wright'}]]
(Background on this error at: https://sqlalche.me/e/20/gkpj)",2025-08-22 22:40:56.650964
STORE1247,Lancaster Store,West Georgetown,Joseph Jackson,"Database insertion failed: (pymysql.err.IntegrityError) (1062, ""Duplicate entry 'STORE1090' for key 'dimstore.store_id'"")
[SQL: INSERT INTO dimstore (store_id, store_name, location, manager) VALUES (%(store_id)s, %(store_name)s, %(location)s, %(manager)s)]
[parameters: [{'store_id': 'STORE1090', 'store_name': 'Oxford Store', 'location': 'East Greenwood', 'manager': 'Jennifer Garcia'}, {'store_id': 'STORE1091', 'store_name': 'Salem Store', 'location': 'East Newport', 'manager': 'George Turner'}, {'store_id': 'STORE1092', 'store_name': 'Chester Store', 'location': 'West Fairview', 'manager': 'Richard Taylor'}, {'store_id': 'STORE1093', 'store_name': 'Manchester Store', 'location': 'East Jackson', 'manager': 'Anthony Lee'}, {'store_id': 'STORE1094', 'store_name': 'Franklin Store', 'location': 'West Washington', 'manager': 'Christopher Garcia'}, {'store_id': 'STORE1095', 'store_name': 'Fairview Store', 'location': 'East Bristol', 'manager': 'Lisa Edwards'}, {'store_id': 'STORE1096', 'store_name': 'Milton Store', 'location': 'West Marion', 'manager': 'Dorothy Parker'}, {'store_id': 'STORE1097', 'store_name': 'Burlington Store', 'location': 'West Richmond', 'manager': 'John Jones'}  ... displaying 10 of 534 total bound parameter sets ...  {'store_id': 'STORE1622', 'store_name': 'Franklin Store', 'location': 'East Arlingtontown', 'manager': 'John Jones'}, {'store_id': 'STORE1623', 'store_name': 'Clayton Store', 'location': 'West Franklin', 'manager': 'Carol Wright'}]]
(Background on this error at: https://sqlalche.me/e/20/gkpj)",2025-08-22 22:40:56.650964
STORE1248,Arlington Store,East Ashlandtown,Michelle Baker,"Database insertion failed: (pymysql.err.IntegrityError) (1062, ""Duplicate entry 'STORE1090' for key 'dimstore.store_id'"")
[SQL: INSERT INTO dimstore (store_id, store_name, location, manager) VALUES (%(store_id)s, %(store_name)s, %(location)s, %(manager)s)]
[parameters: [{'store_id': 'STORE1090', 'store_name': 'Oxford Store', 'location': 'East Greenwood', 'manager': 'Jennifer Garcia'}, {'store_id': 'STORE1091', 'store_name': 'Salem Store', 'location': 'East Newport', 'manager': 'George Turner'}, {'store_id': 'STORE1092', 'store_name': 'Chester Store', 'location': 'West Fairview', 'manager': 'Richard Taylor'}, {'store_id': 'STORE1093', 'store_name': 'Manchester Store', 'location': 'East Jackson', 'manager': 'Anthony Lee'}, {'store_id': 'STORE1094', 'store_name': 'Franklin Store', 'location': 'West Washington', 'manager': 'Christopher Garcia'}, {'store_id': 'STORE1095', 'store_name': 'Fairview Store', 'location': 'East Bristol', 'manager': 'Lisa Edwards'}, {'store_id': 'STORE1096', 'store_name': 'Milton Store', 'location': 'West Marion', 'manager': 'Dorothy Parker'}, {'store_id': 'STORE1097', 'store_name': 'Burlington Store', 'location': 'West Richmond', 'manager': 'John Jones'}  ... displaying 10 of 534 total bound parameter sets ...  {'store_id': 'STORE1622', 'store_name': 'Franklin Store', 'location': 'East Arlingtontown', 'manager': 'John Jones'}, {'store_id': 'STORE1623', 'store_name': 'Clayton Store', 'location': 'West Franklin', 'manager': 'Carol Wright'}]]
(Background on this error at: https://sqlalche.me/e/20/gkpj)",2025-08-22 22:40:56.650964
STORE1249,Madison Store,East Salemtown,Patricia Brown,"Database insertion failed: (pymysql.err.IntegrityError) (1062, ""Duplicate entry 'STORE1090' for key 'dimstore.store_id'"")
[SQL: INSERT INTO dimstore (store_id, store_name, location, manager) VALUES (%(store_id)s, %(store_name)s, %(location)s, %(manager)s)]
[parameters: [{'store_id': 'STORE1090', 'store_name': 'Oxford Store', 'location': 'East Greenwood', 'manager': 'Jennifer Garcia'}, {'store_id': 'STORE1091', 'store_name': 'Salem Store', 'location': 'East Newport', 'manager': 'George Turner'}, {'store_id': 'STORE1092', 'store_name': 'Chester Store', 'location': 'West Fairview', 'manager': 'Richard Taylor'}, {'store_id': 'STORE1093', 'store_name': 'Manchester Store', 'location': 'East Jackson', 'manager': 'Anthony Lee'}, {'store_id': 'STORE1094', 'store_name': 'Franklin Store', 'location': 'West Washington', 'manager': 'Christopher Garcia'}, {'store_id': 'STORE1095', 'store_name': 'Fairview Store', 'location': 'East Bristol', 'manager': 'Lisa Edwards'}, {'store_id': 'STORE1096', 'store_name': 'Milton Store', 'location': 'West Marion', 'manager': 'Dorothy Parker'}, {'store_id': 'STORE1097', 'store_name': 'Burlington Store', 'location': 'West Richmond', 'manager': 'John Jones'}  ... displaying 10 of 534 total bound parameter sets ...  {'store_id': 'STORE1622', 'store_name': 'Franklin Store', 'location': 'East Arlingtontown', 'manager': 'John Jones'}, {'store_id': 'STORE1623', 'store_name': 'Clayton Store', 'location': 'West Franklin', 'manager': 'Carol Wright'}]]
(Background on this error at: https://sqlalche.me/e/20/gkpj)",2025-08-22 22:40:56.650964
STORE1250,Troy Store,West Manchester,Sarah Martin,"Database insertion failed: (pymysql.err.IntegrityError) (1062, ""Duplicate entry 'STORE1090' for key 'dimstore.store_id'"")
[SQL: INSERT INTO dimstore (store_id, store_name, location, manager) VALUES (%(store_id)s, %(store_name)s, %(location)s, %(manager)s)]
[parameters: [{'store_id': 'STORE1090', 'store_name': 'Oxford Store', 'location': 'East Greenwood', 'manager': 'Jennifer Garcia'}, {'store_id': 'STORE1091', 'store_name': 'Salem Store', 'location': 'East Newport', 'manager': 'George Turner'}, {'store_id': 'STORE1092', 'store_name': 'Chester Store', 'location': 'West Fairview', 'manager': 'Richard Taylor'}, {'store_id': 'STORE1093', 'store_name': 'Manchester Store', 'location': 'East Jackson', 'manager': 'Anthony Lee'}, {'store_id': 'STORE1094', 'store_name': 'Franklin Store', 'location': 'West Washington', 'manager': 'Christopher Garcia'}, {'store_id': 'STORE1095', 'store_name': 'Fairview Store', 'location': 'East Bristol', 'manager': 'Lisa Edwards'}, {'store_id': 'STORE1096', 'store_name': 'Milton Store', 'location': 'West Marion', 'manager': 'Dorothy Parker'}, {'store_id': 'STORE1097', 'store_name': 'Burlington Store', 'location': 'West Richmond', 'manager': 'John Jones'}  ... displaying 10 of 534 total bound parameter sets ...  {'store_id': 'STORE1622', 'store_name': 'Franklin Store', 'location': 'East Arlingtontown', 'manager': 'John Jones'}, {'store_id': 'STORE1623', 'store_name': 'Clayton Store', 'location': 'West Franklin', 'manager': 'Carol Wright'}]]
(Background on this error at: https://sqlalche.me/e/20/gkpj)",2025-08-22 22:40:56.650964
STORE1251,Washington Store,West Riverside,Sharon Green,"Database insertion failed: (pymysql.err.IntegrityError) (1062, ""Duplicate entry 'STORE1090' for key 'dimstore.store_id'"")
[SQL: INSERT INTO dimstore (store_id, store_name, location, manager) VALUES (%(store_id)s, %(store_name)s, %(location)s, %(manager)s)]
[parameters: [{'store_id': 'STORE1090', 'store_name': 'Oxford Store', 'location': 'East Greenwood', 'manager': 'Jennifer Garcia'}, {'store_id': 'STORE1091', 'store_name': 'Salem Store', 'location': 'East Newport', 'manager': 'George Turner'}, {'store_id': 'STORE1092', 'store_name': 'Chester Store', 'location': 'West Fairview', 'manager': 'Richard Taylor'}, {'store_id': 'STORE1093', 'store_name': 'Manchester Store', 'location': 'East Jackson', 'manager': 'Anthony Lee'}, {'store_id': 'STORE1094', 'store_name': 'Franklin Store', 'location': 'West Washington', 'manager': 'Christopher Garcia'}, {'store_id': 'STORE1095', 'store_name': 'Fairview Store', 'location': 'East Bristol', 'manager': 'Lisa Edwards'}, {'store_id': 'STORE1096', 'store_name': 'Milton Store', 'location': 'West Marion', 'manager': 'Dorothy Parker'}, {'store_id': 'STORE1097', 'store_name': 'Burlington Store', 'location': 'West Richmond', 'manager': 'John Jones'}  ... displaying 10 of 534 total bound parameter sets ...  {'store_id': 'STORE1622', 'store_name': 'Franklin Store', 'location': 'East Arlingtontown', 'manager': 'John Jones'}, {'store_id': 'STORE1623', 'store_name': 'Clayton Store', 'location': 'West Franklin', 'manager': 'Carol Wright'}]]
(Background on this error at: https://sqlalche.me/e/20/gkpj)",2025-08-22 22:40:56.650964
STORE1252,Marion Store,East Milton,Paul Lopez,"Database insertion failed: (pymysql.err.IntegrityError) (1062, ""Duplicate entry 'STORE1090' for key 'dimstore.store_id'"")
[SQL: INSERT INTO dimstore (store_id, store_name, location, manager) VALUES (%(store_id)s, %(store_name)s, %(location)s, %(manager)s)]
[parameters: [{'store_id': 'STORE1090', 'store_name': 'Oxford Store', 'location': 'East Greenwood', 'manager': 'Jennifer Garcia'}, {'store_id': 'STORE1091', 'store_name': 'Salem Store', 'location': 'East Newport', 'manager': 'George Turner'}, {'store_id': 'STORE1092', 'store_name': 'Chester Store', 'location': 'West Fairview', 'manager': 'Richard Taylor'}, {'store_id': 'STORE1093', 'store_name': 'Manchester Store', 'location': 'East Jackson', 'manager': 'Anthony Lee'}, {'store_id': 'STORE1094', 'store_name': 'Franklin Store', 'location': 'West Washington', 'manager': 'Christopher Garcia'}, {'store_id': 'STORE1095', 'store_name': 'Fairview Store', 'location': 'East Bristol', 'manager': 'Lisa Edwards'}, {'store_id': 'STORE1096', 'store_name': 'Milton Store', 'location': 'West Marion', 'manager': 'Dorothy Parker'}, {'store_id': 'STORE1097', 'store_name': 'Burlington Store', 'location': 'West Richmond', 'manager': 'John Jones'}  ... displaying 10 of 534 total bound parameter sets ...  {'store_id': 'STORE1622', 'store_name': 'Franklin Store', 'location': 'East Arlingtontown', 'manager': 'John Jones'}, {'store_id': 'STORE1623', 'store_name': 'Clayton Store', 'location': 'West Franklin', 'manager': 'Carol Wright'}]]
(Background on this error at: https://sqlalche.me/e/20/gkpj)",2025-08-22 22:40:56.650964
STORE1253,Hudson Store,West Madison,Ruth Hill,"Database insertion failed: (pymysql.err.IntegrityError) (1062, ""Duplicate entry 'STORE1090' for key 'dimstore.store_id'"")
[SQL: INSERT INTO dimstore (store_id, store_name, location, manager) VALUES (%(store_id)s, %(store_name)s, %(location)s, %(manager)s)]
[parameters: [{'store_id': 'STORE1090', 'store_name': 'Oxford Store', 'location': 'East Greenwood', 'manager': 'Jennifer Garcia'}, {'store_id': 'STORE1091', 'store_name': 'Salem Store', 'location': 'East Newport', 'manager': 'George Turner'}, {'store_id': 'STORE1092', 'store_name': 'Chester Store', 'location': 'West Fairview', 'manager': 'Richard Taylor'}, {'store_id': 'STORE1093', 'store_name': 'Manchester Store', 'location': 'East Jackson', 'manager': 'Anthony Lee'}, {'store_id': 'STORE1094', 'store_name': 'Franklin Store', 'location': 'West Washington', 'manager': 'Christopher Garcia'}, {'store_id': 'STORE1095', 'store_name': 'Fairview Store', 'location': 'East Bristol', 'manager': 'Lisa Edwards'}, {'store_id': 'STORE1096', 'store_name': 'Milton Store', 'location': 'West Marion', 'manager': 'Dorothy Parker'}, {'store_id': 'STORE1097', 'store_name': 'Burlington Store', 'location': 'West Richmond', 'manager': 'John Jones'}  ... displaying 10 of 534 total bound parameter sets ...  {'store_id': 'STORE1622', 'store_name': 'Franklin Store', 'location': 'East Arlingtontown', 'manager': 'John Jones'}, {'store_id': 'STORE1623', 'store_name': 'Clayton Store', 'location': 'West Franklin', 'manager': 'Carol Wright'}]]
(Background on this error at: https://sqlalche.me/e/20/gkpj)",2025-08-22 22:40:56.650964
STORE1254,Greenwood Store,West Richmondtown,Donna Hernandez,"Database insertion failed: (pymysql.err.IntegrityError) (1062, ""Duplicate entry 'STORE1090' for key 'dimstore.store_id'"")
[SQL: INSERT INTO dimstore (store_id, store_name, location, manager) VALUES (%(store_id)s, %(store_name)s, %(location)s, %(manager)s)]
[parameters: [{'store_id': 'STORE1090', 'store_name': 'Oxford Store', 'location': 'East Greenwood', 'manager': 'Jennifer Garcia'}, {'store_id': 'STORE1091', 'store_name': 'Salem Store', 'location': 'East Newport', 'manager': 'George Turner'}, {'store_id': 'STORE1092', 'store_name': 'Chester Store', 'location': 'West Fairview', 'manager': 'Richard Taylor'}, {'store_id': 'STORE1093', 'store_name': 'Manchester Store', 'location': 'East Jackson', 'manager': 'Anthony Lee'}, {'store_id': 'STORE1094', 'store_name': 'Franklin Store', 'location': 'West Washington', 'manager': 'Christopher Garcia'}, {'store_id': 'STORE1095', 'store_name': 'Fairview Store', 'location': 'East Bristol', 'manager': 'Lisa Edwards'}, {'store_id': 'STORE1096', 'store_name': 'Milton Store', 'location': 'West Marion', 'manager': 'Dorothy Parker'}, {'store_id': 'STORE1097', 'store_name': 'Burlington Store', 'location': 'West Richmond', 'manager': 'John Jones'}  ... displaying 10 of 534 total bound parameter sets ...  {'store_id': 'STORE1622', 'store_name': 'Franklin Store', 'location': 'East Arlingtontown', 'manager': 'John Jones'}, {'store_id': 'STORE1623', 'store_name': 'Clayton Store', 'location': 'West Franklin', 'manager': 'Carol Wright'}]]
(Background on this error at: https://sqlalche.me/e/20/gkpj)",2025-08-22 22:40:56.650964
STORE1255,Wayne Store,West Riversidetown,Joseph Jackson,"Database insertion failed: (pymysql.err.IntegrityError) (1062, ""Duplicate entry 'STORE1090' for key 'dimstore.store_id'"")
[SQL: INSERT INTO dimstore (store_id, store_name, location, manager) VALUES (%(store_id)s, %(store_name)s, %(location)s, %(manager)s)]
[parameters: [{'store_id': 'STORE1090', 'store_name': 'Oxford Store', 'location': 'East Greenwood', 'manager': 'Jennifer Garcia'}, {'store_id': 'STORE1091', 'store_name': 'Salem Store', 'location': 'East Newport', 'manager': 'George Turner'}, {'store_id': 'STORE1092', 'store_name': 'Chester Store', 'location': 'West Fairview', 'manager': 'Richard Taylor'}, {'store_id': 'STORE1093', 'store_name': 'Manchester Store', 'location': 'East Jackson', 'manager': 'Anthony Lee'}, {'store_id': 'STORE1094', 'store_name': 'Franklin Store', 'location': 'West Washington', 'manager': 'Christopher Garcia'}, {'store_id': 'STORE1095', 'store_name': 'Fairview Store', 'location': 'East Bristol', 'manager': 'Lisa Edwards'}, {'store_id': 'STORE1096', 'store_name': 'Milton Store', 'location': 'West Marion', 'manager': 'Dorothy Parker'}, {'store_id': 'STORE1097', 'store_name': 'Burlington Store', 'location': 'West Richmond', 'manager': 'John Jones'}  ... displaying 10 of 534 total bound parameter sets ...  {'store_id': 'STORE1622', 'store_name': 'Franklin Store', 'location': 'East Arlingtontown', 'manager': 'John Jones'}, {'store_id': 'STORE1623', 'store_name': 'Clayton Store', 'location': 'West Franklin', 'manager': 'Carol Wright'}]]
(Background on this error at: https://sqlalche.me/e/20/gkpj)",2025-08-22 22:40:56.650964
STORE1256,Greenwood Store,East Miltontown,Richard Taylor,"Database insertion failed: (pymysql.err.IntegrityError) (1062, ""Duplicate entry 'STORE1090' for key 'dimstore.store_id'"")
[SQL: INSERT INTO dimstore (store_id, store_name, location, manager) VALUES (%(store_id)s, %(store_name)s, %(location)s, %(manager)s)]
[parameters: [{'store_id': 'STORE1090', 'store_name': 'Oxford Store', 'location': 'East Greenwood', 'manager': 'Jennifer Garcia'}, {'store_id': 'STORE1091', 'store_name': 'Salem Store', 'location': 'East Newport', 'manager': 'George Turner'}, {'store_id': 'STORE1092', 'store_name': 'Chester Store', 'location': 'West Fairview', 'manager': 'Richard Taylor'}, {'store_id': 'STORE1093', 'store_name': 'Manchester Store', 'location': 'East Jackson', 'manager': 'Anthony Lee'}, {'store_id': 'STORE1094', 'store_name': 'Franklin Store', 'location': 'West Washington', 'manager': 'Christopher Garcia'}, {'store_id': 'STORE1095', 'store_name': 'Fairview Store', 'location': 'East Bristol', 'manager': 'Lisa Edwards'}, {'store_id': 'STORE1096', 'store_name': 'Milton Store', 'location': 'West Marion', 'manager': 'Dorothy Parker'}, {'store_id': 'STORE1097', 'store_name': 'Burlington Store', 'location': 'West Richmond', 'manager': 'John Jones'}  ... displaying 10 of 534 total bound parameter sets ...  {'store_id': 'STORE1622', 'store_name': 'Franklin Store', 'location': 'East Arlingtontown', 'manager': 'John Jones'}, {'store_id': 'STORE1623', 'store_name': 'Clayton Store', 'location': 'West Franklin', 'manager': 'Carol Wright'}]]
(Background on this error at: https://sqlalche.me/e/20/gkpj)",2025-08-22 22:40:56.650964
STORE1257,Madison Store,East Miltontown,Christopher Garcia,"Database insertion failed: (pymysql.err.IntegrityError) (1062, ""Duplicate entry 'STORE1090' for key 'dimstore.store_id'"")
[SQL: INSERT INTO dimstore (store_id, store_name, location, manager) VALUES (%(store_id)s, %(store_name)s, %(location)s, %(manager)s)]
[parameters: [{'store_id': 'STORE1090', 'store_name': 'Oxford Store', 'location': 'East Greenwood', 'manager': 'Jennifer Garcia'}, {'store_id': 'STORE1091', 'store_name': 'Salem Store', 'location': 'East Newport', 'manager': 'George Turner'}, {'store_id': 'STORE1092', 'store_name': 'Chester Store', 'location': 'West Fairview', 'manager': 'Richard Taylor'}, {'store_id': 'STORE1093', 'store_name': 'Manchester Store', 'location': 'East Jackson', 'manager': 'Anthony Lee'}, {'store_id': 'STORE1094', 'store_name': 'Franklin Store', 'location': 'West Washington', 'manager': 'Christopher Garcia'}, {'store_id': 'STORE1095', 'store_name': 'Fairview Store', 'location': 'East Bristol', 'manager': 'Lisa Edwards'}, {'store_id': 'STORE1096', 'store_name': 'Milton Store', 'location': 'West Marion', 'manager': 'Dorothy Parker'}, {'store_id': 'STORE1097', 'store_name': 'Burlington Store', 'location': 'West Richmond', 'manager': 'John Jones'}  ... displaying 10 of 534 total bound parameter sets ...  {'store_id': 'STORE1622', 'store_name': 'Franklin Store', 'location': 'East Arlingtontown', 'manager': 'John Jones'}, {'store_id': 'STORE1623', 'store_name': 'Clayton Store', 'location': 'West Franklin', 'manager': 'Carol Wright'}]]
(Background on this error at: https://sqlalche.me/e/20/gkpj)",2025-08-22 22:40:56.650964
STORE1258,Oxford Store,East Fairviewtown,Betty Lewis,"Database insertion failed: (pymysql.err.IntegrityError) (1062, ""Duplicate entry 'STORE1090' for key 'dimstore.store_id'"")
[SQL: INSERT INTO dimstore (store_id, store_name, location, manager) VALUES (%(store_id)s, %(store_name)s, %(location)s, %(manager)s)]
[parameters: [{'store_id': 'STORE1090', 'store_name': 'Oxford Store', 'location': 'East Greenwood', 'manager': 'Jennifer Garcia'}, {'store_id': 'STORE1091', 'store_name': 'Salem Store', 'location': 'East Newport', 'manager': 'George Turner'}, {'store_id': 'STORE1092', 'store_name': 'Chester Store', 'location': 'West Fairview', 'manager': 'Richard Taylor'}, {'store_id': 'STORE1093', 'store_name': 'Manchester Store', 'location': 'East Jackson', 'manager': 'Anthony Lee'}, {'store_id': 'STORE1094', 'store_name': 'Franklin Store', 'location': 'West Washington', 'manager': 'Christopher Garcia'}, {'store_id': 'STORE1095', 'store_name': 'Fairview Store', 'location': 'East Bristol', 'manager': 'Lisa Edwards'}, {'store_id': 'STORE1096', 'store_name': 'Milton Store', 'location': 'West Marion', 'manager': 'Dorothy Parker'}, {'store_id': 'STORE1097', 'store_name': 'Burlington Store', 'location': 'West Richmond', 'manager': 'John Jones'}  ... displaying 10 of 534 total bound parameter sets ...  {'store_id': 'STORE1622', 'store_name': 'Franklin Store', 'location': 'East Arlingtontown', 'manager': 'John Jones'}, {'store_id': 'STORE1623', 'store_name': 'Clayton Store', 'location': 'West Franklin', 'manager': 'Carol Wright'}]]
(Background on this error at: https://sqlalche.me/e/20/gkpj)",2025-08-22 22:40:56.650964
STORE1259,Arlington Store,East Washington,Brian Perez,"Database insertion failed: (pymysql.err.IntegrityError) (1062, ""Duplicate entry 'STORE1090' for key 'dimstore.store_id'"")
[SQL: INSERT INTO dimstore (store_id, store_name, location, manager) VALUES (%(store_id)s, %(store_name)s, %(location)s, %(manager)s)]
[parameters: [{'store_id': 'STORE1090', 'store_name': 'Oxford Store', 'location': 'East Greenwood', 'manager': 'Jennifer Garcia'}, {'store_id': 'STORE1091', 'store_name': 'Salem Store', 'location': 'East Newport', 'manager': 'George Turner'}, {'store_id': 'STORE1092', 'store_name': 'Chester Store', 'location': 'West Fairview', 'manager': 'Richard Taylor'}, {'store_id': 'STORE1093', 'store_name': 'Manchester Store', 'location': 'East Jackson', 'manager': 'Anthony Lee'}, {'store_id': 'STORE1094', 'store_name': 'Franklin Store', 'location': 'West Washington', 'manager': 'Christopher Garcia'}, {'store_id': 'STORE1095', 'store_name': 'Fairview Store', 'location': 'East Bristol', 'manager': 'Lisa Edwards'}, {'store_id': 'STORE1096', 'store_name': 'Milton Store', 'location': 'West Marion', 'manager': 'Dorothy Parker'}, {'store_id': 'STORE1097', 'store_name': 'Burlington Store', 'location': 'West Richmond', 'manager': 'John Jones'}  ... displaying 10 of 534 total bound parameter sets ...  {'store_id': 'STORE1622', 'store_name': 'Franklin Store', 'location': 'East Arlingtontown', 'manager': 'John Jones'}, {'store_id': 'STORE1623', 'store_name': 'Clayton Store', 'location': 'West Franklin', 'manager': 'Carol Wright'}]]
(Background on this error at: https://sqlalche.me/e/20/gkpj)",2025-08-22 22:40:56.650964
STORE1260,Washington Store,East Chester,Kevin Carter,"Database insertion failed: (pymysql.err.IntegrityError) (1062, ""Duplicate entry 'STORE1090' for key 'dimstore.store_id'"")
[SQL: INSERT INTO dimstore (store_id, store_name, location, manager) VALUES (%(store_id)s, %(store_name)s, %(location)s, %(manager)s)]
[parameters: [{'store_id': 'STORE1090', 'store_name': 'Oxford Store', 'location': 'East Greenwood', 'manager': 'Jennifer Garcia'}, {'store_id': 'STORE1091', 'store_name': 'Salem Store', 'location': 'East Newport', 'manager': 'George Turner'}, {'store_id': 'STORE1092', 'store_name': 'Chester Store', 'location': 'West Fairview', 'manager': 'Richard Taylor'}, {'store_id': 'STORE1093', 'store_name': 'Manchester Store', 'location': 'East Jackson', 'manager': 'Anthony Lee'}, {'store_id': 'STORE1094', 'store_name': 'Franklin Store', 'location': 'West Washington', 'manager': 'Christopher Garcia'}, {'store_id': 'STORE1095', 'store_name': 'Fairview Store', 'location': 'East Bristol', 'manager': 'Lisa Edwards'}, {'store_id': 'STORE1096', 'store_name': 'Milton Store', 'location': 'West Marion', 'manager': 'Dorothy Parker'}, {'store_id': 'STORE1097', 'store_name': 'Burlington Store', 'location': 'West Richmond', 'manager': 'John Jones'}  ... displaying 10 of 534 total bound parameter sets ...  {'store_id': 'STORE1622', 'store_name': 'Franklin Store', 'location': 'East Arlingtontown', 'manager': 'John Jones'}, {'store_id': 'STORE1623', 'store_name': 'Clayton Store', 'location': 'West Franklin', 'manager': 'Carol Wright'}]]
(Background on this error at: https://sqlalche.me/e/20/gkpj)",2025-08-22 22:40:56.650964
STORE1261,Jackson Store,West Newport,Thomas Harris,"Database insertion failed: (pymysql.err.IntegrityError) (1062, ""Duplicate entry 'STORE1090' for key 'dimstore.store_id'"")
[SQL: INSERT INTO dimstore (store_id, store_name, location, manager) VALUES (%(store_id)s, %(store_name)s, %(location)s, %(manager)s)]
[parameters: [{'store_id': 'STORE1090', 'store_name': 'Oxford Store', 'location': 'East Greenwood', 'manager': 'Jennifer Garcia'}, {'store_id': 'STORE1091', 'store_name': 'Salem Store', 'location': 'East Newport', 'manager': 'George Turner'}, {'store_id': 'STORE1092', 'store_name': 'Chester Store', 'location': 'West Fairview', 'manager': 'Richard Taylor'}, {'store_id': 'STORE1093', 'store_name': 'Manchester Store', 'location': 'East Jackson', 'manager': 'Anthony Lee'}, {'store_id': 'STORE1094', 'store_name': 'Franklin Store', 'location': 'West Washington', 'manager': 'Christopher Garcia'}, {'store_id': 'STORE1095', 'store_name': 'Fairview Store', 'location': 'East Bristol', 'manager': 'Lisa Edwards'}, {'store_id': 'STORE1096', 'store_name': 'Milton Store', 'location': 'West Marion', 'manager': 'Dorothy Parker'}, {'store_id': 'STORE1097', 'store_name': 'Burlington Store', 'location': 'West Richmond', 'manager': 'John Jones'}  ... displaying 10 of 534 total bound parameter sets ...  {'store_id': 'STORE1622', 'store_name': 'Franklin Store', 'location': 'East Arlingtontown', 'manager': 'John Jones'}, {'store_id': 'STORE1623', 'store_name': 'Clayton Store', 'location': 'West Franklin', 'manager': 'Carol Wright'}]]
(Background on this error at: https://sqlalche.me/e/20/gkpj)",2025-08-22 22:40:56.650964
STORE1262,Franklin Store,West Clinton,Linda Davis,"Database insertion failed: (pymysql.err.IntegrityError) (1062, ""Duplicate entry 'STORE1090' for key 'dimstore.store_id'"")
[SQL: INSERT INTO dimstore (store_id, store_name, location, manager) VALUES (%(store_id)s, %(store_name)s, %(location)s, %(manager)s)]
[parameters: [{'store_id': 'STORE1090', 'store_name': 'Oxford Store', 'location': 'East Greenwood', 'manager': 'Jennifer Garcia'}, {'store_id': 'STORE1091', 'store_name': 'Salem Store', 'location': 'East Newport', 'manager': 'George Turner'}, {'store_id': 'STORE1092', 'store_name': 'Chester Store', 'location': 'West Fairview', 'manager': 'Richard Taylor'}, {'store_id': 'STORE1093', 'store_name': 'Manchester Store', 'location': 'East Jackson', 'manager': 'Anthony Lee'}, {'store_id': 'STORE1094', 'store_name': 'Franklin Store', 'location': 'West Washington', 'manager': 'Christopher Garcia'}, {'store_id': 'STORE1095', 'store_name': 'Fairview Store', 'location': 'East Bristol', 'manager': 'Lisa Edwards'}, {'store_id': 'STORE1096', 'store_name': 'Milton Store', 'location': 'West Marion', 'manager': 'Dorothy Parker'}, {'store_id': 'STORE1097', 'store_name': 'Burlington Store', 'location': 'West Richmond', 'manager': 'John Jones'}  ... displaying 10 of 534 total bound parameter sets ...  {'store_id': 'STORE1622', 'store_name': 'Franklin Store', 'location': 'East Arlingtontown', 'manager': 'John Jones'}, {'store_id': 'STORE1623', 'store_name': 'Clayton Store', 'location': 'West Franklin', 'manager': 'Carol Wright'}]]
(Background on this error at: https://sqlalche.me/e/20/gkpj)",2025-08-22 22:40:56.650964
STORE1263,Fairview Store,East Franklin,Robert Williams,"Database insertion failed: (pymysql.err.IntegrityError) (1062, ""Duplicate entry 'STORE1090' for key 'dimstore.store_id'"")
[SQL: INSERT INTO dimstore (store_id, store_name, location, manager) VALUES (%(store_id)s, %(store_name)s, %(location)s, %(manager)s)]
[parameters: [{'store_id': 'STORE1090', 'store_name': 'Oxford Store', 'location': 'East Greenwood', 'manager': 'Jennifer Garcia'}, {'store_id': 'STORE1091', 'store_name': 'Salem Store', 'location': 'East Newport', 'manager': 'George Turner'}, {'store_id': 'STORE1092', 'store_name': 'Chester Store', 'location': 'West Fairview', 'manager': 'Richard Taylor'}, {'store_id': 'STORE1093', 'store_name': 'Manchester Store', 'location': 'East Jackson', 'manager': 'Anthony Lee'}, {'store_id': 'STORE1094', 'store_name': 'Franklin Store', 'location': 'West Washington', 'manager': 'Christopher Garcia'}, {'store_id': 'STORE1095', 'store_name': 'Fairview Store', 'location': 'East Bristol', 'manager': 'Lisa Edwards'}, {'store_id': 'STORE1096', 'store_name': 'Milton Store', 'location': 'West Marion', 'manager': 'Dorothy Parker'}, {'store_id': 'STORE1097', 'store_name': 'Burlington Store', 'location': 'West Richmond', 'manager': 'John Jones'}  ... displaying 10 of 534 total bound parameter sets ...  {'store_id': 'STORE1622', 'store_name': 'Franklin Store', 'location': 'East Arlingtontown', 'manager': 'John Jones'}, {'store_id': 'STORE1623', 'store_name': 'Clayton Store', 'location': 'West Franklin', 'manager': 'Carol Wright'}]]
(Background on this error at: https://sqlalche.me/e/20/gkpj)",2025-08-22 22:40:56.650964
STORE1264,Newport Store,East Washingtontown,Michelle Baker,"Database insertion failed: (pymysql.err.IntegrityError) (1062, ""Duplicate entry 'STORE1090' for key 'dimstore.store_id'"")
[SQL: INSERT INTO dimstore (store_id, store_name, location, manager) VALUES (%(store_id)s, %(store_name)s, %(location)s, %(manager)s)]
[parameters: [{'store_id': 'STORE1090', 'store_name': 'Oxford Store', 'location': 'East Greenwood', 'manager': 'Jennifer Garcia'}, {'store_id': 'STORE1091', 'store_name': 'Salem Store', 'location': 'East Newport', 'manager': 'George Turner'}, {'store_id': 'STORE1092', 'store_name': 'Chester Store', 'location': 'West Fairview', 'manager': 'Richard Taylor'}, {'store_id': 'STORE1093', 'store_name': 'Manchester Store', 'location': 'East Jackson', 'manager': 'Anthony Lee'}, {'store_id': 'STORE1094', 'store_name': 'Franklin Store', 'location': 'West Washington', 'manager': 'Christopher Garcia'}, {'store_id': 'STORE1095', 'store_name': 'Fairview Store', 'location': 'East Bristol', 'manager': 'Lisa Edwards'}, {'store_id': 'STORE1096', 'store_name': 'Milton Store', 'location': 'West Marion', 'manager': 'Dorothy Parker'}, {'store_id': 'STORE1097', 'store_name': 'Burlington Store', 'location': 'West Richmond', 'manager': 'John Jones'}  ... displaying 10 of 534 total bound parameter sets ...  {'store_id': 'STORE1622', 'store_name': 'Franklin Store', 'location': 'East Arlingtontown', 'manager': 'John Jones'}, {'store_id': 'STORE1623', 'store_name': 'Clayton Store', 'location': 'West Franklin', 'manager': 'Carol Wright'}]]
(Background on this error at: https://sqlalche.me/e/20/gkpj)",2025-08-22 22:40:56.650964
STORE1265,Franklin Store,East Washington,Christopher Garcia,"Database insertion failed: (pymysql.err.IntegrityError) (1062, ""Duplicate entry 'STORE1090' for key 'dimstore.store_id'"")
[SQL: INSERT INTO dimstore (store_id, store_name, location, manager) VALUES (%(store_id)s, %(store_name)s, %(location)s, %(manager)s)]
[parameters: [{'store_id': 'STORE1090', 'store_name': 'Oxford Store', 'location': 'East Greenwood', 'manager': 'Jennifer Garcia'}, {'store_id': 'STORE1091', 'store_name': 'Salem Store', 'location': 'East Newport', 'manager': 'George Turner'}, {'store_id': 'STORE1092', 'store_name': 'Chester Store', 'location': 'West Fairview', 'manager': 'Richard Taylor'}, {'store_id': 'STORE1093', 'store_name': 'Manchester Store', 'location': 'East Jackson', 'manager': 'Anthony Lee'}, {'store_id': 'STORE1094', 'store_name': 'Franklin Store', 'location': 'West Washington', 'manager': 'Christopher Garcia'}, {'store_id': 'STORE1095', 'store_name': 'Fairview Store', 'location': 'East Bristol', 'manager': 'Lisa Edwards'}, {'store_id': 'STORE1096', 'store_name': 'Milton Store', 'location': 'West Marion', 'manager': 'Dorothy Parker'}, {'store_id': 'STORE1097', 'store_name': 'Burlington Store', 'location': 'West Richmond', 'manager': 'John Jones'}  ... displaying 10 of 534 total bound parameter sets ...  {'store_id': 'STORE1622', 'store_name': 'Franklin Store', 'location': 'East Arlingtontown', 'manager': 'John Jones'}, {'store_id': 'STORE1623', 'store_name': 'Clayton Store', 'location': 'West Franklin', 'manager': 'Carol Wright'}]]
(Background on this error at: https://sqlalche.me/e/20/gkpj)",2025-08-22 22:40:56.650964
STORE1266,Fairview Store,East Madison,Lisa Clark,"Database insertion failed: (pymysql.err.IntegrityError) (1062, ""Duplicate entry 'STORE1090' for key 'dimstore.store_id'"")
[SQL: INSERT INTO dimstore (store_id, store_name, location, manager) VALUES (%(store_id)s, %(store_name)s, %(location)s, %(manager)s)]
[parameters: [{'store_id': 'STORE1090', 'store_name': 'Oxford Store', 'location': 'East Greenwood', 'manager': 'Jennifer Garcia'}, {'store_id': 'STORE1091', 'store_name': 'Salem Store', 'location': 'East Newport', 'manager': 'George Turner'}, {'store_id': 'STORE1092', 'store_name': 'Chester Store', 'location': 'West Fairview', 'manager': 'Richard Taylor'}, {'store_id': 'STORE1093', 'store_name': 'Manchester Store', 'location': 'East Jackson', 'manager': 'Anthony Lee'}, {'store_id': 'STORE1094', 'store_name': 'Franklin Store', 'location': 'West Washington', 'manager': 'Christopher Garcia'}, {'store_id': 'STORE1095', 'store_name': 'Fairview Store', 'location': 'East Bristol', 'manager': 'Lisa Edwards'}, {'store_id': 'STORE1096', 'store_name': 'Milton Store', 'location': 'West Marion', 'manager': 'Dorothy Parker'}, {'store_id': 'STORE1097', 'store_name': 'Burlington Store', 'location': 'West Richmond', 'manager': 'John Jones'}  ... displaying 10 of 534 total bound parameter sets ...  {'store_id': 'STORE1622', 'store_name': 'Franklin Store', 'location': 'East Arlingtontown', 'manager': 'John Jones'}, {'store_id': 'STORE1623', 'store_name': 'Clayton Store', 'location': 'West Franklin', 'manager': 'Carol Wright'}]]
(Background on this error at: https://sqlalche.me/e/20/gkpj)",2025-08-22 22:40:56.650964
STORE1267,Franklin Store,East Bristoltown,Deborah Phillips,"Database insertion failed: (pymysql.err.IntegrityError) (1062, ""Duplicate entry 'STORE1090' for key 'dimstore.store_id'"")
[SQL: INSERT INTO dimstore (store_id, store_name, location, manager) VALUES (%(store_id)s, %(store_name)s, %(location)s, %(manager)s)]
[parameters: [{'store_id': 'STORE1090', 'store_name': 'Oxford Store', 'location': 'East Greenwood', 'manager': 'Jennifer Garcia'}, {'store_id': 'STORE1091', 'store_name': 'Salem Store', 'location': 'East Newport', 'manager': 'George Turner'}, {'store_id': 'STORE1092', 'store_name': 'Chester Store', 'location': 'West Fairview', 'manager': 'Richard Taylor'}, {'store_id': 'STORE1093', 'store_name': 'Manchester Store', 'location': 'East Jackson', 'manager': 'Anthony Lee'}, {'store_id': 'STORE1094', 'store_name': 'Franklin Store', 'location': 'West Washington', 'manager': 'Christopher Garcia'}, {'store_id': 'STORE1095', 'store_name': 'Fairview Store', 'location': 'East Bristol', 'manager': 'Lisa Edwards'}, {'store_id': 'STORE1096', 'store_name': 'Milton Store', 'location': 'West Marion', 'manager': 'Dorothy Parker'}, {'store_id': 'STORE1097', 'store_name': 'Burlington Store', 'location': 'West Richmond', 'manager': 'John Jones'}  ... displaying 10 of 534 total bound parameter sets ...  {'store_id': 'STORE1622', 'store_name': 'Franklin Store', 'location': 'East Arlingtontown', 'manager': 'John Jones'}, {'store_id': 'STORE1623', 'store_name': 'Clayton Store', 'location': 'West Franklin', 'manager': 'Carol Wright'}]]
(Background on this error at: https://sqlalche.me/e/20/gkpj)",2025-08-22 22:40:56.650964
STORE1268,Burlington Store,West Greenwood,Joseph Jackson,"Database insertion failed: (pymysql.err.IntegrityError) (1062, ""Duplicate entry 'STORE1090' for key 'dimstore.store_id'"")
[SQL: INSERT INTO dimstore (store_id, store_name, location, manager) VALUES (%(store_id)s, %(store_name)s, %(location)s, %(manager)s)]
[parameters: [{'store_id': 'STORE1090', 'store_name': 'Oxford Store', 'location': 'East Greenwood', 'manager': 'Jennifer Garcia'}, {'store_id': 'STORE1091', 'store_name': 'Salem Store', 'location': 'East Newport', 'manager': 'George Turner'}, {'store_id': 'STORE1092', 'store_name': 'Chester Store', 'location': 'West Fairview', 'manager': 'Richard Taylor'}, {'store_id': 'STORE1093', 'store_name': 'Manchester Store', 'location': 'East Jackson', 'manager': 'Anthony Lee'}, {'store_id': 'STORE1094', 'store_name': 'Franklin Store', 'location': 'West Washington', 'manager': 'Christopher Garcia'}, {'store_id': 'STORE1095', 'store_name': 'Fairview Store', 'location': 'East Bristol', 'manager': 'Lisa Edwards'}, {'store_id': 'STORE1096', 'store_name': 'Milton Store', 'location': 'West Marion', 'manager': 'Dorothy Parker'}, {'store_id': 'STORE1097', 'store_name': 'Burlington Store', 'location': 'West Richmond', 'manager': 'John Jones'}  ... displaying 10 of 534 total bound parameter sets ...  {'store_id': 'STORE1622', 'store_name': 'Franklin Store', 'location': 'East Arlingtontown', 'manager': 'John Jones'}, {'store_id': 'STORE1623', 'store_name': 'Clayton Store', 'location': 'West Franklin', 'manager': 'Carol Wright'}]]
(Background on this error at: https://sqlalche.me/e/20/gkpj)",2025-08-22 22:40:56.650964
STORE1269,Auburn Store,East Auburntown,Barbara Anderson,"Database insertion failed: (pymysql.err.IntegrityError) (1062, ""Duplicate entry 'STORE1090' for key 'dimstore.store_id'"")
[SQL: INSERT INTO dimstore (store_id, store_name, location, manager) VALUES (%(store_id)s, %(store_name)s, %(location)s, %(manager)s)]
[parameters: [{'store_id': 'STORE1090', 'store_name': 'Oxford Store', 'location': 'East Greenwood', 'manager': 'Jennifer Garcia'}, {'store_id': 'STORE1091', 'store_name': 'Salem Store', 'location': 'East Newport', 'manager': 'George Turner'}, {'store_id': 'STORE1092', 'store_name': 'Chester Store', 'location': 'West Fairview', 'manager': 'Richard Taylor'}, {'store_id': 'STORE1093', 'store_name': 'Manchester Store', 'location': 'East Jackson', 'manager': 'Anthony Lee'}, {'store_id': 'STORE1094', 'store_name': 'Franklin Store', 'location': 'West Washington', 'manager': 'Christopher Garcia'}, {'store_id': 'STORE1095', 'store_name': 'Fairview Store', 'location': 'East Bristol', 'manager': 'Lisa Edwards'}, {'store_id': 'STORE1096', 'store_name': 'Milton Store', 'location': 'West Marion', 'manager': 'Dorothy Parker'}, {'store_id': 'STORE1097', 'store_name': 'Burlington Store', 'location': 'West Richmond', 'manager': 'John Jones'}  ... displaying 10 of 534 total bound parameter sets ...  {'store_id': 'STORE1622', 'store_name': 'Franklin Store', 'location': 'East Arlingtontown', 'manager': 'John Jones'}, {'store_id': 'STORE1623', 'store_name': 'Clayton Store', 'location': 'West Franklin', 'manager': 'Carol Wright'}]]
(Background on this error at: https://sqlalche.me/e/20/gkpj)",2025-08-22 22:40:56.650964
STORE1270,Jackson Store,West Auburn,Barbara Anderson,"Database insertion failed: (pymysql.err.IntegrityError) (1062, ""Duplicate entry 'STORE1090' for key 'dimstore.store_id'"")
[SQL: INSERT INTO dimstore (store_id, store_name, location, manager) VALUES (%(store_id)s, %(store_name)s, %(location)s, %(manager)s)]
[parameters: [{'store_id': 'STORE1090', 'store_name': 'Oxford Store', 'location': 'East Greenwood', 'manager': 'Jennifer Garcia'}, {'store_id': 'STORE1091', 'store_name': 'Salem Store', 'location': 'East Newport', 'manager': 'George Turner'}, {'store_id': 'STORE1092', 'store_name': 'Chester Store', 'location': 'West Fairview', 'manager': 'Richard Taylor'}, {'store_id': 'STORE1093', 'store_name': 'Manchester Store', 'location': 'East Jackson', 'manager': 'Anthony Lee'}, {'store_id': 'STORE1094', 'store_name': 'Franklin Store', 'location': 'West Washington', 'manager': 'Christopher Garcia'}, {'store_id': 'STORE1095', 'store_name': 'Fairview Store', 'location': 'East Bristol', 'manager': 'Lisa Edwards'}, {'store_id': 'STORE1096', 'store_name': 'Milton Store', 'location': 'West Marion', 'manager': 'Dorothy Parker'}, {'store_id': 'STORE1097', 'store_name': 'Burlington Store', 'location': 'West Richmond', 'manager': 'John Jones'}  ... displaying 10 of 534 total bound parameter sets ...  {'store_id': 'STORE1622', 'store_name': 'Franklin Store', 'location': 'East Arlingtontown', 'manager': 'John Jones'}, {'store_id': 'STORE1623', 'store_name': 'Clayton Store', 'location': 'West Franklin', 'manager': 'Carol Wright'}]]
(Background on this error at: https://sqlalche.me/e/20/gkpj)",2025-08-22 22:40:56.650964
STORE1271,Ashland Store,East Manchestertown,John Jones,"Database insertion failed: (pymysql.err.IntegrityError) (1062, ""Duplicate entry 'STORE1090' for key 'dimstore.store_id'"")
[SQL: INSERT INTO dimstore (store_id, store_name, location, manager) VALUES (%(store_id)s, %(store_name)s, %(location)s, %(manager)s)]
[parameters: [{'store_id': 'STORE1090', 'store_name': 'Oxford Store', 'location': 'East Greenwood', 'manager': 'Jennifer Garcia'}, {'store_id': 'STORE1091', 'store_name': 'Salem Store', 'location': 'East Newport', 'manager': 'George Turner'}, {'store_id': 'STORE1092', 'store_name': 'Chester Store', 'location': 'West Fairview', 'manager': 'Richard Taylor'}, {'store_id': 'STORE1093', 'store_name': 'Manchester Store', 'location': 'East Jackson', 'manager': 'Anthony Lee'}, {'store_id': 'STORE1094', 'store_name': 'Franklin Store', 'location': 'West Washington', 'manager': 'Christopher Garcia'}, {'store_id': 'STORE1095', 'store_name': 'Fairview Store', 'location': 'East Bristol', 'manager': 'Lisa Edwards'}, {'store_id': 'STORE1096', 'store_name': 'Milton Store', 'location': 'West Marion', 'manager': 'Dorothy Parker'}, {'store_id': 'STORE1097', 'store_name': 'Burlington Store', 'location': 'West Richmond', 'manager': 'John Jones'}  ... displaying 10 of 534 total bound parameter sets ...  {'store_id': 'STORE1622', 'store_name': 'Franklin Store', 'location': 'East Arlingtontown', 'manager': 'John Jones'}, {'store_id': 'STORE1623', 'store_name': 'Clayton Store', 'location': 'West Franklin', 'manager': 'Carol Wright'}]]
(Background on this error at: https://sqlalche.me/e/20/gkpj)",2025-08-22 22:40:56.650964
STORE1272,Richmond Store,West Chester,Emily Mitchell,"Database insertion failed: (pymysql.err.IntegrityError) (1062, ""Duplicate entry 'STORE1090' for key 'dimstore.store_id'"")
[SQL: INSERT INTO dimstore (store_id, store_name, location, manager) VALUES (%(store_id)s, %(store_name)s, %(location)s, %(manager)s)]
[parameters: [{'store_id': 'STORE1090', 'store_name': 'Oxford Store', 'location': 'East Greenwood', 'manager': 'Jennifer Garcia'}, {'store_id': 'STORE1091', 'store_name': 'Salem Store', 'location': 'East Newport', 'manager': 'George Turner'}, {'store_id': 'STORE1092', 'store_name': 'Chester Store', 'location': 'West Fairview', 'manager': 'Richard Taylor'}, {'store_id': 'STORE1093', 'store_name': 'Manchester Store', 'location': 'East Jackson', 'manager': 'Anthony Lee'}, {'store_id': 'STORE1094', 'store_name': 'Franklin Store', 'location': 'West Washington', 'manager': 'Christopher Garcia'}, {'store_id': 'STORE1095', 'store_name': 'Fairview Store', 'location': 'East Bristol', 'manager': 'Lisa Edwards'}, {'store_id': 'STORE1096', 'store_name': 'Milton Store', 'location': 'West Marion', 'manager': 'Dorothy Parker'}, {'store_id': 'STORE1097', 'store_name': 'Burlington Store', 'location': 'West Richmond', 'manager': 'John Jones'}  ... displaying 10 of 534 total bound parameter sets ...  {'store_id': 'STORE1622', 'store_name': 'Franklin Store', 'location': 'East Arlingtontown', 'manager': 'John Jones'}, {'store_id': 'STORE1623', 'store_name': 'Clayton Store', 'location': 'West Franklin', 'manager': 'Carol Wright'}]]
(Background on this error at: https://sqlalche.me/e/20/gkpj)",2025-08-22 22:40:56.650964
STORE1273,Fairview Store,West Chestertown,Barbara Anderson,"Database insertion failed: (pymysql.err.IntegrityError) (1062, ""Duplicate entry 'STORE1090' for key 'dimstore.store_id'"")
[SQL: INSERT INTO dimstore (store_id, store_name, location, manager) VALUES (%(store_id)s, %(store_name)s, %(location)s, %(manager)s)]
[parameters: [{'store_id': 'STORE1090', 'store_name': 'Oxford Store', 'location': 'East Greenwood', 'manager': 'Jennifer Garcia'}, {'store_id': 'STORE1091', 'store_name': 'Salem Store', 'location': 'East Newport', 'manager': 'George Turner'}, {'store_id': 'STORE1092', 'store_name': 'Chester Store', 'location': 'West Fairview', 'manager': 'Richard Taylor'}, {'store_id': 'STORE1093', 'store_name': 'Manchester Store', 'location': 'East Jackson', 'manager': 'Anthony Lee'}, {'store_id': 'STORE1094', 'store_name': 'Franklin Store', 'location': 'West Washington', 'manager': 'Christopher Garcia'}, {'store_id': 'STORE1095', 'store_name': 'Fairview Store', 'location': 'East Bristol', 'manager': 'Lisa Edwards'}, {'store_id': 'STORE1096', 'store_name': 'Milton Store', 'location': 'West Marion', 'manager': 'Dorothy Parker'}, {'store_id': 'STORE1097', 'store_name': 'Burlington Store', 'location': 'West Richmond', 'manager': 'John Jones'}  ... displaying 10 of 534 total bound parameter sets ...  {'store_id': 'STORE1622', 'store_name': 'Franklin Store', 'location': 'East Arlingtontown', 'manager': 'John Jones'}, {'store_id': 'STORE1623', 'store_name': 'Clayton Store', 'location': 'West Franklin', 'manager': 'Carol Wright'}]]
(Background on this error at: https://sqlalche.me/e/20/gkpj)",2025-08-22 22:40:56.650964
STORE1274,Newport Store,West Fairview,Emily Mitchell,"Database insertion failed: (pymysql.err.IntegrityError) (1062, ""Duplicate entry 'STORE1090' for key 'dimstore.store_id'"")
[SQL: INSERT INTO dimstore (store_id, store_name, location, manager) VALUES (%(store_id)s, %(store_name)s, %(location)s, %(manager)s)]
[parameters: [{'store_id': 'STORE1090', 'store_name': 'Oxford Store', 'location': 'East Greenwood', 'manager': 'Jennifer Garcia'}, {'store_id': 'STORE1091', 'store_name': 'Salem Store', 'location': 'East Newport', 'manager': 'George Turner'}, {'store_id': 'STORE1092', 'store_name': 'Chester Store', 'location': 'West Fairview', 'manager': 'Richard Taylor'}, {'store_id': 'STORE1093', 'store_name': 'Manchester Store', 'location': 'East Jackson', 'manager': 'Anthony Lee'}, {'store_id': 'STORE1094', 'store_name': 'Franklin Store', 'location': 'West Washington', 'manager': 'Christopher Garcia'}, {'store_id': 'STORE1095', 'store_name': 'Fairview Store', 'location': 'East Bristol', 'manager': 'Lisa Edwards'}, {'store_id': 'STORE1096', 'store_name': 'Milton Store', 'location': 'West Marion', 'manager': 'Dorothy Parker'}, {'store_id': 'STORE1097', 'store_name': 'Burlington Store', 'location': 'West Richmond', 'manager': 'John Jones'}  ... displaying 10 of 534 total bound parameter sets ...  {'store_id': 'STORE1622', 'store_name': 'Franklin Store', 'location': 'East Arlingtontown', 'manager': 'John Jones'}, {'store_id': 'STORE1623', 'store_name': 'Clayton Store', 'location': 'West Franklin', 'manager': 'Carol Wright'}]]
(Background on this error at: https://sqlalche.me/e/20/gkpj)",2025-08-22 22:40:56.650964
STORE1275,Chester Store,East Madison,Matthew Rodriguez,"Database insertion failed: (pymysql.err.IntegrityError) (1062, ""Duplicate entry 'STORE1090' for key 'dimstore.store_id'"")
[SQL: INSERT INTO dimstore (store_id, store_name, location, manager) VALUES (%(store_id)s, %(store_name)s, %(location)s, %(manager)s)]
[parameters: [{'store_id': 'STORE1090', 'store_name': 'Oxford Store', 'location': 'East Greenwood', 'manager': 'Jennifer Garcia'}, {'store_id': 'STORE1091', 'store_name': 'Salem Store', 'location': 'East Newport', 'manager': 'George Turner'}, {'store_id': 'STORE1092', 'store_name': 'Chester Store', 'location': 'West Fairview', 'manager': 'Richard Taylor'}, {'store_id': 'STORE1093', 'store_name': 'Manchester Store', 'location': 'East Jackson', 'manager': 'Anthony Lee'}, {'store_id': 'STORE1094', 'store_name': 'Franklin Store', 'location': 'West Washington', 'manager': 'Christopher Garcia'}, {'store_id': 'STORE1095', 'store_name': 'Fairview Store', 'location': 'East Bristol', 'manager': 'Lisa Edwards'}, {'store_id': 'STORE1096', 'store_name': 'Milton Store', 'location': 'West Marion', 'manager': 'Dorothy Parker'}, {'store_id': 'STORE1097', 'store_name': 'Burlington Store', 'location': 'West Richmond', 'manager': 'John Jones'}  ... displaying 10 of 534 total bound parameter sets ...  {'store_id': 'STORE1622', 'store_name': 'Franklin Store', 'location': 'East Arlingtontown', 'manager': 'John Jones'}, {'store_id': 'STORE1623', 'store_name': 'Clayton Store', 'location': 'West Franklin', 'manager': 'Carol Wright'}]]
(Background on this error at: https://sqlalche.me/e/20/gkpj)",2025-08-22 22:40:56.650964
STORE1276,Ashland Store,West Marion,Daniel Robinson,"Database insertion failed: (pymysql.err.IntegrityError) (1062, ""Duplicate entry 'STORE1090' for key 'dimstore.store_id'"")
[SQL: INSERT INTO dimstore (store_id, store_name, location, manager) VALUES (%(store_id)s, %(store_name)s, %(location)s, %(manager)s)]
[parameters: [{'store_id': 'STORE1090', 'store_name': 'Oxford Store', 'location': 'East Greenwood', 'manager': 'Jennifer Garcia'}, {'store_id': 'STORE1091', 'store_name': 'Salem Store', 'location': 'East Newport', 'manager': 'George Turner'}, {'store_id': 'STORE1092', 'store_name': 'Chester Store', 'location': 'West Fairview', 'manager': 'Richard Taylor'}, {'store_id': 'STORE1093', 'store_name': 'Manchester Store', 'location': 'East Jackson', 'manager': 'Anthony Lee'}, {'store_id': 'STORE1094', 'store_name': 'Franklin Store', 'location': 'West Washington', 'manager': 'Christopher Garcia'}, {'store_id': 'STORE1095', 'store_name': 'Fairview Store', 'location': 'East Bristol', 'manager': 'Lisa Edwards'}, {'store_id': 'STORE1096', 'store_name': 'Milton Store', 'location': 'West Marion', 'manager': 'Dorothy Parker'}, {'store_id': 'STORE1097', 'store_name': 'Burlington Store', 'location': 'West Richmond', 'manager': 'John Jones'}  ... displaying 10 of 534 total bound parameter sets ...  {'store_id': 'STORE1622', 'store_name': 'Franklin Store', 'location': 'East Arlingtontown', 'manager': 'John Jones'}, {'store_id': 'STORE1623', 'store_name': 'Clayton Store', 'location': 'West Franklin', 'manager': 'Carol Wright'}]]
(Background on this error at: https://sqlalche.me/e/20/gkpj)",2025-08-22 22:40:56.650964
STORE1277,Georgetown Store,East Waynetown,Ruth Hill,"Database insertion failed: (pymysql.err.IntegrityError) (1062, ""Duplicate entry 'STORE1090' for key 'dimstore.store_id'"")
[SQL: INSERT INTO dimstore (store_id, store_name, location, manager) VALUES (%(store_id)s, %(store_name)s, %(location)s, %(manager)s)]
[parameters: [{'store_id': 'STORE1090', 'store_name': 'Oxford Store', 'location': 'East Greenwood', 'manager': 'Jennifer Garcia'}, {'store_id': 'STORE1091', 'store_name': 'Salem Store', 'location': 'East Newport', 'manager': 'George Turner'}, {'store_id': 'STORE1092', 'store_name': 'Chester Store', 'location': 'West Fairview', 'manager': 'Richard Taylor'}, {'store_id': 'STORE1093', 'store_name': 'Manchester Store', 'location': 'East Jackson', 'manager': 'Anthony Lee'}, {'store_id': 'STORE1094', 'store_name': 'Franklin Store', 'location': 'West Washington', 'manager': 'Christopher Garcia'}, {'store_id': 'STORE1095', 'store_name': 'Fairview Store', 'location': 'East Bristol', 'manager': 'Lisa Edwards'}, {'store_id': 'STORE1096', 'store_name': 'Milton Store', 'location': 'West Marion', 'manager': 'Dorothy Parker'}, {'store_id': 'STORE1097', 'store_name': 'Burlington Store', 'location': 'West Richmond', 'manager': 'John Jones'}  ... displaying 10 of 534 total bound parameter sets ...  {'store_id': 'STORE1622', 'store_name': 'Franklin Store', 'location': 'East Arlingtontown', 'manager': 'John Jones'}, {'store_id': 'STORE1623', 'store_name': 'Clayton Store', 'location': 'West Franklin', 'manager': 'Carol Wright'}]]
(Background on this error at: https://sqlalche.me/e/20/gkpj)",2025-08-22 22:40:56.650964
STORE1278,Auburn Store,East Auburn,John Jones,"Database insertion failed: (pymysql.err.IntegrityError) (1062, ""Duplicate entry 'STORE1090' for key 'dimstore.store_id'"")
[SQL: INSERT INTO dimstore (store_id, store_name, location, manager) VALUES (%(store_id)s, %(store_name)s, %(location)s, %(manager)s)]
[parameters: [{'store_id': 'STORE1090', 'store_name': 'Oxford Store', 'location': 'East Greenwood', 'manager': 'Jennifer Garcia'}, {'store_id': 'STORE1091', 'store_name': 'Salem Store', 'location': 'East Newport', 'manager': 'George Turner'}, {'store_id': 'STORE1092', 'store_name': 'Chester Store', 'location': 'West Fairview', 'manager': 'Richard Taylor'}, {'store_id': 'STORE1093', 'store_name': 'Manchester Store', 'location': 'East Jackson', 'manager': 'Anthony Lee'}, {'store_id': 'STORE1094', 'store_name': 'Franklin Store', 'location': 'West Washington', 'manager': 'Christopher Garcia'}, {'store_id': 'STORE1095', 'store_name': 'Fairview Store', 'location': 'East Bristol', 'manager': 'Lisa Edwards'}, {'store_id': 'STORE1096', 'store_name': 'Milton Store', 'location': 'West Marion', 'manager': 'Dorothy Parker'}, {'store_id': 'STORE1097', 'store_name': 'Burlington Store', 'location': 'West Richmond', 'manager': 'John Jones'}  ... displaying 10 of 534 total bound parameter sets ...  {'store_id': 'STORE1622', 'store_name': 'Franklin Store', 'location': 'East Arlingtontown', 'manager': 'John Jones'}, {'store_id': 'STORE1623', 'store_name': 'Clayton Store', 'location': 'West Franklin', 'manager': 'Carol Wright'}]]
(Background on this error at: https://sqlalche.me/e/20/gkpj)",2025-08-22 22:40:56.650964
STORE1279,Washington Store,East Salemtown,Andrew Scott,"Database insertion failed: (pymysql.err.IntegrityError) (1062, ""Duplicate entry 'STORE1090' for key 'dimstore.store_id'"")
[SQL: INSERT INTO dimstore (store_id, store_name, location, manager) VALUES (%(store_id)s, %(store_name)s, %(location)s, %(manager)s)]
[parameters: [{'store_id': 'STORE1090', 'store_name': 'Oxford Store', 'location': 'East Greenwood', 'manager': 'Jennifer Garcia'}, {'store_id': 'STORE1091', 'store_name': 'Salem Store', 'location': 'East Newport', 'manager': 'George Turner'}, {'store_id': 'STORE1092', 'store_name': 'Chester Store', 'location': 'West Fairview', 'manager': 'Richard Taylor'}, {'store_id': 'STORE1093', 'store_name': 'Manchester Store', 'location': 'East Jackson', 'manager': 'Anthony Lee'}, {'store_id': 'STORE1094', 'store_name': 'Franklin Store', 'location': 'West Washington', 'manager': 'Christopher Garcia'}, {'store_id': 'STORE1095', 'store_name': 'Fairview Store', 'location': 'East Bristol', 'manager': 'Lisa Edwards'}, {'store_id': 'STORE1096', 'store_name': 'Milton Store', 'location': 'West Marion', 'manager': 'Dorothy Parker'}, {'store_id': 'STORE1097', 'store_name': 'Burlington Store', 'location': 'West Richmond', 'manager': 'John Jones'}  ... displaying 10 of 534 total bound parameter sets ...  {'store_id': 'STORE1622', 'store_name': 'Franklin Store', 'location': 'East Arlingtontown', 'manager': 'John Jones'}, {'store_id': 'STORE1623', 'store_name': 'Clayton Store', 'location': 'West Franklin', 'manager': 'Carol Wright'}]]
(Background on this error at: https://sqlalche.me/e/20/gkpj)",2025-08-22 22:40:56.650964
STORE1280,Jackson Store,West Washington,Sandra Allen,"Database insertion failed: (pymysql.err.IntegrityError) (1062, ""Duplicate entry 'STORE1090' for key 'dimstore.store_id'"")
[SQL: INSERT INTO dimstore (store_id, store_name, location, manager) VALUES (%(store_id)s, %(store_name)s, %(location)s, %(manager)s)]
[parameters: [{'store_id': 'STORE1090', 'store_name': 'Oxford Store', 'location': 'East Greenwood', 'manager': 'Jennifer Garcia'}, {'store_id': 'STORE1091', 'store_name': 'Salem Store', 'location': 'East Newport', 'manager': 'George Turner'}, {'store_id': 'STORE1092', 'store_name': 'Chester Store', 'location': 'West Fairview', 'manager': 'Richard Taylor'}, {'store_id': 'STORE1093', 'store_name': 'Manchester Store', 'location': 'East Jackson', 'manager': 'Anthony Lee'}, {'store_id': 'STORE1094', 'store_name': 'Franklin Store', 'location': 'West Washington', 'manager': 'Christopher Garcia'}, {'store_id': 'STORE1095', 'store_name': 'Fairview Store', 'location': 'East Bristol', 'manager': 'Lisa Edwards'}, {'store_id': 'STORE1096', 'store_name': 'Milton Store', 'location': 'West Marion', 'manager': 'Dorothy Parker'}, {'store_id': 'STORE1097', 'store_name': 'Burlington Store', 'location': 'West Richmond', 'manager': 'John Jones'}  ... displaying 10 of 534 total bound parameter sets ...  {'store_id': 'STORE1622', 'store_name': 'Franklin Store', 'location': 'East Arlingtontown', 'manager': 'John Jones'}, {'store_id': 'STORE1623', 'store_name': 'Clayton Store', 'location': 'West Franklin', 'manager': 'Carol Wright'}]]
(Background on this error at: https://sqlalche.me/e/20/gkpj)",2025-08-22 22:40:56.650964
STORE1281,Wayne Store,East Franklintown,Ronald Evans,"Database insertion failed: (pymysql.err.IntegrityError) (1062, ""Duplicate entry 'STORE1090' for key 'dimstore.store_id'"")
[SQL: INSERT INTO dimstore (store_id, store_name, location, manager) VALUES (%(store_id)s, %(store_name)s, %(location)s, %(manager)s)]
[parameters: [{'store_id': 'STORE1090', 'store_name': 'Oxford Store', 'location': 'East Greenwood', 'manager': 'Jennifer Garcia'}, {'store_id': 'STORE1091', 'store_name': 'Salem Store', 'location': 'East Newport', 'manager': 'George Turner'}, {'store_id': 'STORE1092', 'store_name': 'Chester Store', 'location': 'West Fairview', 'manager': 'Richard Taylor'}, {'store_id': 'STORE1093', 'store_name': 'Manchester Store', 'location': 'East Jackson', 'manager': 'Anthony Lee'}, {'store_id': 'STORE1094', 'store_name': 'Franklin Store', 'location': 'West Washington', 'manager': 'Christopher Garcia'}, {'store_id': 'STORE1095', 'store_name': 'Fairview Store', 'location': 'East Bristol', 'manager': 'Lisa Edwards'}, {'store_id': 'STORE1096', 'store_name': 'Milton Store', 'location': 'West Marion', 'manager': 'Dorothy Parker'}, {'store_id': 'STORE1097', 'store_name': 'Burlington Store', 'location': 'West Richmond', 'manager': 'John Jones'}  ... displaying 10 of 534 total bound parameter sets ...  {'store_id': 'STORE1622', 'store_name': 'Franklin Store', 'location': 'East Arlingtontown', 'manager': 'John Jones'}, {'store_id': 'STORE1623', 'store_name': 'Clayton Store', 'location': 'West Franklin', 'manager': 'Carol Wright'}]]
(Background on this error at: https://sqlalche.me/e/20/gkpj)",2025-08-22 22:40:56.650964
STORE1282,Marion Store,West Oxford,Daniel Robinson,"Database insertion failed: (pymysql.err.IntegrityError) (1062, ""Duplicate entry 'STORE1090' for key 'dimstore.store_id'"")
[SQL: INSERT INTO dimstore (store_id, store_name, location, manager) VALUES (%(store_id)s, %(store_name)s, %(location)s, %(manager)s)]
[parameters: [{'store_id': 'STORE1090', 'store_name': 'Oxford Store', 'location': 'East Greenwood', 'manager': 'Jennifer Garcia'}, {'store_id': 'STORE1091', 'store_name': 'Salem Store', 'location': 'East Newport', 'manager': 'George Turner'}, {'store_id': 'STORE1092', 'store_name': 'Chester Store', 'location': 'West Fairview', 'manager': 'Richard Taylor'}, {'store_id': 'STORE1093', 'store_name': 'Manchester Store', 'location': 'East Jackson', 'manager': 'Anthony Lee'}, {'store_id': 'STORE1094', 'store_name': 'Franklin Store', 'location': 'West Washington', 'manager': 'Christopher Garcia'}, {'store_id': 'STORE1095', 'store_name': 'Fairview Store', 'location': 'East Bristol', 'manager': 'Lisa Edwards'}, {'store_id': 'STORE1096', 'store_name': 'Milton Store', 'location': 'West Marion', 'manager': 'Dorothy Parker'}, {'store_id': 'STORE1097', 'store_name': 'Burlington Store', 'location': 'West Richmond', 'manager': 'John Jones'}  ... displaying 10 of 534 total bound parameter sets ...  {'store_id': 'STORE1622', 'store_name': 'Franklin Store', 'location': 'East Arlingtontown', 'manager': 'John Jones'}, {'store_id': 'STORE1623', 'store_name': 'Clayton Store', 'location': 'West Franklin', 'manager': 'Carol Wright'}]]
(Background on this error at: https://sqlalche.me/e/20/gkpj)",2025-08-22 22:40:56.650964
STORE1283,Springfield Store,East Franklintown,Kimberly Roberts,"Database insertion failed: (pymysql.err.IntegrityError) (1062, ""Duplicate entry 'STORE1090' for key 'dimstore.store_id'"")
[SQL: INSERT INTO dimstore (store_id, store_name, location, manager) VALUES (%(store_id)s, %(store_name)s, %(location)s, %(manager)s)]
[parameters: [{'store_id': 'STORE1090', 'store_name': 'Oxford Store', 'location': 'East Greenwood', 'manager': 'Jennifer Garcia'}, {'store_id': 'STORE1091', 'store_name': 'Salem Store', 'location': 'East Newport', 'manager': 'George Turner'}, {'store_id': 'STORE1092', 'store_name': 'Chester Store', 'location': 'West Fairview', 'manager': 'Richard Taylor'}, {'store_id': 'STORE1093', 'store_name': 'Manchester Store', 'location': 'East Jackson', 'manager': 'Anthony Lee'}, {'store_id': 'STORE1094', 'store_name': 'Franklin Store', 'location': 'West Washington', 'manager': 'Christopher Garcia'}, {'store_id': 'STORE1095', 'store_name': 'Fairview Store', 'location': 'East Bristol', 'manager': 'Lisa Edwards'}, {'store_id': 'STORE1096', 'store_name': 'Milton Store', 'location': 'West Marion', 'manager': 'Dorothy Parker'}, {'store_id': 'STORE1097', 'store_name': 'Burlington Store', 'location': 'West Richmond', 'manager': 'John Jones'}  ... displaying 10 of 534 total bound parameter sets ...  {'store_id': 'STORE1622', 'store_name': 'Franklin Store', 'location': 'East Arlingtontown', 'manager': 'John Jones'}, {'store_id': 'STORE1623', 'store_name': 'Clayton Store', 'location': 'West Franklin', 'manager': 'Carol Wright'}]]
(Background on this error at: https://sqlalche.me/e/20/gkpj)",2025-08-22 22:40:56.650964
STORE1284,Washington Store,West Claytontown,Barbara Anderson,"Database insertion failed: (pymysql.err.IntegrityError) (1062, ""Duplicate entry 'STORE1090' for key 'dimstore.store_id'"")
[SQL: INSERT INTO dimstore (store_id, store_name, location, manager) VALUES (%(store_id)s, %(store_name)s, %(location)s, %(manager)s)]
[parameters: [{'store_id': 'STORE1090', 'store_name': 'Oxford Store', 'location': 'East Greenwood', 'manager': 'Jennifer Garcia'}, {'store_id': 'STORE1091', 'store_name': 'Salem Store', 'location': 'East Newport', 'manager': 'George Turner'}, {'store_id': 'STORE1092', 'store_name': 'Chester Store', 'location': 'West Fairview', 'manager': 'Richard Taylor'}, {'store_id': 'STORE1093', 'store_name': 'Manchester Store', 'location': 'East Jackson', 'manager': 'Anthony Lee'}, {'store_id': 'STORE1094', 'store_name': 'Franklin Store', 'location': 'West Washington', 'manager': 'Christopher Garcia'}, {'store_id': 'STORE1095', 'store_name': 'Fairview Store', 'location': 'East Bristol', 'manager': 'Lisa Edwards'}, {'store_id': 'STORE1096', 'store_name': 'Milton Store', 'location': 'West Marion', 'manager': 'Dorothy Parker'}, {'store_id': 'STORE1097', 'store_name': 'Burlington Store', 'location': 'West Richmond', 'manager': 'John Jones'}  ... displaying 10 of 534 total bound parameter sets ...  {'store_id': 'STORE1622', 'store_name': 'Franklin Store', 'location': 'East Arlingtontown', 'manager': 'John Jones'}, {'store_id': 'STORE1623', 'store_name': 'Clayton Store', 'location': 'West Franklin', 'manager': 'Carol Wright'}]]
(Background on this error at: https://sqlalche.me/e/20/gkpj)",2025-08-22 22:40:56.650964
STORE1285,Troy Store,East Richmondtown,Deborah Phillips,"Database insertion failed: (pymysql.err.IntegrityError) (1062, ""Duplicate entry 'STORE1090' for key 'dimstore.store_id'"")
[SQL: INSERT INTO dimstore (store_id, store_name, location, manager) VALUES (%(store_id)s, %(store_name)s, %(location)s, %(manager)s)]
[parameters: [{'store_id': 'STORE1090', 'store_name': 'Oxford Store', 'location': 'East Greenwood', 'manager': 'Jennifer Garcia'}, {'store_id': 'STORE1091', 'store_name': 'Salem Store', 'location': 'East Newport', 'manager': 'George Turner'}, {'store_id': 'STORE1092', 'store_name': 'Chester Store', 'location': 'West Fairview', 'manager': 'Richard Taylor'}, {'store_id': 'STORE1093', 'store_name': 'Manchester Store', 'location': 'East Jackson', 'manager': 'Anthony Lee'}, {'store_id': 'STORE1094', 'store_name': 'Franklin Store', 'location': 'West Washington', 'manager': 'Christopher Garcia'}, {'store_id': 'STORE1095', 'store_name': 'Fairview Store', 'location': 'East Bristol', 'manager': 'Lisa Edwards'}, {'store_id': 'STORE1096', 'store_name': 'Milton Store', 'location': 'West Marion', 'manager': 'Dorothy Parker'}, {'store_id': 'STORE1097', 'store_name': 'Burlington Store', 'location': 'West Richmond', 'manager': 'John Jones'}  ... displaying 10 of 534 total bound parameter sets ...  {'store_id': 'STORE1622', 'store_name': 'Franklin Store', 'location': 'East Arlingtontown', 'manager': 'John Jones'}, {'store_id': 'STORE1623', 'store_name': 'Clayton Store', 'location': 'West Franklin', 'manager': 'Carol Wright'}]]
(Background on this error at: https://sqlalche.me/e/20/gkpj)",2025-08-22 22:40:56.650964
STORE1286,Franklin Store,West Madison,Donald Young,"Database insertion failed: (pymysql.err.IntegrityError) (1062, ""Duplicate entry 'STORE1090' for key 'dimstore.store_id'"")
[SQL: INSERT INTO dimstore (store_id, store_name, location, manager) VALUES (%(store_id)s, %(store_name)s, %(location)s, %(manager)s)]
[parameters: [{'store_id': 'STORE1090', 'store_name': 'Oxford Store', 'location': 'East Greenwood', 'manager': 'Jennifer Garcia'}, {'store_id': 'STORE1091', 'store_name': 'Salem Store', 'location': 'East Newport', 'manager': 'George Turner'}, {'store_id': 'STORE1092', 'store_name': 'Chester Store', 'location': 'West Fairview', 'manager': 'Richard Taylor'}, {'store_id': 'STORE1093', 'store_name': 'Manchester Store', 'location': 'East Jackson', 'manager': 'Anthony Lee'}, {'store_id': 'STORE1094', 'store_name': 'Franklin Store', 'location': 'West Washington', 'manager': 'Christopher Garcia'}, {'store_id': 'STORE1095', 'store_name': 'Fairview Store', 'location': 'East Bristol', 'manager': 'Lisa Edwards'}, {'store_id': 'STORE1096', 'store_name': 'Milton Store', 'location': 'West Marion', 'manager': 'Dorothy Parker'}, {'store_id': 'STORE1097', 'store_name': 'Burlington Store', 'location': 'West Richmond', 'manager': 'John Jones'}  ... displaying 10 of 534 total bound parameter sets ...  {'store_id': 'STORE1622', 'store_name': 'Franklin Store', 'location': 'East Arlingtontown', 'manager': 'John Jones'}, {'store_id': 'STORE1623', 'store_name': 'Clayton Store', 'location': 'West Franklin', 'manager': 'Carol Wright'}]]
(Background on this error at: https://sqlalche.me/e/20/gkpj)",2025-08-22 22:40:56.650964
STORE1287,Auburn Store,West Georgetown,Susan Thomas,"Database insertion failed: (pymysql.err.IntegrityError) (1062, ""Duplicate entry 'STORE1090' for key 'dimstore.store_id'"")
[SQL: INSERT INTO dimstore (store_id, store_name, location, manager) VALUES (%(store_id)s, %(store_name)s, %(location)s, %(manager)s)]
[parameters: [{'store_id': 'STORE1090', 'store_name': 'Oxford Store', 'location': 'East Greenwood', 'manager': 'Jennifer Garcia'}, {'store_id': 'STORE1091', 'store_name': 'Salem Store', 'location': 'East Newport', 'manager': 'George Turner'}, {'store_id': 'STORE1092', 'store_name': 'Chester Store', 'location': 'West Fairview', 'manager': 'Richard Taylor'}, {'store_id': 'STORE1093', 'store_name': 'Manchester Store', 'location': 'East Jackson', 'manager': 'Anthony Lee'}, {'store_id': 'STORE1094', 'store_name': 'Franklin Store', 'location': 'West Washington', 'manager': 'Christopher Garcia'}, {'store_id': 'STORE1095', 'store_name': 'Fairview Store', 'location': 'East Bristol', 'manager': 'Lisa Edwards'}, {'store_id': 'STORE1096', 'store_name': 'Milton Store', 'location': 'West Marion', 'manager': 'Dorothy Parker'}, {'store_id': 'STORE1097', 'store_name': 'Burlington Store', 'location': 'West Richmond', 'manager': 'John Jones'}  ... displaying 10 of 534 total bound parameter sets ...  {'store_id': 'STORE1622', 'store_name': 'Franklin Store', 'location': 'East Arlingtontown', 'manager': 'John Jones'}, {'store_id': 'STORE1623', 'store_name': 'Clayton Store', 'location': 'West Franklin', 'manager': 'Carol Wright'}]]
(Background on this error at: https://sqlalche.me/e/20/gkpj)",2025-08-22 22:40:56.650964
STORE1288,Burlington Store,West Georgetown,Kevin Carter,"Database insertion failed: (pymysql.err.IntegrityError) (1062, ""Duplicate entry 'STORE1090' for key 'dimstore.store_id'"")
[SQL: INSERT INTO dimstore (store_id, store_name, location, manager) VALUES (%(store_id)s, %(store_name)s, %(location)s, %(manager)s)]
[parameters: [{'store_id': 'STORE1090', 'store_name': 'Oxford Store', 'location': 'East Greenwood', 'manager': 'Jennifer Garcia'}, {'store_id': 'STORE1091', 'store_name': 'Salem Store', 'location': 'East Newport', 'manager': 'George Turner'}, {'store_id': 'STORE1092', 'store_name': 'Chester Store', 'location': 'West Fairview', 'manager': 'Richard Taylor'}, {'store_id': 'STORE1093', 'store_name': 'Manchester Store', 'location': 'East Jackson', 'manager': 'Anthony Lee'}, {'store_id': 'STORE1094', 'store_name': 'Franklin Store', 'location': 'West Washington', 'manager': 'Christopher Garcia'}, {'store_id': 'STORE1095', 'store_name': 'Fairview Store', 'location': 'East Bristol', 'manager': 'Lisa Edwards'}, {'store_id': 'STORE1096', 'store_name': 'Milton Store', 'location': 'West Marion', 'manager': 'Dorothy Parker'}, {'store_id': 'STORE1097', 'store_name': 'Burlington Store', 'location': 'West Richmond', 'manager': 'John Jones'}  ... displaying 10 of 534 total bound parameter sets ...  {'store_id': 'STORE1622', 'store_name': 'Franklin Store', 'location': 'East Arlingtontown', 'manager': 'John Jones'}, {'store_id': 'STORE1623', 'store_name': 'Clayton Store', 'location': 'West Franklin', 'manager': 'Carol Wright'}]]
(Background on this error at: https://sqlalche.me/e/20/gkpj)",2025-08-22 22:40:56.650964
STORE1289,Dover Store,East Auburn,Brian Perez,"Database insertion failed: (pymysql.err.IntegrityError) (1062, ""Duplicate entry 'STORE1090' for key 'dimstore.store_id'"")
[SQL: INSERT INTO dimstore (store_id, store_name, location, manager) VALUES (%(store_id)s, %(store_name)s, %(location)s, %(manager)s)]
[parameters: [{'store_id': 'STORE1090', 'store_name': 'Oxford Store', 'location': 'East Greenwood', 'manager': 'Jennifer Garcia'}, {'store_id': 'STORE1091', 'store_name': 'Salem Store', 'location': 'East Newport', 'manager': 'George Turner'}, {'store_id': 'STORE1092', 'store_name': 'Chester Store', 'location': 'West Fairview', 'manager': 'Richard Taylor'}, {'store_id': 'STORE1093', 'store_name': 'Manchester Store', 'location': 'East Jackson', 'manager': 'Anthony Lee'}, {'store_id': 'STORE1094', 'store_name': 'Franklin Store', 'location': 'West Washington', 'manager': 'Christopher Garcia'}, {'store_id': 'STORE1095', 'store_name': 'Fairview Store', 'location': 'East Bristol', 'manager': 'Lisa Edwards'}, {'store_id': 'STORE1096', 'store_name': 'Milton Store', 'location': 'West Marion', 'manager': 'Dorothy Parker'}, {'store_id': 'STORE1097', 'store_name': 'Burlington Store', 'location': 'West Richmond', 'manager': 'John Jones'}  ... displaying 10 of 534 total bound parameter sets ...  {'store_id': 'STORE1622', 'store_name': 'Franklin Store', 'location': 'East Arlingtontown', 'manager': 'John Jones'}, {'store_id': 'STORE1623', 'store_name': 'Clayton Store', 'location': 'West Franklin', 'manager': 'Carol Wright'}]]
(Background on this error at: https://sqlalche.me/e/20/gkpj)",2025-08-22 22:40:56.650964
STORE1290,Ashland Store,West Fairviewtown,Helen Walker,"Database insertion failed: (pymysql.err.IntegrityError) (1062, ""Duplicate entry 'STORE1090' for key 'dimstore.store_id'"")
[SQL: INSERT INTO dimstore (store_id, store_name, location, manager) VALUES (%(store_id)s, %(store_name)s, %(location)s, %(manager)s)]
[parameters: [{'store_id': 'STORE1090', 'store_name': 'Oxford Store', 'location': 'East Greenwood', 'manager': 'Jennifer Garcia'}, {'store_id': 'STORE1091', 'store_name': 'Salem Store', 'location': 'East Newport', 'manager': 'George Turner'}, {'store_id': 'STORE1092', 'store_name': 'Chester Store', 'location': 'West Fairview', 'manager': 'Richard Taylor'}, {'store_id': 'STORE1093', 'store_name': 'Manchester Store', 'location': 'East Jackson', 'manager': 'Anthony Lee'}, {'store_id': 'STORE1094', 'store_name': 'Franklin Store', 'location': 'West Washington', 'manager': 'Christopher Garcia'}, {'store_id': 'STORE1095', 'store_name': 'Fairview Store', 'location': 'East Bristol', 'manager': 'Lisa Edwards'}, {'store_id': 'STORE1096', 'store_name': 'Milton Store', 'location': 'West Marion', 'manager': 'Dorothy Parker'}, {'store_id': 'STORE1097', 'store_name': 'Burlington Store', 'location': 'West Richmond', 'manager': 'John Jones'}  ... displaying 10 of 534 total bound parameter sets ...  {'store_id': 'STORE1622', 'store_name': 'Franklin Store', 'location': 'East Arlingtontown', 'manager': 'John Jones'}, {'store_id': 'STORE1623', 'store_name': 'Clayton Store', 'location': 'West Franklin', 'manager': 'Carol Wright'}]]
(Background on this error at: https://sqlalche.me/e/20/gkpj)",2025-08-22 22:40:56.650964
STORE1291,Lancaster Store,West Wayne,Nancy Martinez,"Database insertion failed: (pymysql.err.IntegrityError) (1062, ""Duplicate entry 'STORE1090' for key 'dimstore.store_id'"")
[SQL: INSERT INTO dimstore (store_id, store_name, location, manager) VALUES (%(store_id)s, %(store_name)s, %(location)s, %(manager)s)]
[parameters: [{'store_id': 'STORE1090', 'store_name': 'Oxford Store', 'location': 'East Greenwood', 'manager': 'Jennifer Garcia'}, {'store_id': 'STORE1091', 'store_name': 'Salem Store', 'location': 'East Newport', 'manager': 'George Turner'}, {'store_id': 'STORE1092', 'store_name': 'Chester Store', 'location': 'West Fairview', 'manager': 'Richard Taylor'}, {'store_id': 'STORE1093', 'store_name': 'Manchester Store', 'location': 'East Jackson', 'manager': 'Anthony Lee'}, {'store_id': 'STORE1094', 'store_name': 'Franklin Store', 'location': 'West Washington', 'manager': 'Christopher Garcia'}, {'store_id': 'STORE1095', 'store_name': 'Fairview Store', 'location': 'East Bristol', 'manager': 'Lisa Edwards'}, {'store_id': 'STORE1096', 'store_name': 'Milton Store', 'location': 'West Marion', 'manager': 'Dorothy Parker'}, {'store_id': 'STORE1097', 'store_name': 'Burlington Store', 'location': 'West Richmond', 'manager': 'John Jones'}  ... displaying 10 of 534 total bound parameter sets ...  {'store_id': 'STORE1622', 'store_name': 'Franklin Store', 'location': 'East Arlingtontown', 'manager': 'John Jones'}, {'store_id': 'STORE1623', 'store_name': 'Clayton Store', 'location': 'West Franklin', 'manager': 'Carol Wright'}]]
(Background on this error at: https://sqlalche.me/e/20/gkpj)",2025-08-22 22:40:56.650964
STORE1292,Wayne Store,West Salem,George Turner,"Database insertion failed: (pymysql.err.IntegrityError) (1062, ""Duplicate entry 'STORE1090' for key 'dimstore.store_id'"")
[SQL: INSERT INTO dimstore (store_id, store_name, location, manager) VALUES (%(store_id)s, %(store_name)s, %(location)s, %(manager)s)]
[parameters: [{'store_id': 'STORE1090', 'store_name': 'Oxford Store', 'location': 'East Greenwood', 'manager': 'Jennifer Garcia'}, {'store_id': 'STORE1091', 'store_name': 'Salem Store', 'location': 'East Newport', 'manager': 'George Turner'}, {'store_id': 'STORE1092', 'store_name': 'Chester Store', 'location': 'West Fairview', 'manager': 'Richard Taylor'}, {'store_id': 'STORE1093', 'store_name': 'Manchester Store', 'location': 'East Jackson', 'manager': 'Anthony Lee'}, {'store_id': 'STORE1094', 'store_name': 'Franklin Store', 'location': 'West Washington', 'manager': 'Christopher Garcia'}, {'store_id': 'STORE1095', 'store_name': 'Fairview Store', 'location': 'East Bristol', 'manager': 'Lisa Edwards'}, {'store_id': 'STORE1096', 'store_name': 'Milton Store', 'location': 'West Marion', 'manager': 'Dorothy Parker'}, {'store_id': 'STORE1097', 'store_name': 'Burlington Store', 'location': 'West Richmond', 'manager': 'John Jones'}  ... displaying 10 of 534 total bound parameter sets ...  {'store_id': 'STORE1622', 'store_name': 'Franklin Store', 'location': 'East Arlingtontown', 'manager': 'John Jones'}, {'store_id': 'STORE1623', 'store_name': 'Clayton Store', 'location': 'West Franklin', 'manager': 'Carol Wright'}]]
(Background on this error at: https://sqlalche.me/e/20/gkpj)",2025-08-22 22:40:56.650964
STORE1293,Georgetown Store,West Burlington,Betty Lewis,"Database insertion failed: (pymysql.err.IntegrityError) (1062, ""Duplicate entry 'STORE1090' for key 'dimstore.store_id'"")
[SQL: INSERT INTO dimstore (store_id, store_name, location, manager) VALUES (%(store_id)s, %(store_name)s, %(location)s, %(manager)s)]
[parameters: [{'store_id': 'STORE1090', 'store_name': 'Oxford Store', 'location': 'East Greenwood', 'manager': 'Jennifer Garcia'}, {'store_id': 'STORE1091', 'store_name': 'Salem Store', 'location': 'East Newport', 'manager': 'George Turner'}, {'store_id': 'STORE1092', 'store_name': 'Chester Store', 'location': 'West Fairview', 'manager': 'Richard Taylor'}, {'store_id': 'STORE1093', 'store_name': 'Manchester Store', 'location': 'East Jackson', 'manager': 'Anthony Lee'}, {'store_id': 'STORE1094', 'store_name': 'Franklin Store', 'location': 'West Washington', 'manager': 'Christopher Garcia'}, {'store_id': 'STORE1095', 'store_name': 'Fairview Store', 'location': 'East Bristol', 'manager': 'Lisa Edwards'}, {'store_id': 'STORE1096', 'store_name': 'Milton Store', 'location': 'West Marion', 'manager': 'Dorothy Parker'}, {'store_id': 'STORE1097', 'store_name': 'Burlington Store', 'location': 'West Richmond', 'manager': 'John Jones'}  ... displaying 10 of 534 total bound parameter sets ...  {'store_id': 'STORE1622', 'store_name': 'Franklin Store', 'location': 'East Arlingtontown', 'manager': 'John Jones'}, {'store_id': 'STORE1623', 'store_name': 'Clayton Store', 'location': 'West Franklin', 'manager': 'Carol Wright'}]]
(Background on this error at: https://sqlalche.me/e/20/gkpj)",2025-08-22 22:40:56.650964
STORE1294,Chester Store,East Troy,Anthony Lee,"Database insertion failed: (pymysql.err.IntegrityError) (1062, ""Duplicate entry 'STORE1090' for key 'dimstore.store_id'"")
[SQL: INSERT INTO dimstore (store_id, store_name, location, manager) VALUES (%(store_id)s, %(store_name)s, %(location)s, %(manager)s)]
[parameters: [{'store_id': 'STORE1090', 'store_name': 'Oxford Store', 'location': 'East Greenwood', 'manager': 'Jennifer Garcia'}, {'store_id': 'STORE1091', 'store_name': 'Salem Store', 'location': 'East Newport', 'manager': 'George Turner'}, {'store_id': 'STORE1092', 'store_name': 'Chester Store', 'location': 'West Fairview', 'manager': 'Richard Taylor'}, {'store_id': 'STORE1093', 'store_name': 'Manchester Store', 'location': 'East Jackson', 'manager': 'Anthony Lee'}, {'store_id': 'STORE1094', 'store_name': 'Franklin Store', 'location': 'West Washington', 'manager': 'Christopher Garcia'}, {'store_id': 'STORE1095', 'store_name': 'Fairview Store', 'location': 'East Bristol', 'manager': 'Lisa Edwards'}, {'store_id': 'STORE1096', 'store_name': 'Milton Store', 'location': 'West Marion', 'manager': 'Dorothy Parker'}, {'store_id': 'STORE1097', 'store_name': 'Burlington Store', 'location': 'West Richmond', 'manager': 'John Jones'}  ... displaying 10 of 534 total bound parameter sets ...  {'store_id': 'STORE1622', 'store_name': 'Franklin Store', 'location': 'East Arlingtontown', 'manager': 'John Jones'}, {'store_id': 'STORE1623', 'store_name': 'Clayton Store', 'location': 'West Franklin', 'manager': 'Carol Wright'}]]
(Background on this error at: https://sqlalche.me/e/20/gkpj)",2025-08-22 22:40:56.650964
STORE1295,Troy Store,East Ashlandtown,Sharon Green,"Database insertion failed: (pymysql.err.IntegrityError) (1062, ""Duplicate entry 'STORE1090' for key 'dimstore.store_id'"")
[SQL: INSERT INTO dimstore (store_id, store_name, location, manager) VALUES (%(store_id)s, %(store_name)s, %(location)s, %(manager)s)]
[parameters: [{'store_id': 'STORE1090', 'store_name': 'Oxford Store', 'location': 'East Greenwood', 'manager': 'Jennifer Garcia'}, {'store_id': 'STORE1091', 'store_name': 'Salem Store', 'location': 'East Newport', 'manager': 'George Turner'}, {'store_id': 'STORE1092', 'store_name': 'Chester Store', 'location': 'West Fairview', 'manager': 'Richard Taylor'}, {'store_id': 'STORE1093', 'store_name': 'Manchester Store', 'location': 'East Jackson', 'manager': 'Anthony Lee'}, {'store_id': 'STORE1094', 'store_name': 'Franklin Store', 'location': 'West Washington', 'manager': 'Christopher Garcia'}, {'store_id': 'STORE1095', 'store_name': 'Fairview Store', 'location': 'East Bristol', 'manager': 'Lisa Edwards'}, {'store_id': 'STORE1096', 'store_name': 'Milton Store', 'location': 'West Marion', 'manager': 'Dorothy Parker'}, {'store_id': 'STORE1097', 'store_name': 'Burlington Store', 'location': 'West Richmond', 'manager': 'John Jones'}  ... displaying 10 of 534 total bound parameter sets ...  {'store_id': 'STORE1622', 'store_name': 'Franklin Store', 'location': 'East Arlingtontown', 'manager': 'John Jones'}, {'store_id': 'STORE1623', 'store_name': 'Clayton Store', 'location': 'West Franklin', 'manager': 'Carol Wright'}]]
(Background on this error at: https://sqlalche.me/e/20/gkpj)",2025-08-22 22:40:56.650964
STORE1296,Marion Store,East Lancastertown,Emily Mitchell,"Database insertion failed: (pymysql.err.IntegrityError) (1062, ""Duplicate entry 'STORE1090' for key 'dimstore.store_id'"")
[SQL: INSERT INTO dimstore (store_id, store_name, location, manager) VALUES (%(store_id)s, %(store_name)s, %(location)s, %(manager)s)]
[parameters: [{'store_id': 'STORE1090', 'store_name': 'Oxford Store', 'location': 'East Greenwood', 'manager': 'Jennifer Garcia'}, {'store_id': 'STORE1091', 'store_name': 'Salem Store', 'location': 'East Newport', 'manager': 'George Turner'}, {'store_id': 'STORE1092', 'store_name': 'Chester Store', 'location': 'West Fairview', 'manager': 'Richard Taylor'}, {'store_id': 'STORE1093', 'store_name': 'Manchester Store', 'location': 'East Jackson', 'manager': 'Anthony Lee'}, {'store_id': 'STORE1094', 'store_name': 'Franklin Store', 'location': 'West Washington', 'manager': 'Christopher Garcia'}, {'store_id': 'STORE1095', 'store_name': 'Fairview Store', 'location': 'East Bristol', 'manager': 'Lisa Edwards'}, {'store_id': 'STORE1096', 'store_name': 'Milton Store', 'location': 'West Marion', 'manager': 'Dorothy Parker'}, {'store_id': 'STORE1097', 'store_name': 'Burlington Store', 'location': 'West Richmond', 'manager': 'John Jones'}  ... displaying 10 of 534 total bound parameter sets ...  {'store_id': 'STORE1622', 'store_name': 'Franklin Store', 'location': 'East Arlingtontown', 'manager': 'John Jones'}, {'store_id': 'STORE1623', 'store_name': 'Clayton Store', 'location': 'West Franklin', 'manager': 'Carol Wright'}]]
(Background on this error at: https://sqlalche.me/e/20/gkpj)",2025-08-22 22:40:56.650964
STORE1297,Newport Store,West Dovertown,Donna Hernandez,"Database insertion failed: (pymysql.err.IntegrityError) (1062, ""Duplicate entry 'STORE1090' for key 'dimstore.store_id'"")
[SQL: INSERT INTO dimstore (store_id, store_name, location, manager) VALUES (%(store_id)s, %(store_name)s, %(location)s, %(manager)s)]
[parameters: [{'store_id': 'STORE1090', 'store_name': 'Oxford Store', 'location': 'East Greenwood', 'manager': 'Jennifer Garcia'}, {'store_id': 'STORE1091', 'store_name': 'Salem Store', 'location': 'East Newport', 'manager': 'George Turner'}, {'store_id': 'STORE1092', 'store_name': 'Chester Store', 'location': 'West Fairview', 'manager': 'Richard Taylor'}, {'store_id': 'STORE1093', 'store_name': 'Manchester Store', 'location': 'East Jackson', 'manager': 'Anthony Lee'}, {'store_id': 'STORE1094', 'store_name': 'Franklin Store', 'location': 'West Washington', 'manager': 'Christopher Garcia'}, {'store_id': 'STORE1095', 'store_name': 'Fairview Store', 'location': 'East Bristol', 'manager': 'Lisa Edwards'}, {'store_id': 'STORE1096', 'store_name': 'Milton Store', 'location': 'West Marion', 'manager': 'Dorothy Parker'}, {'store_id': 'STORE1097', 'store_name': 'Burlington Store', 'location': 'West Richmond', 'manager': 'John Jones'}  ... displaying 10 of 534 total bound parameter sets ...  {'store_id': 'STORE1622', 'store_name': 'Franklin Store', 'location': 'East Arlingtontown', 'manager': 'John Jones'}, {'store_id': 'STORE1623', 'store_name': 'Clayton Store', 'location': 'West Franklin', 'manager': 'Carol Wright'}]]
(Background on this error at: https://sqlalche.me/e/20/gkpj)",2025-08-22 22:40:56.650964
STORE1298,Bristol Store,East Clinton,Nancy Martinez,"Database insertion failed: (pymysql.err.IntegrityError) (1062, ""Duplicate entry 'STORE1090' for key 'dimstore.store_id'"")
[SQL: INSERT INTO dimstore (store_id, store_name, location, manager) VALUES (%(store_id)s, %(store_name)s, %(location)s, %(manager)s)]
[parameters: [{'store_id': 'STORE1090', 'store_name': 'Oxford Store', 'location': 'East Greenwood', 'manager': 'Jennifer Garcia'}, {'store_id': 'STORE1091', 'store_name': 'Salem Store', 'location': 'East Newport', 'manager': 'George Turner'}, {'store_id': 'STORE1092', 'store_name': 'Chester Store', 'location': 'West Fairview', 'manager': 'Richard Taylor'}, {'store_id': 'STORE1093', 'store_name': 'Manchester Store', 'location': 'East Jackson', 'manager': 'Anthony Lee'}, {'store_id': 'STORE1094', 'store_name': 'Franklin Store', 'location': 'West Washington', 'manager': 'Christopher Garcia'}, {'store_id': 'STORE1095', 'store_name': 'Fairview Store', 'location': 'East Bristol', 'manager': 'Lisa Edwards'}, {'store_id': 'STORE1096', 'store_name': 'Milton Store', 'location': 'West Marion', 'manager': 'Dorothy Parker'}, {'store_id': 'STORE1097', 'store_name': 'Burlington Store', 'location': 'West Richmond', 'manager': 'John Jones'}  ... displaying 10 of 534 total bound parameter sets ...  {'store_id': 'STORE1622', 'store_name': 'Franklin Store', 'location': 'East Arlingtontown', 'manager': 'John Jones'}, {'store_id': 'STORE1623', 'store_name': 'Clayton Store', 'location': 'West Franklin', 'manager': 'Carol Wright'}]]
(Background on this error at: https://sqlalche.me/e/20/gkpj)",2025-08-22 22:40:56.650964
STORE1299,Clinton Store,West Auburn,Daniel Robinson,"Database insertion failed: (pymysql.err.IntegrityError) (1062, ""Duplicate entry 'STORE1090' for key 'dimstore.store_id'"")
[SQL: INSERT INTO dimstore (store_id, store_name, location, manager) VALUES (%(store_id)s, %(store_name)s, %(location)s, %(manager)s)]
[parameters: [{'store_id': 'STORE1090', 'store_name': 'Oxford Store', 'location': 'East Greenwood', 'manager': 'Jennifer Garcia'}, {'store_id': 'STORE1091', 'store_name': 'Salem Store', 'location': 'East Newport', 'manager': 'George Turner'}, {'store_id': 'STORE1092', 'store_name': 'Chester Store', 'location': 'West Fairview', 'manager': 'Richard Taylor'}, {'store_id': 'STORE1093', 'store_name': 'Manchester Store', 'location': 'East Jackson', 'manager': 'Anthony Lee'}, {'store_id': 'STORE1094', 'store_name': 'Franklin Store', 'location': 'West Washington', 'manager': 'Christopher Garcia'}, {'store_id': 'STORE1095', 'store_name': 'Fairview Store', 'location': 'East Bristol', 'manager': 'Lisa Edwards'}, {'store_id': 'STORE1096', 'store_name': 'Milton Store', 'location': 'West Marion', 'manager': 'Dorothy Parker'}, {'store_id': 'STORE1097', 'store_name': 'Burlington Store', 'location': 'West Richmond', 'manager': 'John Jones'}  ... displaying 10 of 534 total bound parameter sets ...  {'store_id': 'STORE1622', 'store_name': 'Franklin Store', 'location': 'East Arlingtontown', 'manager': 'John Jones'}, {'store_id': 'STORE1623', 'store_name': 'Clayton Store', 'location': 'West Franklin', 'manager': 'Carol Wright'}]]
(Background on this error at: https://sqlalche.me/e/20/gkpj)",2025-08-22 22:40:56.650964
STORE1300,Dover Store,East Fairviewtown,Kevin Carter,"Database insertion failed: (pymysql.err.IntegrityError) (1062, ""Duplicate entry 'STORE1090' for key 'dimstore.store_id'"")
[SQL: INSERT INTO dimstore (store_id, store_name, location, manager) VALUES (%(store_id)s, %(store_name)s, %(location)s, %(manager)s)]
[parameters: [{'store_id': 'STORE1090', 'store_name': 'Oxford Store', 'location': 'East Greenwood', 'manager': 'Jennifer Garcia'}, {'store_id': 'STORE1091', 'store_name': 'Salem Store', 'location': 'East Newport', 'manager': 'George Turner'}, {'store_id': 'STORE1092', 'store_name': 'Chester Store', 'location': 'West Fairview', 'manager': 'Richard Taylor'}, {'store_id': 'STORE1093', 'store_name': 'Manchester Store', 'location': 'East Jackson', 'manager': 'Anthony Lee'}, {'store_id': 'STORE1094', 'store_name': 'Franklin Store', 'location': 'West Washington', 'manager': 'Christopher Garcia'}, {'store_id': 'STORE1095', 'store_name': 'Fairview Store', 'location': 'East Bristol', 'manager': 'Lisa Edwards'}, {'store_id': 'STORE1096', 'store_name': 'Milton Store', 'location': 'West Marion', 'manager': 'Dorothy Parker'}, {'store_id': 'STORE1097', 'store_name': 'Burlington Store', 'location': 'West Richmond', 'manager': 'John Jones'}  ... displaying 10 of 534 total bound parameter sets ...  {'store_id': 'STORE1622', 'store_name': 'Franklin Store', 'location': 'East Arlingtontown', 'manager': 'John Jones'}, {'store_id': 'STORE1623', 'store_name': 'Clayton Store', 'location': 'West Franklin', 'manager': 'Carol Wright'}]]
(Background on this error at: https://sqlalche.me/e/20/gkpj)",2025-08-22 22:40:56.650964
STORE1301,Greenwood Store,West Hudson,Linda Davis,"Database insertion failed: (pymysql.err.IntegrityError) (1062, ""Duplicate entry 'STORE1090' for key 'dimstore.store_id'"")
[SQL: INSERT INTO dimstore (store_id, store_name, location, manager) VALUES (%(store_id)s, %(store_name)s, %(location)s, %(manager)s)]
[parameters: [{'store_id': 'STORE1090', 'store_name': 'Oxford Store', 'location': 'East Greenwood', 'manager': 'Jennifer Garcia'}, {'store_id': 'STORE1091', 'store_name': 'Salem Store', 'location': 'East Newport', 'manager': 'George Turner'}, {'store_id': 'STORE1092', 'store_name': 'Chester Store', 'location': 'West Fairview', 'manager': 'Richard Taylor'}, {'store_id': 'STORE1093', 'store_name': 'Manchester Store', 'location': 'East Jackson', 'manager': 'Anthony Lee'}, {'store_id': 'STORE1094', 'store_name': 'Franklin Store', 'location': 'West Washington', 'manager': 'Christopher Garcia'}, {'store_id': 'STORE1095', 'store_name': 'Fairview Store', 'location': 'East Bristol', 'manager': 'Lisa Edwards'}, {'store_id': 'STORE1096', 'store_name': 'Milton Store', 'location': 'West Marion', 'manager': 'Dorothy Parker'}, {'store_id': 'STORE1097', 'store_name': 'Burlington Store', 'location': 'West Richmond', 'manager': 'John Jones'}  ... displaying 10 of 534 total bound parameter sets ...  {'store_id': 'STORE1622', 'store_name': 'Franklin Store', 'location': 'East Arlingtontown', 'manager': 'John Jones'}, {'store_id': 'STORE1623', 'store_name': 'Clayton Store', 'location': 'West Franklin', 'manager': 'Carol Wright'}]]
(Background on this error at: https://sqlalche.me/e/20/gkpj)",2025-08-22 22:40:56.650964
STORE1302,Marion Store,West Richmond,Barbara Anderson,"Database insertion failed: (pymysql.err.IntegrityError) (1062, ""Duplicate entry 'STORE1090' for key 'dimstore.store_id'"")
[SQL: INSERT INTO dimstore (store_id, store_name, location, manager) VALUES (%(store_id)s, %(store_name)s, %(location)s, %(manager)s)]
[parameters: [{'store_id': 'STORE1090', 'store_name': 'Oxford Store', 'location': 'East Greenwood', 'manager': 'Jennifer Garcia'}, {'store_id': 'STORE1091', 'store_name': 'Salem Store', 'location': 'East Newport', 'manager': 'George Turner'}, {'store_id': 'STORE1092', 'store_name': 'Chester Store', 'location': 'West Fairview', 'manager': 'Richard Taylor'}, {'store_id': 'STORE1093', 'store_name': 'Manchester Store', 'location': 'East Jackson', 'manager': 'Anthony Lee'}, {'store_id': 'STORE1094', 'store_name': 'Franklin Store', 'location': 'West Washington', 'manager': 'Christopher Garcia'}, {'store_id': 'STORE1095', 'store_name': 'Fairview Store', 'location': 'East Bristol', 'manager': 'Lisa Edwards'}, {'store_id': 'STORE1096', 'store_name': 'Milton Store', 'location': 'West Marion', 'manager': 'Dorothy Parker'}, {'store_id': 'STORE1097', 'store_name': 'Burlington Store', 'location': 'West Richmond', 'manager': 'John Jones'}  ... displaying 10 of 534 total bound parameter sets ...  {'store_id': 'STORE1622', 'store_name': 'Franklin Store', 'location': 'East Arlingtontown', 'manager': 'John Jones'}, {'store_id': 'STORE1623', 'store_name': 'Clayton Store', 'location': 'West Franklin', 'manager': 'Carol Wright'}]]
(Background on this error at: https://sqlalche.me/e/20/gkpj)",2025-08-22 22:40:56.650964
STORE1303,Dover Store,West Troy,Joshua Adams,"Database insertion failed: (pymysql.err.IntegrityError) (1062, ""Duplicate entry 'STORE1090' for key 'dimstore.store_id'"")
[SQL: INSERT INTO dimstore (store_id, store_name, location, manager) VALUES (%(store_id)s, %(store_name)s, %(location)s, %(manager)s)]
[parameters: [{'store_id': 'STORE1090', 'store_name': 'Oxford Store', 'location': 'East Greenwood', 'manager': 'Jennifer Garcia'}, {'store_id': 'STORE1091', 'store_name': 'Salem Store', 'location': 'East Newport', 'manager': 'George Turner'}, {'store_id': 'STORE1092', 'store_name': 'Chester Store', 'location': 'West Fairview', 'manager': 'Richard Taylor'}, {'store_id': 'STORE1093', 'store_name': 'Manchester Store', 'location': 'East Jackson', 'manager': 'Anthony Lee'}, {'store_id': 'STORE1094', 'store_name': 'Franklin Store', 'location': 'West Washington', 'manager': 'Christopher Garcia'}, {'store_id': 'STORE1095', 'store_name': 'Fairview Store', 'location': 'East Bristol', 'manager': 'Lisa Edwards'}, {'store_id': 'STORE1096', 'store_name': 'Milton Store', 'location': 'West Marion', 'manager': 'Dorothy Parker'}, {'store_id': 'STORE1097', 'store_name': 'Burlington Store', 'location': 'West Richmond', 'manager': 'John Jones'}  ... displaying 10 of 534 total bound parameter sets ...  {'store_id': 'STORE1622', 'store_name': 'Franklin Store', 'location': 'East Arlingtontown', 'manager': 'John Jones'}, {'store_id': 'STORE1623', 'store_name': 'Clayton Store', 'location': 'West Franklin', 'manager': 'Carol Wright'}]]
(Background on this error at: https://sqlalche.me/e/20/gkpj)",2025-08-22 22:40:56.650964
STORE1304,Milton Store,West Hudsontown,Edward Campbell,"Database insertion failed: (pymysql.err.IntegrityError) (1062, ""Duplicate entry 'STORE1090' for key 'dimstore.store_id'"")
[SQL: INSERT INTO dimstore (store_id, store_name, location, manager) VALUES (%(store_id)s, %(store_name)s, %(location)s, %(manager)s)]
[parameters: [{'store_id': 'STORE1090', 'store_name': 'Oxford Store', 'location': 'East Greenwood', 'manager': 'Jennifer Garcia'}, {'store_id': 'STORE1091', 'store_name': 'Salem Store', 'location': 'East Newport', 'manager': 'George Turner'}, {'store_id': 'STORE1092', 'store_name': 'Chester Store', 'location': 'West Fairview', 'manager': 'Richard Taylor'}, {'store_id': 'STORE1093', 'store_name': 'Manchester Store', 'location': 'East Jackson', 'manager': 'Anthony Lee'}, {'store_id': 'STORE1094', 'store_name': 'Franklin Store', 'location': 'West Washington', 'manager': 'Christopher Garcia'}, {'store_id': 'STORE1095', 'store_name': 'Fairview Store', 'location': 'East Bristol', 'manager': 'Lisa Edwards'}, {'store_id': 'STORE1096', 'store_name': 'Milton Store', 'location': 'West Marion', 'manager': 'Dorothy Parker'}, {'store_id': 'STORE1097', 'store_name': 'Burlington Store', 'location': 'West Richmond', 'manager': 'John Jones'}  ... displaying 10 of 534 total bound parameter sets ...  {'store_id': 'STORE1622', 'store_name': 'Franklin Store', 'location': 'East Arlingtontown', 'manager': 'John Jones'}, {'store_id': 'STORE1623', 'store_name': 'Clayton Store', 'location': 'West Franklin', 'manager': 'Carol Wright'}]]
(Background on this error at: https://sqlalche.me/e/20/gkpj)",2025-08-22 22:40:56.650964
STORE1305,Troy Store,East Washington,Ruth Hill,"Database insertion failed: (pymysql.err.IntegrityError) (1062, ""Duplicate entry 'STORE1090' for key 'dimstore.store_id'"")
[SQL: INSERT INTO dimstore (store_id, store_name, location, manager) VALUES (%(store_id)s, %(store_name)s, %(location)s, %(manager)s)]
[parameters: [{'store_id': 'STORE1090', 'store_name': 'Oxford Store', 'location': 'East Greenwood', 'manager': 'Jennifer Garcia'}, {'store_id': 'STORE1091', 'store_name': 'Salem Store', 'location': 'East Newport', 'manager': 'George Turner'}, {'store_id': 'STORE1092', 'store_name': 'Chester Store', 'location': 'West Fairview', 'manager': 'Richard Taylor'}, {'store_id': 'STORE1093', 'store_name': 'Manchester Store', 'location': 'East Jackson', 'manager': 'Anthony Lee'}, {'store_id': 'STORE1094', 'store_name': 'Franklin Store', 'location': 'West Washington', 'manager': 'Christopher Garcia'}, {'store_id': 'STORE1095', 'store_name': 'Fairview Store', 'location': 'East Bristol', 'manager': 'Lisa Edwards'}, {'store_id': 'STORE1096', 'store_name': 'Milton Store', 'location': 'West Marion', 'manager': 'Dorothy Parker'}, {'store_id': 'STORE1097', 'store_name': 'Burlington Store', 'location': 'West Richmond', 'manager': 'John Jones'}  ... displaying 10 of 534 total bound parameter sets ...  {'store_id': 'STORE1622', 'store_name': 'Franklin Store', 'location': 'East Arlingtontown', 'manager': 'John Jones'}, {'store_id': 'STORE1623', 'store_name': 'Clayton Store', 'location': 'West Franklin', 'manager': 'Carol Wright'}]]
(Background on this error at: https://sqlalche.me/e/20/gkpj)",2025-08-22 22:40:56.650964
STORE1306,Washington Store,East Clintontown,George Turner,"Database insertion failed: (pymysql.err.IntegrityError) (1062, ""Duplicate entry 'STORE1090' for key 'dimstore.store_id'"")
[SQL: INSERT INTO dimstore (store_id, store_name, location, manager) VALUES (%(store_id)s, %(store_name)s, %(location)s, %(manager)s)]
[parameters: [{'store_id': 'STORE1090', 'store_name': 'Oxford Store', 'location': 'East Greenwood', 'manager': 'Jennifer Garcia'}, {'store_id': 'STORE1091', 'store_name': 'Salem Store', 'location': 'East Newport', 'manager': 'George Turner'}, {'store_id': 'STORE1092', 'store_name': 'Chester Store', 'location': 'West Fairview', 'manager': 'Richard Taylor'}, {'store_id': 'STORE1093', 'store_name': 'Manchester Store', 'location': 'East Jackson', 'manager': 'Anthony Lee'}, {'store_id': 'STORE1094', 'store_name': 'Franklin Store', 'location': 'West Washington', 'manager': 'Christopher Garcia'}, {'store_id': 'STORE1095', 'store_name': 'Fairview Store', 'location': 'East Bristol', 'manager': 'Lisa Edwards'}, {'store_id': 'STORE1096', 'store_name': 'Milton Store', 'location': 'West Marion', 'manager': 'Dorothy Parker'}, {'store_id': 'STORE1097', 'store_name': 'Burlington Store', 'location': 'West Richmond', 'manager': 'John Jones'}  ... displaying 10 of 534 total bound parameter sets ...  {'store_id': 'STORE1622', 'store_name': 'Franklin Store', 'location': 'East Arlingtontown', 'manager': 'John Jones'}, {'store_id': 'STORE1623', 'store_name': 'Clayton Store', 'location': 'West Franklin', 'manager': 'Carol Wright'}]]
(Background on this error at: https://sqlalche.me/e/20/gkpj)",2025-08-22 22:40:56.650964
STORE1307,Chester Store,West Ashlandtown,Robert Williams,"Database insertion failed: (pymysql.err.IntegrityError) (1062, ""Duplicate entry 'STORE1090' for key 'dimstore.store_id'"")
[SQL: INSERT INTO dimstore (store_id, store_name, location, manager) VALUES (%(store_id)s, %(store_name)s, %(location)s, %(manager)s)]
[parameters: [{'store_id': 'STORE1090', 'store_name': 'Oxford Store', 'location': 'East Greenwood', 'manager': 'Jennifer Garcia'}, {'store_id': 'STORE1091', 'store_name': 'Salem Store', 'location': 'East Newport', 'manager': 'George Turner'}, {'store_id': 'STORE1092', 'store_name': 'Chester Store', 'location': 'West Fairview', 'manager': 'Richard Taylor'}, {'store_id': 'STORE1093', 'store_name': 'Manchester Store', 'location': 'East Jackson', 'manager': 'Anthony Lee'}, {'store_id': 'STORE1094', 'store_name': 'Franklin Store', 'location': 'West Washington', 'manager': 'Christopher Garcia'}, {'store_id': 'STORE1095', 'store_name': 'Fairview Store', 'location': 'East Bristol', 'manager': 'Lisa Edwards'}, {'store_id': 'STORE1096', 'store_name': 'Milton Store', 'location': 'West Marion', 'manager': 'Dorothy Parker'}, {'store_id': 'STORE1097', 'store_name': 'Burlington Store', 'location': 'West Richmond', 'manager': 'John Jones'}  ... displaying 10 of 534 total bound parameter sets ...  {'store_id': 'STORE1622', 'store_name': 'Franklin Store', 'location': 'East Arlingtontown', 'manager': 'John Jones'}, {'store_id': 'STORE1623', 'store_name': 'Clayton Store', 'location': 'West Franklin', 'manager': 'Carol Wright'}]]
(Background on this error at: https://sqlalche.me/e/20/gkpj)",2025-08-22 22:40:56.650964
STORE1308,Marion Store,East Clinton,Helen Walker,"Database insertion failed: (pymysql.err.IntegrityError) (1062, ""Duplicate entry 'STORE1090' for key 'dimstore.store_id'"")
[SQL: INSERT INTO dimstore (store_id, store_name, location, manager) VALUES (%(store_id)s, %(store_name)s, %(location)s, %(manager)s)]
[parameters: [{'store_id': 'STORE1090', 'store_name': 'Oxford Store', 'location': 'East Greenwood', 'manager': 'Jennifer Garcia'}, {'store_id': 'STORE1091', 'store_name': 'Salem Store', 'location': 'East Newport', 'manager': 'George Turner'}, {'store_id': 'STORE1092', 'store_name': 'Chester Store', 'location': 'West Fairview', 'manager': 'Richard Taylor'}, {'store_id': 'STORE1093', 'store_name': 'Manchester Store', 'location': 'East Jackson', 'manager': 'Anthony Lee'}, {'store_id': 'STORE1094', 'store_name': 'Franklin Store', 'location': 'West Washington', 'manager': 'Christopher Garcia'}, {'store_id': 'STORE1095', 'store_name': 'Fairview Store', 'location': 'East Bristol', 'manager': 'Lisa Edwards'}, {'store_id': 'STORE1096', 'store_name': 'Milton Store', 'location': 'West Marion', 'manager': 'Dorothy Parker'}, {'store_id': 'STORE1097', 'store_name': 'Burlington Store', 'location': 'West Richmond', 'manager': 'John Jones'}  ... displaying 10 of 534 total bound parameter sets ...  {'store_id': 'STORE1622', 'store_name': 'Franklin Store', 'location': 'East Arlingtontown', 'manager': 'John Jones'}, {'store_id': 'STORE1623', 'store_name': 'Clayton Store', 'location': 'West Franklin', 'manager': 'Carol Wright'}]]
(Background on this error at: https://sqlalche.me/e/20/gkpj)",2025-08-22 22:40:56.650964
STORE1309,Newport Store,East Newport,Mary Johnson,"Database insertion failed: (pymysql.err.IntegrityError) (1062, ""Duplicate entry 'STORE1090' for key 'dimstore.store_id'"")
[SQL: INSERT INTO dimstore (store_id, store_name, location, manager) VALUES (%(store_id)s, %(store_name)s, %(location)s, %(manager)s)]
[parameters: [{'store_id': 'STORE1090', 'store_name': 'Oxford Store', 'location': 'East Greenwood', 'manager': 'Jennifer Garcia'}, {'store_id': 'STORE1091', 'store_name': 'Salem Store', 'location': 'East Newport', 'manager': 'George Turner'}, {'store_id': 'STORE1092', 'store_name': 'Chester Store', 'location': 'West Fairview', 'manager': 'Richard Taylor'}, {'store_id': 'STORE1093', 'store_name': 'Manchester Store', 'location': 'East Jackson', 'manager': 'Anthony Lee'}, {'store_id': 'STORE1094', 'store_name': 'Franklin Store', 'location': 'West Washington', 'manager': 'Christopher Garcia'}, {'store_id': 'STORE1095', 'store_name': 'Fairview Store', 'location': 'East Bristol', 'manager': 'Lisa Edwards'}, {'store_id': 'STORE1096', 'store_name': 'Milton Store', 'location': 'West Marion', 'manager': 'Dorothy Parker'}, {'store_id': 'STORE1097', 'store_name': 'Burlington Store', 'location': 'West Richmond', 'manager': 'John Jones'}  ... displaying 10 of 534 total bound parameter sets ...  {'store_id': 'STORE1622', 'store_name': 'Franklin Store', 'location': 'East Arlingtontown', 'manager': 'John Jones'}, {'store_id': 'STORE1623', 'store_name': 'Clayton Store', 'location': 'West Franklin', 'manager': 'Carol Wright'}]]
(Background on this error at: https://sqlalche.me/e/20/gkpj)",2025-08-22 22:40:56.650964
STORE1310,Fairview Store,East Newport,Steven King,"Database insertion failed: (pymysql.err.IntegrityError) (1062, ""Duplicate entry 'STORE1090' for key 'dimstore.store_id'"")
[SQL: INSERT INTO dimstore (store_id, store_name, location, manager) VALUES (%(store_id)s, %(store_name)s, %(location)s, %(manager)s)]
[parameters: [{'store_id': 'STORE1090', 'store_name': 'Oxford Store', 'location': 'East Greenwood', 'manager': 'Jennifer Garcia'}, {'store_id': 'STORE1091', 'store_name': 'Salem Store', 'location': 'East Newport', 'manager': 'George Turner'}, {'store_id': 'STORE1092', 'store_name': 'Chester Store', 'location': 'West Fairview', 'manager': 'Richard Taylor'}, {'store_id': 'STORE1093', 'store_name': 'Manchester Store', 'location': 'East Jackson', 'manager': 'Anthony Lee'}, {'store_id': 'STORE1094', 'store_name': 'Franklin Store', 'location': 'West Washington', 'manager': 'Christopher Garcia'}, {'store_id': 'STORE1095', 'store_name': 'Fairview Store', 'location': 'East Bristol', 'manager': 'Lisa Edwards'}, {'store_id': 'STORE1096', 'store_name': 'Milton Store', 'location': 'West Marion', 'manager': 'Dorothy Parker'}, {'store_id': 'STORE1097', 'store_name': 'Burlington Store', 'location': 'West Richmond', 'manager': 'John Jones'}  ... displaying 10 of 534 total bound parameter sets ...  {'store_id': 'STORE1622', 'store_name': 'Franklin Store', 'location': 'East Arlingtontown', 'manager': 'John Jones'}, {'store_id': 'STORE1623', 'store_name': 'Clayton Store', 'location': 'West Franklin', 'manager': 'Carol Wright'}]]
(Background on this error at: https://sqlalche.me/e/20/gkpj)",2025-08-22 22:40:56.650964
STORE1311,Auburn Store,East Georgetowntown,Helen Walker,"Database insertion failed: (pymysql.err.IntegrityError) (1062, ""Duplicate entry 'STORE1090' for key 'dimstore.store_id'"")
[SQL: INSERT INTO dimstore (store_id, store_name, location, manager) VALUES (%(store_id)s, %(store_name)s, %(location)s, %(manager)s)]
[parameters: [{'store_id': 'STORE1090', 'store_name': 'Oxford Store', 'location': 'East Greenwood', 'manager': 'Jennifer Garcia'}, {'store_id': 'STORE1091', 'store_name': 'Salem Store', 'location': 'East Newport', 'manager': 'George Turner'}, {'store_id': 'STORE1092', 'store_name': 'Chester Store', 'location': 'West Fairview', 'manager': 'Richard Taylor'}, {'store_id': 'STORE1093', 'store_name': 'Manchester Store', 'location': 'East Jackson', 'manager': 'Anthony Lee'}, {'store_id': 'STORE1094', 'store_name': 'Franklin Store', 'location': 'West Washington', 'manager': 'Christopher Garcia'}, {'store_id': 'STORE1095', 'store_name': 'Fairview Store', 'location': 'East Bristol', 'manager': 'Lisa Edwards'}, {'store_id': 'STORE1096', 'store_name': 'Milton Store', 'location': 'West Marion', 'manager': 'Dorothy Parker'}, {'store_id': 'STORE1097', 'store_name': 'Burlington Store', 'location': 'West Richmond', 'manager': 'John Jones'}  ... displaying 10 of 534 total bound parameter sets ...  {'store_id': 'STORE1622', 'store_name': 'Franklin Store', 'location': 'East Arlingtontown', 'manager': 'John Jones'}, {'store_id': 'STORE1623', 'store_name': 'Clayton Store', 'location': 'West Franklin', 'manager': 'Carol Wright'}]]
(Background on this error at: https://sqlalche.me/e/20/gkpj)",2025-08-22 22:40:56.650964
STORE1312,Kingston Store,East Claytontown,Susan Thomas,"Database insertion failed: (pymysql.err.IntegrityError) (1062, ""Duplicate entry 'STORE1090' for key 'dimstore.store_id'"")
[SQL: INSERT INTO dimstore (store_id, store_name, location, manager) VALUES (%(store_id)s, %(store_name)s, %(location)s, %(manager)s)]
[parameters: [{'store_id': 'STORE1090', 'store_name': 'Oxford Store', 'location': 'East Greenwood', 'manager': 'Jennifer Garcia'}, {'store_id': 'STORE1091', 'store_name': 'Salem Store', 'location': 'East Newport', 'manager': 'George Turner'}, {'store_id': 'STORE1092', 'store_name': 'Chester Store', 'location': 'West Fairview', 'manager': 'Richard Taylor'}, {'store_id': 'STORE1093', 'store_name': 'Manchester Store', 'location': 'East Jackson', 'manager': 'Anthony Lee'}, {'store_id': 'STORE1094', 'store_name': 'Franklin Store', 'location': 'West Washington', 'manager': 'Christopher Garcia'}, {'store_id': 'STORE1095', 'store_name': 'Fairview Store', 'location': 'East Bristol', 'manager': 'Lisa Edwards'}, {'store_id': 'STORE1096', 'store_name': 'Milton Store', 'location': 'West Marion', 'manager': 'Dorothy Parker'}, {'store_id': 'STORE1097', 'store_name': 'Burlington Store', 'location': 'West Richmond', 'manager': 'John Jones'}  ... displaying 10 of 534 total bound parameter sets ...  {'store_id': 'STORE1622', 'store_name': 'Franklin Store', 'location': 'East Arlingtontown', 'manager': 'John Jones'}, {'store_id': 'STORE1623', 'store_name': 'Clayton Store', 'location': 'West Franklin', 'manager': 'Carol Wright'}]]
(Background on this error at: https://sqlalche.me/e/20/gkpj)",2025-08-22 22:40:56.650964
STORE1313,Springfield Store,West Georgetown,John Jones,"Database insertion failed: (pymysql.err.IntegrityError) (1062, ""Duplicate entry 'STORE1090' for key 'dimstore.store_id'"")
[SQL: INSERT INTO dimstore (store_id, store_name, location, manager) VALUES (%(store_id)s, %(store_name)s, %(location)s, %(manager)s)]
[parameters: [{'store_id': 'STORE1090', 'store_name': 'Oxford Store', 'location': 'East Greenwood', 'manager': 'Jennifer Garcia'}, {'store_id': 'STORE1091', 'store_name': 'Salem Store', 'location': 'East Newport', 'manager': 'George Turner'}, {'store_id': 'STORE1092', 'store_name': 'Chester Store', 'location': 'West Fairview', 'manager': 'Richard Taylor'}, {'store_id': 'STORE1093', 'store_name': 'Manchester Store', 'location': 'East Jackson', 'manager': 'Anthony Lee'}, {'store_id': 'STORE1094', 'store_name': 'Franklin Store', 'location': 'West Washington', 'manager': 'Christopher Garcia'}, {'store_id': 'STORE1095', 'store_name': 'Fairview Store', 'location': 'East Bristol', 'manager': 'Lisa Edwards'}, {'store_id': 'STORE1096', 'store_name': 'Milton Store', 'location': 'West Marion', 'manager': 'Dorothy Parker'}, {'store_id': 'STORE1097', 'store_name': 'Burlington Store', 'location': 'West Richmond', 'manager': 'John Jones'}  ... displaying 10 of 534 total bound parameter sets ...  {'store_id': 'STORE1622', 'store_name': 'Franklin Store', 'location': 'East Arlingtontown', 'manager': 'John Jones'}, {'store_id': 'STORE1623', 'store_name': 'Clayton Store', 'location': 'West Franklin', 'manager': 'Carol Wright'}]]
(Background on this error at: https://sqlalche.me/e/20/gkpj)",2025-08-22 22:40:56.650964
STORE1314,Washington Store,West Miltontown,Linda Davis,"Database insertion failed: (pymysql.err.IntegrityError) (1062, ""Duplicate entry 'STORE1090' for key 'dimstore.store_id'"")
[SQL: INSERT INTO dimstore (store_id, store_name, location, manager) VALUES (%(store_id)s, %(store_name)s, %(location)s, %(manager)s)]
[parameters: [{'store_id': 'STORE1090', 'store_name': 'Oxford Store', 'location': 'East Greenwood', 'manager': 'Jennifer Garcia'}, {'store_id': 'STORE1091', 'store_name': 'Salem Store', 'location': 'East Newport', 'manager': 'George Turner'}, {'store_id': 'STORE1092', 'store_name': 'Chester Store', 'location': 'West Fairview', 'manager': 'Richard Taylor'}, {'store_id': 'STORE1093', 'store_name': 'Manchester Store', 'location': 'East Jackson', 'manager': 'Anthony Lee'}, {'store_id': 'STORE1094', 'store_name': 'Franklin Store', 'location': 'West Washington', 'manager': 'Christopher Garcia'}, {'store_id': 'STORE1095', 'store_name': 'Fairview Store', 'location': 'East Bristol', 'manager': 'Lisa Edwards'}, {'store_id': 'STORE1096', 'store_name': 'Milton Store', 'location': 'West Marion', 'manager': 'Dorothy Parker'}, {'store_id': 'STORE1097', 'store_name': 'Burlington Store', 'location': 'West Richmond', 'manager': 'John Jones'}  ... displaying 10 of 534 total bound parameter sets ...  {'store_id': 'STORE1622', 'store_name': 'Franklin Store', 'location': 'East Arlingtontown', 'manager': 'John Jones'}, {'store_id': 'STORE1623', 'store_name': 'Clayton Store', 'location': 'West Franklin', 'manager': 'Carol Wright'}]]
(Background on this error at: https://sqlalche.me/e/20/gkpj)",2025-08-22 22:40:56.650964
STORE1315,Clayton Store,West Troy,Richard Taylor,"Database insertion failed: (pymysql.err.IntegrityError) (1062, ""Duplicate entry 'STORE1090' for key 'dimstore.store_id'"")
[SQL: INSERT INTO dimstore (store_id, store_name, location, manager) VALUES (%(store_id)s, %(store_name)s, %(location)s, %(manager)s)]
[parameters: [{'store_id': 'STORE1090', 'store_name': 'Oxford Store', 'location': 'East Greenwood', 'manager': 'Jennifer Garcia'}, {'store_id': 'STORE1091', 'store_name': 'Salem Store', 'location': 'East Newport', 'manager': 'George Turner'}, {'store_id': 'STORE1092', 'store_name': 'Chester Store', 'location': 'West Fairview', 'manager': 'Richard Taylor'}, {'store_id': 'STORE1093', 'store_name': 'Manchester Store', 'location': 'East Jackson', 'manager': 'Anthony Lee'}, {'store_id': 'STORE1094', 'store_name': 'Franklin Store', 'location': 'West Washington', 'manager': 'Christopher Garcia'}, {'store_id': 'STORE1095', 'store_name': 'Fairview Store', 'location': 'East Bristol', 'manager': 'Lisa Edwards'}, {'store_id': 'STORE1096', 'store_name': 'Milton Store', 'location': 'West Marion', 'manager': 'Dorothy Parker'}, {'store_id': 'STORE1097', 'store_name': 'Burlington Store', 'location': 'West Richmond', 'manager': 'John Jones'}  ... displaying 10 of 534 total bound parameter sets ...  {'store_id': 'STORE1622', 'store_name': 'Franklin Store', 'location': 'East Arlingtontown', 'manager': 'John Jones'}, {'store_id': 'STORE1623', 'store_name': 'Clayton Store', 'location': 'West Franklin', 'manager': 'Carol Wright'}]]
(Background on this error at: https://sqlalche.me/e/20/gkpj)",2025-08-22 22:40:56.650964
STORE1316,Salem Store,West Auburn,Carol Wright,"Database insertion failed: (pymysql.err.IntegrityError) (1062, ""Duplicate entry 'STORE1090' for key 'dimstore.store_id'"")
[SQL: INSERT INTO dimstore (store_id, store_name, location, manager) VALUES (%(store_id)s, %(store_name)s, %(location)s, %(manager)s)]
[parameters: [{'store_id': 'STORE1090', 'store_name': 'Oxford Store', 'location': 'East Greenwood', 'manager': 'Jennifer Garcia'}, {'store_id': 'STORE1091', 'store_name': 'Salem Store', 'location': 'East Newport', 'manager': 'George Turner'}, {'store_id': 'STORE1092', 'store_name': 'Chester Store', 'location': 'West Fairview', 'manager': 'Richard Taylor'}, {'store_id': 'STORE1093', 'store_name': 'Manchester Store', 'location': 'East Jackson', 'manager': 'Anthony Lee'}, {'store_id': 'STORE1094', 'store_name': 'Franklin Store', 'location': 'West Washington', 'manager': 'Christopher Garcia'}, {'store_id': 'STORE1095', 'store_name': 'Fairview Store', 'location': 'East Bristol', 'manager': 'Lisa Edwards'}, {'store_id': 'STORE1096', 'store_name': 'Milton Store', 'location': 'West Marion', 'manager': 'Dorothy Parker'}, {'store_id': 'STORE1097', 'store_name': 'Burlington Store', 'location': 'West Richmond', 'manager': 'John Jones'}  ... displaying 10 of 534 total bound parameter sets ...  {'store_id': 'STORE1622', 'store_name': 'Franklin Store', 'location': 'East Arlingtontown', 'manager': 'John Jones'}, {'store_id': 'STORE1623', 'store_name': 'Clayton Store', 'location': 'West Franklin', 'manager': 'Carol Wright'}]]
(Background on this error at: https://sqlalche.me/e/20/gkpj)",2025-08-22 22:40:56.650964
STORE1317,Salem Store,West Bristoltown,Linda Davis,"Database insertion failed: (pymysql.err.IntegrityError) (1062, ""Duplicate entry 'STORE1090' for key 'dimstore.store_id'"")
[SQL: INSERT INTO dimstore (store_id, store_name, location, manager) VALUES (%(store_id)s, %(store_name)s, %(location)s, %(manager)s)]
[parameters: [{'store_id': 'STORE1090', 'store_name': 'Oxford Store', 'location': 'East Greenwood', 'manager': 'Jennifer Garcia'}, {'store_id': 'STORE1091', 'store_name': 'Salem Store', 'location': 'East Newport', 'manager': 'George Turner'}, {'store_id': 'STORE1092', 'store_name': 'Chester Store', 'location': 'West Fairview', 'manager': 'Richard Taylor'}, {'store_id': 'STORE1093', 'store_name': 'Manchester Store', 'location': 'East Jackson', 'manager': 'Anthony Lee'}, {'store_id': 'STORE1094', 'store_name': 'Franklin Store', 'location': 'West Washington', 'manager': 'Christopher Garcia'}, {'store_id': 'STORE1095', 'store_name': 'Fairview Store', 'location': 'East Bristol', 'manager': 'Lisa Edwards'}, {'store_id': 'STORE1096', 'store_name': 'Milton Store', 'location': 'West Marion', 'manager': 'Dorothy Parker'}, {'store_id': 'STORE1097', 'store_name': 'Burlington Store', 'location': 'West Richmond', 'manager': 'John Jones'}  ... displaying 10 of 534 total bound parameter sets ...  {'store_id': 'STORE1622', 'store_name': 'Franklin Store', 'location': 'East Arlingtontown', 'manager': 'John Jones'}, {'store_id': 'STORE1623', 'store_name': 'Clayton Store', 'location': 'West Franklin', 'manager': 'Carol Wright'}]]
(Background on this error at: https://sqlalche.me/e/20/gkpj)",2025-08-22 22:40:56.650964
STORE1318,Kingston Store,East Newport,Lisa Clark,"Database insertion failed: (pymysql.err.IntegrityError) (1062, ""Duplicate entry 'STORE1090' for key 'dimstore.store_id'"")
[SQL: INSERT INTO dimstore (store_id, store_name, location, manager) VALUES (%(store_id)s, %(store_name)s, %(location)s, %(manager)s)]
[parameters: [{'store_id': 'STORE1090', 'store_name': 'Oxford Store', 'location': 'East Greenwood', 'manager': 'Jennifer Garcia'}, {'store_id': 'STORE1091', 'store_name': 'Salem Store', 'location': 'East Newport', 'manager': 'George Turner'}, {'store_id': 'STORE1092', 'store_name': 'Chester Store', 'location': 'West Fairview', 'manager': 'Richard Taylor'}, {'store_id': 'STORE1093', 'store_name': 'Manchester Store', 'location': 'East Jackson', 'manager': 'Anthony Lee'}, {'store_id': 'STORE1094', 'store_name': 'Franklin Store', 'location': 'West Washington', 'manager': 'Christopher Garcia'}, {'store_id': 'STORE1095', 'store_name': 'Fairview Store', 'location': 'East Bristol', 'manager': 'Lisa Edwards'}, {'store_id': 'STORE1096', 'store_name': 'Milton Store', 'location': 'West Marion', 'manager': 'Dorothy Parker'}, {'store_id': 'STORE1097', 'store_name': 'Burlington Store', 'location': 'West Richmond', 'manager': 'John Jones'}  ... displaying 10 of 534 total bound parameter sets ...  {'store_id': 'STORE1622', 'store_name': 'Franklin Store', 'location': 'East Arlingtontown', 'manager': 'John Jones'}, {'store_id': 'STORE1623', 'store_name': 'Clayton Store', 'location': 'West Franklin', 'manager': 'Carol Wright'}]]
(Background on this error at: https://sqlalche.me/e/20/gkpj)",2025-08-22 22:40:56.650964
STORE1319,Richmond Store,East Salem,Joseph Jackson,"Database insertion failed: (pymysql.err.IntegrityError) (1062, ""Duplicate entry 'STORE1090' for key 'dimstore.store_id'"")
[SQL: INSERT INTO dimstore (store_id, store_name, location, manager) VALUES (%(store_id)s, %(store_name)s, %(location)s, %(manager)s)]
[parameters: [{'store_id': 'STORE1090', 'store_name': 'Oxford Store', 'location': 'East Greenwood', 'manager': 'Jennifer Garcia'}, {'store_id': 'STORE1091', 'store_name': 'Salem Store', 'location': 'East Newport', 'manager': 'George Turner'}, {'store_id': 'STORE1092', 'store_name': 'Chester Store', 'location': 'West Fairview', 'manager': 'Richard Taylor'}, {'store_id': 'STORE1093', 'store_name': 'Manchester Store', 'location': 'East Jackson', 'manager': 'Anthony Lee'}, {'store_id': 'STORE1094', 'store_name': 'Franklin Store', 'location': 'West Washington', 'manager': 'Christopher Garcia'}, {'store_id': 'STORE1095', 'store_name': 'Fairview Store', 'location': 'East Bristol', 'manager': 'Lisa Edwards'}, {'store_id': 'STORE1096', 'store_name': 'Milton Store', 'location': 'West Marion', 'manager': 'Dorothy Parker'}, {'store_id': 'STORE1097', 'store_name': 'Burlington Store', 'location': 'West Richmond', 'manager': 'John Jones'}  ... displaying 10 of 534 total bound parameter sets ...  {'store_id': 'STORE1622', 'store_name': 'Franklin Store', 'location': 'East Arlingtontown', 'manager': 'John Jones'}, {'store_id': 'STORE1623', 'store_name': 'Clayton Store', 'location': 'West Franklin', 'manager': 'Carol Wright'}]]
(Background on this error at: https://sqlalche.me/e/20/gkpj)",2025-08-22 22:40:56.650964
STORE1320,Washington Store,West Franklin,Barbara Anderson,"Database insertion failed: (pymysql.err.IntegrityError) (1062, ""Duplicate entry 'STORE1090' for key 'dimstore.store_id'"")
[SQL: INSERT INTO dimstore (store_id, store_name, location, manager) VALUES (%(store_id)s, %(store_name)s, %(location)s, %(manager)s)]
[parameters: [{'store_id': 'STORE1090', 'store_name': 'Oxford Store', 'location': 'East Greenwood', 'manager': 'Jennifer Garcia'}, {'store_id': 'STORE1091', 'store_name': 'Salem Store', 'location': 'East Newport', 'manager': 'George Turner'}, {'store_id': 'STORE1092', 'store_name': 'Chester Store', 'location': 'West Fairview', 'manager': 'Richard Taylor'}, {'store_id': 'STORE1093', 'store_name': 'Manchester Store', 'location': 'East Jackson', 'manager': 'Anthony Lee'}, {'store_id': 'STORE1094', 'store_name': 'Franklin Store', 'location': 'West Washington', 'manager': 'Christopher Garcia'}, {'store_id': 'STORE1095', 'store_name': 'Fairview Store', 'location': 'East Bristol', 'manager': 'Lisa Edwards'}, {'store_id': 'STORE1096', 'store_name': 'Milton Store', 'location': 'West Marion', 'manager': 'Dorothy Parker'}, {'store_id': 'STORE1097', 'store_name': 'Burlington Store', 'location': 'West Richmond', 'manager': 'John Jones'}  ... displaying 10 of 534 total bound parameter sets ...  {'store_id': 'STORE1622', 'store_name': 'Franklin Store', 'location': 'East Arlingtontown', 'manager': 'John Jones'}, {'store_id': 'STORE1623', 'store_name': 'Clayton Store', 'location': 'West Franklin', 'manager': 'Carol Wright'}]]
(Background on this error at: https://sqlalche.me/e/20/gkpj)",2025-08-22 22:40:56.650964
STORE1321,Springfield Store,East Riverside,Deborah Phillips,"Database insertion failed: (pymysql.err.IntegrityError) (1062, ""Duplicate entry 'STORE1090' for key 'dimstore.store_id'"")
[SQL: INSERT INTO dimstore (store_id, store_name, location, manager) VALUES (%(store_id)s, %(store_name)s, %(location)s, %(manager)s)]
[parameters: [{'store_id': 'STORE1090', 'store_name': 'Oxford Store', 'location': 'East Greenwood', 'manager': 'Jennifer Garcia'}, {'store_id': 'STORE1091', 'store_name': 'Salem Store', 'location': 'East Newport', 'manager': 'George Turner'}, {'store_id': 'STORE1092', 'store_name': 'Chester Store', 'location': 'West Fairview', 'manager': 'Richard Taylor'}, {'store_id': 'STORE1093', 'store_name': 'Manchester Store', 'location': 'East Jackson', 'manager': 'Anthony Lee'}, {'store_id': 'STORE1094', 'store_name': 'Franklin Store', 'location': 'West Washington', 'manager': 'Christopher Garcia'}, {'store_id': 'STORE1095', 'store_name': 'Fairview Store', 'location': 'East Bristol', 'manager': 'Lisa Edwards'}, {'store_id': 'STORE1096', 'store_name': 'Milton Store', 'location': 'West Marion', 'manager': 'Dorothy Parker'}, {'store_id': 'STORE1097', 'store_name': 'Burlington Store', 'location': 'West Richmond', 'manager': 'John Jones'}  ... displaying 10 of 534 total bound parameter sets ...  {'store_id': 'STORE1622', 'store_name': 'Franklin Store', 'location': 'East Arlingtontown', 'manager': 'John Jones'}, {'store_id': 'STORE1623', 'store_name': 'Clayton Store', 'location': 'West Franklin', 'manager': 'Carol Wright'}]]
(Background on this error at: https://sqlalche.me/e/20/gkpj)",2025-08-22 22:40:56.650964
STORE1322,Madison Store,West Oxford,David Wilson,"Database insertion failed: (pymysql.err.IntegrityError) (1062, ""Duplicate entry 'STORE1090' for key 'dimstore.store_id'"")
[SQL: INSERT INTO dimstore (store_id, store_name, location, manager) VALUES (%(store_id)s, %(store_name)s, %(location)s, %(manager)s)]
[parameters: [{'store_id': 'STORE1090', 'store_name': 'Oxford Store', 'location': 'East Greenwood', 'manager': 'Jennifer Garcia'}, {'store_id': 'STORE1091', 'store_name': 'Salem Store', 'location': 'East Newport', 'manager': 'George Turner'}, {'store_id': 'STORE1092', 'store_name': 'Chester Store', 'location': 'West Fairview', 'manager': 'Richard Taylor'}, {'store_id': 'STORE1093', 'store_name': 'Manchester Store', 'location': 'East Jackson', 'manager': 'Anthony Lee'}, {'store_id': 'STORE1094', 'store_name': 'Franklin Store', 'location': 'West Washington', 'manager': 'Christopher Garcia'}, {'store_id': 'STORE1095', 'store_name': 'Fairview Store', 'location': 'East Bristol', 'manager': 'Lisa Edwards'}, {'store_id': 'STORE1096', 'store_name': 'Milton Store', 'location': 'West Marion', 'manager': 'Dorothy Parker'}, {'store_id': 'STORE1097', 'store_name': 'Burlington Store', 'location': 'West Richmond', 'manager': 'John Jones'}  ... displaying 10 of 534 total bound parameter sets ...  {'store_id': 'STORE1622', 'store_name': 'Franklin Store', 'location': 'East Arlingtontown', 'manager': 'John Jones'}, {'store_id': 'STORE1623', 'store_name': 'Clayton Store', 'location': 'West Franklin', 'manager': 'Carol Wright'}]]
(Background on this error at: https://sqlalche.me/e/20/gkpj)",2025-08-22 22:40:56.650964
STORE1323,Chester Store,West Wayne,Robert Williams,"Database insertion failed: (pymysql.err.IntegrityError) (1062, ""Duplicate entry 'STORE1090' for key 'dimstore.store_id'"")
[SQL: INSERT INTO dimstore (store_id, store_name, location, manager) VALUES (%(store_id)s, %(store_name)s, %(location)s, %(manager)s)]
[parameters: [{'store_id': 'STORE1090', 'store_name': 'Oxford Store', 'location': 'East Greenwood', 'manager': 'Jennifer Garcia'}, {'store_id': 'STORE1091', 'store_name': 'Salem Store', 'location': 'East Newport', 'manager': 'George Turner'}, {'store_id': 'STORE1092', 'store_name': 'Chester Store', 'location': 'West Fairview', 'manager': 'Richard Taylor'}, {'store_id': 'STORE1093', 'store_name': 'Manchester Store', 'location': 'East Jackson', 'manager': 'Anthony Lee'}, {'store_id': 'STORE1094', 'store_name': 'Franklin Store', 'location': 'West Washington', 'manager': 'Christopher Garcia'}, {'store_id': 'STORE1095', 'store_name': 'Fairview Store', 'location': 'East Bristol', 'manager': 'Lisa Edwards'}, {'store_id': 'STORE1096', 'store_name': 'Milton Store', 'location': 'West Marion', 'manager': 'Dorothy Parker'}, {'store_id': 'STORE1097', 'store_name': 'Burlington Store', 'location': 'West Richmond', 'manager': 'John Jones'}  ... displaying 10 of 534 total bound parameter sets ...  {'store_id': 'STORE1622', 'store_name': 'Franklin Store', 'location': 'East Arlingtontown', 'manager': 'John Jones'}, {'store_id': 'STORE1623', 'store_name': 'Clayton Store', 'location': 'West Franklin', 'manager': 'Carol Wright'}]]
(Background on this error at: https://sqlalche.me/e/20/gkpj)",2025-08-22 22:40:56.650964
STORE1324,Richmond Store,West Georgetown,David Wilson,"Database insertion failed: (pymysql.err.IntegrityError) (1062, ""Duplicate entry 'STORE1090' for key 'dimstore.store_id'"")
[SQL: INSERT INTO dimstore (store_id, store_name, location, manager) VALUES (%(store_id)s, %(store_name)s, %(location)s, %(manager)s)]
[parameters: [{'store_id': 'STORE1090', 'store_name': 'Oxford Store', 'location': 'East Greenwood', 'manager': 'Jennifer Garcia'}, {'store_id': 'STORE1091', 'store_name': 'Salem Store', 'location': 'East Newport', 'manager': 'George Turner'}, {'store_id': 'STORE1092', 'store_name': 'Chester Store', 'location': 'West Fairview', 'manager': 'Richard Taylor'}, {'store_id': 'STORE1093', 'store_name': 'Manchester Store', 'location': 'East Jackson', 'manager': 'Anthony Lee'}, {'store_id': 'STORE1094', 'store_name': 'Franklin Store', 'location': 'West Washington', 'manager': 'Christopher Garcia'}, {'store_id': 'STORE1095', 'store_name': 'Fairview Store', 'location': 'East Bristol', 'manager': 'Lisa Edwards'}, {'store_id': 'STORE1096', 'store_name': 'Milton Store', 'location': 'West Marion', 'manager': 'Dorothy Parker'}, {'store_id': 'STORE1097', 'store_name': 'Burlington Store', 'location': 'West Richmond', 'manager': 'John Jones'}  ... displaying 10 of 534 total bound parameter sets ...  {'store_id': 'STORE1622', 'store_name': 'Franklin Store', 'location': 'East Arlingtontown', 'manager': 'John Jones'}, {'store_id': 'STORE1623', 'store_name': 'Clayton Store', 'location': 'West Franklin', 'manager': 'Carol Wright'}]]
(Background on this error at: https://sqlalche.me/e/20/gkpj)",2025-08-22 22:40:56.650964
STORE1325,Riverside Store,West Franklintown,Sharon Green,"Database insertion failed: (pymysql.err.IntegrityError) (1062, ""Duplicate entry 'STORE1090' for key 'dimstore.store_id'"")
[SQL: INSERT INTO dimstore (store_id, store_name, location, manager) VALUES (%(store_id)s, %(store_name)s, %(location)s, %(manager)s)]
[parameters: [{'store_id': 'STORE1090', 'store_name': 'Oxford Store', 'location': 'East Greenwood', 'manager': 'Jennifer Garcia'}, {'store_id': 'STORE1091', 'store_name': 'Salem Store', 'location': 'East Newport', 'manager': 'George Turner'}, {'store_id': 'STORE1092', 'store_name': 'Chester Store', 'location': 'West Fairview', 'manager': 'Richard Taylor'}, {'store_id': 'STORE1093', 'store_name': 'Manchester Store', 'location': 'East Jackson', 'manager': 'Anthony Lee'}, {'store_id': 'STORE1094', 'store_name': 'Franklin Store', 'location': 'West Washington', 'manager': 'Christopher Garcia'}, {'store_id': 'STORE1095', 'store_name': 'Fairview Store', 'location': 'East Bristol', 'manager': 'Lisa Edwards'}, {'store_id': 'STORE1096', 'store_name': 'Milton Store', 'location': 'West Marion', 'manager': 'Dorothy Parker'}, {'store_id': 'STORE1097', 'store_name': 'Burlington Store', 'location': 'West Richmond', 'manager': 'John Jones'}  ... displaying 10 of 534 total bound parameter sets ...  {'store_id': 'STORE1622', 'store_name': 'Franklin Store', 'location': 'East Arlingtontown', 'manager': 'John Jones'}, {'store_id': 'STORE1623', 'store_name': 'Clayton Store', 'location': 'West Franklin', 'manager': 'Carol Wright'}]]
(Background on this error at: https://sqlalche.me/e/20/gkpj)",2025-08-22 22:40:56.650964
STORE1326,Richmond Store,West Washington,Elizabeth Martinez,"Database insertion failed: (pymysql.err.IntegrityError) (1062, ""Duplicate entry 'STORE1090' for key 'dimstore.store_id'"")
[SQL: INSERT INTO dimstore (store_id, store_name, location, manager) VALUES (%(store_id)s, %(store_name)s, %(location)s, %(manager)s)]
[parameters: [{'store_id': 'STORE1090', 'store_name': 'Oxford Store', 'location': 'East Greenwood', 'manager': 'Jennifer Garcia'}, {'store_id': 'STORE1091', 'store_name': 'Salem Store', 'location': 'East Newport', 'manager': 'George Turner'}, {'store_id': 'STORE1092', 'store_name': 'Chester Store', 'location': 'West Fairview', 'manager': 'Richard Taylor'}, {'store_id': 'STORE1093', 'store_name': 'Manchester Store', 'location': 'East Jackson', 'manager': 'Anthony Lee'}, {'store_id': 'STORE1094', 'store_name': 'Franklin Store', 'location': 'West Washington', 'manager': 'Christopher Garcia'}, {'store_id': 'STORE1095', 'store_name': 'Fairview Store', 'location': 'East Bristol', 'manager': 'Lisa Edwards'}, {'store_id': 'STORE1096', 'store_name': 'Milton Store', 'location': 'West Marion', 'manager': 'Dorothy Parker'}, {'store_id': 'STORE1097', 'store_name': 'Burlington Store', 'location': 'West Richmond', 'manager': 'John Jones'}  ... displaying 10 of 534 total bound parameter sets ...  {'store_id': 'STORE1622', 'store_name': 'Franklin Store', 'location': 'East Arlingtontown', 'manager': 'John Jones'}, {'store_id': 'STORE1623', 'store_name': 'Clayton Store', 'location': 'West Franklin', 'manager': 'Carol Wright'}]]
(Background on this error at: https://sqlalche.me/e/20/gkpj)",2025-08-22 22:40:56.650964
STORE1327,Fairview Store,East Oxford,Richard Taylor,"Database insertion failed: (pymysql.err.IntegrityError) (1062, ""Duplicate entry 'STORE1090' for key 'dimstore.store_id'"")
[SQL: INSERT INTO dimstore (store_id, store_name, location, manager) VALUES (%(store_id)s, %(store_name)s, %(location)s, %(manager)s)]
[parameters: [{'store_id': 'STORE1090', 'store_name': 'Oxford Store', 'location': 'East Greenwood', 'manager': 'Jennifer Garcia'}, {'store_id': 'STORE1091', 'store_name': 'Salem Store', 'location': 'East Newport', 'manager': 'George Turner'}, {'store_id': 'STORE1092', 'store_name': 'Chester Store', 'location': 'West Fairview', 'manager': 'Richard Taylor'}, {'store_id': 'STORE1093', 'store_name': 'Manchester Store', 'location': 'East Jackson', 'manager': 'Anthony Lee'}, {'store_id': 'STORE1094', 'store_name': 'Franklin Store', 'location': 'West Washington', 'manager': 'Christopher Garcia'}, {'store_id': 'STORE1095', 'store_name': 'Fairview Store', 'location': 'East Bristol', 'manager': 'Lisa Edwards'}, {'store_id': 'STORE1096', 'store_name': 'Milton Store', 'location': 'West Marion', 'manager': 'Dorothy Parker'}, {'store_id': 'STORE1097', 'store_name': 'Burlington Store', 'location': 'West Richmond', 'manager': 'John Jones'}  ... displaying 10 of 534 total bound parameter sets ...  {'store_id': 'STORE1622', 'store_name': 'Franklin Store', 'location': 'East Arlingtontown', 'manager': 'John Jones'}, {'store_id': 'STORE1623', 'store_name': 'Clayton Store', 'location': 'West Franklin', 'manager': 'Carol Wright'}]]
(Background on this error at: https://sqlalche.me/e/20/gkpj)",2025-08-22 22:40:56.650964
STORE1328,Clayton Store,West Fairview,Donna Hernandez,"Database insertion failed: (pymysql.err.IntegrityError) (1062, ""Duplicate entry 'STORE1090' for key 'dimstore.store_id'"")
[SQL: INSERT INTO dimstore (store_id, store_name, location, manager) VALUES (%(store_id)s, %(store_name)s, %(location)s, %(manager)s)]
[parameters: [{'store_id': 'STORE1090', 'store_name': 'Oxford Store', 'location': 'East Greenwood', 'manager': 'Jennifer Garcia'}, {'store_id': 'STORE1091', 'store_name': 'Salem Store', 'location': 'East Newport', 'manager': 'George Turner'}, {'store_id': 'STORE1092', 'store_name': 'Chester Store', 'location': 'West Fairview', 'manager': 'Richard Taylor'}, {'store_id': 'STORE1093', 'store_name': 'Manchester Store', 'location': 'East Jackson', 'manager': 'Anthony Lee'}, {'store_id': 'STORE1094', 'store_name': 'Franklin Store', 'location': 'West Washington', 'manager': 'Christopher Garcia'}, {'store_id': 'STORE1095', 'store_name': 'Fairview Store', 'location': 'East Bristol', 'manager': 'Lisa Edwards'}, {'store_id': 'STORE1096', 'store_name': 'Milton Store', 'location': 'West Marion', 'manager': 'Dorothy Parker'}, {'store_id': 'STORE1097', 'store_name': 'Burlington Store', 'location': 'West Richmond', 'manager': 'John Jones'}  ... displaying 10 of 534 total bound parameter sets ...  {'store_id': 'STORE1622', 'store_name': 'Franklin Store', 'location': 'East Arlingtontown', 'manager': 'John Jones'}, {'store_id': 'STORE1623', 'store_name': 'Clayton Store', 'location': 'West Franklin', 'manager': 'Carol Wright'}]]
(Background on this error at: https://sqlalche.me/e/20/gkpj)",2025-08-22 22:40:56.650964
STORE1329,Newport Store,West Clinton,Ruth Hill,"Database insertion failed: (pymysql.err.IntegrityError) (1062, ""Duplicate entry 'STORE1090' for key 'dimstore.store_id'"")
[SQL: INSERT INTO dimstore (store_id, store_name, location, manager) VALUES (%(store_id)s, %(store_name)s, %(location)s, %(manager)s)]
[parameters: [{'store_id': 'STORE1090', 'store_name': 'Oxford Store', 'location': 'East Greenwood', 'manager': 'Jennifer Garcia'}, {'store_id': 'STORE1091', 'store_name': 'Salem Store', 'location': 'East Newport', 'manager': 'George Turner'}, {'store_id': 'STORE1092', 'store_name': 'Chester Store', 'location': 'West Fairview', 'manager': 'Richard Taylor'}, {'store_id': 'STORE1093', 'store_name': 'Manchester Store', 'location': 'East Jackson', 'manager': 'Anthony Lee'}, {'store_id': 'STORE1094', 'store_name': 'Franklin Store', 'location': 'West Washington', 'manager': 'Christopher Garcia'}, {'store_id': 'STORE1095', 'store_name': 'Fairview Store', 'location': 'East Bristol', 'manager': 'Lisa Edwards'}, {'store_id': 'STORE1096', 'store_name': 'Milton Store', 'location': 'West Marion', 'manager': 'Dorothy Parker'}, {'store_id': 'STORE1097', 'store_name': 'Burlington Store', 'location': 'West Richmond', 'manager': 'John Jones'}  ... displaying 10 of 534 total bound parameter sets ...  {'store_id': 'STORE1622', 'store_name': 'Franklin Store', 'location': 'East Arlingtontown', 'manager': 'John Jones'}, {'store_id': 'STORE1623', 'store_name': 'Clayton Store', 'location': 'West Franklin', 'manager': 'Carol Wright'}]]
(Background on this error at: https://sqlalche.me/e/20/gkpj)",2025-08-22 22:40:56.650964
STORE1330,Kingston Store,West Madison,Brian Perez,"Database insertion failed: (pymysql.err.IntegrityError) (1062, ""Duplicate entry 'STORE1090' for key 'dimstore.store_id'"")
[SQL: INSERT INTO dimstore (store_id, store_name, location, manager) VALUES (%(store_id)s, %(store_name)s, %(location)s, %(manager)s)]
[parameters: [{'store_id': 'STORE1090', 'store_name': 'Oxford Store', 'location': 'East Greenwood', 'manager': 'Jennifer Garcia'}, {'store_id': 'STORE1091', 'store_name': 'Salem Store', 'location': 'East Newport', 'manager': 'George Turner'}, {'store_id': 'STORE1092', 'store_name': 'Chester Store', 'location': 'West Fairview', 'manager': 'Richard Taylor'}, {'store_id': 'STORE1093', 'store_name': 'Manchester Store', 'location': 'East Jackson', 'manager': 'Anthony Lee'}, {'store_id': 'STORE1094', 'store_name': 'Franklin Store', 'location': 'West Washington', 'manager': 'Christopher Garcia'}, {'store_id': 'STORE1095', 'store_name': 'Fairview Store', 'location': 'East Bristol', 'manager': 'Lisa Edwards'}, {'store_id': 'STORE1096', 'store_name': 'Milton Store', 'location': 'West Marion', 'manager': 'Dorothy Parker'}, {'store_id': 'STORE1097', 'store_name': 'Burlington Store', 'location': 'West Richmond', 'manager': 'John Jones'}  ... displaying 10 of 534 total bound parameter sets ...  {'store_id': 'STORE1622', 'store_name': 'Franklin Store', 'location': 'East Arlingtontown', 'manager': 'John Jones'}, {'store_id': 'STORE1623', 'store_name': 'Clayton Store', 'location': 'West Franklin', 'manager': 'Carol Wright'}]]
(Background on this error at: https://sqlalche.me/e/20/gkpj)",2025-08-22 22:40:56.650964
STORE1331,Marion Store,West Arlington,Kenneth Gonzalez,"Database insertion failed: (pymysql.err.IntegrityError) (1062, ""Duplicate entry 'STORE1090' for key 'dimstore.store_id'"")
[SQL: INSERT INTO dimstore (store_id, store_name, location, manager) VALUES (%(store_id)s, %(store_name)s, %(location)s, %(manager)s)]
[parameters: [{'store_id': 'STORE1090', 'store_name': 'Oxford Store', 'location': 'East Greenwood', 'manager': 'Jennifer Garcia'}, {'store_id': 'STORE1091', 'store_name': 'Salem Store', 'location': 'East Newport', 'manager': 'George Turner'}, {'store_id': 'STORE1092', 'store_name': 'Chester Store', 'location': 'West Fairview', 'manager': 'Richard Taylor'}, {'store_id': 'STORE1093', 'store_name': 'Manchester Store', 'location': 'East Jackson', 'manager': 'Anthony Lee'}, {'store_id': 'STORE1094', 'store_name': 'Franklin Store', 'location': 'West Washington', 'manager': 'Christopher Garcia'}, {'store_id': 'STORE1095', 'store_name': 'Fairview Store', 'location': 'East Bristol', 'manager': 'Lisa Edwards'}, {'store_id': 'STORE1096', 'store_name': 'Milton Store', 'location': 'West Marion', 'manager': 'Dorothy Parker'}, {'store_id': 'STORE1097', 'store_name': 'Burlington Store', 'location': 'West Richmond', 'manager': 'John Jones'}  ... displaying 10 of 534 total bound parameter sets ...  {'store_id': 'STORE1622', 'store_name': 'Franklin Store', 'location': 'East Arlingtontown', 'manager': 'John Jones'}, {'store_id': 'STORE1623', 'store_name': 'Clayton Store', 'location': 'West Franklin', 'manager': 'Carol Wright'}]]
(Background on this error at: https://sqlalche.me/e/20/gkpj)",2025-08-22 22:40:56.650964
STORE1332,Kingston Store,West Salem,Anthony Lee,"Database insertion failed: (pymysql.err.IntegrityError) (1062, ""Duplicate entry 'STORE1090' for key 'dimstore.store_id'"")
[SQL: INSERT INTO dimstore (store_id, store_name, location, manager) VALUES (%(store_id)s, %(store_name)s, %(location)s, %(manager)s)]
[parameters: [{'store_id': 'STORE1090', 'store_name': 'Oxford Store', 'location': 'East Greenwood', 'manager': 'Jennifer Garcia'}, {'store_id': 'STORE1091', 'store_name': 'Salem Store', 'location': 'East Newport', 'manager': 'George Turner'}, {'store_id': 'STORE1092', 'store_name': 'Chester Store', 'location': 'West Fairview', 'manager': 'Richard Taylor'}, {'store_id': 'STORE1093', 'store_name': 'Manchester Store', 'location': 'East Jackson', 'manager': 'Anthony Lee'}, {'store_id': 'STORE1094', 'store_name': 'Franklin Store', 'location': 'West Washington', 'manager': 'Christopher Garcia'}, {'store_id': 'STORE1095', 'store_name': 'Fairview Store', 'location': 'East Bristol', 'manager': 'Lisa Edwards'}, {'store_id': 'STORE1096', 'store_name': 'Milton Store', 'location': 'West Marion', 'manager': 'Dorothy Parker'}, {'store_id': 'STORE1097', 'store_name': 'Burlington Store', 'location': 'West Richmond', 'manager': 'John Jones'}  ... displaying 10 of 534 total bound parameter sets ...  {'store_id': 'STORE1622', 'store_name': 'Franklin Store', 'location': 'East Arlingtontown', 'manager': 'John Jones'}, {'store_id': 'STORE1623', 'store_name': 'Clayton Store', 'location': 'West Franklin', 'manager': 'Carol Wright'}]]
(Background on this error at: https://sqlalche.me/e/20/gkpj)",2025-08-22 22:40:56.650964
STORE1333,Kingston Store,East Clayton,Steven King,"Database insertion failed: (pymysql.err.IntegrityError) (1062, ""Duplicate entry 'STORE1090' for key 'dimstore.store_id'"")
[SQL: INSERT INTO dimstore (store_id, store_name, location, manager) VALUES (%(store_id)s, %(store_name)s, %(location)s, %(manager)s)]
[parameters: [{'store_id': 'STORE1090', 'store_name': 'Oxford Store', 'location': 'East Greenwood', 'manager': 'Jennifer Garcia'}, {'store_id': 'STORE1091', 'store_name': 'Salem Store', 'location': 'East Newport', 'manager': 'George Turner'}, {'store_id': 'STORE1092', 'store_name': 'Chester Store', 'location': 'West Fairview', 'manager': 'Richard Taylor'}, {'store_id': 'STORE1093', 'store_name': 'Manchester Store', 'location': 'East Jackson', 'manager': 'Anthony Lee'}, {'store_id': 'STORE1094', 'store_name': 'Franklin Store', 'location': 'West Washington', 'manager': 'Christopher Garcia'}, {'store_id': 'STORE1095', 'store_name': 'Fairview Store', 'location': 'East Bristol', 'manager': 'Lisa Edwards'}, {'store_id': 'STORE1096', 'store_name': 'Milton Store', 'location': 'West Marion', 'manager': 'Dorothy Parker'}, {'store_id': 'STORE1097', 'store_name': 'Burlington Store', 'location': 'West Richmond', 'manager': 'John Jones'}  ... displaying 10 of 534 total bound parameter sets ...  {'store_id': 'STORE1622', 'store_name': 'Franklin Store', 'location': 'East Arlingtontown', 'manager': 'John Jones'}, {'store_id': 'STORE1623', 'store_name': 'Clayton Store', 'location': 'West Franklin', 'manager': 'Carol Wright'}]]
(Background on this error at: https://sqlalche.me/e/20/gkpj)",2025-08-22 22:40:56.650964
STORE1334,Bristol Store,East Fairview,Mark Hall,"Database insertion failed: (pymysql.err.IntegrityError) (1062, ""Duplicate entry 'STORE1090' for key 'dimstore.store_id'"")
[SQL: INSERT INTO dimstore (store_id, store_name, location, manager) VALUES (%(store_id)s, %(store_name)s, %(location)s, %(manager)s)]
[parameters: [{'store_id': 'STORE1090', 'store_name': 'Oxford Store', 'location': 'East Greenwood', 'manager': 'Jennifer Garcia'}, {'store_id': 'STORE1091', 'store_name': 'Salem Store', 'location': 'East Newport', 'manager': 'George Turner'}, {'store_id': 'STORE1092', 'store_name': 'Chester Store', 'location': 'West Fairview', 'manager': 'Richard Taylor'}, {'store_id': 'STORE1093', 'store_name': 'Manchester Store', 'location': 'East Jackson', 'manager': 'Anthony Lee'}, {'store_id': 'STORE1094', 'store_name': 'Franklin Store', 'location': 'West Washington', 'manager': 'Christopher Garcia'}, {'store_id': 'STORE1095', 'store_name': 'Fairview Store', 'location': 'East Bristol', 'manager': 'Lisa Edwards'}, {'store_id': 'STORE1096', 'store_name': 'Milton Store', 'location': 'West Marion', 'manager': 'Dorothy Parker'}, {'store_id': 'STORE1097', 'store_name': 'Burlington Store', 'location': 'West Richmond', 'manager': 'John Jones'}  ... displaying 10 of 534 total bound parameter sets ...  {'store_id': 'STORE1622', 'store_name': 'Franklin Store', 'location': 'East Arlingtontown', 'manager': 'John Jones'}, {'store_id': 'STORE1623', 'store_name': 'Clayton Store', 'location': 'West Franklin', 'manager': 'Carol Wright'}]]
(Background on this error at: https://sqlalche.me/e/20/gkpj)",2025-08-22 22:40:56.650964
STORE1335,Arlington Store,East Madison,Betty Lewis,"Database insertion failed: (pymysql.err.IntegrityError) (1062, ""Duplicate entry 'STORE1090' for key 'dimstore.store_id'"")
[SQL: INSERT INTO dimstore (store_id, store_name, location, manager) VALUES (%(store_id)s, %(store_name)s, %(location)s, %(manager)s)]
[parameters: [{'store_id': 'STORE1090', 'store_name': 'Oxford Store', 'location': 'East Greenwood', 'manager': 'Jennifer Garcia'}, {'store_id': 'STORE1091', 'store_name': 'Salem Store', 'location': 'East Newport', 'manager': 'George Turner'}, {'store_id': 'STORE1092', 'store_name': 'Chester Store', 'location': 'West Fairview', 'manager': 'Richard Taylor'}, {'store_id': 'STORE1093', 'store_name': 'Manchester Store', 'location': 'East Jackson', 'manager': 'Anthony Lee'}, {'store_id': 'STORE1094', 'store_name': 'Franklin Store', 'location': 'West Washington', 'manager': 'Christopher Garcia'}, {'store_id': 'STORE1095', 'store_name': 'Fairview Store', 'location': 'East Bristol', 'manager': 'Lisa Edwards'}, {'store_id': 'STORE1096', 'store_name': 'Milton Store', 'location': 'West Marion', 'manager': 'Dorothy Parker'}, {'store_id': 'STORE1097', 'store_name': 'Burlington Store', 'location': 'West Richmond', 'manager': 'John Jones'}  ... displaying 10 of 534 total bound parameter sets ...  {'store_id': 'STORE1622', 'store_name': 'Franklin Store', 'location': 'East Arlingtontown', 'manager': 'John Jones'}, {'store_id': 'STORE1623', 'store_name': 'Clayton Store', 'location': 'West Franklin', 'manager': 'Carol Wright'}]]
(Background on this error at: https://sqlalche.me/e/20/gkpj)",2025-08-22 22:40:56.650964
STORE1336,Richmond Store,East Greenwoodtown,Paul Lopez,"Database insertion failed: (pymysql.err.IntegrityError) (1062, ""Duplicate entry 'STORE1090' for key 'dimstore.store_id'"")
[SQL: INSERT INTO dimstore (store_id, store_name, location, manager) VALUES (%(store_id)s, %(store_name)s, %(location)s, %(manager)s)]
[parameters: [{'store_id': 'STORE1090', 'store_name': 'Oxford Store', 'location': 'East Greenwood', 'manager': 'Jennifer Garcia'}, {'store_id': 'STORE1091', 'store_name': 'Salem Store', 'location': 'East Newport', 'manager': 'George Turner'}, {'store_id': 'STORE1092', 'store_name': 'Chester Store', 'location': 'West Fairview', 'manager': 'Richard Taylor'}, {'store_id': 'STORE1093', 'store_name': 'Manchester Store', 'location': 'East Jackson', 'manager': 'Anthony Lee'}, {'store_id': 'STORE1094', 'store_name': 'Franklin Store', 'location': 'West Washington', 'manager': 'Christopher Garcia'}, {'store_id': 'STORE1095', 'store_name': 'Fairview Store', 'location': 'East Bristol', 'manager': 'Lisa Edwards'}, {'store_id': 'STORE1096', 'store_name': 'Milton Store', 'location': 'West Marion', 'manager': 'Dorothy Parker'}, {'store_id': 'STORE1097', 'store_name': 'Burlington Store', 'location': 'West Richmond', 'manager': 'John Jones'}  ... displaying 10 of 534 total bound parameter sets ...  {'store_id': 'STORE1622', 'store_name': 'Franklin Store', 'location': 'East Arlingtontown', 'manager': 'John Jones'}, {'store_id': 'STORE1623', 'store_name': 'Clayton Store', 'location': 'West Franklin', 'manager': 'Carol Wright'}]]
(Background on this error at: https://sqlalche.me/e/20/gkpj)",2025-08-22 22:40:56.650964
STORE1337,Riverside Store,East Lancastertown,Susan Thomas,"Database insertion failed: (pymysql.err.IntegrityError) (1062, ""Duplicate entry 'STORE1090' for key 'dimstore.store_id'"")
[SQL: INSERT INTO dimstore (store_id, store_name, location, manager) VALUES (%(store_id)s, %(store_name)s, %(location)s, %(manager)s)]
[parameters: [{'store_id': 'STORE1090', 'store_name': 'Oxford Store', 'location': 'East Greenwood', 'manager': 'Jennifer Garcia'}, {'store_id': 'STORE1091', 'store_name': 'Salem Store', 'location': 'East Newport', 'manager': 'George Turner'}, {'store_id': 'STORE1092', 'store_name': 'Chester Store', 'location': 'West Fairview', 'manager': 'Richard Taylor'}, {'store_id': 'STORE1093', 'store_name': 'Manchester Store', 'location': 'East Jackson', 'manager': 'Anthony Lee'}, {'store_id': 'STORE1094', 'store_name': 'Franklin Store', 'location': 'West Washington', 'manager': 'Christopher Garcia'}, {'store_id': 'STORE1095', 'store_name': 'Fairview Store', 'location': 'East Bristol', 'manager': 'Lisa Edwards'}, {'store_id': 'STORE1096', 'store_name': 'Milton Store', 'location': 'West Marion', 'manager': 'Dorothy Parker'}, {'store_id': 'STORE1097', 'store_name': 'Burlington Store', 'location': 'West Richmond', 'manager': 'John Jones'}  ... displaying 10 of 534 total bound parameter sets ...  {'store_id': 'STORE1622', 'store_name': 'Franklin Store', 'location': 'East Arlingtontown', 'manager': 'John Jones'}, {'store_id': 'STORE1623', 'store_name': 'Clayton Store', 'location': 'West Franklin', 'manager': 'Carol Wright'}]]
(Background on this error at: https://sqlalche.me/e/20/gkpj)",2025-08-22 22:40:56.650964
STORE1338,Fairview Store,West Kingston,Ruth Hill,"Database insertion failed: (pymysql.err.IntegrityError) (1062, ""Duplicate entry 'STORE1090' for key 'dimstore.store_id'"")
[SQL: INSERT INTO dimstore (store_id, store_name, location, manager) VALUES (%(store_id)s, %(store_name)s, %(location)s, %(manager)s)]
[parameters: [{'store_id': 'STORE1090', 'store_name': 'Oxford Store', 'location': 'East Greenwood', 'manager': 'Jennifer Garcia'}, {'store_id': 'STORE1091', 'store_name': 'Salem Store', 'location': 'East Newport', 'manager': 'George Turner'}, {'store_id': 'STORE1092', 'store_name': 'Chester Store', 'location': 'West Fairview', 'manager': 'Richard Taylor'}, {'store_id': 'STORE1093', 'store_name': 'Manchester Store', 'location': 'East Jackson', 'manager': 'Anthony Lee'}, {'store_id': 'STORE1094', 'store_name': 'Franklin Store', 'location': 'West Washington', 'manager': 'Christopher Garcia'}, {'store_id': 'STORE1095', 'store_name': 'Fairview Store', 'location': 'East Bristol', 'manager': 'Lisa Edwards'}, {'store_id': 'STORE1096', 'store_name': 'Milton Store', 'location': 'West Marion', 'manager': 'Dorothy Parker'}, {'store_id': 'STORE1097', 'store_name': 'Burlington Store', 'location': 'West Richmond', 'manager': 'John Jones'}  ... displaying 10 of 534 total bound parameter sets ...  {'store_id': 'STORE1622', 'store_name': 'Franklin Store', 'location': 'East Arlingtontown', 'manager': 'John Jones'}, {'store_id': 'STORE1623', 'store_name': 'Clayton Store', 'location': 'West Franklin', 'manager': 'Carol Wright'}]]
(Background on this error at: https://sqlalche.me/e/20/gkpj)",2025-08-22 22:40:56.650964
STORE1339,Salem Store,West Auburn,Richard Taylor,"Database insertion failed: (pymysql.err.IntegrityError) (1062, ""Duplicate entry 'STORE1090' for key 'dimstore.store_id'"")
[SQL: INSERT INTO dimstore (store_id, store_name, location, manager) VALUES (%(store_id)s, %(store_name)s, %(location)s, %(manager)s)]
[parameters: [{'store_id': 'STORE1090', 'store_name': 'Oxford Store', 'location': 'East Greenwood', 'manager': 'Jennifer Garcia'}, {'store_id': 'STORE1091', 'store_name': 'Salem Store', 'location': 'East Newport', 'manager': 'George Turner'}, {'store_id': 'STORE1092', 'store_name': 'Chester Store', 'location': 'West Fairview', 'manager': 'Richard Taylor'}, {'store_id': 'STORE1093', 'store_name': 'Manchester Store', 'location': 'East Jackson', 'manager': 'Anthony Lee'}, {'store_id': 'STORE1094', 'store_name': 'Franklin Store', 'location': 'West Washington', 'manager': 'Christopher Garcia'}, {'store_id': 'STORE1095', 'store_name': 'Fairview Store', 'location': 'East Bristol', 'manager': 'Lisa Edwards'}, {'store_id': 'STORE1096', 'store_name': 'Milton Store', 'location': 'West Marion', 'manager': 'Dorothy Parker'}, {'store_id': 'STORE1097', 'store_name': 'Burlington Store', 'location': 'West Richmond', 'manager': 'John Jones'}  ... displaying 10 of 534 total bound parameter sets ...  {'store_id': 'STORE1622', 'store_name': 'Franklin Store', 'location': 'East Arlingtontown', 'manager': 'John Jones'}, {'store_id': 'STORE1623', 'store_name': 'Clayton Store', 'location': 'West Franklin', 'manager': 'Carol Wright'}]]
(Background on this error at: https://sqlalche.me/e/20/gkpj)",2025-08-22 22:40:56.650964
STORE1340,Ashland Store,East Franklin,Joshua Adams,"Database insertion failed: (pymysql.err.IntegrityError) (1062, ""Duplicate entry 'STORE1090' for key 'dimstore.store_id'"")
[SQL: INSERT INTO dimstore (store_id, store_name, location, manager) VALUES (%(store_id)s, %(store_name)s, %(location)s, %(manager)s)]
[parameters: [{'store_id': 'STORE1090', 'store_name': 'Oxford Store', 'location': 'East Greenwood', 'manager': 'Jennifer Garcia'}, {'store_id': 'STORE1091', 'store_name': 'Salem Store', 'location': 'East Newport', 'manager': 'George Turner'}, {'store_id': 'STORE1092', 'store_name': 'Chester Store', 'location': 'West Fairview', 'manager': 'Richard Taylor'}, {'store_id': 'STORE1093', 'store_name': 'Manchester Store', 'location': 'East Jackson', 'manager': 'Anthony Lee'}, {'store_id': 'STORE1094', 'store_name': 'Franklin Store', 'location': 'West Washington', 'manager': 'Christopher Garcia'}, {'store_id': 'STORE1095', 'store_name': 'Fairview Store', 'location': 'East Bristol', 'manager': 'Lisa Edwards'}, {'store_id': 'STORE1096', 'store_name': 'Milton Store', 'location': 'West Marion', 'manager': 'Dorothy Parker'}, {'store_id': 'STORE1097', 'store_name': 'Burlington Store', 'location': 'West Richmond', 'manager': 'John Jones'}  ... displaying 10 of 534 total bound parameter sets ...  {'store_id': 'STORE1622', 'store_name': 'Franklin Store', 'location': 'East Arlingtontown', 'manager': 'John Jones'}, {'store_id': 'STORE1623', 'store_name': 'Clayton Store', 'location': 'West Franklin', 'manager': 'Carol Wright'}]]
(Background on this error at: https://sqlalche.me/e/20/gkpj)",2025-08-22 22:40:56.650964
STORE1341,Richmond Store,West Hudson,Andrew Scott,"Database insertion failed: (pymysql.err.IntegrityError) (1062, ""Duplicate entry 'STORE1090' for key 'dimstore.store_id'"")
[SQL: INSERT INTO dimstore (store_id, store_name, location, manager) VALUES (%(store_id)s, %(store_name)s, %(location)s, %(manager)s)]
[parameters: [{'store_id': 'STORE1090', 'store_name': 'Oxford Store', 'location': 'East Greenwood', 'manager': 'Jennifer Garcia'}, {'store_id': 'STORE1091', 'store_name': 'Salem Store', 'location': 'East Newport', 'manager': 'George Turner'}, {'store_id': 'STORE1092', 'store_name': 'Chester Store', 'location': 'West Fairview', 'manager': 'Richard Taylor'}, {'store_id': 'STORE1093', 'store_name': 'Manchester Store', 'location': 'East Jackson', 'manager': 'Anthony Lee'}, {'store_id': 'STORE1094', 'store_name': 'Franklin Store', 'location': 'West Washington', 'manager': 'Christopher Garcia'}, {'store_id': 'STORE1095', 'store_name': 'Fairview Store', 'location': 'East Bristol', 'manager': 'Lisa Edwards'}, {'store_id': 'STORE1096', 'store_name': 'Milton Store', 'location': 'West Marion', 'manager': 'Dorothy Parker'}, {'store_id': 'STORE1097', 'store_name': 'Burlington Store', 'location': 'West Richmond', 'manager': 'John Jones'}  ... displaying 10 of 534 total bound parameter sets ...  {'store_id': 'STORE1622', 'store_name': 'Franklin Store', 'location': 'East Arlingtontown', 'manager': 'John Jones'}, {'store_id': 'STORE1623', 'store_name': 'Clayton Store', 'location': 'West Franklin', 'manager': 'Carol Wright'}]]
(Background on this error at: https://sqlalche.me/e/20/gkpj)",2025-08-22 22:40:56.650964
STORE1342,Franklin Store,West Springfieldtown,Kimberly Roberts,"Database insertion failed: (pymysql.err.IntegrityError) (1062, ""Duplicate entry 'STORE1090' for key 'dimstore.store_id'"")
[SQL: INSERT INTO dimstore (store_id, store_name, location, manager) VALUES (%(store_id)s, %(store_name)s, %(location)s, %(manager)s)]
[parameters: [{'store_id': 'STORE1090', 'store_name': 'Oxford Store', 'location': 'East Greenwood', 'manager': 'Jennifer Garcia'}, {'store_id': 'STORE1091', 'store_name': 'Salem Store', 'location': 'East Newport', 'manager': 'George Turner'}, {'store_id': 'STORE1092', 'store_name': 'Chester Store', 'location': 'West Fairview', 'manager': 'Richard Taylor'}, {'store_id': 'STORE1093', 'store_name': 'Manchester Store', 'location': 'East Jackson', 'manager': 'Anthony Lee'}, {'store_id': 'STORE1094', 'store_name': 'Franklin Store', 'location': 'West Washington', 'manager': 'Christopher Garcia'}, {'store_id': 'STORE1095', 'store_name': 'Fairview Store', 'location': 'East Bristol', 'manager': 'Lisa Edwards'}, {'store_id': 'STORE1096', 'store_name': 'Milton Store', 'location': 'West Marion', 'manager': 'Dorothy Parker'}, {'store_id': 'STORE1097', 'store_name': 'Burlington Store', 'location': 'West Richmond', 'manager': 'John Jones'}  ... displaying 10 of 534 total bound parameter sets ...  {'store_id': 'STORE1622', 'store_name': 'Franklin Store', 'location': 'East Arlingtontown', 'manager': 'John Jones'}, {'store_id': 'STORE1623', 'store_name': 'Clayton Store', 'location': 'West Franklin', 'manager': 'Carol Wright'}]]
(Background on this error at: https://sqlalche.me/e/20/gkpj)",2025-08-22 22:40:56.650964
STORE1343,Ashland Store,West Dover,William Rodriguez,"Database insertion failed: (pymysql.err.IntegrityError) (1062, ""Duplicate entry 'STORE1090' for key 'dimstore.store_id'"")
[SQL: INSERT INTO dimstore (store_id, store_name, location, manager) VALUES (%(store_id)s, %(store_name)s, %(location)s, %(manager)s)]
[parameters: [{'store_id': 'STORE1090', 'store_name': 'Oxford Store', 'location': 'East Greenwood', 'manager': 'Jennifer Garcia'}, {'store_id': 'STORE1091', 'store_name': 'Salem Store', 'location': 'East Newport', 'manager': 'George Turner'}, {'store_id': 'STORE1092', 'store_name': 'Chester Store', 'location': 'West Fairview', 'manager': 'Richard Taylor'}, {'store_id': 'STORE1093', 'store_name': 'Manchester Store', 'location': 'East Jackson', 'manager': 'Anthony Lee'}, {'store_id': 'STORE1094', 'store_name': 'Franklin Store', 'location': 'West Washington', 'manager': 'Christopher Garcia'}, {'store_id': 'STORE1095', 'store_name': 'Fairview Store', 'location': 'East Bristol', 'manager': 'Lisa Edwards'}, {'store_id': 'STORE1096', 'store_name': 'Milton Store', 'location': 'West Marion', 'manager': 'Dorothy Parker'}, {'store_id': 'STORE1097', 'store_name': 'Burlington Store', 'location': 'West Richmond', 'manager': 'John Jones'}  ... displaying 10 of 534 total bound parameter sets ...  {'store_id': 'STORE1622', 'store_name': 'Franklin Store', 'location': 'East Arlingtontown', 'manager': 'John Jones'}, {'store_id': 'STORE1623', 'store_name': 'Clayton Store', 'location': 'West Franklin', 'manager': 'Carol Wright'}]]
(Background on this error at: https://sqlalche.me/e/20/gkpj)",2025-08-22 22:40:56.650964
STORE1344,Lancaster Store,East Salem,Lisa Clark,"Database insertion failed: (pymysql.err.IntegrityError) (1062, ""Duplicate entry 'STORE1090' for key 'dimstore.store_id'"")
[SQL: INSERT INTO dimstore (store_id, store_name, location, manager) VALUES (%(store_id)s, %(store_name)s, %(location)s, %(manager)s)]
[parameters: [{'store_id': 'STORE1090', 'store_name': 'Oxford Store', 'location': 'East Greenwood', 'manager': 'Jennifer Garcia'}, {'store_id': 'STORE1091', 'store_name': 'Salem Store', 'location': 'East Newport', 'manager': 'George Turner'}, {'store_id': 'STORE1092', 'store_name': 'Chester Store', 'location': 'West Fairview', 'manager': 'Richard Taylor'}, {'store_id': 'STORE1093', 'store_name': 'Manchester Store', 'location': 'East Jackson', 'manager': 'Anthony Lee'}, {'store_id': 'STORE1094', 'store_name': 'Franklin Store', 'location': 'West Washington', 'manager': 'Christopher Garcia'}, {'store_id': 'STORE1095', 'store_name': 'Fairview Store', 'location': 'East Bristol', 'manager': 'Lisa Edwards'}, {'store_id': 'STORE1096', 'store_name': 'Milton Store', 'location': 'West Marion', 'manager': 'Dorothy Parker'}, {'store_id': 'STORE1097', 'store_name': 'Burlington Store', 'location': 'West Richmond', 'manager': 'John Jones'}  ... displaying 10 of 534 total bound parameter sets ...  {'store_id': 'STORE1622', 'store_name': 'Franklin Store', 'location': 'East Arlingtontown', 'manager': 'John Jones'}, {'store_id': 'STORE1623', 'store_name': 'Clayton Store', 'location': 'West Franklin', 'manager': 'Carol Wright'}]]
(Background on this error at: https://sqlalche.me/e/20/gkpj)",2025-08-22 22:40:56.650964
STORE1345,Auburn Store,East Salem,Jessica White,"Database insertion failed: (pymysql.err.IntegrityError) (1062, ""Duplicate entry 'STORE1090' for key 'dimstore.store_id'"")
[SQL: INSERT INTO dimstore (store_id, store_name, location, manager) VALUES (%(store_id)s, %(store_name)s, %(location)s, %(manager)s)]
[parameters: [{'store_id': 'STORE1090', 'store_name': 'Oxford Store', 'location': 'East Greenwood', 'manager': 'Jennifer Garcia'}, {'store_id': 'STORE1091', 'store_name': 'Salem Store', 'location': 'East Newport', 'manager': 'George Turner'}, {'store_id': 'STORE1092', 'store_name': 'Chester Store', 'location': 'West Fairview', 'manager': 'Richard Taylor'}, {'store_id': 'STORE1093', 'store_name': 'Manchester Store', 'location': 'East Jackson', 'manager': 'Anthony Lee'}, {'store_id': 'STORE1094', 'store_name': 'Franklin Store', 'location': 'West Washington', 'manager': 'Christopher Garcia'}, {'store_id': 'STORE1095', 'store_name': 'Fairview Store', 'location': 'East Bristol', 'manager': 'Lisa Edwards'}, {'store_id': 'STORE1096', 'store_name': 'Milton Store', 'location': 'West Marion', 'manager': 'Dorothy Parker'}, {'store_id': 'STORE1097', 'store_name': 'Burlington Store', 'location': 'West Richmond', 'manager': 'John Jones'}  ... displaying 10 of 534 total bound parameter sets ...  {'store_id': 'STORE1622', 'store_name': 'Franklin Store', 'location': 'East Arlingtontown', 'manager': 'John Jones'}, {'store_id': 'STORE1623', 'store_name': 'Clayton Store', 'location': 'West Franklin', 'manager': 'Carol Wright'}]]
(Background on this error at: https://sqlalche.me/e/20/gkpj)",2025-08-22 22:40:56.650964
STORE1346,Oxford Store,East Oxford,Daniel Robinson,"Database insertion failed: (pymysql.err.IntegrityError) (1062, ""Duplicate entry 'STORE1090' for key 'dimstore.store_id'"")
[SQL: INSERT INTO dimstore (store_id, store_name, location, manager) VALUES (%(store_id)s, %(store_name)s, %(location)s, %(manager)s)]
[parameters: [{'store_id': 'STORE1090', 'store_name': 'Oxford Store', 'location': 'East Greenwood', 'manager': 'Jennifer Garcia'}, {'store_id': 'STORE1091', 'store_name': 'Salem Store', 'location': 'East Newport', 'manager': 'George Turner'}, {'store_id': 'STORE1092', 'store_name': 'Chester Store', 'location': 'West Fairview', 'manager': 'Richard Taylor'}, {'store_id': 'STORE1093', 'store_name': 'Manchester Store', 'location': 'East Jackson', 'manager': 'Anthony Lee'}, {'store_id': 'STORE1094', 'store_name': 'Franklin Store', 'location': 'West Washington', 'manager': 'Christopher Garcia'}, {'store_id': 'STORE1095', 'store_name': 'Fairview Store', 'location': 'East Bristol', 'manager': 'Lisa Edwards'}, {'store_id': 'STORE1096', 'store_name': 'Milton Store', 'location': 'West Marion', 'manager': 'Dorothy Parker'}, {'store_id': 'STORE1097', 'store_name': 'Burlington Store', 'location': 'West Richmond', 'manager': 'John Jones'}  ... displaying 10 of 534 total bound parameter sets ...  {'store_id': 'STORE1622', 'store_name': 'Franklin Store', 'location': 'East Arlingtontown', 'manager': 'John Jones'}, {'store_id': 'STORE1623', 'store_name': 'Clayton Store', 'location': 'West Franklin', 'manager': 'Carol Wright'}]]
(Background on this error at: https://sqlalche.me/e/20/gkpj)",2025-08-22 22:40:56.650964
STORE1347,Chester Store,East Arlingtontown,Ruth Hill,"Database insertion failed: (pymysql.err.IntegrityError) (1062, ""Duplicate entry 'STORE1090' for key 'dimstore.store_id'"")
[SQL: INSERT INTO dimstore (store_id, store_name, location, manager) VALUES (%(store_id)s, %(store_name)s, %(location)s, %(manager)s)]
[parameters: [{'store_id': 'STORE1090', 'store_name': 'Oxford Store', 'location': 'East Greenwood', 'manager': 'Jennifer Garcia'}, {'store_id': 'STORE1091', 'store_name': 'Salem Store', 'location': 'East Newport', 'manager': 'George Turner'}, {'store_id': 'STORE1092', 'store_name': 'Chester Store', 'location': 'West Fairview', 'manager': 'Richard Taylor'}, {'store_id': 'STORE1093', 'store_name': 'Manchester Store', 'location': 'East Jackson', 'manager': 'Anthony Lee'}, {'store_id': 'STORE1094', 'store_name': 'Franklin Store', 'location': 'West Washington', 'manager': 'Christopher Garcia'}, {'store_id': 'STORE1095', 'store_name': 'Fairview Store', 'location': 'East Bristol', 'manager': 'Lisa Edwards'}, {'store_id': 'STORE1096', 'store_name': 'Milton Store', 'location': 'West Marion', 'manager': 'Dorothy Parker'}, {'store_id': 'STORE1097', 'store_name': 'Burlington Store', 'location': 'West Richmond', 'manager': 'John Jones'}  ... displaying 10 of 534 total bound parameter sets ...  {'store_id': 'STORE1622', 'store_name': 'Franklin Store', 'location': 'East Arlingtontown', 'manager': 'John Jones'}, {'store_id': 'STORE1623', 'store_name': 'Clayton Store', 'location': 'West Franklin', 'manager': 'Carol Wright'}]]
(Background on this error at: https://sqlalche.me/e/20/gkpj)",2025-08-22 22:40:56.650964
STORE1348,Franklin Store,West Springfield,Joshua Adams,"Database insertion failed: (pymysql.err.IntegrityError) (1062, ""Duplicate entry 'STORE1090' for key 'dimstore.store_id'"")
[SQL: INSERT INTO dimstore (store_id, store_name, location, manager) VALUES (%(store_id)s, %(store_name)s, %(location)s, %(manager)s)]
[parameters: [{'store_id': 'STORE1090', 'store_name': 'Oxford Store', 'location': 'East Greenwood', 'manager': 'Jennifer Garcia'}, {'store_id': 'STORE1091', 'store_name': 'Salem Store', 'location': 'East Newport', 'manager': 'George Turner'}, {'store_id': 'STORE1092', 'store_name': 'Chester Store', 'location': 'West Fairview', 'manager': 'Richard Taylor'}, {'store_id': 'STORE1093', 'store_name': 'Manchester Store', 'location': 'East Jackson', 'manager': 'Anthony Lee'}, {'store_id': 'STORE1094', 'store_name': 'Franklin Store', 'location': 'West Washington', 'manager': 'Christopher Garcia'}, {'store_id': 'STORE1095', 'store_name': 'Fairview Store', 'location': 'East Bristol', 'manager': 'Lisa Edwards'}, {'store_id': 'STORE1096', 'store_name': 'Milton Store', 'location': 'West Marion', 'manager': 'Dorothy Parker'}, {'store_id': 'STORE1097', 'store_name': 'Burlington Store', 'location': 'West Richmond', 'manager': 'John Jones'}  ... displaying 10 of 534 total bound parameter sets ...  {'store_id': 'STORE1622', 'store_name': 'Franklin Store', 'location': 'East Arlingtontown', 'manager': 'John Jones'}, {'store_id': 'STORE1623', 'store_name': 'Clayton Store', 'location': 'West Franklin', 'manager': 'Carol Wright'}]]
(Background on this error at: https://sqlalche.me/e/20/gkpj)",2025-08-22 22:40:56.650964
STORE1349,Ashland Store,East Manchester,Carol Wright,"Database insertion failed: (pymysql.err.IntegrityError) (1062, ""Duplicate entry 'STORE1090' for key 'dimstore.store_id'"")
[SQL: INSERT INTO dimstore (store_id, store_name, location, manager) VALUES (%(store_id)s, %(store_name)s, %(location)s, %(manager)s)]
[parameters: [{'store_id': 'STORE1090', 'store_name': 'Oxford Store', 'location': 'East Greenwood', 'manager': 'Jennifer Garcia'}, {'store_id': 'STORE1091', 'store_name': 'Salem Store', 'location': 'East Newport', 'manager': 'George Turner'}, {'store_id': 'STORE1092', 'store_name': 'Chester Store', 'location': 'West Fairview', 'manager': 'Richard Taylor'}, {'store_id': 'STORE1093', 'store_name': 'Manchester Store', 'location': 'East Jackson', 'manager': 'Anthony Lee'}, {'store_id': 'STORE1094', 'store_name': 'Franklin Store', 'location': 'West Washington', 'manager': 'Christopher Garcia'}, {'store_id': 'STORE1095', 'store_name': 'Fairview Store', 'location': 'East Bristol', 'manager': 'Lisa Edwards'}, {'store_id': 'STORE1096', 'store_name': 'Milton Store', 'location': 'West Marion', 'manager': 'Dorothy Parker'}, {'store_id': 'STORE1097', 'store_name': 'Burlington Store', 'location': 'West Richmond', 'manager': 'John Jones'}  ... displaying 10 of 534 total bound parameter sets ...  {'store_id': 'STORE1622', 'store_name': 'Franklin Store', 'location': 'East Arlingtontown', 'manager': 'John Jones'}, {'store_id': 'STORE1623', 'store_name': 'Clayton Store', 'location': 'West Franklin', 'manager': 'Carol Wright'}]]
(Background on this error at: https://sqlalche.me/e/20/gkpj)",2025-08-22 22:40:56.650964
STORE1350,Kingston Store,East Richmond,Thomas Harris,"Database insertion failed: (pymysql.err.IntegrityError) (1062, ""Duplicate entry 'STORE1090' for key 'dimstore.store_id'"")
[SQL: INSERT INTO dimstore (store_id, store_name, location, manager) VALUES (%(store_id)s, %(store_name)s, %(location)s, %(manager)s)]
[parameters: [{'store_id': 'STORE1090', 'store_name': 'Oxford Store', 'location': 'East Greenwood', 'manager': 'Jennifer Garcia'}, {'store_id': 'STORE1091', 'store_name': 'Salem Store', 'location': 'East Newport', 'manager': 'George Turner'}, {'store_id': 'STORE1092', 'store_name': 'Chester Store', 'location': 'West Fairview', 'manager': 'Richard Taylor'}, {'store_id': 'STORE1093', 'store_name': 'Manchester Store', 'location': 'East Jackson', 'manager': 'Anthony Lee'}, {'store_id': 'STORE1094', 'store_name': 'Franklin Store', 'location': 'West Washington', 'manager': 'Christopher Garcia'}, {'store_id': 'STORE1095', 'store_name': 'Fairview Store', 'location': 'East Bristol', 'manager': 'Lisa Edwards'}, {'store_id': 'STORE1096', 'store_name': 'Milton Store', 'location': 'West Marion', 'manager': 'Dorothy Parker'}, {'store_id': 'STORE1097', 'store_name': 'Burlington Store', 'location': 'West Richmond', 'manager': 'John Jones'}  ... displaying 10 of 534 total bound parameter sets ...  {'store_id': 'STORE1622', 'store_name': 'Franklin Store', 'location': 'East Arlingtontown', 'manager': 'John Jones'}, {'store_id': 'STORE1623', 'store_name': 'Clayton Store', 'location': 'West Franklin', 'manager': 'Carol Wright'}]]
(Background on this error at: https://sqlalche.me/e/20/gkpj)",2025-08-22 22:40:56.650964
STORE1351,Bristol Store,East Riverside,Sandra Allen,"Database insertion failed: (pymysql.err.IntegrityError) (1062, ""Duplicate entry 'STORE1090' for key 'dimstore.store_id'"")
[SQL: INSERT INTO dimstore (store_id, store_name, location, manager) VALUES (%(store_id)s, %(store_name)s, %(location)s, %(manager)s)]
[parameters: [{'store_id': 'STORE1090', 'store_name': 'Oxford Store', 'location': 'East Greenwood', 'manager': 'Jennifer Garcia'}, {'store_id': 'STORE1091', 'store_name': 'Salem Store', 'location': 'East Newport', 'manager': 'George Turner'}, {'store_id': 'STORE1092', 'store_name': 'Chester Store', 'location': 'West Fairview', 'manager': 'Richard Taylor'}, {'store_id': 'STORE1093', 'store_name': 'Manchester Store', 'location': 'East Jackson', 'manager': 'Anthony Lee'}, {'store_id': 'STORE1094', 'store_name': 'Franklin Store', 'location': 'West Washington', 'manager': 'Christopher Garcia'}, {'store_id': 'STORE1095', 'store_name': 'Fairview Store', 'location': 'East Bristol', 'manager': 'Lisa Edwards'}, {'store_id': 'STORE1096', 'store_name': 'Milton Store', 'location': 'West Marion', 'manager': 'Dorothy Parker'}, {'store_id': 'STORE1097', 'store_name': 'Burlington Store', 'location': 'West Richmond', 'manager': 'John Jones'}  ... displaying 10 of 534 total bound parameter sets ...  {'store_id': 'STORE1622', 'store_name': 'Franklin Store', 'location': 'East Arlingtontown', 'manager': 'John Jones'}, {'store_id': 'STORE1623', 'store_name': 'Clayton Store', 'location': 'West Franklin', 'manager': 'Carol Wright'}]]
(Background on this error at: https://sqlalche.me/e/20/gkpj)",2025-08-22 22:40:56.650964
STORE1352,Burlington Store,West Madisontown,George Turner,"Database insertion failed: (pymysql.err.IntegrityError) (1062, ""Duplicate entry 'STORE1090' for key 'dimstore.store_id'"")
[SQL: INSERT INTO dimstore (store_id, store_name, location, manager) VALUES (%(store_id)s, %(store_name)s, %(location)s, %(manager)s)]
[parameters: [{'store_id': 'STORE1090', 'store_name': 'Oxford Store', 'location': 'East Greenwood', 'manager': 'Jennifer Garcia'}, {'store_id': 'STORE1091', 'store_name': 'Salem Store', 'location': 'East Newport', 'manager': 'George Turner'}, {'store_id': 'STORE1092', 'store_name': 'Chester Store', 'location': 'West Fairview', 'manager': 'Richard Taylor'}, {'store_id': 'STORE1093', 'store_name': 'Manchester Store', 'location': 'East Jackson', 'manager': 'Anthony Lee'}, {'store_id': 'STORE1094', 'store_name': 'Franklin Store', 'location': 'West Washington', 'manager': 'Christopher Garcia'}, {'store_id': 'STORE1095', 'store_name': 'Fairview Store', 'location': 'East Bristol', 'manager': 'Lisa Edwards'}, {'store_id': 'STORE1096', 'store_name': 'Milton Store', 'location': 'West Marion', 'manager': 'Dorothy Parker'}, {'store_id': 'STORE1097', 'store_name': 'Burlington Store', 'location': 'West Richmond', 'manager': 'John Jones'}  ... displaying 10 of 534 total bound parameter sets ...  {'store_id': 'STORE1622', 'store_name': 'Franklin Store', 'location': 'East Arlingtontown', 'manager': 'John Jones'}, {'store_id': 'STORE1623', 'store_name': 'Clayton Store', 'location': 'West Franklin', 'manager': 'Carol Wright'}]]
(Background on this error at: https://sqlalche.me/e/20/gkpj)",2025-08-22 22:40:56.650964
STORE1353,Lancaster Store,West Washingtontown,Sandra Allen,"Database insertion failed: (pymysql.err.IntegrityError) (1062, ""Duplicate entry 'STORE1090' for key 'dimstore.store_id'"")
[SQL: INSERT INTO dimstore (store_id, store_name, location, manager) VALUES (%(store_id)s, %(store_name)s, %(location)s, %(manager)s)]
[parameters: [{'store_id': 'STORE1090', 'store_name': 'Oxford Store', 'location': 'East Greenwood', 'manager': 'Jennifer Garcia'}, {'store_id': 'STORE1091', 'store_name': 'Salem Store', 'location': 'East Newport', 'manager': 'George Turner'}, {'store_id': 'STORE1092', 'store_name': 'Chester Store', 'location': 'West Fairview', 'manager': 'Richard Taylor'}, {'store_id': 'STORE1093', 'store_name': 'Manchester Store', 'location': 'East Jackson', 'manager': 'Anthony Lee'}, {'store_id': 'STORE1094', 'store_name': 'Franklin Store', 'location': 'West Washington', 'manager': 'Christopher Garcia'}, {'store_id': 'STORE1095', 'store_name': 'Fairview Store', 'location': 'East Bristol', 'manager': 'Lisa Edwards'}, {'store_id': 'STORE1096', 'store_name': 'Milton Store', 'location': 'West Marion', 'manager': 'Dorothy Parker'}, {'store_id': 'STORE1097', 'store_name': 'Burlington Store', 'location': 'West Richmond', 'manager': 'John Jones'}  ... displaying 10 of 534 total bound parameter sets ...  {'store_id': 'STORE1622', 'store_name': 'Franklin Store', 'location': 'East Arlingtontown', 'manager': 'John Jones'}, {'store_id': 'STORE1623', 'store_name': 'Clayton Store', 'location': 'West Franklin', 'manager': 'Carol Wright'}]]
(Background on this error at: https://sqlalche.me/e/20/gkpj)",2025-08-22 22:40:56.650964
STORE1354,Riverside Store,East Kingston,Brian Perez,"Database insertion failed: (pymysql.err.IntegrityError) (1062, ""Duplicate entry 'STORE1090' for key 'dimstore.store_id'"")
[SQL: INSERT INTO dimstore (store_id, store_name, location, manager) VALUES (%(store_id)s, %(store_name)s, %(location)s, %(manager)s)]
[parameters: [{'store_id': 'STORE1090', 'store_name': 'Oxford Store', 'location': 'East Greenwood', 'manager': 'Jennifer Garcia'}, {'store_id': 'STORE1091', 'store_name': 'Salem Store', 'location': 'East Newport', 'manager': 'George Turner'}, {'store_id': 'STORE1092', 'store_name': 'Chester Store', 'location': 'West Fairview', 'manager': 'Richard Taylor'}, {'store_id': 'STORE1093', 'store_name': 'Manchester Store', 'location': 'East Jackson', 'manager': 'Anthony Lee'}, {'store_id': 'STORE1094', 'store_name': 'Franklin Store', 'location': 'West Washington', 'manager': 'Christopher Garcia'}, {'store_id': 'STORE1095', 'store_name': 'Fairview Store', 'location': 'East Bristol', 'manager': 'Lisa Edwards'}, {'store_id': 'STORE1096', 'store_name': 'Milton Store', 'location': 'West Marion', 'manager': 'Dorothy Parker'}, {'store_id': 'STORE1097', 'store_name': 'Burlington Store', 'location': 'West Richmond', 'manager': 'John Jones'}  ... displaying 10 of 534 total bound parameter sets ...  {'store_id': 'STORE1622', 'store_name': 'Franklin Store', 'location': 'East Arlingtontown', 'manager': 'John Jones'}, {'store_id': 'STORE1623', 'store_name': 'Clayton Store', 'location': 'West Franklin', 'manager': 'Carol Wright'}]]
(Background on this error at: https://sqlalche.me/e/20/gkpj)",2025-08-22 22:40:56.650964
STORE1355,Clinton Store,West Dover,Kimberly Roberts,"Database insertion failed: (pymysql.err.IntegrityError) (1062, ""Duplicate entry 'STORE1090' for key 'dimstore.store_id'"")
[SQL: INSERT INTO dimstore (store_id, store_name, location, manager) VALUES (%(store_id)s, %(store_name)s, %(location)s, %(manager)s)]
[parameters: [{'store_id': 'STORE1090', 'store_name': 'Oxford Store', 'location': 'East Greenwood', 'manager': 'Jennifer Garcia'}, {'store_id': 'STORE1091', 'store_name': 'Salem Store', 'location': 'East Newport', 'manager': 'George Turner'}, {'store_id': 'STORE1092', 'store_name': 'Chester Store', 'location': 'West Fairview', 'manager': 'Richard Taylor'}, {'store_id': 'STORE1093', 'store_name': 'Manchester Store', 'location': 'East Jackson', 'manager': 'Anthony Lee'}, {'store_id': 'STORE1094', 'store_name': 'Franklin Store', 'location': 'West Washington', 'manager': 'Christopher Garcia'}, {'store_id': 'STORE1095', 'store_name': 'Fairview Store', 'location': 'East Bristol', 'manager': 'Lisa Edwards'}, {'store_id': 'STORE1096', 'store_name': 'Milton Store', 'location': 'West Marion', 'manager': 'Dorothy Parker'}, {'store_id': 'STORE1097', 'store_name': 'Burlington Store', 'location': 'West Richmond', 'manager': 'John Jones'}  ... displaying 10 of 534 total bound parameter sets ...  {'store_id': 'STORE1622', 'store_name': 'Franklin Store', 'location': 'East Arlingtontown', 'manager': 'John Jones'}, {'store_id': 'STORE1623', 'store_name': 'Clayton Store', 'location': 'West Franklin', 'manager': 'Carol Wright'}]]
(Background on this error at: https://sqlalche.me/e/20/gkpj)",2025-08-22 22:40:56.650964
STORE1356,Oxford Store,West Richmond,Elizabeth Martinez,"Database insertion failed: (pymysql.err.IntegrityError) (1062, ""Duplicate entry 'STORE1090' for key 'dimstore.store_id'"")
[SQL: INSERT INTO dimstore (store_id, store_name, location, manager) VALUES (%(store_id)s, %(store_name)s, %(location)s, %(manager)s)]
[parameters: [{'store_id': 'STORE1090', 'store_name': 'Oxford Store', 'location': 'East Greenwood', 'manager': 'Jennifer Garcia'}, {'store_id': 'STORE1091', 'store_name': 'Salem Store', 'location': 'East Newport', 'manager': 'George Turner'}, {'store_id': 'STORE1092', 'store_name': 'Chester Store', 'location': 'West Fairview', 'manager': 'Richard Taylor'}, {'store_id': 'STORE1093', 'store_name': 'Manchester Store', 'location': 'East Jackson', 'manager': 'Anthony Lee'}, {'store_id': 'STORE1094', 'store_name': 'Franklin Store', 'location': 'West Washington', 'manager': 'Christopher Garcia'}, {'store_id': 'STORE1095', 'store_name': 'Fairview Store', 'location': 'East Bristol', 'manager': 'Lisa Edwards'}, {'store_id': 'STORE1096', 'store_name': 'Milton Store', 'location': 'West Marion', 'manager': 'Dorothy Parker'}, {'store_id': 'STORE1097', 'store_name': 'Burlington Store', 'location': 'West Richmond', 'manager': 'John Jones'}  ... displaying 10 of 534 total bound parameter sets ...  {'store_id': 'STORE1622', 'store_name': 'Franklin Store', 'location': 'East Arlingtontown', 'manager': 'John Jones'}, {'store_id': 'STORE1623', 'store_name': 'Clayton Store', 'location': 'West Franklin', 'manager': 'Carol Wright'}]]
(Background on this error at: https://sqlalche.me/e/20/gkpj)",2025-08-22 22:40:56.650964
STORE1357,Riverside Store,West Georgetown,Sarah Martin,"Database insertion failed: (pymysql.err.IntegrityError) (1062, ""Duplicate entry 'STORE1090' for key 'dimstore.store_id'"")
[SQL: INSERT INTO dimstore (store_id, store_name, location, manager) VALUES (%(store_id)s, %(store_name)s, %(location)s, %(manager)s)]
[parameters: [{'store_id': 'STORE1090', 'store_name': 'Oxford Store', 'location': 'East Greenwood', 'manager': 'Jennifer Garcia'}, {'store_id': 'STORE1091', 'store_name': 'Salem Store', 'location': 'East Newport', 'manager': 'George Turner'}, {'store_id': 'STORE1092', 'store_name': 'Chester Store', 'location': 'West Fairview', 'manager': 'Richard Taylor'}, {'store_id': 'STORE1093', 'store_name': 'Manchester Store', 'location': 'East Jackson', 'manager': 'Anthony Lee'}, {'store_id': 'STORE1094', 'store_name': 'Franklin Store', 'location': 'West Washington', 'manager': 'Christopher Garcia'}, {'store_id': 'STORE1095', 'store_name': 'Fairview Store', 'location': 'East Bristol', 'manager': 'Lisa Edwards'}, {'store_id': 'STORE1096', 'store_name': 'Milton Store', 'location': 'West Marion', 'manager': 'Dorothy Parker'}, {'store_id': 'STORE1097', 'store_name': 'Burlington Store', 'location': 'West Richmond', 'manager': 'John Jones'}  ... displaying 10 of 534 total bound parameter sets ...  {'store_id': 'STORE1622', 'store_name': 'Franklin Store', 'location': 'East Arlingtontown', 'manager': 'John Jones'}, {'store_id': 'STORE1623', 'store_name': 'Clayton Store', 'location': 'West Franklin', 'manager': 'Carol Wright'}]]
(Background on this error at: https://sqlalche.me/e/20/gkpj)",2025-08-22 22:40:56.650964
STORE1358,Georgetown Store,West Arlingtontown,John Jones,"Database insertion failed: (pymysql.err.IntegrityError) (1062, ""Duplicate entry 'STORE1090' for key 'dimstore.store_id'"")
[SQL: INSERT INTO dimstore (store_id, store_name, location, manager) VALUES (%(store_id)s, %(store_name)s, %(location)s, %(manager)s)]
[parameters: [{'store_id': 'STORE1090', 'store_name': 'Oxford Store', 'location': 'East Greenwood', 'manager': 'Jennifer Garcia'}, {'store_id': 'STORE1091', 'store_name': 'Salem Store', 'location': 'East Newport', 'manager': 'George Turner'}, {'store_id': 'STORE1092', 'store_name': 'Chester Store', 'location': 'West Fairview', 'manager': 'Richard Taylor'}, {'store_id': 'STORE1093', 'store_name': 'Manchester Store', 'location': 'East Jackson', 'manager': 'Anthony Lee'}, {'store_id': 'STORE1094', 'store_name': 'Franklin Store', 'location': 'West Washington', 'manager': 'Christopher Garcia'}, {'store_id': 'STORE1095', 'store_name': 'Fairview Store', 'location': 'East Bristol', 'manager': 'Lisa Edwards'}, {'store_id': 'STORE1096', 'store_name': 'Milton Store', 'location': 'West Marion', 'manager': 'Dorothy Parker'}, {'store_id': 'STORE1097', 'store_name': 'Burlington Store', 'location': 'West Richmond', 'manager': 'John Jones'}  ... displaying 10 of 534 total bound parameter sets ...  {'store_id': 'STORE1622', 'store_name': 'Franklin Store', 'location': 'East Arlingtontown', 'manager': 'John Jones'}, {'store_id': 'STORE1623', 'store_name': 'Clayton Store', 'location': 'West Franklin', 'manager': 'Carol Wright'}]]
(Background on this error at: https://sqlalche.me/e/20/gkpj)",2025-08-22 22:40:56.650964
STORE1359,Franklin Store,West Auburn,Anthony Lee,"Database insertion failed: (pymysql.err.IntegrityError) (1062, ""Duplicate entry 'STORE1090' for key 'dimstore.store_id'"")
[SQL: INSERT INTO dimstore (store_id, store_name, location, manager) VALUES (%(store_id)s, %(store_name)s, %(location)s, %(manager)s)]
[parameters: [{'store_id': 'STORE1090', 'store_name': 'Oxford Store', 'location': 'East Greenwood', 'manager': 'Jennifer Garcia'}, {'store_id': 'STORE1091', 'store_name': 'Salem Store', 'location': 'East Newport', 'manager': 'George Turner'}, {'store_id': 'STORE1092', 'store_name': 'Chester Store', 'location': 'West Fairview', 'manager': 'Richard Taylor'}, {'store_id': 'STORE1093', 'store_name': 'Manchester Store', 'location': 'East Jackson', 'manager': 'Anthony Lee'}, {'store_id': 'STORE1094', 'store_name': 'Franklin Store', 'location': 'West Washington', 'manager': 'Christopher Garcia'}, {'store_id': 'STORE1095', 'store_name': 'Fairview Store', 'location': 'East Bristol', 'manager': 'Lisa Edwards'}, {'store_id': 'STORE1096', 'store_name': 'Milton Store', 'location': 'West Marion', 'manager': 'Dorothy Parker'}, {'store_id': 'STORE1097', 'store_name': 'Burlington Store', 'location': 'West Richmond', 'manager': 'John Jones'}  ... displaying 10 of 534 total bound parameter sets ...  {'store_id': 'STORE1622', 'store_name': 'Franklin Store', 'location': 'East Arlingtontown', 'manager': 'John Jones'}, {'store_id': 'STORE1623', 'store_name': 'Clayton Store', 'location': 'West Franklin', 'manager': 'Carol Wright'}]]
(Background on this error at: https://sqlalche.me/e/20/gkpj)",2025-08-22 22:40:56.650964
STORE1360,Dover Store,East Mariontown,Ronald Evans,"Database insertion failed: (pymysql.err.IntegrityError) (1062, ""Duplicate entry 'STORE1090' for key 'dimstore.store_id'"")
[SQL: INSERT INTO dimstore (store_id, store_name, location, manager) VALUES (%(store_id)s, %(store_name)s, %(location)s, %(manager)s)]
[parameters: [{'store_id': 'STORE1090', 'store_name': 'Oxford Store', 'location': 'East Greenwood', 'manager': 'Jennifer Garcia'}, {'store_id': 'STORE1091', 'store_name': 'Salem Store', 'location': 'East Newport', 'manager': 'George Turner'}, {'store_id': 'STORE1092', 'store_name': 'Chester Store', 'location': 'West Fairview', 'manager': 'Richard Taylor'}, {'store_id': 'STORE1093', 'store_name': 'Manchester Store', 'location': 'East Jackson', 'manager': 'Anthony Lee'}, {'store_id': 'STORE1094', 'store_name': 'Franklin Store', 'location': 'West Washington', 'manager': 'Christopher Garcia'}, {'store_id': 'STORE1095', 'store_name': 'Fairview Store', 'location': 'East Bristol', 'manager': 'Lisa Edwards'}, {'store_id': 'STORE1096', 'store_name': 'Milton Store', 'location': 'West Marion', 'manager': 'Dorothy Parker'}, {'store_id': 'STORE1097', 'store_name': 'Burlington Store', 'location': 'West Richmond', 'manager': 'John Jones'}  ... displaying 10 of 534 total bound parameter sets ...  {'store_id': 'STORE1622', 'store_name': 'Franklin Store', 'location': 'East Arlingtontown', 'manager': 'John Jones'}, {'store_id': 'STORE1623', 'store_name': 'Clayton Store', 'location': 'West Franklin', 'manager': 'Carol Wright'}]]
(Background on this error at: https://sqlalche.me/e/20/gkpj)",2025-08-22 22:40:56.650964
STORE1361,Wayne Store,West Hudsontown,Lisa Edwards,"Database insertion failed: (pymysql.err.IntegrityError) (1062, ""Duplicate entry 'STORE1090' for key 'dimstore.store_id'"")
[SQL: INSERT INTO dimstore (store_id, store_name, location, manager) VALUES (%(store_id)s, %(store_name)s, %(location)s, %(manager)s)]
[parameters: [{'store_id': 'STORE1090', 'store_name': 'Oxford Store', 'location': 'East Greenwood', 'manager': 'Jennifer Garcia'}, {'store_id': 'STORE1091', 'store_name': 'Salem Store', 'location': 'East Newport', 'manager': 'George Turner'}, {'store_id': 'STORE1092', 'store_name': 'Chester Store', 'location': 'West Fairview', 'manager': 'Richard Taylor'}, {'store_id': 'STORE1093', 'store_name': 'Manchester Store', 'location': 'East Jackson', 'manager': 'Anthony Lee'}, {'store_id': 'STORE1094', 'store_name': 'Franklin Store', 'location': 'West Washington', 'manager': 'Christopher Garcia'}, {'store_id': 'STORE1095', 'store_name': 'Fairview Store', 'location': 'East Bristol', 'manager': 'Lisa Edwards'}, {'store_id': 'STORE1096', 'store_name': 'Milton Store', 'location': 'West Marion', 'manager': 'Dorothy Parker'}, {'store_id': 'STORE1097', 'store_name': 'Burlington Store', 'location': 'West Richmond', 'manager': 'John Jones'}  ... displaying 10 of 534 total bound parameter sets ...  {'store_id': 'STORE1622', 'store_name': 'Franklin Store', 'location': 'East Arlingtontown', 'manager': 'John Jones'}, {'store_id': 'STORE1623', 'store_name': 'Clayton Store', 'location': 'West Franklin', 'manager': 'Carol Wright'}]]
(Background on this error at: https://sqlalche.me/e/20/gkpj)",2025-08-22 22:40:56.650964
STORE1362,Dover Store,West Marion,Mary Johnson,"Database insertion failed: (pymysql.err.IntegrityError) (1062, ""Duplicate entry 'STORE1090' for key 'dimstore.store_id'"")
[SQL: INSERT INTO dimstore (store_id, store_name, location, manager) VALUES (%(store_id)s, %(store_name)s, %(location)s, %(manager)s)]
[parameters: [{'store_id': 'STORE1090', 'store_name': 'Oxford Store', 'location': 'East Greenwood', 'manager': 'Jennifer Garcia'}, {'store_id': 'STORE1091', 'store_name': 'Salem Store', 'location': 'East Newport', 'manager': 'George Turner'}, {'store_id': 'STORE1092', 'store_name': 'Chester Store', 'location': 'West Fairview', 'manager': 'Richard Taylor'}, {'store_id': 'STORE1093', 'store_name': 'Manchester Store', 'location': 'East Jackson', 'manager': 'Anthony Lee'}, {'store_id': 'STORE1094', 'store_name': 'Franklin Store', 'location': 'West Washington', 'manager': 'Christopher Garcia'}, {'store_id': 'STORE1095', 'store_name': 'Fairview Store', 'location': 'East Bristol', 'manager': 'Lisa Edwards'}, {'store_id': 'STORE1096', 'store_name': 'Milton Store', 'location': 'West Marion', 'manager': 'Dorothy Parker'}, {'store_id': 'STORE1097', 'store_name': 'Burlington Store', 'location': 'West Richmond', 'manager': 'John Jones'}  ... displaying 10 of 534 total bound parameter sets ...  {'store_id': 'STORE1622', 'store_name': 'Franklin Store', 'location': 'East Arlingtontown', 'manager': 'John Jones'}, {'store_id': 'STORE1623', 'store_name': 'Clayton Store', 'location': 'West Franklin', 'manager': 'Carol Wright'}]]
(Background on this error at: https://sqlalche.me/e/20/gkpj)",2025-08-22 22:40:56.650964
STORE1363,Troy Store,West Manchester,Donald Young,"Database insertion failed: (pymysql.err.IntegrityError) (1062, ""Duplicate entry 'STORE1090' for key 'dimstore.store_id'"")
[SQL: INSERT INTO dimstore (store_id, store_name, location, manager) VALUES (%(store_id)s, %(store_name)s, %(location)s, %(manager)s)]
[parameters: [{'store_id': 'STORE1090', 'store_name': 'Oxford Store', 'location': 'East Greenwood', 'manager': 'Jennifer Garcia'}, {'store_id': 'STORE1091', 'store_name': 'Salem Store', 'location': 'East Newport', 'manager': 'George Turner'}, {'store_id': 'STORE1092', 'store_name': 'Chester Store', 'location': 'West Fairview', 'manager': 'Richard Taylor'}, {'store_id': 'STORE1093', 'store_name': 'Manchester Store', 'location': 'East Jackson', 'manager': 'Anthony Lee'}, {'store_id': 'STORE1094', 'store_name': 'Franklin Store', 'location': 'West Washington', 'manager': 'Christopher Garcia'}, {'store_id': 'STORE1095', 'store_name': 'Fairview Store', 'location': 'East Bristol', 'manager': 'Lisa Edwards'}, {'store_id': 'STORE1096', 'store_name': 'Milton Store', 'location': 'West Marion', 'manager': 'Dorothy Parker'}, {'store_id': 'STORE1097', 'store_name': 'Burlington Store', 'location': 'West Richmond', 'manager': 'John Jones'}  ... displaying 10 of 534 total bound parameter sets ...  {'store_id': 'STORE1622', 'store_name': 'Franklin Store', 'location': 'East Arlingtontown', 'manager': 'John Jones'}, {'store_id': 'STORE1623', 'store_name': 'Clayton Store', 'location': 'West Franklin', 'manager': 'Carol Wright'}]]
(Background on this error at: https://sqlalche.me/e/20/gkpj)",2025-08-22 22:40:56.650964
STORE1364,Milton Store,East Dover,Thomas Harris,"Database insertion failed: (pymysql.err.IntegrityError) (1062, ""Duplicate entry 'STORE1090' for key 'dimstore.store_id'"")
[SQL: INSERT INTO dimstore (store_id, store_name, location, manager) VALUES (%(store_id)s, %(store_name)s, %(location)s, %(manager)s)]
[parameters: [{'store_id': 'STORE1090', 'store_name': 'Oxford Store', 'location': 'East Greenwood', 'manager': 'Jennifer Garcia'}, {'store_id': 'STORE1091', 'store_name': 'Salem Store', 'location': 'East Newport', 'manager': 'George Turner'}, {'store_id': 'STORE1092', 'store_name': 'Chester Store', 'location': 'West Fairview', 'manager': 'Richard Taylor'}, {'store_id': 'STORE1093', 'store_name': 'Manchester Store', 'location': 'East Jackson', 'manager': 'Anthony Lee'}, {'store_id': 'STORE1094', 'store_name': 'Franklin Store', 'location': 'West Washington', 'manager': 'Christopher Garcia'}, {'store_id': 'STORE1095', 'store_name': 'Fairview Store', 'location': 'East Bristol', 'manager': 'Lisa Edwards'}, {'store_id': 'STORE1096', 'store_name': 'Milton Store', 'location': 'West Marion', 'manager': 'Dorothy Parker'}, {'store_id': 'STORE1097', 'store_name': 'Burlington Store', 'location': 'West Richmond', 'manager': 'John Jones'}  ... displaying 10 of 534 total bound parameter sets ...  {'store_id': 'STORE1622', 'store_name': 'Franklin Store', 'location': 'East Arlingtontown', 'manager': 'John Jones'}, {'store_id': 'STORE1623', 'store_name': 'Clayton Store', 'location': 'West Franklin', 'manager': 'Carol Wright'}]]
(Background on this error at: https://sqlalche.me/e/20/gkpj)",2025-08-22 22:40:56.650964
STORE1365,Bristol Store,West Burlington,Robert Williams,"Database insertion failed: (pymysql.err.IntegrityError) (1062, ""Duplicate entry 'STORE1090' for key 'dimstore.store_id'"")
[SQL: INSERT INTO dimstore (store_id, store_name, location, manager) VALUES (%(store_id)s, %(store_name)s, %(location)s, %(manager)s)]
[parameters: [{'store_id': 'STORE1090', 'store_name': 'Oxford Store', 'location': 'East Greenwood', 'manager': 'Jennifer Garcia'}, {'store_id': 'STORE1091', 'store_name': 'Salem Store', 'location': 'East Newport', 'manager': 'George Turner'}, {'store_id': 'STORE1092', 'store_name': 'Chester Store', 'location': 'West Fairview', 'manager': 'Richard Taylor'}, {'store_id': 'STORE1093', 'store_name': 'Manchester Store', 'location': 'East Jackson', 'manager': 'Anthony Lee'}, {'store_id': 'STORE1094', 'store_name': 'Franklin Store', 'location': 'West Washington', 'manager': 'Christopher Garcia'}, {'store_id': 'STORE1095', 'store_name': 'Fairview Store', 'location': 'East Bristol', 'manager': 'Lisa Edwards'}, {'store_id': 'STORE1096', 'store_name': 'Milton Store', 'location': 'West Marion', 'manager': 'Dorothy Parker'}, {'store_id': 'STORE1097', 'store_name': 'Burlington Store', 'location': 'West Richmond', 'manager': 'John Jones'}  ... displaying 10 of 534 total bound parameter sets ...  {'store_id': 'STORE1622', 'store_name': 'Franklin Store', 'location': 'East Arlingtontown', 'manager': 'John Jones'}, {'store_id': 'STORE1623', 'store_name': 'Clayton Store', 'location': 'West Franklin', 'manager': 'Carol Wright'}]]
(Background on this error at: https://sqlalche.me/e/20/gkpj)",2025-08-22 22:40:56.650964
STORE1366,Clinton Store,East Manchester,John Jones,"Database insertion failed: (pymysql.err.IntegrityError) (1062, ""Duplicate entry 'STORE1090' for key 'dimstore.store_id'"")
[SQL: INSERT INTO dimstore (store_id, store_name, location, manager) VALUES (%(store_id)s, %(store_name)s, %(location)s, %(manager)s)]
[parameters: [{'store_id': 'STORE1090', 'store_name': 'Oxford Store', 'location': 'East Greenwood', 'manager': 'Jennifer Garcia'}, {'store_id': 'STORE1091', 'store_name': 'Salem Store', 'location': 'East Newport', 'manager': 'George Turner'}, {'store_id': 'STORE1092', 'store_name': 'Chester Store', 'location': 'West Fairview', 'manager': 'Richard Taylor'}, {'store_id': 'STORE1093', 'store_name': 'Manchester Store', 'location': 'East Jackson', 'manager': 'Anthony Lee'}, {'store_id': 'STORE1094', 'store_name': 'Franklin Store', 'location': 'West Washington', 'manager': 'Christopher Garcia'}, {'store_id': 'STORE1095', 'store_name': 'Fairview Store', 'location': 'East Bristol', 'manager': 'Lisa Edwards'}, {'store_id': 'STORE1096', 'store_name': 'Milton Store', 'location': 'West Marion', 'manager': 'Dorothy Parker'}, {'store_id': 'STORE1097', 'store_name': 'Burlington Store', 'location': 'West Richmond', 'manager': 'John Jones'}  ... displaying 10 of 534 total bound parameter sets ...  {'store_id': 'STORE1622', 'store_name': 'Franklin Store', 'location': 'East Arlingtontown', 'manager': 'John Jones'}, {'store_id': 'STORE1623', 'store_name': 'Clayton Store', 'location': 'West Franklin', 'manager': 'Carol Wright'}]]
(Background on this error at: https://sqlalche.me/e/20/gkpj)",2025-08-22 22:40:56.650964
STORE1367,Hudson Store,East Burlington,Betty Lewis,"Database insertion failed: (pymysql.err.IntegrityError) (1062, ""Duplicate entry 'STORE1090' for key 'dimstore.store_id'"")
[SQL: INSERT INTO dimstore (store_id, store_name, location, manager) VALUES (%(store_id)s, %(store_name)s, %(location)s, %(manager)s)]
[parameters: [{'store_id': 'STORE1090', 'store_name': 'Oxford Store', 'location': 'East Greenwood', 'manager': 'Jennifer Garcia'}, {'store_id': 'STORE1091', 'store_name': 'Salem Store', 'location': 'East Newport', 'manager': 'George Turner'}, {'store_id': 'STORE1092', 'store_name': 'Chester Store', 'location': 'West Fairview', 'manager': 'Richard Taylor'}, {'store_id': 'STORE1093', 'store_name': 'Manchester Store', 'location': 'East Jackson', 'manager': 'Anthony Lee'}, {'store_id': 'STORE1094', 'store_name': 'Franklin Store', 'location': 'West Washington', 'manager': 'Christopher Garcia'}, {'store_id': 'STORE1095', 'store_name': 'Fairview Store', 'location': 'East Bristol', 'manager': 'Lisa Edwards'}, {'store_id': 'STORE1096', 'store_name': 'Milton Store', 'location': 'West Marion', 'manager': 'Dorothy Parker'}, {'store_id': 'STORE1097', 'store_name': 'Burlington Store', 'location': 'West Richmond', 'manager': 'John Jones'}  ... displaying 10 of 534 total bound parameter sets ...  {'store_id': 'STORE1622', 'store_name': 'Franklin Store', 'location': 'East Arlingtontown', 'manager': 'John Jones'}, {'store_id': 'STORE1623', 'store_name': 'Clayton Store', 'location': 'West Franklin', 'manager': 'Carol Wright'}]]
(Background on this error at: https://sqlalche.me/e/20/gkpj)",2025-08-22 22:40:56.650964
STORE1368,Oxford Store,West Springfield,Linda Davis,"Database insertion failed: (pymysql.err.IntegrityError) (1062, ""Duplicate entry 'STORE1090' for key 'dimstore.store_id'"")
[SQL: INSERT INTO dimstore (store_id, store_name, location, manager) VALUES (%(store_id)s, %(store_name)s, %(location)s, %(manager)s)]
[parameters: [{'store_id': 'STORE1090', 'store_name': 'Oxford Store', 'location': 'East Greenwood', 'manager': 'Jennifer Garcia'}, {'store_id': 'STORE1091', 'store_name': 'Salem Store', 'location': 'East Newport', 'manager': 'George Turner'}, {'store_id': 'STORE1092', 'store_name': 'Chester Store', 'location': 'West Fairview', 'manager': 'Richard Taylor'}, {'store_id': 'STORE1093', 'store_name': 'Manchester Store', 'location': 'East Jackson', 'manager': 'Anthony Lee'}, {'store_id': 'STORE1094', 'store_name': 'Franklin Store', 'location': 'West Washington', 'manager': 'Christopher Garcia'}, {'store_id': 'STORE1095', 'store_name': 'Fairview Store', 'location': 'East Bristol', 'manager': 'Lisa Edwards'}, {'store_id': 'STORE1096', 'store_name': 'Milton Store', 'location': 'West Marion', 'manager': 'Dorothy Parker'}, {'store_id': 'STORE1097', 'store_name': 'Burlington Store', 'location': 'West Richmond', 'manager': 'John Jones'}  ... displaying 10 of 534 total bound parameter sets ...  {'store_id': 'STORE1622', 'store_name': 'Franklin Store', 'location': 'East Arlingtontown', 'manager': 'John Jones'}, {'store_id': 'STORE1623', 'store_name': 'Clayton Store', 'location': 'West Franklin', 'manager': 'Carol Wright'}]]
(Background on this error at: https://sqlalche.me/e/20/gkpj)",2025-08-22 22:40:56.650964
STORE1369,Springfield Store,East Richmond,Helen Walker,"Database insertion failed: (pymysql.err.IntegrityError) (1062, ""Duplicate entry 'STORE1090' for key 'dimstore.store_id'"")
[SQL: INSERT INTO dimstore (store_id, store_name, location, manager) VALUES (%(store_id)s, %(store_name)s, %(location)s, %(manager)s)]
[parameters: [{'store_id': 'STORE1090', 'store_name': 'Oxford Store', 'location': 'East Greenwood', 'manager': 'Jennifer Garcia'}, {'store_id': 'STORE1091', 'store_name': 'Salem Store', 'location': 'East Newport', 'manager': 'George Turner'}, {'store_id': 'STORE1092', 'store_name': 'Chester Store', 'location': 'West Fairview', 'manager': 'Richard Taylor'}, {'store_id': 'STORE1093', 'store_name': 'Manchester Store', 'location': 'East Jackson', 'manager': 'Anthony Lee'}, {'store_id': 'STORE1094', 'store_name': 'Franklin Store', 'location': 'West Washington', 'manager': 'Christopher Garcia'}, {'store_id': 'STORE1095', 'store_name': 'Fairview Store', 'location': 'East Bristol', 'manager': 'Lisa Edwards'}, {'store_id': 'STORE1096', 'store_name': 'Milton Store', 'location': 'West Marion', 'manager': 'Dorothy Parker'}, {'store_id': 'STORE1097', 'store_name': 'Burlington Store', 'location': 'West Richmond', 'manager': 'John Jones'}  ... displaying 10 of 534 total bound parameter sets ...  {'store_id': 'STORE1622', 'store_name': 'Franklin Store', 'location': 'East Arlingtontown', 'manager': 'John Jones'}, {'store_id': 'STORE1623', 'store_name': 'Clayton Store', 'location': 'West Franklin', 'manager': 'Carol Wright'}]]
(Background on this error at: https://sqlalche.me/e/20/gkpj)",2025-08-22 22:40:56.650964
STORE1370,Greenwood Store,West Newport,George Turner,"Database insertion failed: (pymysql.err.IntegrityError) (1062, ""Duplicate entry 'STORE1090' for key 'dimstore.store_id'"")
[SQL: INSERT INTO dimstore (store_id, store_name, location, manager) VALUES (%(store_id)s, %(store_name)s, %(location)s, %(manager)s)]
[parameters: [{'store_id': 'STORE1090', 'store_name': 'Oxford Store', 'location': 'East Greenwood', 'manager': 'Jennifer Garcia'}, {'store_id': 'STORE1091', 'store_name': 'Salem Store', 'location': 'East Newport', 'manager': 'George Turner'}, {'store_id': 'STORE1092', 'store_name': 'Chester Store', 'location': 'West Fairview', 'manager': 'Richard Taylor'}, {'store_id': 'STORE1093', 'store_name': 'Manchester Store', 'location': 'East Jackson', 'manager': 'Anthony Lee'}, {'store_id': 'STORE1094', 'store_name': 'Franklin Store', 'location': 'West Washington', 'manager': 'Christopher Garcia'}, {'store_id': 'STORE1095', 'store_name': 'Fairview Store', 'location': 'East Bristol', 'manager': 'Lisa Edwards'}, {'store_id': 'STORE1096', 'store_name': 'Milton Store', 'location': 'West Marion', 'manager': 'Dorothy Parker'}, {'store_id': 'STORE1097', 'store_name': 'Burlington Store', 'location': 'West Richmond', 'manager': 'John Jones'}  ... displaying 10 of 534 total bound parameter sets ...  {'store_id': 'STORE1622', 'store_name': 'Franklin Store', 'location': 'East Arlingtontown', 'manager': 'John Jones'}, {'store_id': 'STORE1623', 'store_name': 'Clayton Store', 'location': 'West Franklin', 'manager': 'Carol Wright'}]]
(Background on this error at: https://sqlalche.me/e/20/gkpj)",2025-08-22 22:40:56.650964
STORE1371,Georgetown Store,East Franklintown,Barbara Anderson,"Database insertion failed: (pymysql.err.IntegrityError) (1062, ""Duplicate entry 'STORE1090' for key 'dimstore.store_id'"")
[SQL: INSERT INTO dimstore (store_id, store_name, location, manager) VALUES (%(store_id)s, %(store_name)s, %(location)s, %(manager)s)]
[parameters: [{'store_id': 'STORE1090', 'store_name': 'Oxford Store', 'location': 'East Greenwood', 'manager': 'Jennifer Garcia'}, {'store_id': 'STORE1091', 'store_name': 'Salem Store', 'location': 'East Newport', 'manager': 'George Turner'}, {'store_id': 'STORE1092', 'store_name': 'Chester Store', 'location': 'West Fairview', 'manager': 'Richard Taylor'}, {'store_id': 'STORE1093', 'store_name': 'Manchester Store', 'location': 'East Jackson', 'manager': 'Anthony Lee'}, {'store_id': 'STORE1094', 'store_name': 'Franklin Store', 'location': 'West Washington', 'manager': 'Christopher Garcia'}, {'store_id': 'STORE1095', 'store_name': 'Fairview Store', 'location': 'East Bristol', 'manager': 'Lisa Edwards'}, {'store_id': 'STORE1096', 'store_name': 'Milton Store', 'location': 'West Marion', 'manager': 'Dorothy Parker'}, {'store_id': 'STORE1097', 'store_name': 'Burlington Store', 'location': 'West Richmond', 'manager': 'John Jones'}  ... displaying 10 of 534 total bound parameter sets ...  {'store_id': 'STORE1622', 'store_name': 'Franklin Store', 'location': 'East Arlingtontown', 'manager': 'John Jones'}, {'store_id': 'STORE1623', 'store_name': 'Clayton Store', 'location': 'West Franklin', 'manager': 'Carol Wright'}]]
(Background on this error at: https://sqlalche.me/e/20/gkpj)",2025-08-22 22:40:56.650964
STORE1372,Greenwood Store,West Ashlandtown,Linda Davis,"Database insertion failed: (pymysql.err.IntegrityError) (1062, ""Duplicate entry 'STORE1090' for key 'dimstore.store_id'"")
[SQL: INSERT INTO dimstore (store_id, store_name, location, manager) VALUES (%(store_id)s, %(store_name)s, %(location)s, %(manager)s)]
[parameters: [{'store_id': 'STORE1090', 'store_name': 'Oxford Store', 'location': 'East Greenwood', 'manager': 'Jennifer Garcia'}, {'store_id': 'STORE1091', 'store_name': 'Salem Store', 'location': 'East Newport', 'manager': 'George Turner'}, {'store_id': 'STORE1092', 'store_name': 'Chester Store', 'location': 'West Fairview', 'manager': 'Richard Taylor'}, {'store_id': 'STORE1093', 'store_name': 'Manchester Store', 'location': 'East Jackson', 'manager': 'Anthony Lee'}, {'store_id': 'STORE1094', 'store_name': 'Franklin Store', 'location': 'West Washington', 'manager': 'Christopher Garcia'}, {'store_id': 'STORE1095', 'store_name': 'Fairview Store', 'location': 'East Bristol', 'manager': 'Lisa Edwards'}, {'store_id': 'STORE1096', 'store_name': 'Milton Store', 'location': 'West Marion', 'manager': 'Dorothy Parker'}, {'store_id': 'STORE1097', 'store_name': 'Burlington Store', 'location': 'West Richmond', 'manager': 'John Jones'}  ... displaying 10 of 534 total bound parameter sets ...  {'store_id': 'STORE1622', 'store_name': 'Franklin Store', 'location': 'East Arlingtontown', 'manager': 'John Jones'}, {'store_id': 'STORE1623', 'store_name': 'Clayton Store', 'location': 'West Franklin', 'manager': 'Carol Wright'}]]
(Background on this error at: https://sqlalche.me/e/20/gkpj)",2025-08-22 22:40:56.650964
STORE1373,Madison Store,East Hudson,Susan Thomas,"Database insertion failed: (pymysql.err.IntegrityError) (1062, ""Duplicate entry 'STORE1090' for key 'dimstore.store_id'"")
[SQL: INSERT INTO dimstore (store_id, store_name, location, manager) VALUES (%(store_id)s, %(store_name)s, %(location)s, %(manager)s)]
[parameters: [{'store_id': 'STORE1090', 'store_name': 'Oxford Store', 'location': 'East Greenwood', 'manager': 'Jennifer Garcia'}, {'store_id': 'STORE1091', 'store_name': 'Salem Store', 'location': 'East Newport', 'manager': 'George Turner'}, {'store_id': 'STORE1092', 'store_name': 'Chester Store', 'location': 'West Fairview', 'manager': 'Richard Taylor'}, {'store_id': 'STORE1093', 'store_name': 'Manchester Store', 'location': 'East Jackson', 'manager': 'Anthony Lee'}, {'store_id': 'STORE1094', 'store_name': 'Franklin Store', 'location': 'West Washington', 'manager': 'Christopher Garcia'}, {'store_id': 'STORE1095', 'store_name': 'Fairview Store', 'location': 'East Bristol', 'manager': 'Lisa Edwards'}, {'store_id': 'STORE1096', 'store_name': 'Milton Store', 'location': 'West Marion', 'manager': 'Dorothy Parker'}, {'store_id': 'STORE1097', 'store_name': 'Burlington Store', 'location': 'West Richmond', 'manager': 'John Jones'}  ... displaying 10 of 534 total bound parameter sets ...  {'store_id': 'STORE1622', 'store_name': 'Franklin Store', 'location': 'East Arlingtontown', 'manager': 'John Jones'}, {'store_id': 'STORE1623', 'store_name': 'Clayton Store', 'location': 'West Franklin', 'manager': 'Carol Wright'}]]
(Background on this error at: https://sqlalche.me/e/20/gkpj)",2025-08-22 22:40:56.650964
STORE1374,Bristol Store,East Clayton,Richard Taylor,"Database insertion failed: (pymysql.err.IntegrityError) (1062, ""Duplicate entry 'STORE1090' for key 'dimstore.store_id'"")
[SQL: INSERT INTO dimstore (store_id, store_name, location, manager) VALUES (%(store_id)s, %(store_name)s, %(location)s, %(manager)s)]
[parameters: [{'store_id': 'STORE1090', 'store_name': 'Oxford Store', 'location': 'East Greenwood', 'manager': 'Jennifer Garcia'}, {'store_id': 'STORE1091', 'store_name': 'Salem Store', 'location': 'East Newport', 'manager': 'George Turner'}, {'store_id': 'STORE1092', 'store_name': 'Chester Store', 'location': 'West Fairview', 'manager': 'Richard Taylor'}, {'store_id': 'STORE1093', 'store_name': 'Manchester Store', 'location': 'East Jackson', 'manager': 'Anthony Lee'}, {'store_id': 'STORE1094', 'store_name': 'Franklin Store', 'location': 'West Washington', 'manager': 'Christopher Garcia'}, {'store_id': 'STORE1095', 'store_name': 'Fairview Store', 'location': 'East Bristol', 'manager': 'Lisa Edwards'}, {'store_id': 'STORE1096', 'store_name': 'Milton Store', 'location': 'West Marion', 'manager': 'Dorothy Parker'}, {'store_id': 'STORE1097', 'store_name': 'Burlington Store', 'location': 'West Richmond', 'manager': 'John Jones'}  ... displaying 10 of 534 total bound parameter sets ...  {'store_id': 'STORE1622', 'store_name': 'Franklin Store', 'location': 'East Arlingtontown', 'manager': 'John Jones'}, {'store_id': 'STORE1623', 'store_name': 'Clayton Store', 'location': 'West Franklin', 'manager': 'Carol Wright'}]]
(Background on this error at: https://sqlalche.me/e/20/gkpj)",2025-08-22 22:40:56.650964
STORE1375,Troy Store,West Burlingtontown,Paul Lopez,"Database insertion failed: (pymysql.err.IntegrityError) (1062, ""Duplicate entry 'STORE1090' for key 'dimstore.store_id'"")
[SQL: INSERT INTO dimstore (store_id, store_name, location, manager) VALUES (%(store_id)s, %(store_name)s, %(location)s, %(manager)s)]
[parameters: [{'store_id': 'STORE1090', 'store_name': 'Oxford Store', 'location': 'East Greenwood', 'manager': 'Jennifer Garcia'}, {'store_id': 'STORE1091', 'store_name': 'Salem Store', 'location': 'East Newport', 'manager': 'George Turner'}, {'store_id': 'STORE1092', 'store_name': 'Chester Store', 'location': 'West Fairview', 'manager': 'Richard Taylor'}, {'store_id': 'STORE1093', 'store_name': 'Manchester Store', 'location': 'East Jackson', 'manager': 'Anthony Lee'}, {'store_id': 'STORE1094', 'store_name': 'Franklin Store', 'location': 'West Washington', 'manager': 'Christopher Garcia'}, {'store_id': 'STORE1095', 'store_name': 'Fairview Store', 'location': 'East Bristol', 'manager': 'Lisa Edwards'}, {'store_id': 'STORE1096', 'store_name': 'Milton Store', 'location': 'West Marion', 'manager': 'Dorothy Parker'}, {'store_id': 'STORE1097', 'store_name': 'Burlington Store', 'location': 'West Richmond', 'manager': 'John Jones'}  ... displaying 10 of 534 total bound parameter sets ...  {'store_id': 'STORE1622', 'store_name': 'Franklin Store', 'location': 'East Arlingtontown', 'manager': 'John Jones'}, {'store_id': 'STORE1623', 'store_name': 'Clayton Store', 'location': 'West Franklin', 'manager': 'Carol Wright'}]]
(Background on this error at: https://sqlalche.me/e/20/gkpj)",2025-08-22 22:40:56.650964
STORE1376,Troy Store,East Hudson,Betty Lewis,"Database insertion failed: (pymysql.err.IntegrityError) (1062, ""Duplicate entry 'STORE1090' for key 'dimstore.store_id'"")
[SQL: INSERT INTO dimstore (store_id, store_name, location, manager) VALUES (%(store_id)s, %(store_name)s, %(location)s, %(manager)s)]
[parameters: [{'store_id': 'STORE1090', 'store_name': 'Oxford Store', 'location': 'East Greenwood', 'manager': 'Jennifer Garcia'}, {'store_id': 'STORE1091', 'store_name': 'Salem Store', 'location': 'East Newport', 'manager': 'George Turner'}, {'store_id': 'STORE1092', 'store_name': 'Chester Store', 'location': 'West Fairview', 'manager': 'Richard Taylor'}, {'store_id': 'STORE1093', 'store_name': 'Manchester Store', 'location': 'East Jackson', 'manager': 'Anthony Lee'}, {'store_id': 'STORE1094', 'store_name': 'Franklin Store', 'location': 'West Washington', 'manager': 'Christopher Garcia'}, {'store_id': 'STORE1095', 'store_name': 'Fairview Store', 'location': 'East Bristol', 'manager': 'Lisa Edwards'}, {'store_id': 'STORE1096', 'store_name': 'Milton Store', 'location': 'West Marion', 'manager': 'Dorothy Parker'}, {'store_id': 'STORE1097', 'store_name': 'Burlington Store', 'location': 'West Richmond', 'manager': 'John Jones'}  ... displaying 10 of 534 total bound parameter sets ...  {'store_id': 'STORE1622', 'store_name': 'Franklin Store', 'location': 'East Arlingtontown', 'manager': 'John Jones'}, {'store_id': 'STORE1623', 'store_name': 'Clayton Store', 'location': 'West Franklin', 'manager': 'Carol Wright'}]]
(Background on this error at: https://sqlalche.me/e/20/gkpj)",2025-08-22 22:40:56.650964
STORE1377,Riverside Store,East Dover,Kimberly Roberts,"Database insertion failed: (pymysql.err.IntegrityError) (1062, ""Duplicate entry 'STORE1090' for key 'dimstore.store_id'"")
[SQL: INSERT INTO dimstore (store_id, store_name, location, manager) VALUES (%(store_id)s, %(store_name)s, %(location)s, %(manager)s)]
[parameters: [{'store_id': 'STORE1090', 'store_name': 'Oxford Store', 'location': 'East Greenwood', 'manager': 'Jennifer Garcia'}, {'store_id': 'STORE1091', 'store_name': 'Salem Store', 'location': 'East Newport', 'manager': 'George Turner'}, {'store_id': 'STORE1092', 'store_name': 'Chester Store', 'location': 'West Fairview', 'manager': 'Richard Taylor'}, {'store_id': 'STORE1093', 'store_name': 'Manchester Store', 'location': 'East Jackson', 'manager': 'Anthony Lee'}, {'store_id': 'STORE1094', 'store_name': 'Franklin Store', 'location': 'West Washington', 'manager': 'Christopher Garcia'}, {'store_id': 'STORE1095', 'store_name': 'Fairview Store', 'location': 'East Bristol', 'manager': 'Lisa Edwards'}, {'store_id': 'STORE1096', 'store_name': 'Milton Store', 'location': 'West Marion', 'manager': 'Dorothy Parker'}, {'store_id': 'STORE1097', 'store_name': 'Burlington Store', 'location': 'West Richmond', 'manager': 'John Jones'}  ... displaying 10 of 534 total bound parameter sets ...  {'store_id': 'STORE1622', 'store_name': 'Franklin Store', 'location': 'East Arlingtontown', 'manager': 'John Jones'}, {'store_id': 'STORE1623', 'store_name': 'Clayton Store', 'location': 'West Franklin', 'manager': 'Carol Wright'}]]
(Background on this error at: https://sqlalche.me/e/20/gkpj)",2025-08-22 22:40:56.650964
STORE1378,Dover Store,West Clinton,Jessica White,"Database insertion failed: (pymysql.err.IntegrityError) (1062, ""Duplicate entry 'STORE1090' for key 'dimstore.store_id'"")
[SQL: INSERT INTO dimstore (store_id, store_name, location, manager) VALUES (%(store_id)s, %(store_name)s, %(location)s, %(manager)s)]
[parameters: [{'store_id': 'STORE1090', 'store_name': 'Oxford Store', 'location': 'East Greenwood', 'manager': 'Jennifer Garcia'}, {'store_id': 'STORE1091', 'store_name': 'Salem Store', 'location': 'East Newport', 'manager': 'George Turner'}, {'store_id': 'STORE1092', 'store_name': 'Chester Store', 'location': 'West Fairview', 'manager': 'Richard Taylor'}, {'store_id': 'STORE1093', 'store_name': 'Manchester Store', 'location': 'East Jackson', 'manager': 'Anthony Lee'}, {'store_id': 'STORE1094', 'store_name': 'Franklin Store', 'location': 'West Washington', 'manager': 'Christopher Garcia'}, {'store_id': 'STORE1095', 'store_name': 'Fairview Store', 'location': 'East Bristol', 'manager': 'Lisa Edwards'}, {'store_id': 'STORE1096', 'store_name': 'Milton Store', 'location': 'West Marion', 'manager': 'Dorothy Parker'}, {'store_id': 'STORE1097', 'store_name': 'Burlington Store', 'location': 'West Richmond', 'manager': 'John Jones'}  ... displaying 10 of 534 total bound parameter sets ...  {'store_id': 'STORE1622', 'store_name': 'Franklin Store', 'location': 'East Arlingtontown', 'manager': 'John Jones'}, {'store_id': 'STORE1623', 'store_name': 'Clayton Store', 'location': 'West Franklin', 'manager': 'Carol Wright'}]]
(Background on this error at: https://sqlalche.me/e/20/gkpj)",2025-08-22 22:40:56.650964
STORE1379,Chester Store,West Fairview,Patricia Brown,"Database insertion failed: (pymysql.err.IntegrityError) (1062, ""Duplicate entry 'STORE1090' for key 'dimstore.store_id'"")
[SQL: INSERT INTO dimstore (store_id, store_name, location, manager) VALUES (%(store_id)s, %(store_name)s, %(location)s, %(manager)s)]
[parameters: [{'store_id': 'STORE1090', 'store_name': 'Oxford Store', 'location': 'East Greenwood', 'manager': 'Jennifer Garcia'}, {'store_id': 'STORE1091', 'store_name': 'Salem Store', 'location': 'East Newport', 'manager': 'George Turner'}, {'store_id': 'STORE1092', 'store_name': 'Chester Store', 'location': 'West Fairview', 'manager': 'Richard Taylor'}, {'store_id': 'STORE1093', 'store_name': 'Manchester Store', 'location': 'East Jackson', 'manager': 'Anthony Lee'}, {'store_id': 'STORE1094', 'store_name': 'Franklin Store', 'location': 'West Washington', 'manager': 'Christopher Garcia'}, {'store_id': 'STORE1095', 'store_name': 'Fairview Store', 'location': 'East Bristol', 'manager': 'Lisa Edwards'}, {'store_id': 'STORE1096', 'store_name': 'Milton Store', 'location': 'West Marion', 'manager': 'Dorothy Parker'}, {'store_id': 'STORE1097', 'store_name': 'Burlington Store', 'location': 'West Richmond', 'manager': 'John Jones'}  ... displaying 10 of 534 total bound parameter sets ...  {'store_id': 'STORE1622', 'store_name': 'Franklin Store', 'location': 'East Arlingtontown', 'manager': 'John Jones'}, {'store_id': 'STORE1623', 'store_name': 'Clayton Store', 'location': 'West Franklin', 'manager': 'Carol Wright'}]]
(Background on this error at: https://sqlalche.me/e/20/gkpj)",2025-08-22 22:40:56.650964
STORE1380,Kingston Store,West Troy,Emily Mitchell,"Database insertion failed: (pymysql.err.IntegrityError) (1062, ""Duplicate entry 'STORE1090' for key 'dimstore.store_id'"")
[SQL: INSERT INTO dimstore (store_id, store_name, location, manager) VALUES (%(store_id)s, %(store_name)s, %(location)s, %(manager)s)]
[parameters: [{'store_id': 'STORE1090', 'store_name': 'Oxford Store', 'location': 'East Greenwood', 'manager': 'Jennifer Garcia'}, {'store_id': 'STORE1091', 'store_name': 'Salem Store', 'location': 'East Newport', 'manager': 'George Turner'}, {'store_id': 'STORE1092', 'store_name': 'Chester Store', 'location': 'West Fairview', 'manager': 'Richard Taylor'}, {'store_id': 'STORE1093', 'store_name': 'Manchester Store', 'location': 'East Jackson', 'manager': 'Anthony Lee'}, {'store_id': 'STORE1094', 'store_name': 'Franklin Store', 'location': 'West Washington', 'manager': 'Christopher Garcia'}, {'store_id': 'STORE1095', 'store_name': 'Fairview Store', 'location': 'East Bristol', 'manager': 'Lisa Edwards'}, {'store_id': 'STORE1096', 'store_name': 'Milton Store', 'location': 'West Marion', 'manager': 'Dorothy Parker'}, {'store_id': 'STORE1097', 'store_name': 'Burlington Store', 'location': 'West Richmond', 'manager': 'John Jones'}  ... displaying 10 of 534 total bound parameter sets ...  {'store_id': 'STORE1622', 'store_name': 'Franklin Store', 'location': 'East Arlingtontown', 'manager': 'John Jones'}, {'store_id': 'STORE1623', 'store_name': 'Clayton Store', 'location': 'West Franklin', 'manager': 'Carol Wright'}]]
(Background on this error at: https://sqlalche.me/e/20/gkpj)",2025-08-22 22:40:56.650964
STORE1381,Burlington Store,West Washingtontown,Edward Campbell,"Database insertion failed: (pymysql.err.IntegrityError) (1062, ""Duplicate entry 'STORE1090' for key 'dimstore.store_id'"")
[SQL: INSERT INTO dimstore (store_id, store_name, location, manager) VALUES (%(store_id)s, %(store_name)s, %(location)s, %(manager)s)]
[parameters: [{'store_id': 'STORE1090', 'store_name': 'Oxford Store', 'location': 'East Greenwood', 'manager': 'Jennifer Garcia'}, {'store_id': 'STORE1091', 'store_name': 'Salem Store', 'location': 'East Newport', 'manager': 'George Turner'}, {'store_id': 'STORE1092', 'store_name': 'Chester Store', 'location': 'West Fairview', 'manager': 'Richard Taylor'}, {'store_id': 'STORE1093', 'store_name': 'Manchester Store', 'location': 'East Jackson', 'manager': 'Anthony Lee'}, {'store_id': 'STORE1094', 'store_name': 'Franklin Store', 'location': 'West Washington', 'manager': 'Christopher Garcia'}, {'store_id': 'STORE1095', 'store_name': 'Fairview Store', 'location': 'East Bristol', 'manager': 'Lisa Edwards'}, {'store_id': 'STORE1096', 'store_name': 'Milton Store', 'location': 'West Marion', 'manager': 'Dorothy Parker'}, {'store_id': 'STORE1097', 'store_name': 'Burlington Store', 'location': 'West Richmond', 'manager': 'John Jones'}  ... displaying 10 of 534 total bound parameter sets ...  {'store_id': 'STORE1622', 'store_name': 'Franklin Store', 'location': 'East Arlingtontown', 'manager': 'John Jones'}, {'store_id': 'STORE1623', 'store_name': 'Clayton Store', 'location': 'West Franklin', 'manager': 'Carol Wright'}]]
(Background on this error at: https://sqlalche.me/e/20/gkpj)",2025-08-22 22:40:56.650964
STORE1382,Kingston Store,West Burlingtontown,John Jones,"Database insertion failed: (pymysql.err.IntegrityError) (1062, ""Duplicate entry 'STORE1090' for key 'dimstore.store_id'"")
[SQL: INSERT INTO dimstore (store_id, store_name, location, manager) VALUES (%(store_id)s, %(store_name)s, %(location)s, %(manager)s)]
[parameters: [{'store_id': 'STORE1090', 'store_name': 'Oxford Store', 'location': 'East Greenwood', 'manager': 'Jennifer Garcia'}, {'store_id': 'STORE1091', 'store_name': 'Salem Store', 'location': 'East Newport', 'manager': 'George Turner'}, {'store_id': 'STORE1092', 'store_name': 'Chester Store', 'location': 'West Fairview', 'manager': 'Richard Taylor'}, {'store_id': 'STORE1093', 'store_name': 'Manchester Store', 'location': 'East Jackson', 'manager': 'Anthony Lee'}, {'store_id': 'STORE1094', 'store_name': 'Franklin Store', 'location': 'West Washington', 'manager': 'Christopher Garcia'}, {'store_id': 'STORE1095', 'store_name': 'Fairview Store', 'location': 'East Bristol', 'manager': 'Lisa Edwards'}, {'store_id': 'STORE1096', 'store_name': 'Milton Store', 'location': 'West Marion', 'manager': 'Dorothy Parker'}, {'store_id': 'STORE1097', 'store_name': 'Burlington Store', 'location': 'West Richmond', 'manager': 'John Jones'}  ... displaying 10 of 534 total bound parameter sets ...  {'store_id': 'STORE1622', 'store_name': 'Franklin Store', 'location': 'East Arlingtontown', 'manager': 'John Jones'}, {'store_id': 'STORE1623', 'store_name': 'Clayton Store', 'location': 'West Franklin', 'manager': 'Carol Wright'}]]
(Background on this error at: https://sqlalche.me/e/20/gkpj)",2025-08-22 22:40:56.650964
STORE1383,Lancaster Store,West Oxford,Jennifer Garcia,"Database insertion failed: (pymysql.err.IntegrityError) (1062, ""Duplicate entry 'STORE1090' for key 'dimstore.store_id'"")
[SQL: INSERT INTO dimstore (store_id, store_name, location, manager) VALUES (%(store_id)s, %(store_name)s, %(location)s, %(manager)s)]
[parameters: [{'store_id': 'STORE1090', 'store_name': 'Oxford Store', 'location': 'East Greenwood', 'manager': 'Jennifer Garcia'}, {'store_id': 'STORE1091', 'store_name': 'Salem Store', 'location': 'East Newport', 'manager': 'George Turner'}, {'store_id': 'STORE1092', 'store_name': 'Chester Store', 'location': 'West Fairview', 'manager': 'Richard Taylor'}, {'store_id': 'STORE1093', 'store_name': 'Manchester Store', 'location': 'East Jackson', 'manager': 'Anthony Lee'}, {'store_id': 'STORE1094', 'store_name': 'Franklin Store', 'location': 'West Washington', 'manager': 'Christopher Garcia'}, {'store_id': 'STORE1095', 'store_name': 'Fairview Store', 'location': 'East Bristol', 'manager': 'Lisa Edwards'}, {'store_id': 'STORE1096', 'store_name': 'Milton Store', 'location': 'West Marion', 'manager': 'Dorothy Parker'}, {'store_id': 'STORE1097', 'store_name': 'Burlington Store', 'location': 'West Richmond', 'manager': 'John Jones'}  ... displaying 10 of 534 total bound parameter sets ...  {'store_id': 'STORE1622', 'store_name': 'Franklin Store', 'location': 'East Arlingtontown', 'manager': 'John Jones'}, {'store_id': 'STORE1623', 'store_name': 'Clayton Store', 'location': 'West Franklin', 'manager': 'Carol Wright'}]]
(Background on this error at: https://sqlalche.me/e/20/gkpj)",2025-08-22 22:40:56.650964
STORE1384,Madison Store,East Arlingtontown,Laura Nelson,"Database insertion failed: (pymysql.err.IntegrityError) (1062, ""Duplicate entry 'STORE1090' for key 'dimstore.store_id'"")
[SQL: INSERT INTO dimstore (store_id, store_name, location, manager) VALUES (%(store_id)s, %(store_name)s, %(location)s, %(manager)s)]
[parameters: [{'store_id': 'STORE1090', 'store_name': 'Oxford Store', 'location': 'East Greenwood', 'manager': 'Jennifer Garcia'}, {'store_id': 'STORE1091', 'store_name': 'Salem Store', 'location': 'East Newport', 'manager': 'George Turner'}, {'store_id': 'STORE1092', 'store_name': 'Chester Store', 'location': 'West Fairview', 'manager': 'Richard Taylor'}, {'store_id': 'STORE1093', 'store_name': 'Manchester Store', 'location': 'East Jackson', 'manager': 'Anthony Lee'}, {'store_id': 'STORE1094', 'store_name': 'Franklin Store', 'location': 'West Washington', 'manager': 'Christopher Garcia'}, {'store_id': 'STORE1095', 'store_name': 'Fairview Store', 'location': 'East Bristol', 'manager': 'Lisa Edwards'}, {'store_id': 'STORE1096', 'store_name': 'Milton Store', 'location': 'West Marion', 'manager': 'Dorothy Parker'}, {'store_id': 'STORE1097', 'store_name': 'Burlington Store', 'location': 'West Richmond', 'manager': 'John Jones'}  ... displaying 10 of 534 total bound parameter sets ...  {'store_id': 'STORE1622', 'store_name': 'Franklin Store', 'location': 'East Arlingtontown', 'manager': 'John Jones'}, {'store_id': 'STORE1623', 'store_name': 'Clayton Store', 'location': 'West Franklin', 'manager': 'Carol Wright'}]]
(Background on this error at: https://sqlalche.me/e/20/gkpj)",2025-08-22 22:40:56.650964
STORE1385,Ashland Store,East Franklin,Barbara Anderson,"Database insertion failed: (pymysql.err.IntegrityError) (1062, ""Duplicate entry 'STORE1090' for key 'dimstore.store_id'"")
[SQL: INSERT INTO dimstore (store_id, store_name, location, manager) VALUES (%(store_id)s, %(store_name)s, %(location)s, %(manager)s)]
[parameters: [{'store_id': 'STORE1090', 'store_name': 'Oxford Store', 'location': 'East Greenwood', 'manager': 'Jennifer Garcia'}, {'store_id': 'STORE1091', 'store_name': 'Salem Store', 'location': 'East Newport', 'manager': 'George Turner'}, {'store_id': 'STORE1092', 'store_name': 'Chester Store', 'location': 'West Fairview', 'manager': 'Richard Taylor'}, {'store_id': 'STORE1093', 'store_name': 'Manchester Store', 'location': 'East Jackson', 'manager': 'Anthony Lee'}, {'store_id': 'STORE1094', 'store_name': 'Franklin Store', 'location': 'West Washington', 'manager': 'Christopher Garcia'}, {'store_id': 'STORE1095', 'store_name': 'Fairview Store', 'location': 'East Bristol', 'manager': 'Lisa Edwards'}, {'store_id': 'STORE1096', 'store_name': 'Milton Store', 'location': 'West Marion', 'manager': 'Dorothy Parker'}, {'store_id': 'STORE1097', 'store_name': 'Burlington Store', 'location': 'West Richmond', 'manager': 'John Jones'}  ... displaying 10 of 534 total bound parameter sets ...  {'store_id': 'STORE1622', 'store_name': 'Franklin Store', 'location': 'East Arlingtontown', 'manager': 'John Jones'}, {'store_id': 'STORE1623', 'store_name': 'Clayton Store', 'location': 'West Franklin', 'manager': 'Carol Wright'}]]
(Background on this error at: https://sqlalche.me/e/20/gkpj)",2025-08-22 22:40:56.650964
STORE1386,Richmond Store,West Kingston,Helen Walker,"Database insertion failed: (pymysql.err.IntegrityError) (1062, ""Duplicate entry 'STORE1090' for key 'dimstore.store_id'"")
[SQL: INSERT INTO dimstore (store_id, store_name, location, manager) VALUES (%(store_id)s, %(store_name)s, %(location)s, %(manager)s)]
[parameters: [{'store_id': 'STORE1090', 'store_name': 'Oxford Store', 'location': 'East Greenwood', 'manager': 'Jennifer Garcia'}, {'store_id': 'STORE1091', 'store_name': 'Salem Store', 'location': 'East Newport', 'manager': 'George Turner'}, {'store_id': 'STORE1092', 'store_name': 'Chester Store', 'location': 'West Fairview', 'manager': 'Richard Taylor'}, {'store_id': 'STORE1093', 'store_name': 'Manchester Store', 'location': 'East Jackson', 'manager': 'Anthony Lee'}, {'store_id': 'STORE1094', 'store_name': 'Franklin Store', 'location': 'West Washington', 'manager': 'Christopher Garcia'}, {'store_id': 'STORE1095', 'store_name': 'Fairview Store', 'location': 'East Bristol', 'manager': 'Lisa Edwards'}, {'store_id': 'STORE1096', 'store_name': 'Milton Store', 'location': 'West Marion', 'manager': 'Dorothy Parker'}, {'store_id': 'STORE1097', 'store_name': 'Burlington Store', 'location': 'West Richmond', 'manager': 'John Jones'}  ... displaying 10 of 534 total bound parameter sets ...  {'store_id': 'STORE1622', 'store_name': 'Franklin Store', 'location': 'East Arlingtontown', 'manager': 'John Jones'}, {'store_id': 'STORE1623', 'store_name': 'Clayton Store', 'location': 'West Franklin', 'manager': 'Carol Wright'}]]
(Background on this error at: https://sqlalche.me/e/20/gkpj)",2025-08-22 22:40:56.650964
STORE1387,Riverside Store,East Greenwoodtown,Mary Johnson,"Database insertion failed: (pymysql.err.IntegrityError) (1062, ""Duplicate entry 'STORE1090' for key 'dimstore.store_id'"")
[SQL: INSERT INTO dimstore (store_id, store_name, location, manager) VALUES (%(store_id)s, %(store_name)s, %(location)s, %(manager)s)]
[parameters: [{'store_id': 'STORE1090', 'store_name': 'Oxford Store', 'location': 'East Greenwood', 'manager': 'Jennifer Garcia'}, {'store_id': 'STORE1091', 'store_name': 'Salem Store', 'location': 'East Newport', 'manager': 'George Turner'}, {'store_id': 'STORE1092', 'store_name': 'Chester Store', 'location': 'West Fairview', 'manager': 'Richard Taylor'}, {'store_id': 'STORE1093', 'store_name': 'Manchester Store', 'location': 'East Jackson', 'manager': 'Anthony Lee'}, {'store_id': 'STORE1094', 'store_name': 'Franklin Store', 'location': 'West Washington', 'manager': 'Christopher Garcia'}, {'store_id': 'STORE1095', 'store_name': 'Fairview Store', 'location': 'East Bristol', 'manager': 'Lisa Edwards'}, {'store_id': 'STORE1096', 'store_name': 'Milton Store', 'location': 'West Marion', 'manager': 'Dorothy Parker'}, {'store_id': 'STORE1097', 'store_name': 'Burlington Store', 'location': 'West Richmond', 'manager': 'John Jones'}  ... displaying 10 of 534 total bound parameter sets ...  {'store_id': 'STORE1622', 'store_name': 'Franklin Store', 'location': 'East Arlingtontown', 'manager': 'John Jones'}, {'store_id': 'STORE1623', 'store_name': 'Clayton Store', 'location': 'West Franklin', 'manager': 'Carol Wright'}]]
(Background on this error at: https://sqlalche.me/e/20/gkpj)",2025-08-22 22:40:56.650964
STORE1388,Chester Store,West Claytontown,Joseph Jackson,"Database insertion failed: (pymysql.err.IntegrityError) (1062, ""Duplicate entry 'STORE1090' for key 'dimstore.store_id'"")
[SQL: INSERT INTO dimstore (store_id, store_name, location, manager) VALUES (%(store_id)s, %(store_name)s, %(location)s, %(manager)s)]
[parameters: [{'store_id': 'STORE1090', 'store_name': 'Oxford Store', 'location': 'East Greenwood', 'manager': 'Jennifer Garcia'}, {'store_id': 'STORE1091', 'store_name': 'Salem Store', 'location': 'East Newport', 'manager': 'George Turner'}, {'store_id': 'STORE1092', 'store_name': 'Chester Store', 'location': 'West Fairview', 'manager': 'Richard Taylor'}, {'store_id': 'STORE1093', 'store_name': 'Manchester Store', 'location': 'East Jackson', 'manager': 'Anthony Lee'}, {'store_id': 'STORE1094', 'store_name': 'Franklin Store', 'location': 'West Washington', 'manager': 'Christopher Garcia'}, {'store_id': 'STORE1095', 'store_name': 'Fairview Store', 'location': 'East Bristol', 'manager': 'Lisa Edwards'}, {'store_id': 'STORE1096', 'store_name': 'Milton Store', 'location': 'West Marion', 'manager': 'Dorothy Parker'}, {'store_id': 'STORE1097', 'store_name': 'Burlington Store', 'location': 'West Richmond', 'manager': 'John Jones'}  ... displaying 10 of 534 total bound parameter sets ...  {'store_id': 'STORE1622', 'store_name': 'Franklin Store', 'location': 'East Arlingtontown', 'manager': 'John Jones'}, {'store_id': 'STORE1623', 'store_name': 'Clayton Store', 'location': 'West Franklin', 'manager': 'Carol Wright'}]]
(Background on this error at: https://sqlalche.me/e/20/gkpj)",2025-08-22 22:40:56.650964
STORE1389,Hudson Store,West Clayton,Dorothy Parker,"Database insertion failed: (pymysql.err.IntegrityError) (1062, ""Duplicate entry 'STORE1090' for key 'dimstore.store_id'"")
[SQL: INSERT INTO dimstore (store_id, store_name, location, manager) VALUES (%(store_id)s, %(store_name)s, %(location)s, %(manager)s)]
[parameters: [{'store_id': 'STORE1090', 'store_name': 'Oxford Store', 'location': 'East Greenwood', 'manager': 'Jennifer Garcia'}, {'store_id': 'STORE1091', 'store_name': 'Salem Store', 'location': 'East Newport', 'manager': 'George Turner'}, {'store_id': 'STORE1092', 'store_name': 'Chester Store', 'location': 'West Fairview', 'manager': 'Richard Taylor'}, {'store_id': 'STORE1093', 'store_name': 'Manchester Store', 'location': 'East Jackson', 'manager': 'Anthony Lee'}, {'store_id': 'STORE1094', 'store_name': 'Franklin Store', 'location': 'West Washington', 'manager': 'Christopher Garcia'}, {'store_id': 'STORE1095', 'store_name': 'Fairview Store', 'location': 'East Bristol', 'manager': 'Lisa Edwards'}, {'store_id': 'STORE1096', 'store_name': 'Milton Store', 'location': 'West Marion', 'manager': 'Dorothy Parker'}, {'store_id': 'STORE1097', 'store_name': 'Burlington Store', 'location': 'West Richmond', 'manager': 'John Jones'}  ... displaying 10 of 534 total bound parameter sets ...  {'store_id': 'STORE1622', 'store_name': 'Franklin Store', 'location': 'East Arlingtontown', 'manager': 'John Jones'}, {'store_id': 'STORE1623', 'store_name': 'Clayton Store', 'location': 'West Franklin', 'manager': 'Carol Wright'}]]
(Background on this error at: https://sqlalche.me/e/20/gkpj)",2025-08-22 22:40:56.650964
STORE1390,Troy Store,East Auburn,David Wilson,"Database insertion failed: (pymysql.err.IntegrityError) (1062, ""Duplicate entry 'STORE1090' for key 'dimstore.store_id'"")
[SQL: INSERT INTO dimstore (store_id, store_name, location, manager) VALUES (%(store_id)s, %(store_name)s, %(location)s, %(manager)s)]
[parameters: [{'store_id': 'STORE1090', 'store_name': 'Oxford Store', 'location': 'East Greenwood', 'manager': 'Jennifer Garcia'}, {'store_id': 'STORE1091', 'store_name': 'Salem Store', 'location': 'East Newport', 'manager': 'George Turner'}, {'store_id': 'STORE1092', 'store_name': 'Chester Store', 'location': 'West Fairview', 'manager': 'Richard Taylor'}, {'store_id': 'STORE1093', 'store_name': 'Manchester Store', 'location': 'East Jackson', 'manager': 'Anthony Lee'}, {'store_id': 'STORE1094', 'store_name': 'Franklin Store', 'location': 'West Washington', 'manager': 'Christopher Garcia'}, {'store_id': 'STORE1095', 'store_name': 'Fairview Store', 'location': 'East Bristol', 'manager': 'Lisa Edwards'}, {'store_id': 'STORE1096', 'store_name': 'Milton Store', 'location': 'West Marion', 'manager': 'Dorothy Parker'}, {'store_id': 'STORE1097', 'store_name': 'Burlington Store', 'location': 'West Richmond', 'manager': 'John Jones'}  ... displaying 10 of 534 total bound parameter sets ...  {'store_id': 'STORE1622', 'store_name': 'Franklin Store', 'location': 'East Arlingtontown', 'manager': 'John Jones'}, {'store_id': 'STORE1623', 'store_name': 'Clayton Store', 'location': 'West Franklin', 'manager': 'Carol Wright'}]]
(Background on this error at: https://sqlalche.me/e/20/gkpj)",2025-08-22 22:40:56.650964
STORE1391,Georgetown Store,West Lancaster,Laura Nelson,"Database insertion failed: (pymysql.err.IntegrityError) (1062, ""Duplicate entry 'STORE1090' for key 'dimstore.store_id'"")
[SQL: INSERT INTO dimstore (store_id, store_name, location, manager) VALUES (%(store_id)s, %(store_name)s, %(location)s, %(manager)s)]
[parameters: [{'store_id': 'STORE1090', 'store_name': 'Oxford Store', 'location': 'East Greenwood', 'manager': 'Jennifer Garcia'}, {'store_id': 'STORE1091', 'store_name': 'Salem Store', 'location': 'East Newport', 'manager': 'George Turner'}, {'store_id': 'STORE1092', 'store_name': 'Chester Store', 'location': 'West Fairview', 'manager': 'Richard Taylor'}, {'store_id': 'STORE1093', 'store_name': 'Manchester Store', 'location': 'East Jackson', 'manager': 'Anthony Lee'}, {'store_id': 'STORE1094', 'store_name': 'Franklin Store', 'location': 'West Washington', 'manager': 'Christopher Garcia'}, {'store_id': 'STORE1095', 'store_name': 'Fairview Store', 'location': 'East Bristol', 'manager': 'Lisa Edwards'}, {'store_id': 'STORE1096', 'store_name': 'Milton Store', 'location': 'West Marion', 'manager': 'Dorothy Parker'}, {'store_id': 'STORE1097', 'store_name': 'Burlington Store', 'location': 'West Richmond', 'manager': 'John Jones'}  ... displaying 10 of 534 total bound parameter sets ...  {'store_id': 'STORE1622', 'store_name': 'Franklin Store', 'location': 'East Arlingtontown', 'manager': 'John Jones'}, {'store_id': 'STORE1623', 'store_name': 'Clayton Store', 'location': 'West Franklin', 'manager': 'Carol Wright'}]]
(Background on this error at: https://sqlalche.me/e/20/gkpj)",2025-08-22 22:40:56.650964
STORE1392,Franklin Store,West Hudsontown,Lisa Edwards,"Database insertion failed: (pymysql.err.IntegrityError) (1062, ""Duplicate entry 'STORE1090' for key 'dimstore.store_id'"")
[SQL: INSERT INTO dimstore (store_id, store_name, location, manager) VALUES (%(store_id)s, %(store_name)s, %(location)s, %(manager)s)]
[parameters: [{'store_id': 'STORE1090', 'store_name': 'Oxford Store', 'location': 'East Greenwood', 'manager': 'Jennifer Garcia'}, {'store_id': 'STORE1091', 'store_name': 'Salem Store', 'location': 'East Newport', 'manager': 'George Turner'}, {'store_id': 'STORE1092', 'store_name': 'Chester Store', 'location': 'West Fairview', 'manager': 'Richard Taylor'}, {'store_id': 'STORE1093', 'store_name': 'Manchester Store', 'location': 'East Jackson', 'manager': 'Anthony Lee'}, {'store_id': 'STORE1094', 'store_name': 'Franklin Store', 'location': 'West Washington', 'manager': 'Christopher Garcia'}, {'store_id': 'STORE1095', 'store_name': 'Fairview Store', 'location': 'East Bristol', 'manager': 'Lisa Edwards'}, {'store_id': 'STORE1096', 'store_name': 'Milton Store', 'location': 'West Marion', 'manager': 'Dorothy Parker'}, {'store_id': 'STORE1097', 'store_name': 'Burlington Store', 'location': 'West Richmond', 'manager': 'John Jones'}  ... displaying 10 of 534 total bound parameter sets ...  {'store_id': 'STORE1622', 'store_name': 'Franklin Store', 'location': 'East Arlingtontown', 'manager': 'John Jones'}, {'store_id': 'STORE1623', 'store_name': 'Clayton Store', 'location': 'West Franklin', 'manager': 'Carol Wright'}]]
(Background on this error at: https://sqlalche.me/e/20/gkpj)",2025-08-22 22:40:56.650964
STORE1393,Greenwood Store,West Arlington,Robert Williams,"Database insertion failed: (pymysql.err.IntegrityError) (1062, ""Duplicate entry 'STORE1090' for key 'dimstore.store_id'"")
[SQL: INSERT INTO dimstore (store_id, store_name, location, manager) VALUES (%(store_id)s, %(store_name)s, %(location)s, %(manager)s)]
[parameters: [{'store_id': 'STORE1090', 'store_name': 'Oxford Store', 'location': 'East Greenwood', 'manager': 'Jennifer Garcia'}, {'store_id': 'STORE1091', 'store_name': 'Salem Store', 'location': 'East Newport', 'manager': 'George Turner'}, {'store_id': 'STORE1092', 'store_name': 'Chester Store', 'location': 'West Fairview', 'manager': 'Richard Taylor'}, {'store_id': 'STORE1093', 'store_name': 'Manchester Store', 'location': 'East Jackson', 'manager': 'Anthony Lee'}, {'store_id': 'STORE1094', 'store_name': 'Franklin Store', 'location': 'West Washington', 'manager': 'Christopher Garcia'}, {'store_id': 'STORE1095', 'store_name': 'Fairview Store', 'location': 'East Bristol', 'manager': 'Lisa Edwards'}, {'store_id': 'STORE1096', 'store_name': 'Milton Store', 'location': 'West Marion', 'manager': 'Dorothy Parker'}, {'store_id': 'STORE1097', 'store_name': 'Burlington Store', 'location': 'West Richmond', 'manager': 'John Jones'}  ... displaying 10 of 534 total bound parameter sets ...  {'store_id': 'STORE1622', 'store_name': 'Franklin Store', 'location': 'East Arlingtontown', 'manager': 'John Jones'}, {'store_id': 'STORE1623', 'store_name': 'Clayton Store', 'location': 'West Franklin', 'manager': 'Carol Wright'}]]
(Background on this error at: https://sqlalche.me/e/20/gkpj)",2025-08-22 22:40:56.650964
STORE1394,Troy Store,East Dover,Daniel Robinson,"Database insertion failed: (pymysql.err.IntegrityError) (1062, ""Duplicate entry 'STORE1090' for key 'dimstore.store_id'"")
[SQL: INSERT INTO dimstore (store_id, store_name, location, manager) VALUES (%(store_id)s, %(store_name)s, %(location)s, %(manager)s)]
[parameters: [{'store_id': 'STORE1090', 'store_name': 'Oxford Store', 'location': 'East Greenwood', 'manager': 'Jennifer Garcia'}, {'store_id': 'STORE1091', 'store_name': 'Salem Store', 'location': 'East Newport', 'manager': 'George Turner'}, {'store_id': 'STORE1092', 'store_name': 'Chester Store', 'location': 'West Fairview', 'manager': 'Richard Taylor'}, {'store_id': 'STORE1093', 'store_name': 'Manchester Store', 'location': 'East Jackson', 'manager': 'Anthony Lee'}, {'store_id': 'STORE1094', 'store_name': 'Franklin Store', 'location': 'West Washington', 'manager': 'Christopher Garcia'}, {'store_id': 'STORE1095', 'store_name': 'Fairview Store', 'location': 'East Bristol', 'manager': 'Lisa Edwards'}, {'store_id': 'STORE1096', 'store_name': 'Milton Store', 'location': 'West Marion', 'manager': 'Dorothy Parker'}, {'store_id': 'STORE1097', 'store_name': 'Burlington Store', 'location': 'West Richmond', 'manager': 'John Jones'}  ... displaying 10 of 534 total bound parameter sets ...  {'store_id': 'STORE1622', 'store_name': 'Franklin Store', 'location': 'East Arlingtontown', 'manager': 'John Jones'}, {'store_id': 'STORE1623', 'store_name': 'Clayton Store', 'location': 'West Franklin', 'manager': 'Carol Wright'}]]
(Background on this error at: https://sqlalche.me/e/20/gkpj)",2025-08-22 22:40:56.650964
STORE1395,Ashland Store,West Burlington,Kevin Carter,"Database insertion failed: (pymysql.err.IntegrityError) (1062, ""Duplicate entry 'STORE1090' for key 'dimstore.store_id'"")
[SQL: INSERT INTO dimstore (store_id, store_name, location, manager) VALUES (%(store_id)s, %(store_name)s, %(location)s, %(manager)s)]
[parameters: [{'store_id': 'STORE1090', 'store_name': 'Oxford Store', 'location': 'East Greenwood', 'manager': 'Jennifer Garcia'}, {'store_id': 'STORE1091', 'store_name': 'Salem Store', 'location': 'East Newport', 'manager': 'George Turner'}, {'store_id': 'STORE1092', 'store_name': 'Chester Store', 'location': 'West Fairview', 'manager': 'Richard Taylor'}, {'store_id': 'STORE1093', 'store_name': 'Manchester Store', 'location': 'East Jackson', 'manager': 'Anthony Lee'}, {'store_id': 'STORE1094', 'store_name': 'Franklin Store', 'location': 'West Washington', 'manager': 'Christopher Garcia'}, {'store_id': 'STORE1095', 'store_name': 'Fairview Store', 'location': 'East Bristol', 'manager': 'Lisa Edwards'}, {'store_id': 'STORE1096', 'store_name': 'Milton Store', 'location': 'West Marion', 'manager': 'Dorothy Parker'}, {'store_id': 'STORE1097', 'store_name': 'Burlington Store', 'location': 'West Richmond', 'manager': 'John Jones'}  ... displaying 10 of 534 total bound parameter sets ...  {'store_id': 'STORE1622', 'store_name': 'Franklin Store', 'location': 'East Arlingtontown', 'manager': 'John Jones'}, {'store_id': 'STORE1623', 'store_name': 'Clayton Store', 'location': 'West Franklin', 'manager': 'Carol Wright'}]]
(Background on this error at: https://sqlalche.me/e/20/gkpj)",2025-08-22 22:40:56.650964
STORE1396,Milton Store,West Greenwood,Linda Davis,"Database insertion failed: (pymysql.err.IntegrityError) (1062, ""Duplicate entry 'STORE1090' for key 'dimstore.store_id'"")
[SQL: INSERT INTO dimstore (store_id, store_name, location, manager) VALUES (%(store_id)s, %(store_name)s, %(location)s, %(manager)s)]
[parameters: [{'store_id': 'STORE1090', 'store_name': 'Oxford Store', 'location': 'East Greenwood', 'manager': 'Jennifer Garcia'}, {'store_id': 'STORE1091', 'store_name': 'Salem Store', 'location': 'East Newport', 'manager': 'George Turner'}, {'store_id': 'STORE1092', 'store_name': 'Chester Store', 'location': 'West Fairview', 'manager': 'Richard Taylor'}, {'store_id': 'STORE1093', 'store_name': 'Manchester Store', 'location': 'East Jackson', 'manager': 'Anthony Lee'}, {'store_id': 'STORE1094', 'store_name': 'Franklin Store', 'location': 'West Washington', 'manager': 'Christopher Garcia'}, {'store_id': 'STORE1095', 'store_name': 'Fairview Store', 'location': 'East Bristol', 'manager': 'Lisa Edwards'}, {'store_id': 'STORE1096', 'store_name': 'Milton Store', 'location': 'West Marion', 'manager': 'Dorothy Parker'}, {'store_id': 'STORE1097', 'store_name': 'Burlington Store', 'location': 'West Richmond', 'manager': 'John Jones'}  ... displaying 10 of 534 total bound parameter sets ...  {'store_id': 'STORE1622', 'store_name': 'Franklin Store', 'location': 'East Arlingtontown', 'manager': 'John Jones'}, {'store_id': 'STORE1623', 'store_name': 'Clayton Store', 'location': 'West Franklin', 'manager': 'Carol Wright'}]]
(Background on this error at: https://sqlalche.me/e/20/gkpj)",2025-08-22 22:40:56.650964
STORE1397,Franklin Store,West Newport,Anthony Lee,"Database insertion failed: (pymysql.err.IntegrityError) (1062, ""Duplicate entry 'STORE1090' for key 'dimstore.store_id'"")
[SQL: INSERT INTO dimstore (store_id, store_name, location, manager) VALUES (%(store_id)s, %(store_name)s, %(location)s, %(manager)s)]
[parameters: [{'store_id': 'STORE1090', 'store_name': 'Oxford Store', 'location': 'East Greenwood', 'manager': 'Jennifer Garcia'}, {'store_id': 'STORE1091', 'store_name': 'Salem Store', 'location': 'East Newport', 'manager': 'George Turner'}, {'store_id': 'STORE1092', 'store_name': 'Chester Store', 'location': 'West Fairview', 'manager': 'Richard Taylor'}, {'store_id': 'STORE1093', 'store_name': 'Manchester Store', 'location': 'East Jackson', 'manager': 'Anthony Lee'}, {'store_id': 'STORE1094', 'store_name': 'Franklin Store', 'location': 'West Washington', 'manager': 'Christopher Garcia'}, {'store_id': 'STORE1095', 'store_name': 'Fairview Store', 'location': 'East Bristol', 'manager': 'Lisa Edwards'}, {'store_id': 'STORE1096', 'store_name': 'Milton Store', 'location': 'West Marion', 'manager': 'Dorothy Parker'}, {'store_id': 'STORE1097', 'store_name': 'Burlington Store', 'location': 'West Richmond', 'manager': 'John Jones'}  ... displaying 10 of 534 total bound parameter sets ...  {'store_id': 'STORE1622', 'store_name': 'Franklin Store', 'location': 'East Arlingtontown', 'manager': 'John Jones'}, {'store_id': 'STORE1623', 'store_name': 'Clayton Store', 'location': 'West Franklin', 'manager': 'Carol Wright'}]]
(Background on this error at: https://sqlalche.me/e/20/gkpj)",2025-08-22 22:40:56.650964
STORE1398,Clinton Store,East Manchestertown,Laura Nelson,"Database insertion failed: (pymysql.err.IntegrityError) (1062, ""Duplicate entry 'STORE1090' for key 'dimstore.store_id'"")
[SQL: INSERT INTO dimstore (store_id, store_name, location, manager) VALUES (%(store_id)s, %(store_name)s, %(location)s, %(manager)s)]
[parameters: [{'store_id': 'STORE1090', 'store_name': 'Oxford Store', 'location': 'East Greenwood', 'manager': 'Jennifer Garcia'}, {'store_id': 'STORE1091', 'store_name': 'Salem Store', 'location': 'East Newport', 'manager': 'George Turner'}, {'store_id': 'STORE1092', 'store_name': 'Chester Store', 'location': 'West Fairview', 'manager': 'Richard Taylor'}, {'store_id': 'STORE1093', 'store_name': 'Manchester Store', 'location': 'East Jackson', 'manager': 'Anthony Lee'}, {'store_id': 'STORE1094', 'store_name': 'Franklin Store', 'location': 'West Washington', 'manager': 'Christopher Garcia'}, {'store_id': 'STORE1095', 'store_name': 'Fairview Store', 'location': 'East Bristol', 'manager': 'Lisa Edwards'}, {'store_id': 'STORE1096', 'store_name': 'Milton Store', 'location': 'West Marion', 'manager': 'Dorothy Parker'}, {'store_id': 'STORE1097', 'store_name': 'Burlington Store', 'location': 'West Richmond', 'manager': 'John Jones'}  ... displaying 10 of 534 total bound parameter sets ...  {'store_id': 'STORE1622', 'store_name': 'Franklin Store', 'location': 'East Arlingtontown', 'manager': 'John Jones'}, {'store_id': 'STORE1623', 'store_name': 'Clayton Store', 'location': 'West Franklin', 'manager': 'Carol Wright'}]]
(Background on this error at: https://sqlalche.me/e/20/gkpj)",2025-08-22 22:40:56.650964
STORE1399,Fairview Store,West Manchester,Brian Perez,"Database insertion failed: (pymysql.err.IntegrityError) (1062, ""Duplicate entry 'STORE1090' for key 'dimstore.store_id'"")
[SQL: INSERT INTO dimstore (store_id, store_name, location, manager) VALUES (%(store_id)s, %(store_name)s, %(location)s, %(manager)s)]
[parameters: [{'store_id': 'STORE1090', 'store_name': 'Oxford Store', 'location': 'East Greenwood', 'manager': 'Jennifer Garcia'}, {'store_id': 'STORE1091', 'store_name': 'Salem Store', 'location': 'East Newport', 'manager': 'George Turner'}, {'store_id': 'STORE1092', 'store_name': 'Chester Store', 'location': 'West Fairview', 'manager': 'Richard Taylor'}, {'store_id': 'STORE1093', 'store_name': 'Manchester Store', 'location': 'East Jackson', 'manager': 'Anthony Lee'}, {'store_id': 'STORE1094', 'store_name': 'Franklin Store', 'location': 'West Washington', 'manager': 'Christopher Garcia'}, {'store_id': 'STORE1095', 'store_name': 'Fairview Store', 'location': 'East Bristol', 'manager': 'Lisa Edwards'}, {'store_id': 'STORE1096', 'store_name': 'Milton Store', 'location': 'West Marion', 'manager': 'Dorothy Parker'}, {'store_id': 'STORE1097', 'store_name': 'Burlington Store', 'location': 'West Richmond', 'manager': 'John Jones'}  ... displaying 10 of 534 total bound parameter sets ...  {'store_id': 'STORE1622', 'store_name': 'Franklin Store', 'location': 'East Arlingtontown', 'manager': 'John Jones'}, {'store_id': 'STORE1623', 'store_name': 'Clayton Store', 'location': 'West Franklin', 'manager': 'Carol Wright'}]]
(Background on this error at: https://sqlalche.me/e/20/gkpj)",2025-08-22 22:40:56.650964
STORE1400,Troy Store,East Newport,Mary Johnson,"Database insertion failed: (pymysql.err.IntegrityError) (1062, ""Duplicate entry 'STORE1090' for key 'dimstore.store_id'"")
[SQL: INSERT INTO dimstore (store_id, store_name, location, manager) VALUES (%(store_id)s, %(store_name)s, %(location)s, %(manager)s)]
[parameters: [{'store_id': 'STORE1090', 'store_name': 'Oxford Store', 'location': 'East Greenwood', 'manager': 'Jennifer Garcia'}, {'store_id': 'STORE1091', 'store_name': 'Salem Store', 'location': 'East Newport', 'manager': 'George Turner'}, {'store_id': 'STORE1092', 'store_name': 'Chester Store', 'location': 'West Fairview', 'manager': 'Richard Taylor'}, {'store_id': 'STORE1093', 'store_name': 'Manchester Store', 'location': 'East Jackson', 'manager': 'Anthony Lee'}, {'store_id': 'STORE1094', 'store_name': 'Franklin Store', 'location': 'West Washington', 'manager': 'Christopher Garcia'}, {'store_id': 'STORE1095', 'store_name': 'Fairview Store', 'location': 'East Bristol', 'manager': 'Lisa Edwards'}, {'store_id': 'STORE1096', 'store_name': 'Milton Store', 'location': 'West Marion', 'manager': 'Dorothy Parker'}, {'store_id': 'STORE1097', 'store_name': 'Burlington Store', 'location': 'West Richmond', 'manager': 'John Jones'}  ... displaying 10 of 534 total bound parameter sets ...  {'store_id': 'STORE1622', 'store_name': 'Franklin Store', 'location': 'East Arlingtontown', 'manager': 'John Jones'}, {'store_id': 'STORE1623', 'store_name': 'Clayton Store', 'location': 'West Franklin', 'manager': 'Carol Wright'}]]
(Background on this error at: https://sqlalche.me/e/20/gkpj)",2025-08-22 22:40:56.650964
STORE1401,Riverside Store,West Ashland,Kevin Carter,"Database insertion failed: (pymysql.err.IntegrityError) (1062, ""Duplicate entry 'STORE1090' for key 'dimstore.store_id'"")
[SQL: INSERT INTO dimstore (store_id, store_name, location, manager) VALUES (%(store_id)s, %(store_name)s, %(location)s, %(manager)s)]
[parameters: [{'store_id': 'STORE1090', 'store_name': 'Oxford Store', 'location': 'East Greenwood', 'manager': 'Jennifer Garcia'}, {'store_id': 'STORE1091', 'store_name': 'Salem Store', 'location': 'East Newport', 'manager': 'George Turner'}, {'store_id': 'STORE1092', 'store_name': 'Chester Store', 'location': 'West Fairview', 'manager': 'Richard Taylor'}, {'store_id': 'STORE1093', 'store_name': 'Manchester Store', 'location': 'East Jackson', 'manager': 'Anthony Lee'}, {'store_id': 'STORE1094', 'store_name': 'Franklin Store', 'location': 'West Washington', 'manager': 'Christopher Garcia'}, {'store_id': 'STORE1095', 'store_name': 'Fairview Store', 'location': 'East Bristol', 'manager': 'Lisa Edwards'}, {'store_id': 'STORE1096', 'store_name': 'Milton Store', 'location': 'West Marion', 'manager': 'Dorothy Parker'}, {'store_id': 'STORE1097', 'store_name': 'Burlington Store', 'location': 'West Richmond', 'manager': 'John Jones'}  ... displaying 10 of 534 total bound parameter sets ...  {'store_id': 'STORE1622', 'store_name': 'Franklin Store', 'location': 'East Arlingtontown', 'manager': 'John Jones'}, {'store_id': 'STORE1623', 'store_name': 'Clayton Store', 'location': 'West Franklin', 'manager': 'Carol Wright'}]]
(Background on this error at: https://sqlalche.me/e/20/gkpj)",2025-08-22 22:40:56.650964
STORE1402,Auburn Store,East Jackson,Kimberly Roberts,"Database insertion failed: (pymysql.err.IntegrityError) (1062, ""Duplicate entry 'STORE1090' for key 'dimstore.store_id'"")
[SQL: INSERT INTO dimstore (store_id, store_name, location, manager) VALUES (%(store_id)s, %(store_name)s, %(location)s, %(manager)s)]
[parameters: [{'store_id': 'STORE1090', 'store_name': 'Oxford Store', 'location': 'East Greenwood', 'manager': 'Jennifer Garcia'}, {'store_id': 'STORE1091', 'store_name': 'Salem Store', 'location': 'East Newport', 'manager': 'George Turner'}, {'store_id': 'STORE1092', 'store_name': 'Chester Store', 'location': 'West Fairview', 'manager': 'Richard Taylor'}, {'store_id': 'STORE1093', 'store_name': 'Manchester Store', 'location': 'East Jackson', 'manager': 'Anthony Lee'}, {'store_id': 'STORE1094', 'store_name': 'Franklin Store', 'location': 'West Washington', 'manager': 'Christopher Garcia'}, {'store_id': 'STORE1095', 'store_name': 'Fairview Store', 'location': 'East Bristol', 'manager': 'Lisa Edwards'}, {'store_id': 'STORE1096', 'store_name': 'Milton Store', 'location': 'West Marion', 'manager': 'Dorothy Parker'}, {'store_id': 'STORE1097', 'store_name': 'Burlington Store', 'location': 'West Richmond', 'manager': 'John Jones'}  ... displaying 10 of 534 total bound parameter sets ...  {'store_id': 'STORE1622', 'store_name': 'Franklin Store', 'location': 'East Arlingtontown', 'manager': 'John Jones'}, {'store_id': 'STORE1623', 'store_name': 'Clayton Store', 'location': 'West Franklin', 'manager': 'Carol Wright'}]]
(Background on this error at: https://sqlalche.me/e/20/gkpj)",2025-08-22 22:40:56.650964
STORE1403,Dover Store,West Fairviewtown,Donald Young,"Database insertion failed: (pymysql.err.IntegrityError) (1062, ""Duplicate entry 'STORE1090' for key 'dimstore.store_id'"")
[SQL: INSERT INTO dimstore (store_id, store_name, location, manager) VALUES (%(store_id)s, %(store_name)s, %(location)s, %(manager)s)]
[parameters: [{'store_id': 'STORE1090', 'store_name': 'Oxford Store', 'location': 'East Greenwood', 'manager': 'Jennifer Garcia'}, {'store_id': 'STORE1091', 'store_name': 'Salem Store', 'location': 'East Newport', 'manager': 'George Turner'}, {'store_id': 'STORE1092', 'store_name': 'Chester Store', 'location': 'West Fairview', 'manager': 'Richard Taylor'}, {'store_id': 'STORE1093', 'store_name': 'Manchester Store', 'location': 'East Jackson', 'manager': 'Anthony Lee'}, {'store_id': 'STORE1094', 'store_name': 'Franklin Store', 'location': 'West Washington', 'manager': 'Christopher Garcia'}, {'store_id': 'STORE1095', 'store_name': 'Fairview Store', 'location': 'East Bristol', 'manager': 'Lisa Edwards'}, {'store_id': 'STORE1096', 'store_name': 'Milton Store', 'location': 'West Marion', 'manager': 'Dorothy Parker'}, {'store_id': 'STORE1097', 'store_name': 'Burlington Store', 'location': 'West Richmond', 'manager': 'John Jones'}  ... displaying 10 of 534 total bound parameter sets ...  {'store_id': 'STORE1622', 'store_name': 'Franklin Store', 'location': 'East Arlingtontown', 'manager': 'John Jones'}, {'store_id': 'STORE1623', 'store_name': 'Clayton Store', 'location': 'West Franklin', 'manager': 'Carol Wright'}]]
(Background on this error at: https://sqlalche.me/e/20/gkpj)",2025-08-22 22:40:56.650964
STORE1404,Wayne Store,East Manchester,Helen Walker,"Database insertion failed: (pymysql.err.IntegrityError) (1062, ""Duplicate entry 'STORE1090' for key 'dimstore.store_id'"")
[SQL: INSERT INTO dimstore (store_id, store_name, location, manager) VALUES (%(store_id)s, %(store_name)s, %(location)s, %(manager)s)]
[parameters: [{'store_id': 'STORE1090', 'store_name': 'Oxford Store', 'location': 'East Greenwood', 'manager': 'Jennifer Garcia'}, {'store_id': 'STORE1091', 'store_name': 'Salem Store', 'location': 'East Newport', 'manager': 'George Turner'}, {'store_id': 'STORE1092', 'store_name': 'Chester Store', 'location': 'West Fairview', 'manager': 'Richard Taylor'}, {'store_id': 'STORE1093', 'store_name': 'Manchester Store', 'location': 'East Jackson', 'manager': 'Anthony Lee'}, {'store_id': 'STORE1094', 'store_name': 'Franklin Store', 'location': 'West Washington', 'manager': 'Christopher Garcia'}, {'store_id': 'STORE1095', 'store_name': 'Fairview Store', 'location': 'East Bristol', 'manager': 'Lisa Edwards'}, {'store_id': 'STORE1096', 'store_name': 'Milton Store', 'location': 'West Marion', 'manager': 'Dorothy Parker'}, {'store_id': 'STORE1097', 'store_name': 'Burlington Store', 'location': 'West Richmond', 'manager': 'John Jones'}  ... displaying 10 of 534 total bound parameter sets ...  {'store_id': 'STORE1622', 'store_name': 'Franklin Store', 'location': 'East Arlingtontown', 'manager': 'John Jones'}, {'store_id': 'STORE1623', 'store_name': 'Clayton Store', 'location': 'West Franklin', 'manager': 'Carol Wright'}]]
(Background on this error at: https://sqlalche.me/e/20/gkpj)",2025-08-22 22:40:56.650964
STORE1405,Greenwood Store,West Marion,David Wilson,"Database insertion failed: (pymysql.err.IntegrityError) (1062, ""Duplicate entry 'STORE1090' for key 'dimstore.store_id'"")
[SQL: INSERT INTO dimstore (store_id, store_name, location, manager) VALUES (%(store_id)s, %(store_name)s, %(location)s, %(manager)s)]
[parameters: [{'store_id': 'STORE1090', 'store_name': 'Oxford Store', 'location': 'East Greenwood', 'manager': 'Jennifer Garcia'}, {'store_id': 'STORE1091', 'store_name': 'Salem Store', 'location': 'East Newport', 'manager': 'George Turner'}, {'store_id': 'STORE1092', 'store_name': 'Chester Store', 'location': 'West Fairview', 'manager': 'Richard Taylor'}, {'store_id': 'STORE1093', 'store_name': 'Manchester Store', 'location': 'East Jackson', 'manager': 'Anthony Lee'}, {'store_id': 'STORE1094', 'store_name': 'Franklin Store', 'location': 'West Washington', 'manager': 'Christopher Garcia'}, {'store_id': 'STORE1095', 'store_name': 'Fairview Store', 'location': 'East Bristol', 'manager': 'Lisa Edwards'}, {'store_id': 'STORE1096', 'store_name': 'Milton Store', 'location': 'West Marion', 'manager': 'Dorothy Parker'}, {'store_id': 'STORE1097', 'store_name': 'Burlington Store', 'location': 'West Richmond', 'manager': 'John Jones'}  ... displaying 10 of 534 total bound parameter sets ...  {'store_id': 'STORE1622', 'store_name': 'Franklin Store', 'location': 'East Arlingtontown', 'manager': 'John Jones'}, {'store_id': 'STORE1623', 'store_name': 'Clayton Store', 'location': 'West Franklin', 'manager': 'Carol Wright'}]]
(Background on this error at: https://sqlalche.me/e/20/gkpj)",2025-08-22 22:40:56.650964
STORE1406,Washington Store,West Kingston,Sandra Allen,"Database insertion failed: (pymysql.err.IntegrityError) (1062, ""Duplicate entry 'STORE1090' for key 'dimstore.store_id'"")
[SQL: INSERT INTO dimstore (store_id, store_name, location, manager) VALUES (%(store_id)s, %(store_name)s, %(location)s, %(manager)s)]
[parameters: [{'store_id': 'STORE1090', 'store_name': 'Oxford Store', 'location': 'East Greenwood', 'manager': 'Jennifer Garcia'}, {'store_id': 'STORE1091', 'store_name': 'Salem Store', 'location': 'East Newport', 'manager': 'George Turner'}, {'store_id': 'STORE1092', 'store_name': 'Chester Store', 'location': 'West Fairview', 'manager': 'Richard Taylor'}, {'store_id': 'STORE1093', 'store_name': 'Manchester Store', 'location': 'East Jackson', 'manager': 'Anthony Lee'}, {'store_id': 'STORE1094', 'store_name': 'Franklin Store', 'location': 'West Washington', 'manager': 'Christopher Garcia'}, {'store_id': 'STORE1095', 'store_name': 'Fairview Store', 'location': 'East Bristol', 'manager': 'Lisa Edwards'}, {'store_id': 'STORE1096', 'store_name': 'Milton Store', 'location': 'West Marion', 'manager': 'Dorothy Parker'}, {'store_id': 'STORE1097', 'store_name': 'Burlington Store', 'location': 'West Richmond', 'manager': 'John Jones'}  ... displaying 10 of 534 total bound parameter sets ...  {'store_id': 'STORE1622', 'store_name': 'Franklin Store', 'location': 'East Arlingtontown', 'manager': 'John Jones'}, {'store_id': 'STORE1623', 'store_name': 'Clayton Store', 'location': 'West Franklin', 'manager': 'Carol Wright'}]]
(Background on this error at: https://sqlalche.me/e/20/gkpj)",2025-08-22 22:40:56.650964
STORE1407,Salem Store,East Greenwood,Sandra Allen,"Database insertion failed: (pymysql.err.IntegrityError) (1062, ""Duplicate entry 'STORE1090' for key 'dimstore.store_id'"")
[SQL: INSERT INTO dimstore (store_id, store_name, location, manager) VALUES (%(store_id)s, %(store_name)s, %(location)s, %(manager)s)]
[parameters: [{'store_id': 'STORE1090', 'store_name': 'Oxford Store', 'location': 'East Greenwood', 'manager': 'Jennifer Garcia'}, {'store_id': 'STORE1091', 'store_name': 'Salem Store', 'location': 'East Newport', 'manager': 'George Turner'}, {'store_id': 'STORE1092', 'store_name': 'Chester Store', 'location': 'West Fairview', 'manager': 'Richard Taylor'}, {'store_id': 'STORE1093', 'store_name': 'Manchester Store', 'location': 'East Jackson', 'manager': 'Anthony Lee'}, {'store_id': 'STORE1094', 'store_name': 'Franklin Store', 'location': 'West Washington', 'manager': 'Christopher Garcia'}, {'store_id': 'STORE1095', 'store_name': 'Fairview Store', 'location': 'East Bristol', 'manager': 'Lisa Edwards'}, {'store_id': 'STORE1096', 'store_name': 'Milton Store', 'location': 'West Marion', 'manager': 'Dorothy Parker'}, {'store_id': 'STORE1097', 'store_name': 'Burlington Store', 'location': 'West Richmond', 'manager': 'John Jones'}  ... displaying 10 of 534 total bound parameter sets ...  {'store_id': 'STORE1622', 'store_name': 'Franklin Store', 'location': 'East Arlingtontown', 'manager': 'John Jones'}, {'store_id': 'STORE1623', 'store_name': 'Clayton Store', 'location': 'West Franklin', 'manager': 'Carol Wright'}]]
(Background on this error at: https://sqlalche.me/e/20/gkpj)",2025-08-22 22:40:56.650964
STORE1408,Springfield Store,East Franklin,Donald Young,"Database insertion failed: (pymysql.err.IntegrityError) (1062, ""Duplicate entry 'STORE1090' for key 'dimstore.store_id'"")
[SQL: INSERT INTO dimstore (store_id, store_name, location, manager) VALUES (%(store_id)s, %(store_name)s, %(location)s, %(manager)s)]
[parameters: [{'store_id': 'STORE1090', 'store_name': 'Oxford Store', 'location': 'East Greenwood', 'manager': 'Jennifer Garcia'}, {'store_id': 'STORE1091', 'store_name': 'Salem Store', 'location': 'East Newport', 'manager': 'George Turner'}, {'store_id': 'STORE1092', 'store_name': 'Chester Store', 'location': 'West Fairview', 'manager': 'Richard Taylor'}, {'store_id': 'STORE1093', 'store_name': 'Manchester Store', 'location': 'East Jackson', 'manager': 'Anthony Lee'}, {'store_id': 'STORE1094', 'store_name': 'Franklin Store', 'location': 'West Washington', 'manager': 'Christopher Garcia'}, {'store_id': 'STORE1095', 'store_name': 'Fairview Store', 'location': 'East Bristol', 'manager': 'Lisa Edwards'}, {'store_id': 'STORE1096', 'store_name': 'Milton Store', 'location': 'West Marion', 'manager': 'Dorothy Parker'}, {'store_id': 'STORE1097', 'store_name': 'Burlington Store', 'location': 'West Richmond', 'manager': 'John Jones'}  ... displaying 10 of 534 total bound parameter sets ...  {'store_id': 'STORE1622', 'store_name': 'Franklin Store', 'location': 'East Arlingtontown', 'manager': 'John Jones'}, {'store_id': 'STORE1623', 'store_name': 'Clayton Store', 'location': 'West Franklin', 'manager': 'Carol Wright'}]]
(Background on this error at: https://sqlalche.me/e/20/gkpj)",2025-08-22 22:40:56.650964
STORE1409,Springfield Store,East Clinton,George Turner,"Database insertion failed: (pymysql.err.IntegrityError) (1062, ""Duplicate entry 'STORE1090' for key 'dimstore.store_id'"")
[SQL: INSERT INTO dimstore (store_id, store_name, location, manager) VALUES (%(store_id)s, %(store_name)s, %(location)s, %(manager)s)]
[parameters: [{'store_id': 'STORE1090', 'store_name': 'Oxford Store', 'location': 'East Greenwood', 'manager': 'Jennifer Garcia'}, {'store_id': 'STORE1091', 'store_name': 'Salem Store', 'location': 'East Newport', 'manager': 'George Turner'}, {'store_id': 'STORE1092', 'store_name': 'Chester Store', 'location': 'West Fairview', 'manager': 'Richard Taylor'}, {'store_id': 'STORE1093', 'store_name': 'Manchester Store', 'location': 'East Jackson', 'manager': 'Anthony Lee'}, {'store_id': 'STORE1094', 'store_name': 'Franklin Store', 'location': 'West Washington', 'manager': 'Christopher Garcia'}, {'store_id': 'STORE1095', 'store_name': 'Fairview Store', 'location': 'East Bristol', 'manager': 'Lisa Edwards'}, {'store_id': 'STORE1096', 'store_name': 'Milton Store', 'location': 'West Marion', 'manager': 'Dorothy Parker'}, {'store_id': 'STORE1097', 'store_name': 'Burlington Store', 'location': 'West Richmond', 'manager': 'John Jones'}  ... displaying 10 of 534 total bound parameter sets ...  {'store_id': 'STORE1622', 'store_name': 'Franklin Store', 'location': 'East Arlingtontown', 'manager': 'John Jones'}, {'store_id': 'STORE1623', 'store_name': 'Clayton Store', 'location': 'West Franklin', 'manager': 'Carol Wright'}]]
(Background on this error at: https://sqlalche.me/e/20/gkpj)",2025-08-22 22:40:56.650964
STORE1410,Georgetown Store,West Bristol,Steven King,"Database insertion failed: (pymysql.err.IntegrityError) (1062, ""Duplicate entry 'STORE1090' for key 'dimstore.store_id'"")
[SQL: INSERT INTO dimstore (store_id, store_name, location, manager) VALUES (%(store_id)s, %(store_name)s, %(location)s, %(manager)s)]
[parameters: [{'store_id': 'STORE1090', 'store_name': 'Oxford Store', 'location': 'East Greenwood', 'manager': 'Jennifer Garcia'}, {'store_id': 'STORE1091', 'store_name': 'Salem Store', 'location': 'East Newport', 'manager': 'George Turner'}, {'store_id': 'STORE1092', 'store_name': 'Chester Store', 'location': 'West Fairview', 'manager': 'Richard Taylor'}, {'store_id': 'STORE1093', 'store_name': 'Manchester Store', 'location': 'East Jackson', 'manager': 'Anthony Lee'}, {'store_id': 'STORE1094', 'store_name': 'Franklin Store', 'location': 'West Washington', 'manager': 'Christopher Garcia'}, {'store_id': 'STORE1095', 'store_name': 'Fairview Store', 'location': 'East Bristol', 'manager': 'Lisa Edwards'}, {'store_id': 'STORE1096', 'store_name': 'Milton Store', 'location': 'West Marion', 'manager': 'Dorothy Parker'}, {'store_id': 'STORE1097', 'store_name': 'Burlington Store', 'location': 'West Richmond', 'manager': 'John Jones'}  ... displaying 10 of 534 total bound parameter sets ...  {'store_id': 'STORE1622', 'store_name': 'Franklin Store', 'location': 'East Arlingtontown', 'manager': 'John Jones'}, {'store_id': 'STORE1623', 'store_name': 'Clayton Store', 'location': 'West Franklin', 'manager': 'Carol Wright'}]]
(Background on this error at: https://sqlalche.me/e/20/gkpj)",2025-08-22 22:40:56.650964
STORE1411,Newport Store,East Burlington,Emily Mitchell,"Database insertion failed: (pymysql.err.IntegrityError) (1062, ""Duplicate entry 'STORE1090' for key 'dimstore.store_id'"")
[SQL: INSERT INTO dimstore (store_id, store_name, location, manager) VALUES (%(store_id)s, %(store_name)s, %(location)s, %(manager)s)]
[parameters: [{'store_id': 'STORE1090', 'store_name': 'Oxford Store', 'location': 'East Greenwood', 'manager': 'Jennifer Garcia'}, {'store_id': 'STORE1091', 'store_name': 'Salem Store', 'location': 'East Newport', 'manager': 'George Turner'}, {'store_id': 'STORE1092', 'store_name': 'Chester Store', 'location': 'West Fairview', 'manager': 'Richard Taylor'}, {'store_id': 'STORE1093', 'store_name': 'Manchester Store', 'location': 'East Jackson', 'manager': 'Anthony Lee'}, {'store_id': 'STORE1094', 'store_name': 'Franklin Store', 'location': 'West Washington', 'manager': 'Christopher Garcia'}, {'store_id': 'STORE1095', 'store_name': 'Fairview Store', 'location': 'East Bristol', 'manager': 'Lisa Edwards'}, {'store_id': 'STORE1096', 'store_name': 'Milton Store', 'location': 'West Marion', 'manager': 'Dorothy Parker'}, {'store_id': 'STORE1097', 'store_name': 'Burlington Store', 'location': 'West Richmond', 'manager': 'John Jones'}  ... displaying 10 of 534 total bound parameter sets ...  {'store_id': 'STORE1622', 'store_name': 'Franklin Store', 'location': 'East Arlingtontown', 'manager': 'John Jones'}, {'store_id': 'STORE1623', 'store_name': 'Clayton Store', 'location': 'West Franklin', 'manager': 'Carol Wright'}]]
(Background on this error at: https://sqlalche.me/e/20/gkpj)",2025-08-22 22:40:56.650964
STORE1412,Greenwood Store,East Madison,Dorothy Parker,"Database insertion failed: (pymysql.err.IntegrityError) (1062, ""Duplicate entry 'STORE1090' for key 'dimstore.store_id'"")
[SQL: INSERT INTO dimstore (store_id, store_name, location, manager) VALUES (%(store_id)s, %(store_name)s, %(location)s, %(manager)s)]
[parameters: [{'store_id': 'STORE1090', 'store_name': 'Oxford Store', 'location': 'East Greenwood', 'manager': 'Jennifer Garcia'}, {'store_id': 'STORE1091', 'store_name': 'Salem Store', 'location': 'East Newport', 'manager': 'George Turner'}, {'store_id': 'STORE1092', 'store_name': 'Chester Store', 'location': 'West Fairview', 'manager': 'Richard Taylor'}, {'store_id': 'STORE1093', 'store_name': 'Manchester Store', 'location': 'East Jackson', 'manager': 'Anthony Lee'}, {'store_id': 'STORE1094', 'store_name': 'Franklin Store', 'location': 'West Washington', 'manager': 'Christopher Garcia'}, {'store_id': 'STORE1095', 'store_name': 'Fairview Store', 'location': 'East Bristol', 'manager': 'Lisa Edwards'}, {'store_id': 'STORE1096', 'store_name': 'Milton Store', 'location': 'West Marion', 'manager': 'Dorothy Parker'}, {'store_id': 'STORE1097', 'store_name': 'Burlington Store', 'location': 'West Richmond', 'manager': 'John Jones'}  ... displaying 10 of 534 total bound parameter sets ...  {'store_id': 'STORE1622', 'store_name': 'Franklin Store', 'location': 'East Arlingtontown', 'manager': 'John Jones'}, {'store_id': 'STORE1623', 'store_name': 'Clayton Store', 'location': 'West Franklin', 'manager': 'Carol Wright'}]]
(Background on this error at: https://sqlalche.me/e/20/gkpj)",2025-08-22 22:40:56.650964
STORE1413,Clinton Store,East Clinton,Susan Thomas,"Database insertion failed: (pymysql.err.IntegrityError) (1062, ""Duplicate entry 'STORE1090' for key 'dimstore.store_id'"")
[SQL: INSERT INTO dimstore (store_id, store_name, location, manager) VALUES (%(store_id)s, %(store_name)s, %(location)s, %(manager)s)]
[parameters: [{'store_id': 'STORE1090', 'store_name': 'Oxford Store', 'location': 'East Greenwood', 'manager': 'Jennifer Garcia'}, {'store_id': 'STORE1091', 'store_name': 'Salem Store', 'location': 'East Newport', 'manager': 'George Turner'}, {'store_id': 'STORE1092', 'store_name': 'Chester Store', 'location': 'West Fairview', 'manager': 'Richard Taylor'}, {'store_id': 'STORE1093', 'store_name': 'Manchester Store', 'location': 'East Jackson', 'manager': 'Anthony Lee'}, {'store_id': 'STORE1094', 'store_name': 'Franklin Store', 'location': 'West Washington', 'manager': 'Christopher Garcia'}, {'store_id': 'STORE1095', 'store_name': 'Fairview Store', 'location': 'East Bristol', 'manager': 'Lisa Edwards'}, {'store_id': 'STORE1096', 'store_name': 'Milton Store', 'location': 'West Marion', 'manager': 'Dorothy Parker'}, {'store_id': 'STORE1097', 'store_name': 'Burlington Store', 'location': 'West Richmond', 'manager': 'John Jones'}  ... displaying 10 of 534 total bound parameter sets ...  {'store_id': 'STORE1622', 'store_name': 'Franklin Store', 'location': 'East Arlingtontown', 'manager': 'John Jones'}, {'store_id': 'STORE1623', 'store_name': 'Clayton Store', 'location': 'West Franklin', 'manager': 'Carol Wright'}]]
(Background on this error at: https://sqlalche.me/e/20/gkpj)",2025-08-22 22:40:56.650964
STORE1414,Lancaster Store,West Kingstontown,Michelle Baker,"Database insertion failed: (pymysql.err.IntegrityError) (1062, ""Duplicate entry 'STORE1090' for key 'dimstore.store_id'"")
[SQL: INSERT INTO dimstore (store_id, store_name, location, manager) VALUES (%(store_id)s, %(store_name)s, %(location)s, %(manager)s)]
[parameters: [{'store_id': 'STORE1090', 'store_name': 'Oxford Store', 'location': 'East Greenwood', 'manager': 'Jennifer Garcia'}, {'store_id': 'STORE1091', 'store_name': 'Salem Store', 'location': 'East Newport', 'manager': 'George Turner'}, {'store_id': 'STORE1092', 'store_name': 'Chester Store', 'location': 'West Fairview', 'manager': 'Richard Taylor'}, {'store_id': 'STORE1093', 'store_name': 'Manchester Store', 'location': 'East Jackson', 'manager': 'Anthony Lee'}, {'store_id': 'STORE1094', 'store_name': 'Franklin Store', 'location': 'West Washington', 'manager': 'Christopher Garcia'}, {'store_id': 'STORE1095', 'store_name': 'Fairview Store', 'location': 'East Bristol', 'manager': 'Lisa Edwards'}, {'store_id': 'STORE1096', 'store_name': 'Milton Store', 'location': 'West Marion', 'manager': 'Dorothy Parker'}, {'store_id': 'STORE1097', 'store_name': 'Burlington Store', 'location': 'West Richmond', 'manager': 'John Jones'}  ... displaying 10 of 534 total bound parameter sets ...  {'store_id': 'STORE1622', 'store_name': 'Franklin Store', 'location': 'East Arlingtontown', 'manager': 'John Jones'}, {'store_id': 'STORE1623', 'store_name': 'Clayton Store', 'location': 'West Franklin', 'manager': 'Carol Wright'}]]
(Background on this error at: https://sqlalche.me/e/20/gkpj)",2025-08-22 22:40:56.650964
STORE1415,Marion Store,East Washingtontown,Barbara Anderson,"Database insertion failed: (pymysql.err.IntegrityError) (1062, ""Duplicate entry 'STORE1090' for key 'dimstore.store_id'"")
[SQL: INSERT INTO dimstore (store_id, store_name, location, manager) VALUES (%(store_id)s, %(store_name)s, %(location)s, %(manager)s)]
[parameters: [{'store_id': 'STORE1090', 'store_name': 'Oxford Store', 'location': 'East Greenwood', 'manager': 'Jennifer Garcia'}, {'store_id': 'STORE1091', 'store_name': 'Salem Store', 'location': 'East Newport', 'manager': 'George Turner'}, {'store_id': 'STORE1092', 'store_name': 'Chester Store', 'location': 'West Fairview', 'manager': 'Richard Taylor'}, {'store_id': 'STORE1093', 'store_name': 'Manchester Store', 'location': 'East Jackson', 'manager': 'Anthony Lee'}, {'store_id': 'STORE1094', 'store_name': 'Franklin Store', 'location': 'West Washington', 'manager': 'Christopher Garcia'}, {'store_id': 'STORE1095', 'store_name': 'Fairview Store', 'location': 'East Bristol', 'manager': 'Lisa Edwards'}, {'store_id': 'STORE1096', 'store_name': 'Milton Store', 'location': 'West Marion', 'manager': 'Dorothy Parker'}, {'store_id': 'STORE1097', 'store_name': 'Burlington Store', 'location': 'West Richmond', 'manager': 'John Jones'}  ... displaying 10 of 534 total bound parameter sets ...  {'store_id': 'STORE1622', 'store_name': 'Franklin Store', 'location': 'East Arlingtontown', 'manager': 'John Jones'}, {'store_id': 'STORE1623', 'store_name': 'Clayton Store', 'location': 'West Franklin', 'manager': 'Carol Wright'}]]
(Background on this error at: https://sqlalche.me/e/20/gkpj)",2025-08-22 22:40:56.650964
STORE1416,Kingston Store,West Ashland,Brian Perez,"Database insertion failed: (pymysql.err.IntegrityError) (1062, ""Duplicate entry 'STORE1090' for key 'dimstore.store_id'"")
[SQL: INSERT INTO dimstore (store_id, store_name, location, manager) VALUES (%(store_id)s, %(store_name)s, %(location)s, %(manager)s)]
[parameters: [{'store_id': 'STORE1090', 'store_name': 'Oxford Store', 'location': 'East Greenwood', 'manager': 'Jennifer Garcia'}, {'store_id': 'STORE1091', 'store_name': 'Salem Store', 'location': 'East Newport', 'manager': 'George Turner'}, {'store_id': 'STORE1092', 'store_name': 'Chester Store', 'location': 'West Fairview', 'manager': 'Richard Taylor'}, {'store_id': 'STORE1093', 'store_name': 'Manchester Store', 'location': 'East Jackson', 'manager': 'Anthony Lee'}, {'store_id': 'STORE1094', 'store_name': 'Franklin Store', 'location': 'West Washington', 'manager': 'Christopher Garcia'}, {'store_id': 'STORE1095', 'store_name': 'Fairview Store', 'location': 'East Bristol', 'manager': 'Lisa Edwards'}, {'store_id': 'STORE1096', 'store_name': 'Milton Store', 'location': 'West Marion', 'manager': 'Dorothy Parker'}, {'store_id': 'STORE1097', 'store_name': 'Burlington Store', 'location': 'West Richmond', 'manager': 'John Jones'}  ... displaying 10 of 534 total bound parameter sets ...  {'store_id': 'STORE1622', 'store_name': 'Franklin Store', 'location': 'East Arlingtontown', 'manager': 'John Jones'}, {'store_id': 'STORE1623', 'store_name': 'Clayton Store', 'location': 'West Franklin', 'manager': 'Carol Wright'}]]
(Background on this error at: https://sqlalche.me/e/20/gkpj)",2025-08-22 22:40:56.650964
STORE1417,Marion Store,West Burlington,Michael Miller,"Database insertion failed: (pymysql.err.IntegrityError) (1062, ""Duplicate entry 'STORE1090' for key 'dimstore.store_id'"")
[SQL: INSERT INTO dimstore (store_id, store_name, location, manager) VALUES (%(store_id)s, %(store_name)s, %(location)s, %(manager)s)]
[parameters: [{'store_id': 'STORE1090', 'store_name': 'Oxford Store', 'location': 'East Greenwood', 'manager': 'Jennifer Garcia'}, {'store_id': 'STORE1091', 'store_name': 'Salem Store', 'location': 'East Newport', 'manager': 'George Turner'}, {'store_id': 'STORE1092', 'store_name': 'Chester Store', 'location': 'West Fairview', 'manager': 'Richard Taylor'}, {'store_id': 'STORE1093', 'store_name': 'Manchester Store', 'location': 'East Jackson', 'manager': 'Anthony Lee'}, {'store_id': 'STORE1094', 'store_name': 'Franklin Store', 'location': 'West Washington', 'manager': 'Christopher Garcia'}, {'store_id': 'STORE1095', 'store_name': 'Fairview Store', 'location': 'East Bristol', 'manager': 'Lisa Edwards'}, {'store_id': 'STORE1096', 'store_name': 'Milton Store', 'location': 'West Marion', 'manager': 'Dorothy Parker'}, {'store_id': 'STORE1097', 'store_name': 'Burlington Store', 'location': 'West Richmond', 'manager': 'John Jones'}  ... displaying 10 of 534 total bound parameter sets ...  {'store_id': 'STORE1622', 'store_name': 'Franklin Store', 'location': 'East Arlingtontown', 'manager': 'John Jones'}, {'store_id': 'STORE1623', 'store_name': 'Clayton Store', 'location': 'West Franklin', 'manager': 'Carol Wright'}]]
(Background on this error at: https://sqlalche.me/e/20/gkpj)",2025-08-22 22:40:56.650964
STORE1418,Manchester Store,West Clintontown,Helen Walker,"Database insertion failed: (pymysql.err.IntegrityError) (1062, ""Duplicate entry 'STORE1090' for key 'dimstore.store_id'"")
[SQL: INSERT INTO dimstore (store_id, store_name, location, manager) VALUES (%(store_id)s, %(store_name)s, %(location)s, %(manager)s)]
[parameters: [{'store_id': 'STORE1090', 'store_name': 'Oxford Store', 'location': 'East Greenwood', 'manager': 'Jennifer Garcia'}, {'store_id': 'STORE1091', 'store_name': 'Salem Store', 'location': 'East Newport', 'manager': 'George Turner'}, {'store_id': 'STORE1092', 'store_name': 'Chester Store', 'location': 'West Fairview', 'manager': 'Richard Taylor'}, {'store_id': 'STORE1093', 'store_name': 'Manchester Store', 'location': 'East Jackson', 'manager': 'Anthony Lee'}, {'store_id': 'STORE1094', 'store_name': 'Franklin Store', 'location': 'West Washington', 'manager': 'Christopher Garcia'}, {'store_id': 'STORE1095', 'store_name': 'Fairview Store', 'location': 'East Bristol', 'manager': 'Lisa Edwards'}, {'store_id': 'STORE1096', 'store_name': 'Milton Store', 'location': 'West Marion', 'manager': 'Dorothy Parker'}, {'store_id': 'STORE1097', 'store_name': 'Burlington Store', 'location': 'West Richmond', 'manager': 'John Jones'}  ... displaying 10 of 534 total bound parameter sets ...  {'store_id': 'STORE1622', 'store_name': 'Franklin Store', 'location': 'East Arlingtontown', 'manager': 'John Jones'}, {'store_id': 'STORE1623', 'store_name': 'Clayton Store', 'location': 'West Franklin', 'manager': 'Carol Wright'}]]
(Background on this error at: https://sqlalche.me/e/20/gkpj)",2025-08-22 22:40:56.650964
STORE1419,Burlington Store,East Franklin,Joseph Jackson,"Database insertion failed: (pymysql.err.IntegrityError) (1062, ""Duplicate entry 'STORE1090' for key 'dimstore.store_id'"")
[SQL: INSERT INTO dimstore (store_id, store_name, location, manager) VALUES (%(store_id)s, %(store_name)s, %(location)s, %(manager)s)]
[parameters: [{'store_id': 'STORE1090', 'store_name': 'Oxford Store', 'location': 'East Greenwood', 'manager': 'Jennifer Garcia'}, {'store_id': 'STORE1091', 'store_name': 'Salem Store', 'location': 'East Newport', 'manager': 'George Turner'}, {'store_id': 'STORE1092', 'store_name': 'Chester Store', 'location': 'West Fairview', 'manager': 'Richard Taylor'}, {'store_id': 'STORE1093', 'store_name': 'Manchester Store', 'location': 'East Jackson', 'manager': 'Anthony Lee'}, {'store_id': 'STORE1094', 'store_name': 'Franklin Store', 'location': 'West Washington', 'manager': 'Christopher Garcia'}, {'store_id': 'STORE1095', 'store_name': 'Fairview Store', 'location': 'East Bristol', 'manager': 'Lisa Edwards'}, {'store_id': 'STORE1096', 'store_name': 'Milton Store', 'location': 'West Marion', 'manager': 'Dorothy Parker'}, {'store_id': 'STORE1097', 'store_name': 'Burlington Store', 'location': 'West Richmond', 'manager': 'John Jones'}  ... displaying 10 of 534 total bound parameter sets ...  {'store_id': 'STORE1622', 'store_name': 'Franklin Store', 'location': 'East Arlingtontown', 'manager': 'John Jones'}, {'store_id': 'STORE1623', 'store_name': 'Clayton Store', 'location': 'West Franklin', 'manager': 'Carol Wright'}]]
(Background on this error at: https://sqlalche.me/e/20/gkpj)",2025-08-22 22:40:56.650964
STORE1420,Manchester Store,East Wayne,Jennifer Garcia,"Database insertion failed: (pymysql.err.IntegrityError) (1062, ""Duplicate entry 'STORE1090' for key 'dimstore.store_id'"")
[SQL: INSERT INTO dimstore (store_id, store_name, location, manager) VALUES (%(store_id)s, %(store_name)s, %(location)s, %(manager)s)]
[parameters: [{'store_id': 'STORE1090', 'store_name': 'Oxford Store', 'location': 'East Greenwood', 'manager': 'Jennifer Garcia'}, {'store_id': 'STORE1091', 'store_name': 'Salem Store', 'location': 'East Newport', 'manager': 'George Turner'}, {'store_id': 'STORE1092', 'store_name': 'Chester Store', 'location': 'West Fairview', 'manager': 'Richard Taylor'}, {'store_id': 'STORE1093', 'store_name': 'Manchester Store', 'location': 'East Jackson', 'manager': 'Anthony Lee'}, {'store_id': 'STORE1094', 'store_name': 'Franklin Store', 'location': 'West Washington', 'manager': 'Christopher Garcia'}, {'store_id': 'STORE1095', 'store_name': 'Fairview Store', 'location': 'East Bristol', 'manager': 'Lisa Edwards'}, {'store_id': 'STORE1096', 'store_name': 'Milton Store', 'location': 'West Marion', 'manager': 'Dorothy Parker'}, {'store_id': 'STORE1097', 'store_name': 'Burlington Store', 'location': 'West Richmond', 'manager': 'John Jones'}  ... displaying 10 of 534 total bound parameter sets ...  {'store_id': 'STORE1622', 'store_name': 'Franklin Store', 'location': 'East Arlingtontown', 'manager': 'John Jones'}, {'store_id': 'STORE1623', 'store_name': 'Clayton Store', 'location': 'West Franklin', 'manager': 'Carol Wright'}]]
(Background on this error at: https://sqlalche.me/e/20/gkpj)",2025-08-22 22:40:56.650964
STORE1421,Georgetown Store,West Madison,Carol Wright,"Database insertion failed: (pymysql.err.IntegrityError) (1062, ""Duplicate entry 'STORE1090' for key 'dimstore.store_id'"")
[SQL: INSERT INTO dimstore (store_id, store_name, location, manager) VALUES (%(store_id)s, %(store_name)s, %(location)s, %(manager)s)]
[parameters: [{'store_id': 'STORE1090', 'store_name': 'Oxford Store', 'location': 'East Greenwood', 'manager': 'Jennifer Garcia'}, {'store_id': 'STORE1091', 'store_name': 'Salem Store', 'location': 'East Newport', 'manager': 'George Turner'}, {'store_id': 'STORE1092', 'store_name': 'Chester Store', 'location': 'West Fairview', 'manager': 'Richard Taylor'}, {'store_id': 'STORE1093', 'store_name': 'Manchester Store', 'location': 'East Jackson', 'manager': 'Anthony Lee'}, {'store_id': 'STORE1094', 'store_name': 'Franklin Store', 'location': 'West Washington', 'manager': 'Christopher Garcia'}, {'store_id': 'STORE1095', 'store_name': 'Fairview Store', 'location': 'East Bristol', 'manager': 'Lisa Edwards'}, {'store_id': 'STORE1096', 'store_name': 'Milton Store', 'location': 'West Marion', 'manager': 'Dorothy Parker'}, {'store_id': 'STORE1097', 'store_name': 'Burlington Store', 'location': 'West Richmond', 'manager': 'John Jones'}  ... displaying 10 of 534 total bound parameter sets ...  {'store_id': 'STORE1622', 'store_name': 'Franklin Store', 'location': 'East Arlingtontown', 'manager': 'John Jones'}, {'store_id': 'STORE1623', 'store_name': 'Clayton Store', 'location': 'West Franklin', 'manager': 'Carol Wright'}]]
(Background on this error at: https://sqlalche.me/e/20/gkpj)",2025-08-22 22:40:56.650964
STORE1422,Fairview Store,West Manchestertown,Kimberly Roberts,"Database insertion failed: (pymysql.err.IntegrityError) (1062, ""Duplicate entry 'STORE1090' for key 'dimstore.store_id'"")
[SQL: INSERT INTO dimstore (store_id, store_name, location, manager) VALUES (%(store_id)s, %(store_name)s, %(location)s, %(manager)s)]
[parameters: [{'store_id': 'STORE1090', 'store_name': 'Oxford Store', 'location': 'East Greenwood', 'manager': 'Jennifer Garcia'}, {'store_id': 'STORE1091', 'store_name': 'Salem Store', 'location': 'East Newport', 'manager': 'George Turner'}, {'store_id': 'STORE1092', 'store_name': 'Chester Store', 'location': 'West Fairview', 'manager': 'Richard Taylor'}, {'store_id': 'STORE1093', 'store_name': 'Manchester Store', 'location': 'East Jackson', 'manager': 'Anthony Lee'}, {'store_id': 'STORE1094', 'store_name': 'Franklin Store', 'location': 'West Washington', 'manager': 'Christopher Garcia'}, {'store_id': 'STORE1095', 'store_name': 'Fairview Store', 'location': 'East Bristol', 'manager': 'Lisa Edwards'}, {'store_id': 'STORE1096', 'store_name': 'Milton Store', 'location': 'West Marion', 'manager': 'Dorothy Parker'}, {'store_id': 'STORE1097', 'store_name': 'Burlington Store', 'location': 'West Richmond', 'manager': 'John Jones'}  ... displaying 10 of 534 total bound parameter sets ...  {'store_id': 'STORE1622', 'store_name': 'Franklin Store', 'location': 'East Arlingtontown', 'manager': 'John Jones'}, {'store_id': 'STORE1623', 'store_name': 'Clayton Store', 'location': 'West Franklin', 'manager': 'Carol Wright'}]]
(Background on this error at: https://sqlalche.me/e/20/gkpj)",2025-08-22 22:40:56.650964
STORE1423,Franklin Store,East Ashland,Dorothy Parker,"Database insertion failed: (pymysql.err.IntegrityError) (1062, ""Duplicate entry 'STORE1090' for key 'dimstore.store_id'"")
[SQL: INSERT INTO dimstore (store_id, store_name, location, manager) VALUES (%(store_id)s, %(store_name)s, %(location)s, %(manager)s)]
[parameters: [{'store_id': 'STORE1090', 'store_name': 'Oxford Store', 'location': 'East Greenwood', 'manager': 'Jennifer Garcia'}, {'store_id': 'STORE1091', 'store_name': 'Salem Store', 'location': 'East Newport', 'manager': 'George Turner'}, {'store_id': 'STORE1092', 'store_name': 'Chester Store', 'location': 'West Fairview', 'manager': 'Richard Taylor'}, {'store_id': 'STORE1093', 'store_name': 'Manchester Store', 'location': 'East Jackson', 'manager': 'Anthony Lee'}, {'store_id': 'STORE1094', 'store_name': 'Franklin Store', 'location': 'West Washington', 'manager': 'Christopher Garcia'}, {'store_id': 'STORE1095', 'store_name': 'Fairview Store', 'location': 'East Bristol', 'manager': 'Lisa Edwards'}, {'store_id': 'STORE1096', 'store_name': 'Milton Store', 'location': 'West Marion', 'manager': 'Dorothy Parker'}, {'store_id': 'STORE1097', 'store_name': 'Burlington Store', 'location': 'West Richmond', 'manager': 'John Jones'}  ... displaying 10 of 534 total bound parameter sets ...  {'store_id': 'STORE1622', 'store_name': 'Franklin Store', 'location': 'East Arlingtontown', 'manager': 'John Jones'}, {'store_id': 'STORE1623', 'store_name': 'Clayton Store', 'location': 'West Franklin', 'manager': 'Carol Wright'}]]
(Background on this error at: https://sqlalche.me/e/20/gkpj)",2025-08-22 22:40:56.650964
STORE1424,Dover Store,East Troytown,Mark Hall,"Database insertion failed: (pymysql.err.IntegrityError) (1062, ""Duplicate entry 'STORE1090' for key 'dimstore.store_id'"")
[SQL: INSERT INTO dimstore (store_id, store_name, location, manager) VALUES (%(store_id)s, %(store_name)s, %(location)s, %(manager)s)]
[parameters: [{'store_id': 'STORE1090', 'store_name': 'Oxford Store', 'location': 'East Greenwood', 'manager': 'Jennifer Garcia'}, {'store_id': 'STORE1091', 'store_name': 'Salem Store', 'location': 'East Newport', 'manager': 'George Turner'}, {'store_id': 'STORE1092', 'store_name': 'Chester Store', 'location': 'West Fairview', 'manager': 'Richard Taylor'}, {'store_id': 'STORE1093', 'store_name': 'Manchester Store', 'location': 'East Jackson', 'manager': 'Anthony Lee'}, {'store_id': 'STORE1094', 'store_name': 'Franklin Store', 'location': 'West Washington', 'manager': 'Christopher Garcia'}, {'store_id': 'STORE1095', 'store_name': 'Fairview Store', 'location': 'East Bristol', 'manager': 'Lisa Edwards'}, {'store_id': 'STORE1096', 'store_name': 'Milton Store', 'location': 'West Marion', 'manager': 'Dorothy Parker'}, {'store_id': 'STORE1097', 'store_name': 'Burlington Store', 'location': 'West Richmond', 'manager': 'John Jones'}  ... displaying 10 of 534 total bound parameter sets ...  {'store_id': 'STORE1622', 'store_name': 'Franklin Store', 'location': 'East Arlingtontown', 'manager': 'John Jones'}, {'store_id': 'STORE1623', 'store_name': 'Clayton Store', 'location': 'West Franklin', 'manager': 'Carol Wright'}]]
(Background on this error at: https://sqlalche.me/e/20/gkpj)",2025-08-22 22:40:56.650964
STORE1425,Madison Store,West Oxford,Michelle Baker,"Database insertion failed: (pymysql.err.IntegrityError) (1062, ""Duplicate entry 'STORE1090' for key 'dimstore.store_id'"")
[SQL: INSERT INTO dimstore (store_id, store_name, location, manager) VALUES (%(store_id)s, %(store_name)s, %(location)s, %(manager)s)]
[parameters: [{'store_id': 'STORE1090', 'store_name': 'Oxford Store', 'location': 'East Greenwood', 'manager': 'Jennifer Garcia'}, {'store_id': 'STORE1091', 'store_name': 'Salem Store', 'location': 'East Newport', 'manager': 'George Turner'}, {'store_id': 'STORE1092', 'store_name': 'Chester Store', 'location': 'West Fairview', 'manager': 'Richard Taylor'}, {'store_id': 'STORE1093', 'store_name': 'Manchester Store', 'location': 'East Jackson', 'manager': 'Anthony Lee'}, {'store_id': 'STORE1094', 'store_name': 'Franklin Store', 'location': 'West Washington', 'manager': 'Christopher Garcia'}, {'store_id': 'STORE1095', 'store_name': 'Fairview Store', 'location': 'East Bristol', 'manager': 'Lisa Edwards'}, {'store_id': 'STORE1096', 'store_name': 'Milton Store', 'location': 'West Marion', 'manager': 'Dorothy Parker'}, {'store_id': 'STORE1097', 'store_name': 'Burlington Store', 'location': 'West Richmond', 'manager': 'John Jones'}  ... displaying 10 of 534 total bound parameter sets ...  {'store_id': 'STORE1622', 'store_name': 'Franklin Store', 'location': 'East Arlingtontown', 'manager': 'John Jones'}, {'store_id': 'STORE1623', 'store_name': 'Clayton Store', 'location': 'West Franklin', 'manager': 'Carol Wright'}]]
(Background on this error at: https://sqlalche.me/e/20/gkpj)",2025-08-22 22:40:56.650964
STORE1426,Burlington Store,East Franklin,Daniel Robinson,"Database insertion failed: (pymysql.err.IntegrityError) (1062, ""Duplicate entry 'STORE1090' for key 'dimstore.store_id'"")
[SQL: INSERT INTO dimstore (store_id, store_name, location, manager) VALUES (%(store_id)s, %(store_name)s, %(location)s, %(manager)s)]
[parameters: [{'store_id': 'STORE1090', 'store_name': 'Oxford Store', 'location': 'East Greenwood', 'manager': 'Jennifer Garcia'}, {'store_id': 'STORE1091', 'store_name': 'Salem Store', 'location': 'East Newport', 'manager': 'George Turner'}, {'store_id': 'STORE1092', 'store_name': 'Chester Store', 'location': 'West Fairview', 'manager': 'Richard Taylor'}, {'store_id': 'STORE1093', 'store_name': 'Manchester Store', 'location': 'East Jackson', 'manager': 'Anthony Lee'}, {'store_id': 'STORE1094', 'store_name': 'Franklin Store', 'location': 'West Washington', 'manager': 'Christopher Garcia'}, {'store_id': 'STORE1095', 'store_name': 'Fairview Store', 'location': 'East Bristol', 'manager': 'Lisa Edwards'}, {'store_id': 'STORE1096', 'store_name': 'Milton Store', 'location': 'West Marion', 'manager': 'Dorothy Parker'}, {'store_id': 'STORE1097', 'store_name': 'Burlington Store', 'location': 'West Richmond', 'manager': 'John Jones'}  ... displaying 10 of 534 total bound parameter sets ...  {'store_id': 'STORE1622', 'store_name': 'Franklin Store', 'location': 'East Arlingtontown', 'manager': 'John Jones'}, {'store_id': 'STORE1623', 'store_name': 'Clayton Store', 'location': 'West Franklin', 'manager': 'Carol Wright'}]]
(Background on this error at: https://sqlalche.me/e/20/gkpj)",2025-08-22 22:40:56.650964
STORE1427,Dover Store,East Marion,Emily Mitchell,"Database insertion failed: (pymysql.err.IntegrityError) (1062, ""Duplicate entry 'STORE1090' for key 'dimstore.store_id'"")
[SQL: INSERT INTO dimstore (store_id, store_name, location, manager) VALUES (%(store_id)s, %(store_name)s, %(location)s, %(manager)s)]
[parameters: [{'store_id': 'STORE1090', 'store_name': 'Oxford Store', 'location': 'East Greenwood', 'manager': 'Jennifer Garcia'}, {'store_id': 'STORE1091', 'store_name': 'Salem Store', 'location': 'East Newport', 'manager': 'George Turner'}, {'store_id': 'STORE1092', 'store_name': 'Chester Store', 'location': 'West Fairview', 'manager': 'Richard Taylor'}, {'store_id': 'STORE1093', 'store_name': 'Manchester Store', 'location': 'East Jackson', 'manager': 'Anthony Lee'}, {'store_id': 'STORE1094', 'store_name': 'Franklin Store', 'location': 'West Washington', 'manager': 'Christopher Garcia'}, {'store_id': 'STORE1095', 'store_name': 'Fairview Store', 'location': 'East Bristol', 'manager': 'Lisa Edwards'}, {'store_id': 'STORE1096', 'store_name': 'Milton Store', 'location': 'West Marion', 'manager': 'Dorothy Parker'}, {'store_id': 'STORE1097', 'store_name': 'Burlington Store', 'location': 'West Richmond', 'manager': 'John Jones'}  ... displaying 10 of 534 total bound parameter sets ...  {'store_id': 'STORE1622', 'store_name': 'Franklin Store', 'location': 'East Arlingtontown', 'manager': 'John Jones'}, {'store_id': 'STORE1623', 'store_name': 'Clayton Store', 'location': 'West Franklin', 'manager': 'Carol Wright'}]]
(Background on this error at: https://sqlalche.me/e/20/gkpj)",2025-08-22 22:40:56.650964
STORE1428,Oxford Store,West Waynetown,Richard Taylor,"Database insertion failed: (pymysql.err.IntegrityError) (1062, ""Duplicate entry 'STORE1090' for key 'dimstore.store_id'"")
[SQL: INSERT INTO dimstore (store_id, store_name, location, manager) VALUES (%(store_id)s, %(store_name)s, %(location)s, %(manager)s)]
[parameters: [{'store_id': 'STORE1090', 'store_name': 'Oxford Store', 'location': 'East Greenwood', 'manager': 'Jennifer Garcia'}, {'store_id': 'STORE1091', 'store_name': 'Salem Store', 'location': 'East Newport', 'manager': 'George Turner'}, {'store_id': 'STORE1092', 'store_name': 'Chester Store', 'location': 'West Fairview', 'manager': 'Richard Taylor'}, {'store_id': 'STORE1093', 'store_name': 'Manchester Store', 'location': 'East Jackson', 'manager': 'Anthony Lee'}, {'store_id': 'STORE1094', 'store_name': 'Franklin Store', 'location': 'West Washington', 'manager': 'Christopher Garcia'}, {'store_id': 'STORE1095', 'store_name': 'Fairview Store', 'location': 'East Bristol', 'manager': 'Lisa Edwards'}, {'store_id': 'STORE1096', 'store_name': 'Milton Store', 'location': 'West Marion', 'manager': 'Dorothy Parker'}, {'store_id': 'STORE1097', 'store_name': 'Burlington Store', 'location': 'West Richmond', 'manager': 'John Jones'}  ... displaying 10 of 534 total bound parameter sets ...  {'store_id': 'STORE1622', 'store_name': 'Franklin Store', 'location': 'East Arlingtontown', 'manager': 'John Jones'}, {'store_id': 'STORE1623', 'store_name': 'Clayton Store', 'location': 'West Franklin', 'manager': 'Carol Wright'}]]
(Background on this error at: https://sqlalche.me/e/20/gkpj)",2025-08-22 22:40:56.650964
STORE1429,Kingston Store,East Ashlandtown,Donna Hernandez,"Database insertion failed: (pymysql.err.IntegrityError) (1062, ""Duplicate entry 'STORE1090' for key 'dimstore.store_id'"")
[SQL: INSERT INTO dimstore (store_id, store_name, location, manager) VALUES (%(store_id)s, %(store_name)s, %(location)s, %(manager)s)]
[parameters: [{'store_id': 'STORE1090', 'store_name': 'Oxford Store', 'location': 'East Greenwood', 'manager': 'Jennifer Garcia'}, {'store_id': 'STORE1091', 'store_name': 'Salem Store', 'location': 'East Newport', 'manager': 'George Turner'}, {'store_id': 'STORE1092', 'store_name': 'Chester Store', 'location': 'West Fairview', 'manager': 'Richard Taylor'}, {'store_id': 'STORE1093', 'store_name': 'Manchester Store', 'location': 'East Jackson', 'manager': 'Anthony Lee'}, {'store_id': 'STORE1094', 'store_name': 'Franklin Store', 'location': 'West Washington', 'manager': 'Christopher Garcia'}, {'store_id': 'STORE1095', 'store_name': 'Fairview Store', 'location': 'East Bristol', 'manager': 'Lisa Edwards'}, {'store_id': 'STORE1096', 'store_name': 'Milton Store', 'location': 'West Marion', 'manager': 'Dorothy Parker'}, {'store_id': 'STORE1097', 'store_name': 'Burlington Store', 'location': 'West Richmond', 'manager': 'John Jones'}  ... displaying 10 of 534 total bound parameter sets ...  {'store_id': 'STORE1622', 'store_name': 'Franklin Store', 'location': 'East Arlingtontown', 'manager': 'John Jones'}, {'store_id': 'STORE1623', 'store_name': 'Clayton Store', 'location': 'West Franklin', 'manager': 'Carol Wright'}]]
(Background on this error at: https://sqlalche.me/e/20/gkpj)",2025-08-22 22:40:56.650964
STORE1430,Richmond Store,West Wayne,Mary Johnson,"Database insertion failed: (pymysql.err.IntegrityError) (1062, ""Duplicate entry 'STORE1090' for key 'dimstore.store_id'"")
[SQL: INSERT INTO dimstore (store_id, store_name, location, manager) VALUES (%(store_id)s, %(store_name)s, %(location)s, %(manager)s)]
[parameters: [{'store_id': 'STORE1090', 'store_name': 'Oxford Store', 'location': 'East Greenwood', 'manager': 'Jennifer Garcia'}, {'store_id': 'STORE1091', 'store_name': 'Salem Store', 'location': 'East Newport', 'manager': 'George Turner'}, {'store_id': 'STORE1092', 'store_name': 'Chester Store', 'location': 'West Fairview', 'manager': 'Richard Taylor'}, {'store_id': 'STORE1093', 'store_name': 'Manchester Store', 'location': 'East Jackson', 'manager': 'Anthony Lee'}, {'store_id': 'STORE1094', 'store_name': 'Franklin Store', 'location': 'West Washington', 'manager': 'Christopher Garcia'}, {'store_id': 'STORE1095', 'store_name': 'Fairview Store', 'location': 'East Bristol', 'manager': 'Lisa Edwards'}, {'store_id': 'STORE1096', 'store_name': 'Milton Store', 'location': 'West Marion', 'manager': 'Dorothy Parker'}, {'store_id': 'STORE1097', 'store_name': 'Burlington Store', 'location': 'West Richmond', 'manager': 'John Jones'}  ... displaying 10 of 534 total bound parameter sets ...  {'store_id': 'STORE1622', 'store_name': 'Franklin Store', 'location': 'East Arlingtontown', 'manager': 'John Jones'}, {'store_id': 'STORE1623', 'store_name': 'Clayton Store', 'location': 'West Franklin', 'manager': 'Carol Wright'}]]
(Background on this error at: https://sqlalche.me/e/20/gkpj)",2025-08-22 22:40:56.650964
STORE1431,Kingston Store,West Wayne,Mary Johnson,"Database insertion failed: (pymysql.err.IntegrityError) (1062, ""Duplicate entry 'STORE1090' for key 'dimstore.store_id'"")
[SQL: INSERT INTO dimstore (store_id, store_name, location, manager) VALUES (%(store_id)s, %(store_name)s, %(location)s, %(manager)s)]
[parameters: [{'store_id': 'STORE1090', 'store_name': 'Oxford Store', 'location': 'East Greenwood', 'manager': 'Jennifer Garcia'}, {'store_id': 'STORE1091', 'store_name': 'Salem Store', 'location': 'East Newport', 'manager': 'George Turner'}, {'store_id': 'STORE1092', 'store_name': 'Chester Store', 'location': 'West Fairview', 'manager': 'Richard Taylor'}, {'store_id': 'STORE1093', 'store_name': 'Manchester Store', 'location': 'East Jackson', 'manager': 'Anthony Lee'}, {'store_id': 'STORE1094', 'store_name': 'Franklin Store', 'location': 'West Washington', 'manager': 'Christopher Garcia'}, {'store_id': 'STORE1095', 'store_name': 'Fairview Store', 'location': 'East Bristol', 'manager': 'Lisa Edwards'}, {'store_id': 'STORE1096', 'store_name': 'Milton Store', 'location': 'West Marion', 'manager': 'Dorothy Parker'}, {'store_id': 'STORE1097', 'store_name': 'Burlington Store', 'location': 'West Richmond', 'manager': 'John Jones'}  ... displaying 10 of 534 total bound parameter sets ...  {'store_id': 'STORE1622', 'store_name': 'Franklin Store', 'location': 'East Arlingtontown', 'manager': 'John Jones'}, {'store_id': 'STORE1623', 'store_name': 'Clayton Store', 'location': 'West Franklin', 'manager': 'Carol Wright'}]]
(Background on this error at: https://sqlalche.me/e/20/gkpj)",2025-08-22 22:40:56.650964
STORE1432,Washington Store,East Marion,Elizabeth Martinez,"Database insertion failed: (pymysql.err.IntegrityError) (1062, ""Duplicate entry 'STORE1090' for key 'dimstore.store_id'"")
[SQL: INSERT INTO dimstore (store_id, store_name, location, manager) VALUES (%(store_id)s, %(store_name)s, %(location)s, %(manager)s)]
[parameters: [{'store_id': 'STORE1090', 'store_name': 'Oxford Store', 'location': 'East Greenwood', 'manager': 'Jennifer Garcia'}, {'store_id': 'STORE1091', 'store_name': 'Salem Store', 'location': 'East Newport', 'manager': 'George Turner'}, {'store_id': 'STORE1092', 'store_name': 'Chester Store', 'location': 'West Fairview', 'manager': 'Richard Taylor'}, {'store_id': 'STORE1093', 'store_name': 'Manchester Store', 'location': 'East Jackson', 'manager': 'Anthony Lee'}, {'store_id': 'STORE1094', 'store_name': 'Franklin Store', 'location': 'West Washington', 'manager': 'Christopher Garcia'}, {'store_id': 'STORE1095', 'store_name': 'Fairview Store', 'location': 'East Bristol', 'manager': 'Lisa Edwards'}, {'store_id': 'STORE1096', 'store_name': 'Milton Store', 'location': 'West Marion', 'manager': 'Dorothy Parker'}, {'store_id': 'STORE1097', 'store_name': 'Burlington Store', 'location': 'West Richmond', 'manager': 'John Jones'}  ... displaying 10 of 534 total bound parameter sets ...  {'store_id': 'STORE1622', 'store_name': 'Franklin Store', 'location': 'East Arlingtontown', 'manager': 'John Jones'}, {'store_id': 'STORE1623', 'store_name': 'Clayton Store', 'location': 'West Franklin', 'manager': 'Carol Wright'}]]
(Background on this error at: https://sqlalche.me/e/20/gkpj)",2025-08-22 22:40:56.650964
STORE1433,Fairview Store,East Manchester,James Smith,"Database insertion failed: (pymysql.err.IntegrityError) (1062, ""Duplicate entry 'STORE1090' for key 'dimstore.store_id'"")
[SQL: INSERT INTO dimstore (store_id, store_name, location, manager) VALUES (%(store_id)s, %(store_name)s, %(location)s, %(manager)s)]
[parameters: [{'store_id': 'STORE1090', 'store_name': 'Oxford Store', 'location': 'East Greenwood', 'manager': 'Jennifer Garcia'}, {'store_id': 'STORE1091', 'store_name': 'Salem Store', 'location': 'East Newport', 'manager': 'George Turner'}, {'store_id': 'STORE1092', 'store_name': 'Chester Store', 'location': 'West Fairview', 'manager': 'Richard Taylor'}, {'store_id': 'STORE1093', 'store_name': 'Manchester Store', 'location': 'East Jackson', 'manager': 'Anthony Lee'}, {'store_id': 'STORE1094', 'store_name': 'Franklin Store', 'location': 'West Washington', 'manager': 'Christopher Garcia'}, {'store_id': 'STORE1095', 'store_name': 'Fairview Store', 'location': 'East Bristol', 'manager': 'Lisa Edwards'}, {'store_id': 'STORE1096', 'store_name': 'Milton Store', 'location': 'West Marion', 'manager': 'Dorothy Parker'}, {'store_id': 'STORE1097', 'store_name': 'Burlington Store', 'location': 'West Richmond', 'manager': 'John Jones'}  ... displaying 10 of 534 total bound parameter sets ...  {'store_id': 'STORE1622', 'store_name': 'Franklin Store', 'location': 'East Arlingtontown', 'manager': 'John Jones'}, {'store_id': 'STORE1623', 'store_name': 'Clayton Store', 'location': 'West Franklin', 'manager': 'Carol Wright'}]]
(Background on this error at: https://sqlalche.me/e/20/gkpj)",2025-08-22 22:40:56.650964
STORE1434,Manchester Store,West Kingstontown,Sandra Allen,"Database insertion failed: (pymysql.err.IntegrityError) (1062, ""Duplicate entry 'STORE1090' for key 'dimstore.store_id'"")
[SQL: INSERT INTO dimstore (store_id, store_name, location, manager) VALUES (%(store_id)s, %(store_name)s, %(location)s, %(manager)s)]
[parameters: [{'store_id': 'STORE1090', 'store_name': 'Oxford Store', 'location': 'East Greenwood', 'manager': 'Jennifer Garcia'}, {'store_id': 'STORE1091', 'store_name': 'Salem Store', 'location': 'East Newport', 'manager': 'George Turner'}, {'store_id': 'STORE1092', 'store_name': 'Chester Store', 'location': 'West Fairview', 'manager': 'Richard Taylor'}, {'store_id': 'STORE1093', 'store_name': 'Manchester Store', 'location': 'East Jackson', 'manager': 'Anthony Lee'}, {'store_id': 'STORE1094', 'store_name': 'Franklin Store', 'location': 'West Washington', 'manager': 'Christopher Garcia'}, {'store_id': 'STORE1095', 'store_name': 'Fairview Store', 'location': 'East Bristol', 'manager': 'Lisa Edwards'}, {'store_id': 'STORE1096', 'store_name': 'Milton Store', 'location': 'West Marion', 'manager': 'Dorothy Parker'}, {'store_id': 'STORE1097', 'store_name': 'Burlington Store', 'location': 'West Richmond', 'manager': 'John Jones'}  ... displaying 10 of 534 total bound parameter sets ...  {'store_id': 'STORE1622', 'store_name': 'Franklin Store', 'location': 'East Arlingtontown', 'manager': 'John Jones'}, {'store_id': 'STORE1623', 'store_name': 'Clayton Store', 'location': 'West Franklin', 'manager': 'Carol Wright'}]]
(Background on this error at: https://sqlalche.me/e/20/gkpj)",2025-08-22 22:40:56.650964
STORE1435,Salem Store,East Burlington,Linda Davis,"Database insertion failed: (pymysql.err.IntegrityError) (1062, ""Duplicate entry 'STORE1090' for key 'dimstore.store_id'"")
[SQL: INSERT INTO dimstore (store_id, store_name, location, manager) VALUES (%(store_id)s, %(store_name)s, %(location)s, %(manager)s)]
[parameters: [{'store_id': 'STORE1090', 'store_name': 'Oxford Store', 'location': 'East Greenwood', 'manager': 'Jennifer Garcia'}, {'store_id': 'STORE1091', 'store_name': 'Salem Store', 'location': 'East Newport', 'manager': 'George Turner'}, {'store_id': 'STORE1092', 'store_name': 'Chester Store', 'location': 'West Fairview', 'manager': 'Richard Taylor'}, {'store_id': 'STORE1093', 'store_name': 'Manchester Store', 'location': 'East Jackson', 'manager': 'Anthony Lee'}, {'store_id': 'STORE1094', 'store_name': 'Franklin Store', 'location': 'West Washington', 'manager': 'Christopher Garcia'}, {'store_id': 'STORE1095', 'store_name': 'Fairview Store', 'location': 'East Bristol', 'manager': 'Lisa Edwards'}, {'store_id': 'STORE1096', 'store_name': 'Milton Store', 'location': 'West Marion', 'manager': 'Dorothy Parker'}, {'store_id': 'STORE1097', 'store_name': 'Burlington Store', 'location': 'West Richmond', 'manager': 'John Jones'}  ... displaying 10 of 534 total bound parameter sets ...  {'store_id': 'STORE1622', 'store_name': 'Franklin Store', 'location': 'East Arlingtontown', 'manager': 'John Jones'}, {'store_id': 'STORE1623', 'store_name': 'Clayton Store', 'location': 'West Franklin', 'manager': 'Carol Wright'}]]
(Background on this error at: https://sqlalche.me/e/20/gkpj)",2025-08-22 22:40:56.650964
STORE1436,Madison Store,West Chester,Mary Johnson,"Database insertion failed: (pymysql.err.IntegrityError) (1062, ""Duplicate entry 'STORE1090' for key 'dimstore.store_id'"")
[SQL: INSERT INTO dimstore (store_id, store_name, location, manager) VALUES (%(store_id)s, %(store_name)s, %(location)s, %(manager)s)]
[parameters: [{'store_id': 'STORE1090', 'store_name': 'Oxford Store', 'location': 'East Greenwood', 'manager': 'Jennifer Garcia'}, {'store_id': 'STORE1091', 'store_name': 'Salem Store', 'location': 'East Newport', 'manager': 'George Turner'}, {'store_id': 'STORE1092', 'store_name': 'Chester Store', 'location': 'West Fairview', 'manager': 'Richard Taylor'}, {'store_id': 'STORE1093', 'store_name': 'Manchester Store', 'location': 'East Jackson', 'manager': 'Anthony Lee'}, {'store_id': 'STORE1094', 'store_name': 'Franklin Store', 'location': 'West Washington', 'manager': 'Christopher Garcia'}, {'store_id': 'STORE1095', 'store_name': 'Fairview Store', 'location': 'East Bristol', 'manager': 'Lisa Edwards'}, {'store_id': 'STORE1096', 'store_name': 'Milton Store', 'location': 'West Marion', 'manager': 'Dorothy Parker'}, {'store_id': 'STORE1097', 'store_name': 'Burlington Store', 'location': 'West Richmond', 'manager': 'John Jones'}  ... displaying 10 of 534 total bound parameter sets ...  {'store_id': 'STORE1622', 'store_name': 'Franklin Store', 'location': 'East Arlingtontown', 'manager': 'John Jones'}, {'store_id': 'STORE1623', 'store_name': 'Clayton Store', 'location': 'West Franklin', 'manager': 'Carol Wright'}]]
(Background on this error at: https://sqlalche.me/e/20/gkpj)",2025-08-22 22:40:56.650964
STORE1437,Jackson Store,West Oxfordtown,Lisa Clark,"Database insertion failed: (pymysql.err.IntegrityError) (1062, ""Duplicate entry 'STORE1090' for key 'dimstore.store_id'"")
[SQL: INSERT INTO dimstore (store_id, store_name, location, manager) VALUES (%(store_id)s, %(store_name)s, %(location)s, %(manager)s)]
[parameters: [{'store_id': 'STORE1090', 'store_name': 'Oxford Store', 'location': 'East Greenwood', 'manager': 'Jennifer Garcia'}, {'store_id': 'STORE1091', 'store_name': 'Salem Store', 'location': 'East Newport', 'manager': 'George Turner'}, {'store_id': 'STORE1092', 'store_name': 'Chester Store', 'location': 'West Fairview', 'manager': 'Richard Taylor'}, {'store_id': 'STORE1093', 'store_name': 'Manchester Store', 'location': 'East Jackson', 'manager': 'Anthony Lee'}, {'store_id': 'STORE1094', 'store_name': 'Franklin Store', 'location': 'West Washington', 'manager': 'Christopher Garcia'}, {'store_id': 'STORE1095', 'store_name': 'Fairview Store', 'location': 'East Bristol', 'manager': 'Lisa Edwards'}, {'store_id': 'STORE1096', 'store_name': 'Milton Store', 'location': 'West Marion', 'manager': 'Dorothy Parker'}, {'store_id': 'STORE1097', 'store_name': 'Burlington Store', 'location': 'West Richmond', 'manager': 'John Jones'}  ... displaying 10 of 534 total bound parameter sets ...  {'store_id': 'STORE1622', 'store_name': 'Franklin Store', 'location': 'East Arlingtontown', 'manager': 'John Jones'}, {'store_id': 'STORE1623', 'store_name': 'Clayton Store', 'location': 'West Franklin', 'manager': 'Carol Wright'}]]
(Background on this error at: https://sqlalche.me/e/20/gkpj)",2025-08-22 22:40:56.650964
STORE1438,Ashland Store,East Auburntown,Emily Mitchell,"Database insertion failed: (pymysql.err.IntegrityError) (1062, ""Duplicate entry 'STORE1090' for key 'dimstore.store_id'"")
[SQL: INSERT INTO dimstore (store_id, store_name, location, manager) VALUES (%(store_id)s, %(store_name)s, %(location)s, %(manager)s)]
[parameters: [{'store_id': 'STORE1090', 'store_name': 'Oxford Store', 'location': 'East Greenwood', 'manager': 'Jennifer Garcia'}, {'store_id': 'STORE1091', 'store_name': 'Salem Store', 'location': 'East Newport', 'manager': 'George Turner'}, {'store_id': 'STORE1092', 'store_name': 'Chester Store', 'location': 'West Fairview', 'manager': 'Richard Taylor'}, {'store_id': 'STORE1093', 'store_name': 'Manchester Store', 'location': 'East Jackson', 'manager': 'Anthony Lee'}, {'store_id': 'STORE1094', 'store_name': 'Franklin Store', 'location': 'West Washington', 'manager': 'Christopher Garcia'}, {'store_id': 'STORE1095', 'store_name': 'Fairview Store', 'location': 'East Bristol', 'manager': 'Lisa Edwards'}, {'store_id': 'STORE1096', 'store_name': 'Milton Store', 'location': 'West Marion', 'manager': 'Dorothy Parker'}, {'store_id': 'STORE1097', 'store_name': 'Burlington Store', 'location': 'West Richmond', 'manager': 'John Jones'}  ... displaying 10 of 534 total bound parameter sets ...  {'store_id': 'STORE1622', 'store_name': 'Franklin Store', 'location': 'East Arlingtontown', 'manager': 'John Jones'}, {'store_id': 'STORE1623', 'store_name': 'Clayton Store', 'location': 'West Franklin', 'manager': 'Carol Wright'}]]
(Background on this error at: https://sqlalche.me/e/20/gkpj)",2025-08-22 22:40:56.650964
STORE1439,Greenwood Store,East Troytown,Andrew Scott,"Database insertion failed: (pymysql.err.IntegrityError) (1062, ""Duplicate entry 'STORE1090' for key 'dimstore.store_id'"")
[SQL: INSERT INTO dimstore (store_id, store_name, location, manager) VALUES (%(store_id)s, %(store_name)s, %(location)s, %(manager)s)]
[parameters: [{'store_id': 'STORE1090', 'store_name': 'Oxford Store', 'location': 'East Greenwood', 'manager': 'Jennifer Garcia'}, {'store_id': 'STORE1091', 'store_name': 'Salem Store', 'location': 'East Newport', 'manager': 'George Turner'}, {'store_id': 'STORE1092', 'store_name': 'Chester Store', 'location': 'West Fairview', 'manager': 'Richard Taylor'}, {'store_id': 'STORE1093', 'store_name': 'Manchester Store', 'location': 'East Jackson', 'manager': 'Anthony Lee'}, {'store_id': 'STORE1094', 'store_name': 'Franklin Store', 'location': 'West Washington', 'manager': 'Christopher Garcia'}, {'store_id': 'STORE1095', 'store_name': 'Fairview Store', 'location': 'East Bristol', 'manager': 'Lisa Edwards'}, {'store_id': 'STORE1096', 'store_name': 'Milton Store', 'location': 'West Marion', 'manager': 'Dorothy Parker'}, {'store_id': 'STORE1097', 'store_name': 'Burlington Store', 'location': 'West Richmond', 'manager': 'John Jones'}  ... displaying 10 of 534 total bound parameter sets ...  {'store_id': 'STORE1622', 'store_name': 'Franklin Store', 'location': 'East Arlingtontown', 'manager': 'John Jones'}, {'store_id': 'STORE1623', 'store_name': 'Clayton Store', 'location': 'West Franklin', 'manager': 'Carol Wright'}]]
(Background on this error at: https://sqlalche.me/e/20/gkpj)",2025-08-22 22:40:56.650964
STORE1440,Marion Store,West Fairviewtown,Daniel Robinson,"Database insertion failed: (pymysql.err.IntegrityError) (1062, ""Duplicate entry 'STORE1090' for key 'dimstore.store_id'"")
[SQL: INSERT INTO dimstore (store_id, store_name, location, manager) VALUES (%(store_id)s, %(store_name)s, %(location)s, %(manager)s)]
[parameters: [{'store_id': 'STORE1090', 'store_name': 'Oxford Store', 'location': 'East Greenwood', 'manager': 'Jennifer Garcia'}, {'store_id': 'STORE1091', 'store_name': 'Salem Store', 'location': 'East Newport', 'manager': 'George Turner'}, {'store_id': 'STORE1092', 'store_name': 'Chester Store', 'location': 'West Fairview', 'manager': 'Richard Taylor'}, {'store_id': 'STORE1093', 'store_name': 'Manchester Store', 'location': 'East Jackson', 'manager': 'Anthony Lee'}, {'store_id': 'STORE1094', 'store_name': 'Franklin Store', 'location': 'West Washington', 'manager': 'Christopher Garcia'}, {'store_id': 'STORE1095', 'store_name': 'Fairview Store', 'location': 'East Bristol', 'manager': 'Lisa Edwards'}, {'store_id': 'STORE1096', 'store_name': 'Milton Store', 'location': 'West Marion', 'manager': 'Dorothy Parker'}, {'store_id': 'STORE1097', 'store_name': 'Burlington Store', 'location': 'West Richmond', 'manager': 'John Jones'}  ... displaying 10 of 534 total bound parameter sets ...  {'store_id': 'STORE1622', 'store_name': 'Franklin Store', 'location': 'East Arlingtontown', 'manager': 'John Jones'}, {'store_id': 'STORE1623', 'store_name': 'Clayton Store', 'location': 'West Franklin', 'manager': 'Carol Wright'}]]
(Background on this error at: https://sqlalche.me/e/20/gkpj)",2025-08-22 22:40:56.650964
STORE1441,Washington Store,West Troy,James Smith,"Database insertion failed: (pymysql.err.IntegrityError) (1062, ""Duplicate entry 'STORE1090' for key 'dimstore.store_id'"")
[SQL: INSERT INTO dimstore (store_id, store_name, location, manager) VALUES (%(store_id)s, %(store_name)s, %(location)s, %(manager)s)]
[parameters: [{'store_id': 'STORE1090', 'store_name': 'Oxford Store', 'location': 'East Greenwood', 'manager': 'Jennifer Garcia'}, {'store_id': 'STORE1091', 'store_name': 'Salem Store', 'location': 'East Newport', 'manager': 'George Turner'}, {'store_id': 'STORE1092', 'store_name': 'Chester Store', 'location': 'West Fairview', 'manager': 'Richard Taylor'}, {'store_id': 'STORE1093', 'store_name': 'Manchester Store', 'location': 'East Jackson', 'manager': 'Anthony Lee'}, {'store_id': 'STORE1094', 'store_name': 'Franklin Store', 'location': 'West Washington', 'manager': 'Christopher Garcia'}, {'store_id': 'STORE1095', 'store_name': 'Fairview Store', 'location': 'East Bristol', 'manager': 'Lisa Edwards'}, {'store_id': 'STORE1096', 'store_name': 'Milton Store', 'location': 'West Marion', 'manager': 'Dorothy Parker'}, {'store_id': 'STORE1097', 'store_name': 'Burlington Store', 'location': 'West Richmond', 'manager': 'John Jones'}  ... displaying 10 of 534 total bound parameter sets ...  {'store_id': 'STORE1622', 'store_name': 'Franklin Store', 'location': 'East Arlingtontown', 'manager': 'John Jones'}, {'store_id': 'STORE1623', 'store_name': 'Clayton Store', 'location': 'West Franklin', 'manager': 'Carol Wright'}]]
(Background on this error at: https://sqlalche.me/e/20/gkpj)",2025-08-22 22:40:56.650964
STORE1442,Madison Store,East Troy,Betty Lewis,"Database insertion failed: (pymysql.err.IntegrityError) (1062, ""Duplicate entry 'STORE1090' for key 'dimstore.store_id'"")
[SQL: INSERT INTO dimstore (store_id, store_name, location, manager) VALUES (%(store_id)s, %(store_name)s, %(location)s, %(manager)s)]
[parameters: [{'store_id': 'STORE1090', 'store_name': 'Oxford Store', 'location': 'East Greenwood', 'manager': 'Jennifer Garcia'}, {'store_id': 'STORE1091', 'store_name': 'Salem Store', 'location': 'East Newport', 'manager': 'George Turner'}, {'store_id': 'STORE1092', 'store_name': 'Chester Store', 'location': 'West Fairview', 'manager': 'Richard Taylor'}, {'store_id': 'STORE1093', 'store_name': 'Manchester Store', 'location': 'East Jackson', 'manager': 'Anthony Lee'}, {'store_id': 'STORE1094', 'store_name': 'Franklin Store', 'location': 'West Washington', 'manager': 'Christopher Garcia'}, {'store_id': 'STORE1095', 'store_name': 'Fairview Store', 'location': 'East Bristol', 'manager': 'Lisa Edwards'}, {'store_id': 'STORE1096', 'store_name': 'Milton Store', 'location': 'West Marion', 'manager': 'Dorothy Parker'}, {'store_id': 'STORE1097', 'store_name': 'Burlington Store', 'location': 'West Richmond', 'manager': 'John Jones'}  ... displaying 10 of 534 total bound parameter sets ...  {'store_id': 'STORE1622', 'store_name': 'Franklin Store', 'location': 'East Arlingtontown', 'manager': 'John Jones'}, {'store_id': 'STORE1623', 'store_name': 'Clayton Store', 'location': 'West Franklin', 'manager': 'Carol Wright'}]]
(Background on this error at: https://sqlalche.me/e/20/gkpj)",2025-08-22 22:40:56.650964
STORE1443,Kingston Store,East Milton,Brian Perez,"Database insertion failed: (pymysql.err.IntegrityError) (1062, ""Duplicate entry 'STORE1090' for key 'dimstore.store_id'"")
[SQL: INSERT INTO dimstore (store_id, store_name, location, manager) VALUES (%(store_id)s, %(store_name)s, %(location)s, %(manager)s)]
[parameters: [{'store_id': 'STORE1090', 'store_name': 'Oxford Store', 'location': 'East Greenwood', 'manager': 'Jennifer Garcia'}, {'store_id': 'STORE1091', 'store_name': 'Salem Store', 'location': 'East Newport', 'manager': 'George Turner'}, {'store_id': 'STORE1092', 'store_name': 'Chester Store', 'location': 'West Fairview', 'manager': 'Richard Taylor'}, {'store_id': 'STORE1093', 'store_name': 'Manchester Store', 'location': 'East Jackson', 'manager': 'Anthony Lee'}, {'store_id': 'STORE1094', 'store_name': 'Franklin Store', 'location': 'West Washington', 'manager': 'Christopher Garcia'}, {'store_id': 'STORE1095', 'store_name': 'Fairview Store', 'location': 'East Bristol', 'manager': 'Lisa Edwards'}, {'store_id': 'STORE1096', 'store_name': 'Milton Store', 'location': 'West Marion', 'manager': 'Dorothy Parker'}, {'store_id': 'STORE1097', 'store_name': 'Burlington Store', 'location': 'West Richmond', 'manager': 'John Jones'}  ... displaying 10 of 534 total bound parameter sets ...  {'store_id': 'STORE1622', 'store_name': 'Franklin Store', 'location': 'East Arlingtontown', 'manager': 'John Jones'}, {'store_id': 'STORE1623', 'store_name': 'Clayton Store', 'location': 'West Franklin', 'manager': 'Carol Wright'}]]
(Background on this error at: https://sqlalche.me/e/20/gkpj)",2025-08-22 22:40:56.650964
STORE1444,Arlington Store,West Fairviewtown,Paul Lopez,"Database insertion failed: (pymysql.err.IntegrityError) (1062, ""Duplicate entry 'STORE1090' for key 'dimstore.store_id'"")
[SQL: INSERT INTO dimstore (store_id, store_name, location, manager) VALUES (%(store_id)s, %(store_name)s, %(location)s, %(manager)s)]
[parameters: [{'store_id': 'STORE1090', 'store_name': 'Oxford Store', 'location': 'East Greenwood', 'manager': 'Jennifer Garcia'}, {'store_id': 'STORE1091', 'store_name': 'Salem Store', 'location': 'East Newport', 'manager': 'George Turner'}, {'store_id': 'STORE1092', 'store_name': 'Chester Store', 'location': 'West Fairview', 'manager': 'Richard Taylor'}, {'store_id': 'STORE1093', 'store_name': 'Manchester Store', 'location': 'East Jackson', 'manager': 'Anthony Lee'}, {'store_id': 'STORE1094', 'store_name': 'Franklin Store', 'location': 'West Washington', 'manager': 'Christopher Garcia'}, {'store_id': 'STORE1095', 'store_name': 'Fairview Store', 'location': 'East Bristol', 'manager': 'Lisa Edwards'}, {'store_id': 'STORE1096', 'store_name': 'Milton Store', 'location': 'West Marion', 'manager': 'Dorothy Parker'}, {'store_id': 'STORE1097', 'store_name': 'Burlington Store', 'location': 'West Richmond', 'manager': 'John Jones'}  ... displaying 10 of 534 total bound parameter sets ...  {'store_id': 'STORE1622', 'store_name': 'Franklin Store', 'location': 'East Arlingtontown', 'manager': 'John Jones'}, {'store_id': 'STORE1623', 'store_name': 'Clayton Store', 'location': 'West Franklin', 'manager': 'Carol Wright'}]]
(Background on this error at: https://sqlalche.me/e/20/gkpj)",2025-08-22 22:40:56.650964
STORE1445,Clinton Store,East Marion,Richard Taylor,"Database insertion failed: (pymysql.err.IntegrityError) (1062, ""Duplicate entry 'STORE1090' for key 'dimstore.store_id'"")
[SQL: INSERT INTO dimstore (store_id, store_name, location, manager) VALUES (%(store_id)s, %(store_name)s, %(location)s, %(manager)s)]
[parameters: [{'store_id': 'STORE1090', 'store_name': 'Oxford Store', 'location': 'East Greenwood', 'manager': 'Jennifer Garcia'}, {'store_id': 'STORE1091', 'store_name': 'Salem Store', 'location': 'East Newport', 'manager': 'George Turner'}, {'store_id': 'STORE1092', 'store_name': 'Chester Store', 'location': 'West Fairview', 'manager': 'Richard Taylor'}, {'store_id': 'STORE1093', 'store_name': 'Manchester Store', 'location': 'East Jackson', 'manager': 'Anthony Lee'}, {'store_id': 'STORE1094', 'store_name': 'Franklin Store', 'location': 'West Washington', 'manager': 'Christopher Garcia'}, {'store_id': 'STORE1095', 'store_name': 'Fairview Store', 'location': 'East Bristol', 'manager': 'Lisa Edwards'}, {'store_id': 'STORE1096', 'store_name': 'Milton Store', 'location': 'West Marion', 'manager': 'Dorothy Parker'}, {'store_id': 'STORE1097', 'store_name': 'Burlington Store', 'location': 'West Richmond', 'manager': 'John Jones'}  ... displaying 10 of 534 total bound parameter sets ...  {'store_id': 'STORE1622', 'store_name': 'Franklin Store', 'location': 'East Arlingtontown', 'manager': 'John Jones'}, {'store_id': 'STORE1623', 'store_name': 'Clayton Store', 'location': 'West Franklin', 'manager': 'Carol Wright'}]]
(Background on this error at: https://sqlalche.me/e/20/gkpj)",2025-08-22 22:40:56.650964
STORE1446,Greenwood Store,West Richmond,Laura Nelson,"Database insertion failed: (pymysql.err.IntegrityError) (1062, ""Duplicate entry 'STORE1090' for key 'dimstore.store_id'"")
[SQL: INSERT INTO dimstore (store_id, store_name, location, manager) VALUES (%(store_id)s, %(store_name)s, %(location)s, %(manager)s)]
[parameters: [{'store_id': 'STORE1090', 'store_name': 'Oxford Store', 'location': 'East Greenwood', 'manager': 'Jennifer Garcia'}, {'store_id': 'STORE1091', 'store_name': 'Salem Store', 'location': 'East Newport', 'manager': 'George Turner'}, {'store_id': 'STORE1092', 'store_name': 'Chester Store', 'location': 'West Fairview', 'manager': 'Richard Taylor'}, {'store_id': 'STORE1093', 'store_name': 'Manchester Store', 'location': 'East Jackson', 'manager': 'Anthony Lee'}, {'store_id': 'STORE1094', 'store_name': 'Franklin Store', 'location': 'West Washington', 'manager': 'Christopher Garcia'}, {'store_id': 'STORE1095', 'store_name': 'Fairview Store', 'location': 'East Bristol', 'manager': 'Lisa Edwards'}, {'store_id': 'STORE1096', 'store_name': 'Milton Store', 'location': 'West Marion', 'manager': 'Dorothy Parker'}, {'store_id': 'STORE1097', 'store_name': 'Burlington Store', 'location': 'West Richmond', 'manager': 'John Jones'}  ... displaying 10 of 534 total bound parameter sets ...  {'store_id': 'STORE1622', 'store_name': 'Franklin Store', 'location': 'East Arlingtontown', 'manager': 'John Jones'}, {'store_id': 'STORE1623', 'store_name': 'Clayton Store', 'location': 'West Franklin', 'manager': 'Carol Wright'}]]
(Background on this error at: https://sqlalche.me/e/20/gkpj)",2025-08-22 22:40:56.650964
STORE1447,Dover Store,West Greenwood,Carol Wright,"Database insertion failed: (pymysql.err.IntegrityError) (1062, ""Duplicate entry 'STORE1090' for key 'dimstore.store_id'"")
[SQL: INSERT INTO dimstore (store_id, store_name, location, manager) VALUES (%(store_id)s, %(store_name)s, %(location)s, %(manager)s)]
[parameters: [{'store_id': 'STORE1090', 'store_name': 'Oxford Store', 'location': 'East Greenwood', 'manager': 'Jennifer Garcia'}, {'store_id': 'STORE1091', 'store_name': 'Salem Store', 'location': 'East Newport', 'manager': 'George Turner'}, {'store_id': 'STORE1092', 'store_name': 'Chester Store', 'location': 'West Fairview', 'manager': 'Richard Taylor'}, {'store_id': 'STORE1093', 'store_name': 'Manchester Store', 'location': 'East Jackson', 'manager': 'Anthony Lee'}, {'store_id': 'STORE1094', 'store_name': 'Franklin Store', 'location': 'West Washington', 'manager': 'Christopher Garcia'}, {'store_id': 'STORE1095', 'store_name': 'Fairview Store', 'location': 'East Bristol', 'manager': 'Lisa Edwards'}, {'store_id': 'STORE1096', 'store_name': 'Milton Store', 'location': 'West Marion', 'manager': 'Dorothy Parker'}, {'store_id': 'STORE1097', 'store_name': 'Burlington Store', 'location': 'West Richmond', 'manager': 'John Jones'}  ... displaying 10 of 534 total bound parameter sets ...  {'store_id': 'STORE1622', 'store_name': 'Franklin Store', 'location': 'East Arlingtontown', 'manager': 'John Jones'}, {'store_id': 'STORE1623', 'store_name': 'Clayton Store', 'location': 'West Franklin', 'manager': 'Carol Wright'}]]
(Background on this error at: https://sqlalche.me/e/20/gkpj)",2025-08-22 22:40:56.650964
STORE1448,Wayne Store,West Springfield,Mark Hall,"Database insertion failed: (pymysql.err.IntegrityError) (1062, ""Duplicate entry 'STORE1090' for key 'dimstore.store_id'"")
[SQL: INSERT INTO dimstore (store_id, store_name, location, manager) VALUES (%(store_id)s, %(store_name)s, %(location)s, %(manager)s)]
[parameters: [{'store_id': 'STORE1090', 'store_name': 'Oxford Store', 'location': 'East Greenwood', 'manager': 'Jennifer Garcia'}, {'store_id': 'STORE1091', 'store_name': 'Salem Store', 'location': 'East Newport', 'manager': 'George Turner'}, {'store_id': 'STORE1092', 'store_name': 'Chester Store', 'location': 'West Fairview', 'manager': 'Richard Taylor'}, {'store_id': 'STORE1093', 'store_name': 'Manchester Store', 'location': 'East Jackson', 'manager': 'Anthony Lee'}, {'store_id': 'STORE1094', 'store_name': 'Franklin Store', 'location': 'West Washington', 'manager': 'Christopher Garcia'}, {'store_id': 'STORE1095', 'store_name': 'Fairview Store', 'location': 'East Bristol', 'manager': 'Lisa Edwards'}, {'store_id': 'STORE1096', 'store_name': 'Milton Store', 'location': 'West Marion', 'manager': 'Dorothy Parker'}, {'store_id': 'STORE1097', 'store_name': 'Burlington Store', 'location': 'West Richmond', 'manager': 'John Jones'}  ... displaying 10 of 534 total bound parameter sets ...  {'store_id': 'STORE1622', 'store_name': 'Franklin Store', 'location': 'East Arlingtontown', 'manager': 'John Jones'}, {'store_id': 'STORE1623', 'store_name': 'Clayton Store', 'location': 'West Franklin', 'manager': 'Carol Wright'}]]
(Background on this error at: https://sqlalche.me/e/20/gkpj)",2025-08-22 22:40:56.650964
STORE1449,Dover Store,West Clayton,Deborah Phillips,"Database insertion failed: (pymysql.err.IntegrityError) (1062, ""Duplicate entry 'STORE1090' for key 'dimstore.store_id'"")
[SQL: INSERT INTO dimstore (store_id, store_name, location, manager) VALUES (%(store_id)s, %(store_name)s, %(location)s, %(manager)s)]
[parameters: [{'store_id': 'STORE1090', 'store_name': 'Oxford Store', 'location': 'East Greenwood', 'manager': 'Jennifer Garcia'}, {'store_id': 'STORE1091', 'store_name': 'Salem Store', 'location': 'East Newport', 'manager': 'George Turner'}, {'store_id': 'STORE1092', 'store_name': 'Chester Store', 'location': 'West Fairview', 'manager': 'Richard Taylor'}, {'store_id': 'STORE1093', 'store_name': 'Manchester Store', 'location': 'East Jackson', 'manager': 'Anthony Lee'}, {'store_id': 'STORE1094', 'store_name': 'Franklin Store', 'location': 'West Washington', 'manager': 'Christopher Garcia'}, {'store_id': 'STORE1095', 'store_name': 'Fairview Store', 'location': 'East Bristol', 'manager': 'Lisa Edwards'}, {'store_id': 'STORE1096', 'store_name': 'Milton Store', 'location': 'West Marion', 'manager': 'Dorothy Parker'}, {'store_id': 'STORE1097', 'store_name': 'Burlington Store', 'location': 'West Richmond', 'manager': 'John Jones'}  ... displaying 10 of 534 total bound parameter sets ...  {'store_id': 'STORE1622', 'store_name': 'Franklin Store', 'location': 'East Arlingtontown', 'manager': 'John Jones'}, {'store_id': 'STORE1623', 'store_name': 'Clayton Store', 'location': 'West Franklin', 'manager': 'Carol Wright'}]]
(Background on this error at: https://sqlalche.me/e/20/gkpj)",2025-08-22 22:40:56.650964
STORE1450,Chester Store,West Oxford,Sandra Allen,"Database insertion failed: (pymysql.err.IntegrityError) (1062, ""Duplicate entry 'STORE1090' for key 'dimstore.store_id'"")
[SQL: INSERT INTO dimstore (store_id, store_name, location, manager) VALUES (%(store_id)s, %(store_name)s, %(location)s, %(manager)s)]
[parameters: [{'store_id': 'STORE1090', 'store_name': 'Oxford Store', 'location': 'East Greenwood', 'manager': 'Jennifer Garcia'}, {'store_id': 'STORE1091', 'store_name': 'Salem Store', 'location': 'East Newport', 'manager': 'George Turner'}, {'store_id': 'STORE1092', 'store_name': 'Chester Store', 'location': 'West Fairview', 'manager': 'Richard Taylor'}, {'store_id': 'STORE1093', 'store_name': 'Manchester Store', 'location': 'East Jackson', 'manager': 'Anthony Lee'}, {'store_id': 'STORE1094', 'store_name': 'Franklin Store', 'location': 'West Washington', 'manager': 'Christopher Garcia'}, {'store_id': 'STORE1095', 'store_name': 'Fairview Store', 'location': 'East Bristol', 'manager': 'Lisa Edwards'}, {'store_id': 'STORE1096', 'store_name': 'Milton Store', 'location': 'West Marion', 'manager': 'Dorothy Parker'}, {'store_id': 'STORE1097', 'store_name': 'Burlington Store', 'location': 'West Richmond', 'manager': 'John Jones'}  ... displaying 10 of 534 total bound parameter sets ...  {'store_id': 'STORE1622', 'store_name': 'Franklin Store', 'location': 'East Arlingtontown', 'manager': 'John Jones'}, {'store_id': 'STORE1623', 'store_name': 'Clayton Store', 'location': 'West Franklin', 'manager': 'Carol Wright'}]]
(Background on this error at: https://sqlalche.me/e/20/gkpj)",2025-08-22 22:40:56.650964
STORE1451,Bristol Store,West Troy,Donna Hernandez,"Database insertion failed: (pymysql.err.IntegrityError) (1062, ""Duplicate entry 'STORE1090' for key 'dimstore.store_id'"")
[SQL: INSERT INTO dimstore (store_id, store_name, location, manager) VALUES (%(store_id)s, %(store_name)s, %(location)s, %(manager)s)]
[parameters: [{'store_id': 'STORE1090', 'store_name': 'Oxford Store', 'location': 'East Greenwood', 'manager': 'Jennifer Garcia'}, {'store_id': 'STORE1091', 'store_name': 'Salem Store', 'location': 'East Newport', 'manager': 'George Turner'}, {'store_id': 'STORE1092', 'store_name': 'Chester Store', 'location': 'West Fairview', 'manager': 'Richard Taylor'}, {'store_id': 'STORE1093', 'store_name': 'Manchester Store', 'location': 'East Jackson', 'manager': 'Anthony Lee'}, {'store_id': 'STORE1094', 'store_name': 'Franklin Store', 'location': 'West Washington', 'manager': 'Christopher Garcia'}, {'store_id': 'STORE1095', 'store_name': 'Fairview Store', 'location': 'East Bristol', 'manager': 'Lisa Edwards'}, {'store_id': 'STORE1096', 'store_name': 'Milton Store', 'location': 'West Marion', 'manager': 'Dorothy Parker'}, {'store_id': 'STORE1097', 'store_name': 'Burlington Store', 'location': 'West Richmond', 'manager': 'John Jones'}  ... displaying 10 of 534 total bound parameter sets ...  {'store_id': 'STORE1622', 'store_name': 'Franklin Store', 'location': 'East Arlingtontown', 'manager': 'John Jones'}, {'store_id': 'STORE1623', 'store_name': 'Clayton Store', 'location': 'West Franklin', 'manager': 'Carol Wright'}]]
(Background on this error at: https://sqlalche.me/e/20/gkpj)",2025-08-22 22:40:56.650964
STORE1452,Newport Store,West Greenwood,John Jones,"Database insertion failed: (pymysql.err.IntegrityError) (1062, ""Duplicate entry 'STORE1090' for key 'dimstore.store_id'"")
[SQL: INSERT INTO dimstore (store_id, store_name, location, manager) VALUES (%(store_id)s, %(store_name)s, %(location)s, %(manager)s)]
[parameters: [{'store_id': 'STORE1090', 'store_name': 'Oxford Store', 'location': 'East Greenwood', 'manager': 'Jennifer Garcia'}, {'store_id': 'STORE1091', 'store_name': 'Salem Store', 'location': 'East Newport', 'manager': 'George Turner'}, {'store_id': 'STORE1092', 'store_name': 'Chester Store', 'location': 'West Fairview', 'manager': 'Richard Taylor'}, {'store_id': 'STORE1093', 'store_name': 'Manchester Store', 'location': 'East Jackson', 'manager': 'Anthony Lee'}, {'store_id': 'STORE1094', 'store_name': 'Franklin Store', 'location': 'West Washington', 'manager': 'Christopher Garcia'}, {'store_id': 'STORE1095', 'store_name': 'Fairview Store', 'location': 'East Bristol', 'manager': 'Lisa Edwards'}, {'store_id': 'STORE1096', 'store_name': 'Milton Store', 'location': 'West Marion', 'manager': 'Dorothy Parker'}, {'store_id': 'STORE1097', 'store_name': 'Burlington Store', 'location': 'West Richmond', 'manager': 'John Jones'}  ... displaying 10 of 534 total bound parameter sets ...  {'store_id': 'STORE1622', 'store_name': 'Franklin Store', 'location': 'East Arlingtontown', 'manager': 'John Jones'}, {'store_id': 'STORE1623', 'store_name': 'Clayton Store', 'location': 'West Franklin', 'manager': 'Carol Wright'}]]
(Background on this error at: https://sqlalche.me/e/20/gkpj)",2025-08-22 22:40:56.650964
STORE1453,Salem Store,West Georgetowntown,Nancy Martinez,"Database insertion failed: (pymysql.err.IntegrityError) (1062, ""Duplicate entry 'STORE1090' for key 'dimstore.store_id'"")
[SQL: INSERT INTO dimstore (store_id, store_name, location, manager) VALUES (%(store_id)s, %(store_name)s, %(location)s, %(manager)s)]
[parameters: [{'store_id': 'STORE1090', 'store_name': 'Oxford Store', 'location': 'East Greenwood', 'manager': 'Jennifer Garcia'}, {'store_id': 'STORE1091', 'store_name': 'Salem Store', 'location': 'East Newport', 'manager': 'George Turner'}, {'store_id': 'STORE1092', 'store_name': 'Chester Store', 'location': 'West Fairview', 'manager': 'Richard Taylor'}, {'store_id': 'STORE1093', 'store_name': 'Manchester Store', 'location': 'East Jackson', 'manager': 'Anthony Lee'}, {'store_id': 'STORE1094', 'store_name': 'Franklin Store', 'location': 'West Washington', 'manager': 'Christopher Garcia'}, {'store_id': 'STORE1095', 'store_name': 'Fairview Store', 'location': 'East Bristol', 'manager': 'Lisa Edwards'}, {'store_id': 'STORE1096', 'store_name': 'Milton Store', 'location': 'West Marion', 'manager': 'Dorothy Parker'}, {'store_id': 'STORE1097', 'store_name': 'Burlington Store', 'location': 'West Richmond', 'manager': 'John Jones'}  ... displaying 10 of 534 total bound parameter sets ...  {'store_id': 'STORE1622', 'store_name': 'Franklin Store', 'location': 'East Arlingtontown', 'manager': 'John Jones'}, {'store_id': 'STORE1623', 'store_name': 'Clayton Store', 'location': 'West Franklin', 'manager': 'Carol Wright'}]]
(Background on this error at: https://sqlalche.me/e/20/gkpj)",2025-08-22 22:40:56.650964
STORE1454,Ashland Store,West Burlington,Richard Taylor,"Database insertion failed: (pymysql.err.IntegrityError) (1062, ""Duplicate entry 'STORE1090' for key 'dimstore.store_id'"")
[SQL: INSERT INTO dimstore (store_id, store_name, location, manager) VALUES (%(store_id)s, %(store_name)s, %(location)s, %(manager)s)]
[parameters: [{'store_id': 'STORE1090', 'store_name': 'Oxford Store', 'location': 'East Greenwood', 'manager': 'Jennifer Garcia'}, {'store_id': 'STORE1091', 'store_name': 'Salem Store', 'location': 'East Newport', 'manager': 'George Turner'}, {'store_id': 'STORE1092', 'store_name': 'Chester Store', 'location': 'West Fairview', 'manager': 'Richard Taylor'}, {'store_id': 'STORE1093', 'store_name': 'Manchester Store', 'location': 'East Jackson', 'manager': 'Anthony Lee'}, {'store_id': 'STORE1094', 'store_name': 'Franklin Store', 'location': 'West Washington', 'manager': 'Christopher Garcia'}, {'store_id': 'STORE1095', 'store_name': 'Fairview Store', 'location': 'East Bristol', 'manager': 'Lisa Edwards'}, {'store_id': 'STORE1096', 'store_name': 'Milton Store', 'location': 'West Marion', 'manager': 'Dorothy Parker'}, {'store_id': 'STORE1097', 'store_name': 'Burlington Store', 'location': 'West Richmond', 'manager': 'John Jones'}  ... displaying 10 of 534 total bound parameter sets ...  {'store_id': 'STORE1622', 'store_name': 'Franklin Store', 'location': 'East Arlingtontown', 'manager': 'John Jones'}, {'store_id': 'STORE1623', 'store_name': 'Clayton Store', 'location': 'West Franklin', 'manager': 'Carol Wright'}]]
(Background on this error at: https://sqlalche.me/e/20/gkpj)",2025-08-22 22:40:56.650964
STORE1455,Greenwood Store,East Kingston,Jennifer Garcia,"Database insertion failed: (pymysql.err.IntegrityError) (1062, ""Duplicate entry 'STORE1090' for key 'dimstore.store_id'"")
[SQL: INSERT INTO dimstore (store_id, store_name, location, manager) VALUES (%(store_id)s, %(store_name)s, %(location)s, %(manager)s)]
[parameters: [{'store_id': 'STORE1090', 'store_name': 'Oxford Store', 'location': 'East Greenwood', 'manager': 'Jennifer Garcia'}, {'store_id': 'STORE1091', 'store_name': 'Salem Store', 'location': 'East Newport', 'manager': 'George Turner'}, {'store_id': 'STORE1092', 'store_name': 'Chester Store', 'location': 'West Fairview', 'manager': 'Richard Taylor'}, {'store_id': 'STORE1093', 'store_name': 'Manchester Store', 'location': 'East Jackson', 'manager': 'Anthony Lee'}, {'store_id': 'STORE1094', 'store_name': 'Franklin Store', 'location': 'West Washington', 'manager': 'Christopher Garcia'}, {'store_id': 'STORE1095', 'store_name': 'Fairview Store', 'location': 'East Bristol', 'manager': 'Lisa Edwards'}, {'store_id': 'STORE1096', 'store_name': 'Milton Store', 'location': 'West Marion', 'manager': 'Dorothy Parker'}, {'store_id': 'STORE1097', 'store_name': 'Burlington Store', 'location': 'West Richmond', 'manager': 'John Jones'}  ... displaying 10 of 534 total bound parameter sets ...  {'store_id': 'STORE1622', 'store_name': 'Franklin Store', 'location': 'East Arlingtontown', 'manager': 'John Jones'}, {'store_id': 'STORE1623', 'store_name': 'Clayton Store', 'location': 'West Franklin', 'manager': 'Carol Wright'}]]
(Background on this error at: https://sqlalche.me/e/20/gkpj)",2025-08-22 22:40:56.650964
STORE1456,Bristol Store,West Greenwoodtown,Carol Wright,"Database insertion failed: (pymysql.err.IntegrityError) (1062, ""Duplicate entry 'STORE1090' for key 'dimstore.store_id'"")
[SQL: INSERT INTO dimstore (store_id, store_name, location, manager) VALUES (%(store_id)s, %(store_name)s, %(location)s, %(manager)s)]
[parameters: [{'store_id': 'STORE1090', 'store_name': 'Oxford Store', 'location': 'East Greenwood', 'manager': 'Jennifer Garcia'}, {'store_id': 'STORE1091', 'store_name': 'Salem Store', 'location': 'East Newport', 'manager': 'George Turner'}, {'store_id': 'STORE1092', 'store_name': 'Chester Store', 'location': 'West Fairview', 'manager': 'Richard Taylor'}, {'store_id': 'STORE1093', 'store_name': 'Manchester Store', 'location': 'East Jackson', 'manager': 'Anthony Lee'}, {'store_id': 'STORE1094', 'store_name': 'Franklin Store', 'location': 'West Washington', 'manager': 'Christopher Garcia'}, {'store_id': 'STORE1095', 'store_name': 'Fairview Store', 'location': 'East Bristol', 'manager': 'Lisa Edwards'}, {'store_id': 'STORE1096', 'store_name': 'Milton Store', 'location': 'West Marion', 'manager': 'Dorothy Parker'}, {'store_id': 'STORE1097', 'store_name': 'Burlington Store', 'location': 'West Richmond', 'manager': 'John Jones'}  ... displaying 10 of 534 total bound parameter sets ...  {'store_id': 'STORE1622', 'store_name': 'Franklin Store', 'location': 'East Arlingtontown', 'manager': 'John Jones'}, {'store_id': 'STORE1623', 'store_name': 'Clayton Store', 'location': 'West Franklin', 'manager': 'Carol Wright'}]]
(Background on this error at: https://sqlalche.me/e/20/gkpj)",2025-08-22 22:40:56.650964
STORE1457,Richmond Store,West Clayton,James Smith,"Database insertion failed: (pymysql.err.IntegrityError) (1062, ""Duplicate entry 'STORE1090' for key 'dimstore.store_id'"")
[SQL: INSERT INTO dimstore (store_id, store_name, location, manager) VALUES (%(store_id)s, %(store_name)s, %(location)s, %(manager)s)]
[parameters: [{'store_id': 'STORE1090', 'store_name': 'Oxford Store', 'location': 'East Greenwood', 'manager': 'Jennifer Garcia'}, {'store_id': 'STORE1091', 'store_name': 'Salem Store', 'location': 'East Newport', 'manager': 'George Turner'}, {'store_id': 'STORE1092', 'store_name': 'Chester Store', 'location': 'West Fairview', 'manager': 'Richard Taylor'}, {'store_id': 'STORE1093', 'store_name': 'Manchester Store', 'location': 'East Jackson', 'manager': 'Anthony Lee'}, {'store_id': 'STORE1094', 'store_name': 'Franklin Store', 'location': 'West Washington', 'manager': 'Christopher Garcia'}, {'store_id': 'STORE1095', 'store_name': 'Fairview Store', 'location': 'East Bristol', 'manager': 'Lisa Edwards'}, {'store_id': 'STORE1096', 'store_name': 'Milton Store', 'location': 'West Marion', 'manager': 'Dorothy Parker'}, {'store_id': 'STORE1097', 'store_name': 'Burlington Store', 'location': 'West Richmond', 'manager': 'John Jones'}  ... displaying 10 of 534 total bound parameter sets ...  {'store_id': 'STORE1622', 'store_name': 'Franklin Store', 'location': 'East Arlingtontown', 'manager': 'John Jones'}, {'store_id': 'STORE1623', 'store_name': 'Clayton Store', 'location': 'West Franklin', 'manager': 'Carol Wright'}]]
(Background on this error at: https://sqlalche.me/e/20/gkpj)",2025-08-22 22:40:56.650964
STORE1458,Clayton Store,West Riversidetown,David Wilson,"Database insertion failed: (pymysql.err.IntegrityError) (1062, ""Duplicate entry 'STORE1090' for key 'dimstore.store_id'"")
[SQL: INSERT INTO dimstore (store_id, store_name, location, manager) VALUES (%(store_id)s, %(store_name)s, %(location)s, %(manager)s)]
[parameters: [{'store_id': 'STORE1090', 'store_name': 'Oxford Store', 'location': 'East Greenwood', 'manager': 'Jennifer Garcia'}, {'store_id': 'STORE1091', 'store_name': 'Salem Store', 'location': 'East Newport', 'manager': 'George Turner'}, {'store_id': 'STORE1092', 'store_name': 'Chester Store', 'location': 'West Fairview', 'manager': 'Richard Taylor'}, {'store_id': 'STORE1093', 'store_name': 'Manchester Store', 'location': 'East Jackson', 'manager': 'Anthony Lee'}, {'store_id': 'STORE1094', 'store_name': 'Franklin Store', 'location': 'West Washington', 'manager': 'Christopher Garcia'}, {'store_id': 'STORE1095', 'store_name': 'Fairview Store', 'location': 'East Bristol', 'manager': 'Lisa Edwards'}, {'store_id': 'STORE1096', 'store_name': 'Milton Store', 'location': 'West Marion', 'manager': 'Dorothy Parker'}, {'store_id': 'STORE1097', 'store_name': 'Burlington Store', 'location': 'West Richmond', 'manager': 'John Jones'}  ... displaying 10 of 534 total bound parameter sets ...  {'store_id': 'STORE1622', 'store_name': 'Franklin Store', 'location': 'East Arlingtontown', 'manager': 'John Jones'}, {'store_id': 'STORE1623', 'store_name': 'Clayton Store', 'location': 'West Franklin', 'manager': 'Carol Wright'}]]
(Background on this error at: https://sqlalche.me/e/20/gkpj)",2025-08-22 22:40:56.650964
STORE1459,Auburn Store,East Lancaster,Brian Perez,"Database insertion failed: (pymysql.err.IntegrityError) (1062, ""Duplicate entry 'STORE1090' for key 'dimstore.store_id'"")
[SQL: INSERT INTO dimstore (store_id, store_name, location, manager) VALUES (%(store_id)s, %(store_name)s, %(location)s, %(manager)s)]
[parameters: [{'store_id': 'STORE1090', 'store_name': 'Oxford Store', 'location': 'East Greenwood', 'manager': 'Jennifer Garcia'}, {'store_id': 'STORE1091', 'store_name': 'Salem Store', 'location': 'East Newport', 'manager': 'George Turner'}, {'store_id': 'STORE1092', 'store_name': 'Chester Store', 'location': 'West Fairview', 'manager': 'Richard Taylor'}, {'store_id': 'STORE1093', 'store_name': 'Manchester Store', 'location': 'East Jackson', 'manager': 'Anthony Lee'}, {'store_id': 'STORE1094', 'store_name': 'Franklin Store', 'location': 'West Washington', 'manager': 'Christopher Garcia'}, {'store_id': 'STORE1095', 'store_name': 'Fairview Store', 'location': 'East Bristol', 'manager': 'Lisa Edwards'}, {'store_id': 'STORE1096', 'store_name': 'Milton Store', 'location': 'West Marion', 'manager': 'Dorothy Parker'}, {'store_id': 'STORE1097', 'store_name': 'Burlington Store', 'location': 'West Richmond', 'manager': 'John Jones'}  ... displaying 10 of 534 total bound parameter sets ...  {'store_id': 'STORE1622', 'store_name': 'Franklin Store', 'location': 'East Arlingtontown', 'manager': 'John Jones'}, {'store_id': 'STORE1623', 'store_name': 'Clayton Store', 'location': 'West Franklin', 'manager': 'Carol Wright'}]]
(Background on this error at: https://sqlalche.me/e/20/gkpj)",2025-08-22 22:40:56.650964
STORE1460,Ashland Store,East Burlingtontown,Susan Thomas,"Database insertion failed: (pymysql.err.IntegrityError) (1062, ""Duplicate entry 'STORE1090' for key 'dimstore.store_id'"")
[SQL: INSERT INTO dimstore (store_id, store_name, location, manager) VALUES (%(store_id)s, %(store_name)s, %(location)s, %(manager)s)]
[parameters: [{'store_id': 'STORE1090', 'store_name': 'Oxford Store', 'location': 'East Greenwood', 'manager': 'Jennifer Garcia'}, {'store_id': 'STORE1091', 'store_name': 'Salem Store', 'location': 'East Newport', 'manager': 'George Turner'}, {'store_id': 'STORE1092', 'store_name': 'Chester Store', 'location': 'West Fairview', 'manager': 'Richard Taylor'}, {'store_id': 'STORE1093', 'store_name': 'Manchester Store', 'location': 'East Jackson', 'manager': 'Anthony Lee'}, {'store_id': 'STORE1094', 'store_name': 'Franklin Store', 'location': 'West Washington', 'manager': 'Christopher Garcia'}, {'store_id': 'STORE1095', 'store_name': 'Fairview Store', 'location': 'East Bristol', 'manager': 'Lisa Edwards'}, {'store_id': 'STORE1096', 'store_name': 'Milton Store', 'location': 'West Marion', 'manager': 'Dorothy Parker'}, {'store_id': 'STORE1097', 'store_name': 'Burlington Store', 'location': 'West Richmond', 'manager': 'John Jones'}  ... displaying 10 of 534 total bound parameter sets ...  {'store_id': 'STORE1622', 'store_name': 'Franklin Store', 'location': 'East Arlingtontown', 'manager': 'John Jones'}, {'store_id': 'STORE1623', 'store_name': 'Clayton Store', 'location': 'West Franklin', 'manager': 'Carol Wright'}]]
(Background on this error at: https://sqlalche.me/e/20/gkpj)",2025-08-22 22:40:56.650964
STORE1461,Marion Store,West Springfield,Joseph Jackson,"Database insertion failed: (pymysql.err.IntegrityError) (1062, ""Duplicate entry 'STORE1090' for key 'dimstore.store_id'"")
[SQL: INSERT INTO dimstore (store_id, store_name, location, manager) VALUES (%(store_id)s, %(store_name)s, %(location)s, %(manager)s)]
[parameters: [{'store_id': 'STORE1090', 'store_name': 'Oxford Store', 'location': 'East Greenwood', 'manager': 'Jennifer Garcia'}, {'store_id': 'STORE1091', 'store_name': 'Salem Store', 'location': 'East Newport', 'manager': 'George Turner'}, {'store_id': 'STORE1092', 'store_name': 'Chester Store', 'location': 'West Fairview', 'manager': 'Richard Taylor'}, {'store_id': 'STORE1093', 'store_name': 'Manchester Store', 'location': 'East Jackson', 'manager': 'Anthony Lee'}, {'store_id': 'STORE1094', 'store_name': 'Franklin Store', 'location': 'West Washington', 'manager': 'Christopher Garcia'}, {'store_id': 'STORE1095', 'store_name': 'Fairview Store', 'location': 'East Bristol', 'manager': 'Lisa Edwards'}, {'store_id': 'STORE1096', 'store_name': 'Milton Store', 'location': 'West Marion', 'manager': 'Dorothy Parker'}, {'store_id': 'STORE1097', 'store_name': 'Burlington Store', 'location': 'West Richmond', 'manager': 'John Jones'}  ... displaying 10 of 534 total bound parameter sets ...  {'store_id': 'STORE1622', 'store_name': 'Franklin Store', 'location': 'East Arlingtontown', 'manager': 'John Jones'}, {'store_id': 'STORE1623', 'store_name': 'Clayton Store', 'location': 'West Franklin', 'manager': 'Carol Wright'}]]
(Background on this error at: https://sqlalche.me/e/20/gkpj)",2025-08-22 22:40:56.650964
STORE1462,Milton Store,West Franklin,Steven King,"Database insertion failed: (pymysql.err.IntegrityError) (1062, ""Duplicate entry 'STORE1090' for key 'dimstore.store_id'"")
[SQL: INSERT INTO dimstore (store_id, store_name, location, manager) VALUES (%(store_id)s, %(store_name)s, %(location)s, %(manager)s)]
[parameters: [{'store_id': 'STORE1090', 'store_name': 'Oxford Store', 'location': 'East Greenwood', 'manager': 'Jennifer Garcia'}, {'store_id': 'STORE1091', 'store_name': 'Salem Store', 'location': 'East Newport', 'manager': 'George Turner'}, {'store_id': 'STORE1092', 'store_name': 'Chester Store', 'location': 'West Fairview', 'manager': 'Richard Taylor'}, {'store_id': 'STORE1093', 'store_name': 'Manchester Store', 'location': 'East Jackson', 'manager': 'Anthony Lee'}, {'store_id': 'STORE1094', 'store_name': 'Franklin Store', 'location': 'West Washington', 'manager': 'Christopher Garcia'}, {'store_id': 'STORE1095', 'store_name': 'Fairview Store', 'location': 'East Bristol', 'manager': 'Lisa Edwards'}, {'store_id': 'STORE1096', 'store_name': 'Milton Store', 'location': 'West Marion', 'manager': 'Dorothy Parker'}, {'store_id': 'STORE1097', 'store_name': 'Burlington Store', 'location': 'West Richmond', 'manager': 'John Jones'}  ... displaying 10 of 534 total bound parameter sets ...  {'store_id': 'STORE1622', 'store_name': 'Franklin Store', 'location': 'East Arlingtontown', 'manager': 'John Jones'}, {'store_id': 'STORE1623', 'store_name': 'Clayton Store', 'location': 'West Franklin', 'manager': 'Carol Wright'}]]
(Background on this error at: https://sqlalche.me/e/20/gkpj)",2025-08-22 22:40:56.650964
STORE1463,Auburn Store,West Marion,Emily Mitchell,"Database insertion failed: (pymysql.err.IntegrityError) (1062, ""Duplicate entry 'STORE1090' for key 'dimstore.store_id'"")
[SQL: INSERT INTO dimstore (store_id, store_name, location, manager) VALUES (%(store_id)s, %(store_name)s, %(location)s, %(manager)s)]
[parameters: [{'store_id': 'STORE1090', 'store_name': 'Oxford Store', 'location': 'East Greenwood', 'manager': 'Jennifer Garcia'}, {'store_id': 'STORE1091', 'store_name': 'Salem Store', 'location': 'East Newport', 'manager': 'George Turner'}, {'store_id': 'STORE1092', 'store_name': 'Chester Store', 'location': 'West Fairview', 'manager': 'Richard Taylor'}, {'store_id': 'STORE1093', 'store_name': 'Manchester Store', 'location': 'East Jackson', 'manager': 'Anthony Lee'}, {'store_id': 'STORE1094', 'store_name': 'Franklin Store', 'location': 'West Washington', 'manager': 'Christopher Garcia'}, {'store_id': 'STORE1095', 'store_name': 'Fairview Store', 'location': 'East Bristol', 'manager': 'Lisa Edwards'}, {'store_id': 'STORE1096', 'store_name': 'Milton Store', 'location': 'West Marion', 'manager': 'Dorothy Parker'}, {'store_id': 'STORE1097', 'store_name': 'Burlington Store', 'location': 'West Richmond', 'manager': 'John Jones'}  ... displaying 10 of 534 total bound parameter sets ...  {'store_id': 'STORE1622', 'store_name': 'Franklin Store', 'location': 'East Arlingtontown', 'manager': 'John Jones'}, {'store_id': 'STORE1623', 'store_name': 'Clayton Store', 'location': 'West Franklin', 'manager': 'Carol Wright'}]]
(Background on this error at: https://sqlalche.me/e/20/gkpj)",2025-08-22 22:40:56.650964
STORE1464,Marion Store,West Marion,Betty Lewis,"Database insertion failed: (pymysql.err.IntegrityError) (1062, ""Duplicate entry 'STORE1090' for key 'dimstore.store_id'"")
[SQL: INSERT INTO dimstore (store_id, store_name, location, manager) VALUES (%(store_id)s, %(store_name)s, %(location)s, %(manager)s)]
[parameters: [{'store_id': 'STORE1090', 'store_name': 'Oxford Store', 'location': 'East Greenwood', 'manager': 'Jennifer Garcia'}, {'store_id': 'STORE1091', 'store_name': 'Salem Store', 'location': 'East Newport', 'manager': 'George Turner'}, {'store_id': 'STORE1092', 'store_name': 'Chester Store', 'location': 'West Fairview', 'manager': 'Richard Taylor'}, {'store_id': 'STORE1093', 'store_name': 'Manchester Store', 'location': 'East Jackson', 'manager': 'Anthony Lee'}, {'store_id': 'STORE1094', 'store_name': 'Franklin Store', 'location': 'West Washington', 'manager': 'Christopher Garcia'}, {'store_id': 'STORE1095', 'store_name': 'Fairview Store', 'location': 'East Bristol', 'manager': 'Lisa Edwards'}, {'store_id': 'STORE1096', 'store_name': 'Milton Store', 'location': 'West Marion', 'manager': 'Dorothy Parker'}, {'store_id': 'STORE1097', 'store_name': 'Burlington Store', 'location': 'West Richmond', 'manager': 'John Jones'}  ... displaying 10 of 534 total bound parameter sets ...  {'store_id': 'STORE1622', 'store_name': 'Franklin Store', 'location': 'East Arlingtontown', 'manager': 'John Jones'}, {'store_id': 'STORE1623', 'store_name': 'Clayton Store', 'location': 'West Franklin', 'manager': 'Carol Wright'}]]
(Background on this error at: https://sqlalche.me/e/20/gkpj)",2025-08-22 22:40:56.650964
STORE1465,Troy Store,West Arlingtontown,Susan Thomas,"Database insertion failed: (pymysql.err.IntegrityError) (1062, ""Duplicate entry 'STORE1090' for key 'dimstore.store_id'"")
[SQL: INSERT INTO dimstore (store_id, store_name, location, manager) VALUES (%(store_id)s, %(store_name)s, %(location)s, %(manager)s)]
[parameters: [{'store_id': 'STORE1090', 'store_name': 'Oxford Store', 'location': 'East Greenwood', 'manager': 'Jennifer Garcia'}, {'store_id': 'STORE1091', 'store_name': 'Salem Store', 'location': 'East Newport', 'manager': 'George Turner'}, {'store_id': 'STORE1092', 'store_name': 'Chester Store', 'location': 'West Fairview', 'manager': 'Richard Taylor'}, {'store_id': 'STORE1093', 'store_name': 'Manchester Store', 'location': 'East Jackson', 'manager': 'Anthony Lee'}, {'store_id': 'STORE1094', 'store_name': 'Franklin Store', 'location': 'West Washington', 'manager': 'Christopher Garcia'}, {'store_id': 'STORE1095', 'store_name': 'Fairview Store', 'location': 'East Bristol', 'manager': 'Lisa Edwards'}, {'store_id': 'STORE1096', 'store_name': 'Milton Store', 'location': 'West Marion', 'manager': 'Dorothy Parker'}, {'store_id': 'STORE1097', 'store_name': 'Burlington Store', 'location': 'West Richmond', 'manager': 'John Jones'}  ... displaying 10 of 534 total bound parameter sets ...  {'store_id': 'STORE1622', 'store_name': 'Franklin Store', 'location': 'East Arlingtontown', 'manager': 'John Jones'}, {'store_id': 'STORE1623', 'store_name': 'Clayton Store', 'location': 'West Franklin', 'manager': 'Carol Wright'}]]
(Background on this error at: https://sqlalche.me/e/20/gkpj)",2025-08-22 22:40:56.650964
STORE1466,Auburn Store,West Georgetown,Daniel Robinson,"Database insertion failed: (pymysql.err.IntegrityError) (1062, ""Duplicate entry 'STORE1090' for key 'dimstore.store_id'"")
[SQL: INSERT INTO dimstore (store_id, store_name, location, manager) VALUES (%(store_id)s, %(store_name)s, %(location)s, %(manager)s)]
[parameters: [{'store_id': 'STORE1090', 'store_name': 'Oxford Store', 'location': 'East Greenwood', 'manager': 'Jennifer Garcia'}, {'store_id': 'STORE1091', 'store_name': 'Salem Store', 'location': 'East Newport', 'manager': 'George Turner'}, {'store_id': 'STORE1092', 'store_name': 'Chester Store', 'location': 'West Fairview', 'manager': 'Richard Taylor'}, {'store_id': 'STORE1093', 'store_name': 'Manchester Store', 'location': 'East Jackson', 'manager': 'Anthony Lee'}, {'store_id': 'STORE1094', 'store_name': 'Franklin Store', 'location': 'West Washington', 'manager': 'Christopher Garcia'}, {'store_id': 'STORE1095', 'store_name': 'Fairview Store', 'location': 'East Bristol', 'manager': 'Lisa Edwards'}, {'store_id': 'STORE1096', 'store_name': 'Milton Store', 'location': 'West Marion', 'manager': 'Dorothy Parker'}, {'store_id': 'STORE1097', 'store_name': 'Burlington Store', 'location': 'West Richmond', 'manager': 'John Jones'}  ... displaying 10 of 534 total bound parameter sets ...  {'store_id': 'STORE1622', 'store_name': 'Franklin Store', 'location': 'East Arlingtontown', 'manager': 'John Jones'}, {'store_id': 'STORE1623', 'store_name': 'Clayton Store', 'location': 'West Franklin', 'manager': 'Carol Wright'}]]
(Background on this error at: https://sqlalche.me/e/20/gkpj)",2025-08-22 22:40:56.650964
STORE1467,Auburn Store,East Springfield,Kenneth Gonzalez,"Database insertion failed: (pymysql.err.IntegrityError) (1062, ""Duplicate entry 'STORE1090' for key 'dimstore.store_id'"")
[SQL: INSERT INTO dimstore (store_id, store_name, location, manager) VALUES (%(store_id)s, %(store_name)s, %(location)s, %(manager)s)]
[parameters: [{'store_id': 'STORE1090', 'store_name': 'Oxford Store', 'location': 'East Greenwood', 'manager': 'Jennifer Garcia'}, {'store_id': 'STORE1091', 'store_name': 'Salem Store', 'location': 'East Newport', 'manager': 'George Turner'}, {'store_id': 'STORE1092', 'store_name': 'Chester Store', 'location': 'West Fairview', 'manager': 'Richard Taylor'}, {'store_id': 'STORE1093', 'store_name': 'Manchester Store', 'location': 'East Jackson', 'manager': 'Anthony Lee'}, {'store_id': 'STORE1094', 'store_name': 'Franklin Store', 'location': 'West Washington', 'manager': 'Christopher Garcia'}, {'store_id': 'STORE1095', 'store_name': 'Fairview Store', 'location': 'East Bristol', 'manager': 'Lisa Edwards'}, {'store_id': 'STORE1096', 'store_name': 'Milton Store', 'location': 'West Marion', 'manager': 'Dorothy Parker'}, {'store_id': 'STORE1097', 'store_name': 'Burlington Store', 'location': 'West Richmond', 'manager': 'John Jones'}  ... displaying 10 of 534 total bound parameter sets ...  {'store_id': 'STORE1622', 'store_name': 'Franklin Store', 'location': 'East Arlingtontown', 'manager': 'John Jones'}, {'store_id': 'STORE1623', 'store_name': 'Clayton Store', 'location': 'West Franklin', 'manager': 'Carol Wright'}]]
(Background on this error at: https://sqlalche.me/e/20/gkpj)",2025-08-22 22:40:56.650964
STORE1468,Wayne Store,East Washingtontown,Jessica White,"Database insertion failed: (pymysql.err.IntegrityError) (1062, ""Duplicate entry 'STORE1090' for key 'dimstore.store_id'"")
[SQL: INSERT INTO dimstore (store_id, store_name, location, manager) VALUES (%(store_id)s, %(store_name)s, %(location)s, %(manager)s)]
[parameters: [{'store_id': 'STORE1090', 'store_name': 'Oxford Store', 'location': 'East Greenwood', 'manager': 'Jennifer Garcia'}, {'store_id': 'STORE1091', 'store_name': 'Salem Store', 'location': 'East Newport', 'manager': 'George Turner'}, {'store_id': 'STORE1092', 'store_name': 'Chester Store', 'location': 'West Fairview', 'manager': 'Richard Taylor'}, {'store_id': 'STORE1093', 'store_name': 'Manchester Store', 'location': 'East Jackson', 'manager': 'Anthony Lee'}, {'store_id': 'STORE1094', 'store_name': 'Franklin Store', 'location': 'West Washington', 'manager': 'Christopher Garcia'}, {'store_id': 'STORE1095', 'store_name': 'Fairview Store', 'location': 'East Bristol', 'manager': 'Lisa Edwards'}, {'store_id': 'STORE1096', 'store_name': 'Milton Store', 'location': 'West Marion', 'manager': 'Dorothy Parker'}, {'store_id': 'STORE1097', 'store_name': 'Burlington Store', 'location': 'West Richmond', 'manager': 'John Jones'}  ... displaying 10 of 534 total bound parameter sets ...  {'store_id': 'STORE1622', 'store_name': 'Franklin Store', 'location': 'East Arlingtontown', 'manager': 'John Jones'}, {'store_id': 'STORE1623', 'store_name': 'Clayton Store', 'location': 'West Franklin', 'manager': 'Carol Wright'}]]
(Background on this error at: https://sqlalche.me/e/20/gkpj)",2025-08-22 22:40:56.650964
STORE1469,Burlington Store,East Ashland,Lisa Clark,"Database insertion failed: (pymysql.err.IntegrityError) (1062, ""Duplicate entry 'STORE1090' for key 'dimstore.store_id'"")
[SQL: INSERT INTO dimstore (store_id, store_name, location, manager) VALUES (%(store_id)s, %(store_name)s, %(location)s, %(manager)s)]
[parameters: [{'store_id': 'STORE1090', 'store_name': 'Oxford Store', 'location': 'East Greenwood', 'manager': 'Jennifer Garcia'}, {'store_id': 'STORE1091', 'store_name': 'Salem Store', 'location': 'East Newport', 'manager': 'George Turner'}, {'store_id': 'STORE1092', 'store_name': 'Chester Store', 'location': 'West Fairview', 'manager': 'Richard Taylor'}, {'store_id': 'STORE1093', 'store_name': 'Manchester Store', 'location': 'East Jackson', 'manager': 'Anthony Lee'}, {'store_id': 'STORE1094', 'store_name': 'Franklin Store', 'location': 'West Washington', 'manager': 'Christopher Garcia'}, {'store_id': 'STORE1095', 'store_name': 'Fairview Store', 'location': 'East Bristol', 'manager': 'Lisa Edwards'}, {'store_id': 'STORE1096', 'store_name': 'Milton Store', 'location': 'West Marion', 'manager': 'Dorothy Parker'}, {'store_id': 'STORE1097', 'store_name': 'Burlington Store', 'location': 'West Richmond', 'manager': 'John Jones'}  ... displaying 10 of 534 total bound parameter sets ...  {'store_id': 'STORE1622', 'store_name': 'Franklin Store', 'location': 'East Arlingtontown', 'manager': 'John Jones'}, {'store_id': 'STORE1623', 'store_name': 'Clayton Store', 'location': 'West Franklin', 'manager': 'Carol Wright'}]]
(Background on this error at: https://sqlalche.me/e/20/gkpj)",2025-08-22 22:40:56.650964
STORE1470,Chester Store,West Franklin,George Turner,"Database insertion failed: (pymysql.err.IntegrityError) (1062, ""Duplicate entry 'STORE1090' for key 'dimstore.store_id'"")
[SQL: INSERT INTO dimstore (store_id, store_name, location, manager) VALUES (%(store_id)s, %(store_name)s, %(location)s, %(manager)s)]
[parameters: [{'store_id': 'STORE1090', 'store_name': 'Oxford Store', 'location': 'East Greenwood', 'manager': 'Jennifer Garcia'}, {'store_id': 'STORE1091', 'store_name': 'Salem Store', 'location': 'East Newport', 'manager': 'George Turner'}, {'store_id': 'STORE1092', 'store_name': 'Chester Store', 'location': 'West Fairview', 'manager': 'Richard Taylor'}, {'store_id': 'STORE1093', 'store_name': 'Manchester Store', 'location': 'East Jackson', 'manager': 'Anthony Lee'}, {'store_id': 'STORE1094', 'store_name': 'Franklin Store', 'location': 'West Washington', 'manager': 'Christopher Garcia'}, {'store_id': 'STORE1095', 'store_name': 'Fairview Store', 'location': 'East Bristol', 'manager': 'Lisa Edwards'}, {'store_id': 'STORE1096', 'store_name': 'Milton Store', 'location': 'West Marion', 'manager': 'Dorothy Parker'}, {'store_id': 'STORE1097', 'store_name': 'Burlington Store', 'location': 'West Richmond', 'manager': 'John Jones'}  ... displaying 10 of 534 total bound parameter sets ...  {'store_id': 'STORE1622', 'store_name': 'Franklin Store', 'location': 'East Arlingtontown', 'manager': 'John Jones'}, {'store_id': 'STORE1623', 'store_name': 'Clayton Store', 'location': 'West Franklin', 'manager': 'Carol Wright'}]]
(Background on this error at: https://sqlalche.me/e/20/gkpj)",2025-08-22 22:40:56.650964
STORE1471,Franklin Store,West Auburn,William Rodriguez,"Database insertion failed: (pymysql.err.IntegrityError) (1062, ""Duplicate entry 'STORE1090' for key 'dimstore.store_id'"")
[SQL: INSERT INTO dimstore (store_id, store_name, location, manager) VALUES (%(store_id)s, %(store_name)s, %(location)s, %(manager)s)]
[parameters: [{'store_id': 'STORE1090', 'store_name': 'Oxford Store', 'location': 'East Greenwood', 'manager': 'Jennifer Garcia'}, {'store_id': 'STORE1091', 'store_name': 'Salem Store', 'location': 'East Newport', 'manager': 'George Turner'}, {'store_id': 'STORE1092', 'store_name': 'Chester Store', 'location': 'West Fairview', 'manager': 'Richard Taylor'}, {'store_id': 'STORE1093', 'store_name': 'Manchester Store', 'location': 'East Jackson', 'manager': 'Anthony Lee'}, {'store_id': 'STORE1094', 'store_name': 'Franklin Store', 'location': 'West Washington', 'manager': 'Christopher Garcia'}, {'store_id': 'STORE1095', 'store_name': 'Fairview Store', 'location': 'East Bristol', 'manager': 'Lisa Edwards'}, {'store_id': 'STORE1096', 'store_name': 'Milton Store', 'location': 'West Marion', 'manager': 'Dorothy Parker'}, {'store_id': 'STORE1097', 'store_name': 'Burlington Store', 'location': 'West Richmond', 'manager': 'John Jones'}  ... displaying 10 of 534 total bound parameter sets ...  {'store_id': 'STORE1622', 'store_name': 'Franklin Store', 'location': 'East Arlingtontown', 'manager': 'John Jones'}, {'store_id': 'STORE1623', 'store_name': 'Clayton Store', 'location': 'West Franklin', 'manager': 'Carol Wright'}]]
(Background on this error at: https://sqlalche.me/e/20/gkpj)",2025-08-22 22:40:56.650964
STORE1472,Chester Store,West Auburn,Sharon Green,"Database insertion failed: (pymysql.err.IntegrityError) (1062, ""Duplicate entry 'STORE1090' for key 'dimstore.store_id'"")
[SQL: INSERT INTO dimstore (store_id, store_name, location, manager) VALUES (%(store_id)s, %(store_name)s, %(location)s, %(manager)s)]
[parameters: [{'store_id': 'STORE1090', 'store_name': 'Oxford Store', 'location': 'East Greenwood', 'manager': 'Jennifer Garcia'}, {'store_id': 'STORE1091', 'store_name': 'Salem Store', 'location': 'East Newport', 'manager': 'George Turner'}, {'store_id': 'STORE1092', 'store_name': 'Chester Store', 'location': 'West Fairview', 'manager': 'Richard Taylor'}, {'store_id': 'STORE1093', 'store_name': 'Manchester Store', 'location': 'East Jackson', 'manager': 'Anthony Lee'}, {'store_id': 'STORE1094', 'store_name': 'Franklin Store', 'location': 'West Washington', 'manager': 'Christopher Garcia'}, {'store_id': 'STORE1095', 'store_name': 'Fairview Store', 'location': 'East Bristol', 'manager': 'Lisa Edwards'}, {'store_id': 'STORE1096', 'store_name': 'Milton Store', 'location': 'West Marion', 'manager': 'Dorothy Parker'}, {'store_id': 'STORE1097', 'store_name': 'Burlington Store', 'location': 'West Richmond', 'manager': 'John Jones'}  ... displaying 10 of 534 total bound parameter sets ...  {'store_id': 'STORE1622', 'store_name': 'Franklin Store', 'location': 'East Arlingtontown', 'manager': 'John Jones'}, {'store_id': 'STORE1623', 'store_name': 'Clayton Store', 'location': 'West Franklin', 'manager': 'Carol Wright'}]]
(Background on this error at: https://sqlalche.me/e/20/gkpj)",2025-08-22 22:40:56.650964
STORE1473,Lancaster Store,East Bristol,Lisa Clark,"Database insertion failed: (pymysql.err.IntegrityError) (1062, ""Duplicate entry 'STORE1090' for key 'dimstore.store_id'"")
[SQL: INSERT INTO dimstore (store_id, store_name, location, manager) VALUES (%(store_id)s, %(store_name)s, %(location)s, %(manager)s)]
[parameters: [{'store_id': 'STORE1090', 'store_name': 'Oxford Store', 'location': 'East Greenwood', 'manager': 'Jennifer Garcia'}, {'store_id': 'STORE1091', 'store_name': 'Salem Store', 'location': 'East Newport', 'manager': 'George Turner'}, {'store_id': 'STORE1092', 'store_name': 'Chester Store', 'location': 'West Fairview', 'manager': 'Richard Taylor'}, {'store_id': 'STORE1093', 'store_name': 'Manchester Store', 'location': 'East Jackson', 'manager': 'Anthony Lee'}, {'store_id': 'STORE1094', 'store_name': 'Franklin Store', 'location': 'West Washington', 'manager': 'Christopher Garcia'}, {'store_id': 'STORE1095', 'store_name': 'Fairview Store', 'location': 'East Bristol', 'manager': 'Lisa Edwards'}, {'store_id': 'STORE1096', 'store_name': 'Milton Store', 'location': 'West Marion', 'manager': 'Dorothy Parker'}, {'store_id': 'STORE1097', 'store_name': 'Burlington Store', 'location': 'West Richmond', 'manager': 'John Jones'}  ... displaying 10 of 534 total bound parameter sets ...  {'store_id': 'STORE1622', 'store_name': 'Franklin Store', 'location': 'East Arlingtontown', 'manager': 'John Jones'}, {'store_id': 'STORE1623', 'store_name': 'Clayton Store', 'location': 'West Franklin', 'manager': 'Carol Wright'}]]
(Background on this error at: https://sqlalche.me/e/20/gkpj)",2025-08-22 22:40:56.650964
STORE1474,Washington Store,East Fairview,Richard Taylor,"Database insertion failed: (pymysql.err.IntegrityError) (1062, ""Duplicate entry 'STORE1090' for key 'dimstore.store_id'"")
[SQL: INSERT INTO dimstore (store_id, store_name, location, manager) VALUES (%(store_id)s, %(store_name)s, %(location)s, %(manager)s)]
[parameters: [{'store_id': 'STORE1090', 'store_name': 'Oxford Store', 'location': 'East Greenwood', 'manager': 'Jennifer Garcia'}, {'store_id': 'STORE1091', 'store_name': 'Salem Store', 'location': 'East Newport', 'manager': 'George Turner'}, {'store_id': 'STORE1092', 'store_name': 'Chester Store', 'location': 'West Fairview', 'manager': 'Richard Taylor'}, {'store_id': 'STORE1093', 'store_name': 'Manchester Store', 'location': 'East Jackson', 'manager': 'Anthony Lee'}, {'store_id': 'STORE1094', 'store_name': 'Franklin Store', 'location': 'West Washington', 'manager': 'Christopher Garcia'}, {'store_id': 'STORE1095', 'store_name': 'Fairview Store', 'location': 'East Bristol', 'manager': 'Lisa Edwards'}, {'store_id': 'STORE1096', 'store_name': 'Milton Store', 'location': 'West Marion', 'manager': 'Dorothy Parker'}, {'store_id': 'STORE1097', 'store_name': 'Burlington Store', 'location': 'West Richmond', 'manager': 'John Jones'}  ... displaying 10 of 534 total bound parameter sets ...  {'store_id': 'STORE1622', 'store_name': 'Franklin Store', 'location': 'East Arlingtontown', 'manager': 'John Jones'}, {'store_id': 'STORE1623', 'store_name': 'Clayton Store', 'location': 'West Franklin', 'manager': 'Carol Wright'}]]
(Background on this error at: https://sqlalche.me/e/20/gkpj)",2025-08-22 22:40:56.650964
STORE1475,Franklin Store,East Marion,Sharon Green,"Database insertion failed: (pymysql.err.IntegrityError) (1062, ""Duplicate entry 'STORE1090' for key 'dimstore.store_id'"")
[SQL: INSERT INTO dimstore (store_id, store_name, location, manager) VALUES (%(store_id)s, %(store_name)s, %(location)s, %(manager)s)]
[parameters: [{'store_id': 'STORE1090', 'store_name': 'Oxford Store', 'location': 'East Greenwood', 'manager': 'Jennifer Garcia'}, {'store_id': 'STORE1091', 'store_name': 'Salem Store', 'location': 'East Newport', 'manager': 'George Turner'}, {'store_id': 'STORE1092', 'store_name': 'Chester Store', 'location': 'West Fairview', 'manager': 'Richard Taylor'}, {'store_id': 'STORE1093', 'store_name': 'Manchester Store', 'location': 'East Jackson', 'manager': 'Anthony Lee'}, {'store_id': 'STORE1094', 'store_name': 'Franklin Store', 'location': 'West Washington', 'manager': 'Christopher Garcia'}, {'store_id': 'STORE1095', 'store_name': 'Fairview Store', 'location': 'East Bristol', 'manager': 'Lisa Edwards'}, {'store_id': 'STORE1096', 'store_name': 'Milton Store', 'location': 'West Marion', 'manager': 'Dorothy Parker'}, {'store_id': 'STORE1097', 'store_name': 'Burlington Store', 'location': 'West Richmond', 'manager': 'John Jones'}  ... displaying 10 of 534 total bound parameter sets ...  {'store_id': 'STORE1622', 'store_name': 'Franklin Store', 'location': 'East Arlingtontown', 'manager': 'John Jones'}, {'store_id': 'STORE1623', 'store_name': 'Clayton Store', 'location': 'West Franklin', 'manager': 'Carol Wright'}]]
(Background on this error at: https://sqlalche.me/e/20/gkpj)",2025-08-22 22:40:56.650964
STORE1476,Oxford Store,East Georgetown,Nancy Martinez,"Database insertion failed: (pymysql.err.IntegrityError) (1062, ""Duplicate entry 'STORE1090' for key 'dimstore.store_id'"")
[SQL: INSERT INTO dimstore (store_id, store_name, location, manager) VALUES (%(store_id)s, %(store_name)s, %(location)s, %(manager)s)]
[parameters: [{'store_id': 'STORE1090', 'store_name': 'Oxford Store', 'location': 'East Greenwood', 'manager': 'Jennifer Garcia'}, {'store_id': 'STORE1091', 'store_name': 'Salem Store', 'location': 'East Newport', 'manager': 'George Turner'}, {'store_id': 'STORE1092', 'store_name': 'Chester Store', 'location': 'West Fairview', 'manager': 'Richard Taylor'}, {'store_id': 'STORE1093', 'store_name': 'Manchester Store', 'location': 'East Jackson', 'manager': 'Anthony Lee'}, {'store_id': 'STORE1094', 'store_name': 'Franklin Store', 'location': 'West Washington', 'manager': 'Christopher Garcia'}, {'store_id': 'STORE1095', 'store_name': 'Fairview Store', 'location': 'East Bristol', 'manager': 'Lisa Edwards'}, {'store_id': 'STORE1096', 'store_name': 'Milton Store', 'location': 'West Marion', 'manager': 'Dorothy Parker'}, {'store_id': 'STORE1097', 'store_name': 'Burlington Store', 'location': 'West Richmond', 'manager': 'John Jones'}  ... displaying 10 of 534 total bound parameter sets ...  {'store_id': 'STORE1622', 'store_name': 'Franklin Store', 'location': 'East Arlingtontown', 'manager': 'John Jones'}, {'store_id': 'STORE1623', 'store_name': 'Clayton Store', 'location': 'West Franklin', 'manager': 'Carol Wright'}]]
(Background on this error at: https://sqlalche.me/e/20/gkpj)",2025-08-22 22:40:56.650964
STORE1477,Oxford Store,West Newport,Kenneth Gonzalez,"Database insertion failed: (pymysql.err.IntegrityError) (1062, ""Duplicate entry 'STORE1090' for key 'dimstore.store_id'"")
[SQL: INSERT INTO dimstore (store_id, store_name, location, manager) VALUES (%(store_id)s, %(store_name)s, %(location)s, %(manager)s)]
[parameters: [{'store_id': 'STORE1090', 'store_name': 'Oxford Store', 'location': 'East Greenwood', 'manager': 'Jennifer Garcia'}, {'store_id': 'STORE1091', 'store_name': 'Salem Store', 'location': 'East Newport', 'manager': 'George Turner'}, {'store_id': 'STORE1092', 'store_name': 'Chester Store', 'location': 'West Fairview', 'manager': 'Richard Taylor'}, {'store_id': 'STORE1093', 'store_name': 'Manchester Store', 'location': 'East Jackson', 'manager': 'Anthony Lee'}, {'store_id': 'STORE1094', 'store_name': 'Franklin Store', 'location': 'West Washington', 'manager': 'Christopher Garcia'}, {'store_id': 'STORE1095', 'store_name': 'Fairview Store', 'location': 'East Bristol', 'manager': 'Lisa Edwards'}, {'store_id': 'STORE1096', 'store_name': 'Milton Store', 'location': 'West Marion', 'manager': 'Dorothy Parker'}, {'store_id': 'STORE1097', 'store_name': 'Burlington Store', 'location': 'West Richmond', 'manager': 'John Jones'}  ... displaying 10 of 534 total bound parameter sets ...  {'store_id': 'STORE1622', 'store_name': 'Franklin Store', 'location': 'East Arlingtontown', 'manager': 'John Jones'}, {'store_id': 'STORE1623', 'store_name': 'Clayton Store', 'location': 'West Franklin', 'manager': 'Carol Wright'}]]
(Background on this error at: https://sqlalche.me/e/20/gkpj)",2025-08-22 22:40:56.650964
STORE1478,Clinton Store,East Claytontown,Helen Walker,"Database insertion failed: (pymysql.err.IntegrityError) (1062, ""Duplicate entry 'STORE1090' for key 'dimstore.store_id'"")
[SQL: INSERT INTO dimstore (store_id, store_name, location, manager) VALUES (%(store_id)s, %(store_name)s, %(location)s, %(manager)s)]
[parameters: [{'store_id': 'STORE1090', 'store_name': 'Oxford Store', 'location': 'East Greenwood', 'manager': 'Jennifer Garcia'}, {'store_id': 'STORE1091', 'store_name': 'Salem Store', 'location': 'East Newport', 'manager': 'George Turner'}, {'store_id': 'STORE1092', 'store_name': 'Chester Store', 'location': 'West Fairview', 'manager': 'Richard Taylor'}, {'store_id': 'STORE1093', 'store_name': 'Manchester Store', 'location': 'East Jackson', 'manager': 'Anthony Lee'}, {'store_id': 'STORE1094', 'store_name': 'Franklin Store', 'location': 'West Washington', 'manager': 'Christopher Garcia'}, {'store_id': 'STORE1095', 'store_name': 'Fairview Store', 'location': 'East Bristol', 'manager': 'Lisa Edwards'}, {'store_id': 'STORE1096', 'store_name': 'Milton Store', 'location': 'West Marion', 'manager': 'Dorothy Parker'}, {'store_id': 'STORE1097', 'store_name': 'Burlington Store', 'location': 'West Richmond', 'manager': 'John Jones'}  ... displaying 10 of 534 total bound parameter sets ...  {'store_id': 'STORE1622', 'store_name': 'Franklin Store', 'location': 'East Arlingtontown', 'manager': 'John Jones'}, {'store_id': 'STORE1623', 'store_name': 'Clayton Store', 'location': 'West Franklin', 'manager': 'Carol Wright'}]]
(Background on this error at: https://sqlalche.me/e/20/gkpj)",2025-08-22 22:40:56.650964
STORE1479,Bristol Store,West Dovertown,Jessica White,"Database insertion failed: (pymysql.err.IntegrityError) (1062, ""Duplicate entry 'STORE1090' for key 'dimstore.store_id'"")
[SQL: INSERT INTO dimstore (store_id, store_name, location, manager) VALUES (%(store_id)s, %(store_name)s, %(location)s, %(manager)s)]
[parameters: [{'store_id': 'STORE1090', 'store_name': 'Oxford Store', 'location': 'East Greenwood', 'manager': 'Jennifer Garcia'}, {'store_id': 'STORE1091', 'store_name': 'Salem Store', 'location': 'East Newport', 'manager': 'George Turner'}, {'store_id': 'STORE1092', 'store_name': 'Chester Store', 'location': 'West Fairview', 'manager': 'Richard Taylor'}, {'store_id': 'STORE1093', 'store_name': 'Manchester Store', 'location': 'East Jackson', 'manager': 'Anthony Lee'}, {'store_id': 'STORE1094', 'store_name': 'Franklin Store', 'location': 'West Washington', 'manager': 'Christopher Garcia'}, {'store_id': 'STORE1095', 'store_name': 'Fairview Store', 'location': 'East Bristol', 'manager': 'Lisa Edwards'}, {'store_id': 'STORE1096', 'store_name': 'Milton Store', 'location': 'West Marion', 'manager': 'Dorothy Parker'}, {'store_id': 'STORE1097', 'store_name': 'Burlington Store', 'location': 'West Richmond', 'manager': 'John Jones'}  ... displaying 10 of 534 total bound parameter sets ...  {'store_id': 'STORE1622', 'store_name': 'Franklin Store', 'location': 'East Arlingtontown', 'manager': 'John Jones'}, {'store_id': 'STORE1623', 'store_name': 'Clayton Store', 'location': 'West Franklin', 'manager': 'Carol Wright'}]]
(Background on this error at: https://sqlalche.me/e/20/gkpj)",2025-08-22 22:40:56.650964
STORE1480,Dover Store,West Arlingtontown,Linda Davis,"Database insertion failed: (pymysql.err.IntegrityError) (1062, ""Duplicate entry 'STORE1090' for key 'dimstore.store_id'"")
[SQL: INSERT INTO dimstore (store_id, store_name, location, manager) VALUES (%(store_id)s, %(store_name)s, %(location)s, %(manager)s)]
[parameters: [{'store_id': 'STORE1090', 'store_name': 'Oxford Store', 'location': 'East Greenwood', 'manager': 'Jennifer Garcia'}, {'store_id': 'STORE1091', 'store_name': 'Salem Store', 'location': 'East Newport', 'manager': 'George Turner'}, {'store_id': 'STORE1092', 'store_name': 'Chester Store', 'location': 'West Fairview', 'manager': 'Richard Taylor'}, {'store_id': 'STORE1093', 'store_name': 'Manchester Store', 'location': 'East Jackson', 'manager': 'Anthony Lee'}, {'store_id': 'STORE1094', 'store_name': 'Franklin Store', 'location': 'West Washington', 'manager': 'Christopher Garcia'}, {'store_id': 'STORE1095', 'store_name': 'Fairview Store', 'location': 'East Bristol', 'manager': 'Lisa Edwards'}, {'store_id': 'STORE1096', 'store_name': 'Milton Store', 'location': 'West Marion', 'manager': 'Dorothy Parker'}, {'store_id': 'STORE1097', 'store_name': 'Burlington Store', 'location': 'West Richmond', 'manager': 'John Jones'}  ... displaying 10 of 534 total bound parameter sets ...  {'store_id': 'STORE1622', 'store_name': 'Franklin Store', 'location': 'East Arlingtontown', 'manager': 'John Jones'}, {'store_id': 'STORE1623', 'store_name': 'Clayton Store', 'location': 'West Franklin', 'manager': 'Carol Wright'}]]
(Background on this error at: https://sqlalche.me/e/20/gkpj)",2025-08-22 22:40:56.650964
STORE1481,Springfield Store,West Georgetowntown,Sharon Green,"Database insertion failed: (pymysql.err.IntegrityError) (1062, ""Duplicate entry 'STORE1090' for key 'dimstore.store_id'"")
[SQL: INSERT INTO dimstore (store_id, store_name, location, manager) VALUES (%(store_id)s, %(store_name)s, %(location)s, %(manager)s)]
[parameters: [{'store_id': 'STORE1090', 'store_name': 'Oxford Store', 'location': 'East Greenwood', 'manager': 'Jennifer Garcia'}, {'store_id': 'STORE1091', 'store_name': 'Salem Store', 'location': 'East Newport', 'manager': 'George Turner'}, {'store_id': 'STORE1092', 'store_name': 'Chester Store', 'location': 'West Fairview', 'manager': 'Richard Taylor'}, {'store_id': 'STORE1093', 'store_name': 'Manchester Store', 'location': 'East Jackson', 'manager': 'Anthony Lee'}, {'store_id': 'STORE1094', 'store_name': 'Franklin Store', 'location': 'West Washington', 'manager': 'Christopher Garcia'}, {'store_id': 'STORE1095', 'store_name': 'Fairview Store', 'location': 'East Bristol', 'manager': 'Lisa Edwards'}, {'store_id': 'STORE1096', 'store_name': 'Milton Store', 'location': 'West Marion', 'manager': 'Dorothy Parker'}, {'store_id': 'STORE1097', 'store_name': 'Burlington Store', 'location': 'West Richmond', 'manager': 'John Jones'}  ... displaying 10 of 534 total bound parameter sets ...  {'store_id': 'STORE1622', 'store_name': 'Franklin Store', 'location': 'East Arlingtontown', 'manager': 'John Jones'}, {'store_id': 'STORE1623', 'store_name': 'Clayton Store', 'location': 'West Franklin', 'manager': 'Carol Wright'}]]
(Background on this error at: https://sqlalche.me/e/20/gkpj)",2025-08-22 22:40:56.650964
STORE1482,Wayne Store,West Fairviewtown,Matthew Rodriguez,"Database insertion failed: (pymysql.err.IntegrityError) (1062, ""Duplicate entry 'STORE1090' for key 'dimstore.store_id'"")
[SQL: INSERT INTO dimstore (store_id, store_name, location, manager) VALUES (%(store_id)s, %(store_name)s, %(location)s, %(manager)s)]
[parameters: [{'store_id': 'STORE1090', 'store_name': 'Oxford Store', 'location': 'East Greenwood', 'manager': 'Jennifer Garcia'}, {'store_id': 'STORE1091', 'store_name': 'Salem Store', 'location': 'East Newport', 'manager': 'George Turner'}, {'store_id': 'STORE1092', 'store_name': 'Chester Store', 'location': 'West Fairview', 'manager': 'Richard Taylor'}, {'store_id': 'STORE1093', 'store_name': 'Manchester Store', 'location': 'East Jackson', 'manager': 'Anthony Lee'}, {'store_id': 'STORE1094', 'store_name': 'Franklin Store', 'location': 'West Washington', 'manager': 'Christopher Garcia'}, {'store_id': 'STORE1095', 'store_name': 'Fairview Store', 'location': 'East Bristol', 'manager': 'Lisa Edwards'}, {'store_id': 'STORE1096', 'store_name': 'Milton Store', 'location': 'West Marion', 'manager': 'Dorothy Parker'}, {'store_id': 'STORE1097', 'store_name': 'Burlington Store', 'location': 'West Richmond', 'manager': 'John Jones'}  ... displaying 10 of 534 total bound parameter sets ...  {'store_id': 'STORE1622', 'store_name': 'Franklin Store', 'location': 'East Arlingtontown', 'manager': 'John Jones'}, {'store_id': 'STORE1623', 'store_name': 'Clayton Store', 'location': 'West Franklin', 'manager': 'Carol Wright'}]]
(Background on this error at: https://sqlalche.me/e/20/gkpj)",2025-08-22 22:40:56.650964
STORE1483,Fairview Store,West Riverside,Thomas Harris,"Database insertion failed: (pymysql.err.IntegrityError) (1062, ""Duplicate entry 'STORE1090' for key 'dimstore.store_id'"")
[SQL: INSERT INTO dimstore (store_id, store_name, location, manager) VALUES (%(store_id)s, %(store_name)s, %(location)s, %(manager)s)]
[parameters: [{'store_id': 'STORE1090', 'store_name': 'Oxford Store', 'location': 'East Greenwood', 'manager': 'Jennifer Garcia'}, {'store_id': 'STORE1091', 'store_name': 'Salem Store', 'location': 'East Newport', 'manager': 'George Turner'}, {'store_id': 'STORE1092', 'store_name': 'Chester Store', 'location': 'West Fairview', 'manager': 'Richard Taylor'}, {'store_id': 'STORE1093', 'store_name': 'Manchester Store', 'location': 'East Jackson', 'manager': 'Anthony Lee'}, {'store_id': 'STORE1094', 'store_name': 'Franklin Store', 'location': 'West Washington', 'manager': 'Christopher Garcia'}, {'store_id': 'STORE1095', 'store_name': 'Fairview Store', 'location': 'East Bristol', 'manager': 'Lisa Edwards'}, {'store_id': 'STORE1096', 'store_name': 'Milton Store', 'location': 'West Marion', 'manager': 'Dorothy Parker'}, {'store_id': 'STORE1097', 'store_name': 'Burlington Store', 'location': 'West Richmond', 'manager': 'John Jones'}  ... displaying 10 of 534 total bound parameter sets ...  {'store_id': 'STORE1622', 'store_name': 'Franklin Store', 'location': 'East Arlingtontown', 'manager': 'John Jones'}, {'store_id': 'STORE1623', 'store_name': 'Clayton Store', 'location': 'West Franklin', 'manager': 'Carol Wright'}]]
(Background on this error at: https://sqlalche.me/e/20/gkpj)",2025-08-22 22:40:56.650964
STORE1484,Burlington Store,East Claytontown,Matthew Rodriguez,"Database insertion failed: (pymysql.err.IntegrityError) (1062, ""Duplicate entry 'STORE1090' for key 'dimstore.store_id'"")
[SQL: INSERT INTO dimstore (store_id, store_name, location, manager) VALUES (%(store_id)s, %(store_name)s, %(location)s, %(manager)s)]
[parameters: [{'store_id': 'STORE1090', 'store_name': 'Oxford Store', 'location': 'East Greenwood', 'manager': 'Jennifer Garcia'}, {'store_id': 'STORE1091', 'store_name': 'Salem Store', 'location': 'East Newport', 'manager': 'George Turner'}, {'store_id': 'STORE1092', 'store_name': 'Chester Store', 'location': 'West Fairview', 'manager': 'Richard Taylor'}, {'store_id': 'STORE1093', 'store_name': 'Manchester Store', 'location': 'East Jackson', 'manager': 'Anthony Lee'}, {'store_id': 'STORE1094', 'store_name': 'Franklin Store', 'location': 'West Washington', 'manager': 'Christopher Garcia'}, {'store_id': 'STORE1095', 'store_name': 'Fairview Store', 'location': 'East Bristol', 'manager': 'Lisa Edwards'}, {'store_id': 'STORE1096', 'store_name': 'Milton Store', 'location': 'West Marion', 'manager': 'Dorothy Parker'}, {'store_id': 'STORE1097', 'store_name': 'Burlington Store', 'location': 'West Richmond', 'manager': 'John Jones'}  ... displaying 10 of 534 total bound parameter sets ...  {'store_id': 'STORE1622', 'store_name': 'Franklin Store', 'location': 'East Arlingtontown', 'manager': 'John Jones'}, {'store_id': 'STORE1623', 'store_name': 'Clayton Store', 'location': 'West Franklin', 'manager': 'Carol Wright'}]]
(Background on this error at: https://sqlalche.me/e/20/gkpj)",2025-08-22 22:40:56.650964
STORE1485,Georgetown Store,West Dovertown,John Jones,"Database insertion failed: (pymysql.err.IntegrityError) (1062, ""Duplicate entry 'STORE1090' for key 'dimstore.store_id'"")
[SQL: INSERT INTO dimstore (store_id, store_name, location, manager) VALUES (%(store_id)s, %(store_name)s, %(location)s, %(manager)s)]
[parameters: [{'store_id': 'STORE1090', 'store_name': 'Oxford Store', 'location': 'East Greenwood', 'manager': 'Jennifer Garcia'}, {'store_id': 'STORE1091', 'store_name': 'Salem Store', 'location': 'East Newport', 'manager': 'George Turner'}, {'store_id': 'STORE1092', 'store_name': 'Chester Store', 'location': 'West Fairview', 'manager': 'Richard Taylor'}, {'store_id': 'STORE1093', 'store_name': 'Manchester Store', 'location': 'East Jackson', 'manager': 'Anthony Lee'}, {'store_id': 'STORE1094', 'store_name': 'Franklin Store', 'location': 'West Washington', 'manager': 'Christopher Garcia'}, {'store_id': 'STORE1095', 'store_name': 'Fairview Store', 'location': 'East Bristol', 'manager': 'Lisa Edwards'}, {'store_id': 'STORE1096', 'store_name': 'Milton Store', 'location': 'West Marion', 'manager': 'Dorothy Parker'}, {'store_id': 'STORE1097', 'store_name': 'Burlington Store', 'location': 'West Richmond', 'manager': 'John Jones'}  ... displaying 10 of 534 total bound parameter sets ...  {'store_id': 'STORE1622', 'store_name': 'Franklin Store', 'location': 'East Arlingtontown', 'manager': 'John Jones'}, {'store_id': 'STORE1623', 'store_name': 'Clayton Store', 'location': 'West Franklin', 'manager': 'Carol Wright'}]]
(Background on this error at: https://sqlalche.me/e/20/gkpj)",2025-08-22 22:40:56.650964
STORE1486,Jackson Store,East Arlington,Susan Thomas,"Database insertion failed: (pymysql.err.IntegrityError) (1062, ""Duplicate entry 'STORE1090' for key 'dimstore.store_id'"")
[SQL: INSERT INTO dimstore (store_id, store_name, location, manager) VALUES (%(store_id)s, %(store_name)s, %(location)s, %(manager)s)]
[parameters: [{'store_id': 'STORE1090', 'store_name': 'Oxford Store', 'location': 'East Greenwood', 'manager': 'Jennifer Garcia'}, {'store_id': 'STORE1091', 'store_name': 'Salem Store', 'location': 'East Newport', 'manager': 'George Turner'}, {'store_id': 'STORE1092', 'store_name': 'Chester Store', 'location': 'West Fairview', 'manager': 'Richard Taylor'}, {'store_id': 'STORE1093', 'store_name': 'Manchester Store', 'location': 'East Jackson', 'manager': 'Anthony Lee'}, {'store_id': 'STORE1094', 'store_name': 'Franklin Store', 'location': 'West Washington', 'manager': 'Christopher Garcia'}, {'store_id': 'STORE1095', 'store_name': 'Fairview Store', 'location': 'East Bristol', 'manager': 'Lisa Edwards'}, {'store_id': 'STORE1096', 'store_name': 'Milton Store', 'location': 'West Marion', 'manager': 'Dorothy Parker'}, {'store_id': 'STORE1097', 'store_name': 'Burlington Store', 'location': 'West Richmond', 'manager': 'John Jones'}  ... displaying 10 of 534 total bound parameter sets ...  {'store_id': 'STORE1622', 'store_name': 'Franklin Store', 'location': 'East Arlingtontown', 'manager': 'John Jones'}, {'store_id': 'STORE1623', 'store_name': 'Clayton Store', 'location': 'West Franklin', 'manager': 'Carol Wright'}]]
(Background on this error at: https://sqlalche.me/e/20/gkpj)",2025-08-22 22:40:56.650964
STORE1487,Milton Store,West Madison,Lisa Edwards,"Database insertion failed: (pymysql.err.IntegrityError) (1062, ""Duplicate entry 'STORE1090' for key 'dimstore.store_id'"")
[SQL: INSERT INTO dimstore (store_id, store_name, location, manager) VALUES (%(store_id)s, %(store_name)s, %(location)s, %(manager)s)]
[parameters: [{'store_id': 'STORE1090', 'store_name': 'Oxford Store', 'location': 'East Greenwood', 'manager': 'Jennifer Garcia'}, {'store_id': 'STORE1091', 'store_name': 'Salem Store', 'location': 'East Newport', 'manager': 'George Turner'}, {'store_id': 'STORE1092', 'store_name': 'Chester Store', 'location': 'West Fairview', 'manager': 'Richard Taylor'}, {'store_id': 'STORE1093', 'store_name': 'Manchester Store', 'location': 'East Jackson', 'manager': 'Anthony Lee'}, {'store_id': 'STORE1094', 'store_name': 'Franklin Store', 'location': 'West Washington', 'manager': 'Christopher Garcia'}, {'store_id': 'STORE1095', 'store_name': 'Fairview Store', 'location': 'East Bristol', 'manager': 'Lisa Edwards'}, {'store_id': 'STORE1096', 'store_name': 'Milton Store', 'location': 'West Marion', 'manager': 'Dorothy Parker'}, {'store_id': 'STORE1097', 'store_name': 'Burlington Store', 'location': 'West Richmond', 'manager': 'John Jones'}  ... displaying 10 of 534 total bound parameter sets ...  {'store_id': 'STORE1622', 'store_name': 'Franklin Store', 'location': 'East Arlingtontown', 'manager': 'John Jones'}, {'store_id': 'STORE1623', 'store_name': 'Clayton Store', 'location': 'West Franklin', 'manager': 'Carol Wright'}]]
(Background on this error at: https://sqlalche.me/e/20/gkpj)",2025-08-22 22:40:56.650964
STORE1488,Madison Store,West Greenwood,Lisa Edwards,"Database insertion failed: (pymysql.err.IntegrityError) (1062, ""Duplicate entry 'STORE1090' for key 'dimstore.store_id'"")
[SQL: INSERT INTO dimstore (store_id, store_name, location, manager) VALUES (%(store_id)s, %(store_name)s, %(location)s, %(manager)s)]
[parameters: [{'store_id': 'STORE1090', 'store_name': 'Oxford Store', 'location': 'East Greenwood', 'manager': 'Jennifer Garcia'}, {'store_id': 'STORE1091', 'store_name': 'Salem Store', 'location': 'East Newport', 'manager': 'George Turner'}, {'store_id': 'STORE1092', 'store_name': 'Chester Store', 'location': 'West Fairview', 'manager': 'Richard Taylor'}, {'store_id': 'STORE1093', 'store_name': 'Manchester Store', 'location': 'East Jackson', 'manager': 'Anthony Lee'}, {'store_id': 'STORE1094', 'store_name': 'Franklin Store', 'location': 'West Washington', 'manager': 'Christopher Garcia'}, {'store_id': 'STORE1095', 'store_name': 'Fairview Store', 'location': 'East Bristol', 'manager': 'Lisa Edwards'}, {'store_id': 'STORE1096', 'store_name': 'Milton Store', 'location': 'West Marion', 'manager': 'Dorothy Parker'}, {'store_id': 'STORE1097', 'store_name': 'Burlington Store', 'location': 'West Richmond', 'manager': 'John Jones'}  ... displaying 10 of 534 total bound parameter sets ...  {'store_id': 'STORE1622', 'store_name': 'Franklin Store', 'location': 'East Arlingtontown', 'manager': 'John Jones'}, {'store_id': 'STORE1623', 'store_name': 'Clayton Store', 'location': 'West Franklin', 'manager': 'Carol Wright'}]]
(Background on this error at: https://sqlalche.me/e/20/gkpj)",2025-08-22 22:40:56.650964
STORE1489,Clayton Store,West Auburntown,Kenneth Gonzalez,"Database insertion failed: (pymysql.err.IntegrityError) (1062, ""Duplicate entry 'STORE1090' for key 'dimstore.store_id'"")
[SQL: INSERT INTO dimstore (store_id, store_name, location, manager) VALUES (%(store_id)s, %(store_name)s, %(location)s, %(manager)s)]
[parameters: [{'store_id': 'STORE1090', 'store_name': 'Oxford Store', 'location': 'East Greenwood', 'manager': 'Jennifer Garcia'}, {'store_id': 'STORE1091', 'store_name': 'Salem Store', 'location': 'East Newport', 'manager': 'George Turner'}, {'store_id': 'STORE1092', 'store_name': 'Chester Store', 'location': 'West Fairview', 'manager': 'Richard Taylor'}, {'store_id': 'STORE1093', 'store_name': 'Manchester Store', 'location': 'East Jackson', 'manager': 'Anthony Lee'}, {'store_id': 'STORE1094', 'store_name': 'Franklin Store', 'location': 'West Washington', 'manager': 'Christopher Garcia'}, {'store_id': 'STORE1095', 'store_name': 'Fairview Store', 'location': 'East Bristol', 'manager': 'Lisa Edwards'}, {'store_id': 'STORE1096', 'store_name': 'Milton Store', 'location': 'West Marion', 'manager': 'Dorothy Parker'}, {'store_id': 'STORE1097', 'store_name': 'Burlington Store', 'location': 'West Richmond', 'manager': 'John Jones'}  ... displaying 10 of 534 total bound parameter sets ...  {'store_id': 'STORE1622', 'store_name': 'Franklin Store', 'location': 'East Arlingtontown', 'manager': 'John Jones'}, {'store_id': 'STORE1623', 'store_name': 'Clayton Store', 'location': 'West Franklin', 'manager': 'Carol Wright'}]]
(Background on this error at: https://sqlalche.me/e/20/gkpj)",2025-08-22 22:40:56.650964
STORE1490,Milton Store,East Arlington,Robert Williams,"Database insertion failed: (pymysql.err.IntegrityError) (1062, ""Duplicate entry 'STORE1090' for key 'dimstore.store_id'"")
[SQL: INSERT INTO dimstore (store_id, store_name, location, manager) VALUES (%(store_id)s, %(store_name)s, %(location)s, %(manager)s)]
[parameters: [{'store_id': 'STORE1090', 'store_name': 'Oxford Store', 'location': 'East Greenwood', 'manager': 'Jennifer Garcia'}, {'store_id': 'STORE1091', 'store_name': 'Salem Store', 'location': 'East Newport', 'manager': 'George Turner'}, {'store_id': 'STORE1092', 'store_name': 'Chester Store', 'location': 'West Fairview', 'manager': 'Richard Taylor'}, {'store_id': 'STORE1093', 'store_name': 'Manchester Store', 'location': 'East Jackson', 'manager': 'Anthony Lee'}, {'store_id': 'STORE1094', 'store_name': 'Franklin Store', 'location': 'West Washington', 'manager': 'Christopher Garcia'}, {'store_id': 'STORE1095', 'store_name': 'Fairview Store', 'location': 'East Bristol', 'manager': 'Lisa Edwards'}, {'store_id': 'STORE1096', 'store_name': 'Milton Store', 'location': 'West Marion', 'manager': 'Dorothy Parker'}, {'store_id': 'STORE1097', 'store_name': 'Burlington Store', 'location': 'West Richmond', 'manager': 'John Jones'}  ... displaying 10 of 534 total bound parameter sets ...  {'store_id': 'STORE1622', 'store_name': 'Franklin Store', 'location': 'East Arlingtontown', 'manager': 'John Jones'}, {'store_id': 'STORE1623', 'store_name': 'Clayton Store', 'location': 'West Franklin', 'manager': 'Carol Wright'}]]
(Background on this error at: https://sqlalche.me/e/20/gkpj)",2025-08-22 22:40:56.650964
STORE1491,Milton Store,West Bristoltown,Daniel Robinson,"Database insertion failed: (pymysql.err.IntegrityError) (1062, ""Duplicate entry 'STORE1090' for key 'dimstore.store_id'"")
[SQL: INSERT INTO dimstore (store_id, store_name, location, manager) VALUES (%(store_id)s, %(store_name)s, %(location)s, %(manager)s)]
[parameters: [{'store_id': 'STORE1090', 'store_name': 'Oxford Store', 'location': 'East Greenwood', 'manager': 'Jennifer Garcia'}, {'store_id': 'STORE1091', 'store_name': 'Salem Store', 'location': 'East Newport', 'manager': 'George Turner'}, {'store_id': 'STORE1092', 'store_name': 'Chester Store', 'location': 'West Fairview', 'manager': 'Richard Taylor'}, {'store_id': 'STORE1093', 'store_name': 'Manchester Store', 'location': 'East Jackson', 'manager': 'Anthony Lee'}, {'store_id': 'STORE1094', 'store_name': 'Franklin Store', 'location': 'West Washington', 'manager': 'Christopher Garcia'}, {'store_id': 'STORE1095', 'store_name': 'Fairview Store', 'location': 'East Bristol', 'manager': 'Lisa Edwards'}, {'store_id': 'STORE1096', 'store_name': 'Milton Store', 'location': 'West Marion', 'manager': 'Dorothy Parker'}, {'store_id': 'STORE1097', 'store_name': 'Burlington Store', 'location': 'West Richmond', 'manager': 'John Jones'}  ... displaying 10 of 534 total bound parameter sets ...  {'store_id': 'STORE1622', 'store_name': 'Franklin Store', 'location': 'East Arlingtontown', 'manager': 'John Jones'}, {'store_id': 'STORE1623', 'store_name': 'Clayton Store', 'location': 'West Franklin', 'manager': 'Carol Wright'}]]
(Background on this error at: https://sqlalche.me/e/20/gkpj)",2025-08-22 22:40:56.650964
STORE1492,Clayton Store,West Georgetown,Donald Young,"Database insertion failed: (pymysql.err.IntegrityError) (1062, ""Duplicate entry 'STORE1090' for key 'dimstore.store_id'"")
[SQL: INSERT INTO dimstore (store_id, store_name, location, manager) VALUES (%(store_id)s, %(store_name)s, %(location)s, %(manager)s)]
[parameters: [{'store_id': 'STORE1090', 'store_name': 'Oxford Store', 'location': 'East Greenwood', 'manager': 'Jennifer Garcia'}, {'store_id': 'STORE1091', 'store_name': 'Salem Store', 'location': 'East Newport', 'manager': 'George Turner'}, {'store_id': 'STORE1092', 'store_name': 'Chester Store', 'location': 'West Fairview', 'manager': 'Richard Taylor'}, {'store_id': 'STORE1093', 'store_name': 'Manchester Store', 'location': 'East Jackson', 'manager': 'Anthony Lee'}, {'store_id': 'STORE1094', 'store_name': 'Franklin Store', 'location': 'West Washington', 'manager': 'Christopher Garcia'}, {'store_id': 'STORE1095', 'store_name': 'Fairview Store', 'location': 'East Bristol', 'manager': 'Lisa Edwards'}, {'store_id': 'STORE1096', 'store_name': 'Milton Store', 'location': 'West Marion', 'manager': 'Dorothy Parker'}, {'store_id': 'STORE1097', 'store_name': 'Burlington Store', 'location': 'West Richmond', 'manager': 'John Jones'}  ... displaying 10 of 534 total bound parameter sets ...  {'store_id': 'STORE1622', 'store_name': 'Franklin Store', 'location': 'East Arlingtontown', 'manager': 'John Jones'}, {'store_id': 'STORE1623', 'store_name': 'Clayton Store', 'location': 'West Franklin', 'manager': 'Carol Wright'}]]
(Background on this error at: https://sqlalche.me/e/20/gkpj)",2025-08-22 22:40:56.650964
STORE1493,Georgetown Store,East Kingston,Susan Thomas,"Database insertion failed: (pymysql.err.IntegrityError) (1062, ""Duplicate entry 'STORE1090' for key 'dimstore.store_id'"")
[SQL: INSERT INTO dimstore (store_id, store_name, location, manager) VALUES (%(store_id)s, %(store_name)s, %(location)s, %(manager)s)]
[parameters: [{'store_id': 'STORE1090', 'store_name': 'Oxford Store', 'location': 'East Greenwood', 'manager': 'Jennifer Garcia'}, {'store_id': 'STORE1091', 'store_name': 'Salem Store', 'location': 'East Newport', 'manager': 'George Turner'}, {'store_id': 'STORE1092', 'store_name': 'Chester Store', 'location': 'West Fairview', 'manager': 'Richard Taylor'}, {'store_id': 'STORE1093', 'store_name': 'Manchester Store', 'location': 'East Jackson', 'manager': 'Anthony Lee'}, {'store_id': 'STORE1094', 'store_name': 'Franklin Store', 'location': 'West Washington', 'manager': 'Christopher Garcia'}, {'store_id': 'STORE1095', 'store_name': 'Fairview Store', 'location': 'East Bristol', 'manager': 'Lisa Edwards'}, {'store_id': 'STORE1096', 'store_name': 'Milton Store', 'location': 'West Marion', 'manager': 'Dorothy Parker'}, {'store_id': 'STORE1097', 'store_name': 'Burlington Store', 'location': 'West Richmond', 'manager': 'John Jones'}  ... displaying 10 of 534 total bound parameter sets ...  {'store_id': 'STORE1622', 'store_name': 'Franklin Store', 'location': 'East Arlingtontown', 'manager': 'John Jones'}, {'store_id': 'STORE1623', 'store_name': 'Clayton Store', 'location': 'West Franklin', 'manager': 'Carol Wright'}]]
(Background on this error at: https://sqlalche.me/e/20/gkpj)",2025-08-22 22:40:56.650964
STORE1494,Troy Store,West Clayton,Elizabeth Martinez,"Database insertion failed: (pymysql.err.IntegrityError) (1062, ""Duplicate entry 'STORE1090' for key 'dimstore.store_id'"")
[SQL: INSERT INTO dimstore (store_id, store_name, location, manager) VALUES (%(store_id)s, %(store_name)s, %(location)s, %(manager)s)]
[parameters: [{'store_id': 'STORE1090', 'store_name': 'Oxford Store', 'location': 'East Greenwood', 'manager': 'Jennifer Garcia'}, {'store_id': 'STORE1091', 'store_name': 'Salem Store', 'location': 'East Newport', 'manager': 'George Turner'}, {'store_id': 'STORE1092', 'store_name': 'Chester Store', 'location': 'West Fairview', 'manager': 'Richard Taylor'}, {'store_id': 'STORE1093', 'store_name': 'Manchester Store', 'location': 'East Jackson', 'manager': 'Anthony Lee'}, {'store_id': 'STORE1094', 'store_name': 'Franklin Store', 'location': 'West Washington', 'manager': 'Christopher Garcia'}, {'store_id': 'STORE1095', 'store_name': 'Fairview Store', 'location': 'East Bristol', 'manager': 'Lisa Edwards'}, {'store_id': 'STORE1096', 'store_name': 'Milton Store', 'location': 'West Marion', 'manager': 'Dorothy Parker'}, {'store_id': 'STORE1097', 'store_name': 'Burlington Store', 'location': 'West Richmond', 'manager': 'John Jones'}  ... displaying 10 of 534 total bound parameter sets ...  {'store_id': 'STORE1622', 'store_name': 'Franklin Store', 'location': 'East Arlingtontown', 'manager': 'John Jones'}, {'store_id': 'STORE1623', 'store_name': 'Clayton Store', 'location': 'West Franklin', 'manager': 'Carol Wright'}]]
(Background on this error at: https://sqlalche.me/e/20/gkpj)",2025-08-22 22:40:56.650964
STORE1495,Lancaster Store,West Manchester,Donna Hernandez,"Database insertion failed: (pymysql.err.IntegrityError) (1062, ""Duplicate entry 'STORE1090' for key 'dimstore.store_id'"")
[SQL: INSERT INTO dimstore (store_id, store_name, location, manager) VALUES (%(store_id)s, %(store_name)s, %(location)s, %(manager)s)]
[parameters: [{'store_id': 'STORE1090', 'store_name': 'Oxford Store', 'location': 'East Greenwood', 'manager': 'Jennifer Garcia'}, {'store_id': 'STORE1091', 'store_name': 'Salem Store', 'location': 'East Newport', 'manager': 'George Turner'}, {'store_id': 'STORE1092', 'store_name': 'Chester Store', 'location': 'West Fairview', 'manager': 'Richard Taylor'}, {'store_id': 'STORE1093', 'store_name': 'Manchester Store', 'location': 'East Jackson', 'manager': 'Anthony Lee'}, {'store_id': 'STORE1094', 'store_name': 'Franklin Store', 'location': 'West Washington', 'manager': 'Christopher Garcia'}, {'store_id': 'STORE1095', 'store_name': 'Fairview Store', 'location': 'East Bristol', 'manager': 'Lisa Edwards'}, {'store_id': 'STORE1096', 'store_name': 'Milton Store', 'location': 'West Marion', 'manager': 'Dorothy Parker'}, {'store_id': 'STORE1097', 'store_name': 'Burlington Store', 'location': 'West Richmond', 'manager': 'John Jones'}  ... displaying 10 of 534 total bound parameter sets ...  {'store_id': 'STORE1622', 'store_name': 'Franklin Store', 'location': 'East Arlingtontown', 'manager': 'John Jones'}, {'store_id': 'STORE1623', 'store_name': 'Clayton Store', 'location': 'West Franklin', 'manager': 'Carol Wright'}]]
(Background on this error at: https://sqlalche.me/e/20/gkpj)",2025-08-22 22:40:56.650964
STORE1496,Troy Store,West Newporttown,Sarah Martin,"Database insertion failed: (pymysql.err.IntegrityError) (1062, ""Duplicate entry 'STORE1090' for key 'dimstore.store_id'"")
[SQL: INSERT INTO dimstore (store_id, store_name, location, manager) VALUES (%(store_id)s, %(store_name)s, %(location)s, %(manager)s)]
[parameters: [{'store_id': 'STORE1090', 'store_name': 'Oxford Store', 'location': 'East Greenwood', 'manager': 'Jennifer Garcia'}, {'store_id': 'STORE1091', 'store_name': 'Salem Store', 'location': 'East Newport', 'manager': 'George Turner'}, {'store_id': 'STORE1092', 'store_name': 'Chester Store', 'location': 'West Fairview', 'manager': 'Richard Taylor'}, {'store_id': 'STORE1093', 'store_name': 'Manchester Store', 'location': 'East Jackson', 'manager': 'Anthony Lee'}, {'store_id': 'STORE1094', 'store_name': 'Franklin Store', 'location': 'West Washington', 'manager': 'Christopher Garcia'}, {'store_id': 'STORE1095', 'store_name': 'Fairview Store', 'location': 'East Bristol', 'manager': 'Lisa Edwards'}, {'store_id': 'STORE1096', 'store_name': 'Milton Store', 'location': 'West Marion', 'manager': 'Dorothy Parker'}, {'store_id': 'STORE1097', 'store_name': 'Burlington Store', 'location': 'West Richmond', 'manager': 'John Jones'}  ... displaying 10 of 534 total bound parameter sets ...  {'store_id': 'STORE1622', 'store_name': 'Franklin Store', 'location': 'East Arlingtontown', 'manager': 'John Jones'}, {'store_id': 'STORE1623', 'store_name': 'Clayton Store', 'location': 'West Franklin', 'manager': 'Carol Wright'}]]
(Background on this error at: https://sqlalche.me/e/20/gkpj)",2025-08-22 22:40:56.650964
STORE1497,Richmond Store,West Franklin,Patricia Brown,"Database insertion failed: (pymysql.err.IntegrityError) (1062, ""Duplicate entry 'STORE1090' for key 'dimstore.store_id'"")
[SQL: INSERT INTO dimstore (store_id, store_name, location, manager) VALUES (%(store_id)s, %(store_name)s, %(location)s, %(manager)s)]
[parameters: [{'store_id': 'STORE1090', 'store_name': 'Oxford Store', 'location': 'East Greenwood', 'manager': 'Jennifer Garcia'}, {'store_id': 'STORE1091', 'store_name': 'Salem Store', 'location': 'East Newport', 'manager': 'George Turner'}, {'store_id': 'STORE1092', 'store_name': 'Chester Store', 'location': 'West Fairview', 'manager': 'Richard Taylor'}, {'store_id': 'STORE1093', 'store_name': 'Manchester Store', 'location': 'East Jackson', 'manager': 'Anthony Lee'}, {'store_id': 'STORE1094', 'store_name': 'Franklin Store', 'location': 'West Washington', 'manager': 'Christopher Garcia'}, {'store_id': 'STORE1095', 'store_name': 'Fairview Store', 'location': 'East Bristol', 'manager': 'Lisa Edwards'}, {'store_id': 'STORE1096', 'store_name': 'Milton Store', 'location': 'West Marion', 'manager': 'Dorothy Parker'}, {'store_id': 'STORE1097', 'store_name': 'Burlington Store', 'location': 'West Richmond', 'manager': 'John Jones'}  ... displaying 10 of 534 total bound parameter sets ...  {'store_id': 'STORE1622', 'store_name': 'Franklin Store', 'location': 'East Arlingtontown', 'manager': 'John Jones'}, {'store_id': 'STORE1623', 'store_name': 'Clayton Store', 'location': 'West Franklin', 'manager': 'Carol Wright'}]]
(Background on this error at: https://sqlalche.me/e/20/gkpj)",2025-08-22 22:40:56.650964
STORE1498,Marion Store,West Chester,Michael Miller,"Database insertion failed: (pymysql.err.IntegrityError) (1062, ""Duplicate entry 'STORE1090' for key 'dimstore.store_id'"")
[SQL: INSERT INTO dimstore (store_id, store_name, location, manager) VALUES (%(store_id)s, %(store_name)s, %(location)s, %(manager)s)]
[parameters: [{'store_id': 'STORE1090', 'store_name': 'Oxford Store', 'location': 'East Greenwood', 'manager': 'Jennifer Garcia'}, {'store_id': 'STORE1091', 'store_name': 'Salem Store', 'location': 'East Newport', 'manager': 'George Turner'}, {'store_id': 'STORE1092', 'store_name': 'Chester Store', 'location': 'West Fairview', 'manager': 'Richard Taylor'}, {'store_id': 'STORE1093', 'store_name': 'Manchester Store', 'location': 'East Jackson', 'manager': 'Anthony Lee'}, {'store_id': 'STORE1094', 'store_name': 'Franklin Store', 'location': 'West Washington', 'manager': 'Christopher Garcia'}, {'store_id': 'STORE1095', 'store_name': 'Fairview Store', 'location': 'East Bristol', 'manager': 'Lisa Edwards'}, {'store_id': 'STORE1096', 'store_name': 'Milton Store', 'location': 'West Marion', 'manager': 'Dorothy Parker'}, {'store_id': 'STORE1097', 'store_name': 'Burlington Store', 'location': 'West Richmond', 'manager': 'John Jones'}  ... displaying 10 of 534 total bound parameter sets ...  {'store_id': 'STORE1622', 'store_name': 'Franklin Store', 'location': 'East Arlingtontown', 'manager': 'John Jones'}, {'store_id': 'STORE1623', 'store_name': 'Clayton Store', 'location': 'West Franklin', 'manager': 'Carol Wright'}]]
(Background on this error at: https://sqlalche.me/e/20/gkpj)",2025-08-22 22:40:56.650964
STORE1499,Greenwood Store,West Arlington,Dorothy Parker,"Database insertion failed: (pymysql.err.IntegrityError) (1062, ""Duplicate entry 'STORE1090' for key 'dimstore.store_id'"")
[SQL: INSERT INTO dimstore (store_id, store_name, location, manager) VALUES (%(store_id)s, %(store_name)s, %(location)s, %(manager)s)]
[parameters: [{'store_id': 'STORE1090', 'store_name': 'Oxford Store', 'location': 'East Greenwood', 'manager': 'Jennifer Garcia'}, {'store_id': 'STORE1091', 'store_name': 'Salem Store', 'location': 'East Newport', 'manager': 'George Turner'}, {'store_id': 'STORE1092', 'store_name': 'Chester Store', 'location': 'West Fairview', 'manager': 'Richard Taylor'}, {'store_id': 'STORE1093', 'store_name': 'Manchester Store', 'location': 'East Jackson', 'manager': 'Anthony Lee'}, {'store_id': 'STORE1094', 'store_name': 'Franklin Store', 'location': 'West Washington', 'manager': 'Christopher Garcia'}, {'store_id': 'STORE1095', 'store_name': 'Fairview Store', 'location': 'East Bristol', 'manager': 'Lisa Edwards'}, {'store_id': 'STORE1096', 'store_name': 'Milton Store', 'location': 'West Marion', 'manager': 'Dorothy Parker'}, {'store_id': 'STORE1097', 'store_name': 'Burlington Store', 'location': 'West Richmond', 'manager': 'John Jones'}  ... displaying 10 of 534 total bound parameter sets ...  {'store_id': 'STORE1622', 'store_name': 'Franklin Store', 'location': 'East Arlingtontown', 'manager': 'John Jones'}, {'store_id': 'STORE1623', 'store_name': 'Clayton Store', 'location': 'West Franklin', 'manager': 'Carol Wright'}]]
(Background on this error at: https://sqlalche.me/e/20/gkpj)",2025-08-22 22:40:56.650964
STORE1500,Lancaster Store,East Jacksontown,Thomas Harris,"Database insertion failed: (pymysql.err.IntegrityError) (1062, ""Duplicate entry 'STORE1090' for key 'dimstore.store_id'"")
[SQL: INSERT INTO dimstore (store_id, store_name, location, manager) VALUES (%(store_id)s, %(store_name)s, %(location)s, %(manager)s)]
[parameters: [{'store_id': 'STORE1090', 'store_name': 'Oxford Store', 'location': 'East Greenwood', 'manager': 'Jennifer Garcia'}, {'store_id': 'STORE1091', 'store_name': 'Salem Store', 'location': 'East Newport', 'manager': 'George Turner'}, {'store_id': 'STORE1092', 'store_name': 'Chester Store', 'location': 'West Fairview', 'manager': 'Richard Taylor'}, {'store_id': 'STORE1093', 'store_name': 'Manchester Store', 'location': 'East Jackson', 'manager': 'Anthony Lee'}, {'store_id': 'STORE1094', 'store_name': 'Franklin Store', 'location': 'West Washington', 'manager': 'Christopher Garcia'}, {'store_id': 'STORE1095', 'store_name': 'Fairview Store', 'location': 'East Bristol', 'manager': 'Lisa Edwards'}, {'store_id': 'STORE1096', 'store_name': 'Milton Store', 'location': 'West Marion', 'manager': 'Dorothy Parker'}, {'store_id': 'STORE1097', 'store_name': 'Burlington Store', 'location': 'West Richmond', 'manager': 'John Jones'}  ... displaying 10 of 534 total bound parameter sets ...  {'store_id': 'STORE1622', 'store_name': 'Franklin Store', 'location': 'East Arlingtontown', 'manager': 'John Jones'}, {'store_id': 'STORE1623', 'store_name': 'Clayton Store', 'location': 'West Franklin', 'manager': 'Carol Wright'}]]
(Background on this error at: https://sqlalche.me/e/20/gkpj)",2025-08-22 22:40:56.650964
STORE1501,Marion Store,East Georgetowntown,Lisa Edwards,"Database insertion failed: (pymysql.err.IntegrityError) (1062, ""Duplicate entry 'STORE1090' for key 'dimstore.store_id'"")
[SQL: INSERT INTO dimstore (store_id, store_name, location, manager) VALUES (%(store_id)s, %(store_name)s, %(location)s, %(manager)s)]
[parameters: [{'store_id': 'STORE1090', 'store_name': 'Oxford Store', 'location': 'East Greenwood', 'manager': 'Jennifer Garcia'}, {'store_id': 'STORE1091', 'store_name': 'Salem Store', 'location': 'East Newport', 'manager': 'George Turner'}, {'store_id': 'STORE1092', 'store_name': 'Chester Store', 'location': 'West Fairview', 'manager': 'Richard Taylor'}, {'store_id': 'STORE1093', 'store_name': 'Manchester Store', 'location': 'East Jackson', 'manager': 'Anthony Lee'}, {'store_id': 'STORE1094', 'store_name': 'Franklin Store', 'location': 'West Washington', 'manager': 'Christopher Garcia'}, {'store_id': 'STORE1095', 'store_name': 'Fairview Store', 'location': 'East Bristol', 'manager': 'Lisa Edwards'}, {'store_id': 'STORE1096', 'store_name': 'Milton Store', 'location': 'West Marion', 'manager': 'Dorothy Parker'}, {'store_id': 'STORE1097', 'store_name': 'Burlington Store', 'location': 'West Richmond', 'manager': 'John Jones'}  ... displaying 10 of 534 total bound parameter sets ...  {'store_id': 'STORE1622', 'store_name': 'Franklin Store', 'location': 'East Arlingtontown', 'manager': 'John Jones'}, {'store_id': 'STORE1623', 'store_name': 'Clayton Store', 'location': 'West Franklin', 'manager': 'Carol Wright'}]]
(Background on this error at: https://sqlalche.me/e/20/gkpj)",2025-08-22 22:40:56.650964
STORE1502,Manchester Store,East Wayne,Helen Walker,"Database insertion failed: (pymysql.err.IntegrityError) (1062, ""Duplicate entry 'STORE1090' for key 'dimstore.store_id'"")
[SQL: INSERT INTO dimstore (store_id, store_name, location, manager) VALUES (%(store_id)s, %(store_name)s, %(location)s, %(manager)s)]
[parameters: [{'store_id': 'STORE1090', 'store_name': 'Oxford Store', 'location': 'East Greenwood', 'manager': 'Jennifer Garcia'}, {'store_id': 'STORE1091', 'store_name': 'Salem Store', 'location': 'East Newport', 'manager': 'George Turner'}, {'store_id': 'STORE1092', 'store_name': 'Chester Store', 'location': 'West Fairview', 'manager': 'Richard Taylor'}, {'store_id': 'STORE1093', 'store_name': 'Manchester Store', 'location': 'East Jackson', 'manager': 'Anthony Lee'}, {'store_id': 'STORE1094', 'store_name': 'Franklin Store', 'location': 'West Washington', 'manager': 'Christopher Garcia'}, {'store_id': 'STORE1095', 'store_name': 'Fairview Store', 'location': 'East Bristol', 'manager': 'Lisa Edwards'}, {'store_id': 'STORE1096', 'store_name': 'Milton Store', 'location': 'West Marion', 'manager': 'Dorothy Parker'}, {'store_id': 'STORE1097', 'store_name': 'Burlington Store', 'location': 'West Richmond', 'manager': 'John Jones'}  ... displaying 10 of 534 total bound parameter sets ...  {'store_id': 'STORE1622', 'store_name': 'Franklin Store', 'location': 'East Arlingtontown', 'manager': 'John Jones'}, {'store_id': 'STORE1623', 'store_name': 'Clayton Store', 'location': 'West Franklin', 'manager': 'Carol Wright'}]]
(Background on this error at: https://sqlalche.me/e/20/gkpj)",2025-08-22 22:40:56.650964
STORE1503,Lancaster Store,East Oxford,Richard Taylor,"Database insertion failed: (pymysql.err.IntegrityError) (1062, ""Duplicate entry 'STORE1090' for key 'dimstore.store_id'"")
[SQL: INSERT INTO dimstore (store_id, store_name, location, manager) VALUES (%(store_id)s, %(store_name)s, %(location)s, %(manager)s)]
[parameters: [{'store_id': 'STORE1090', 'store_name': 'Oxford Store', 'location': 'East Greenwood', 'manager': 'Jennifer Garcia'}, {'store_id': 'STORE1091', 'store_name': 'Salem Store', 'location': 'East Newport', 'manager': 'George Turner'}, {'store_id': 'STORE1092', 'store_name': 'Chester Store', 'location': 'West Fairview', 'manager': 'Richard Taylor'}, {'store_id': 'STORE1093', 'store_name': 'Manchester Store', 'location': 'East Jackson', 'manager': 'Anthony Lee'}, {'store_id': 'STORE1094', 'store_name': 'Franklin Store', 'location': 'West Washington', 'manager': 'Christopher Garcia'}, {'store_id': 'STORE1095', 'store_name': 'Fairview Store', 'location': 'East Bristol', 'manager': 'Lisa Edwards'}, {'store_id': 'STORE1096', 'store_name': 'Milton Store', 'location': 'West Marion', 'manager': 'Dorothy Parker'}, {'store_id': 'STORE1097', 'store_name': 'Burlington Store', 'location': 'West Richmond', 'manager': 'John Jones'}  ... displaying 10 of 534 total bound parameter sets ...  {'store_id': 'STORE1622', 'store_name': 'Franklin Store', 'location': 'East Arlingtontown', 'manager': 'John Jones'}, {'store_id': 'STORE1623', 'store_name': 'Clayton Store', 'location': 'West Franklin', 'manager': 'Carol Wright'}]]
(Background on this error at: https://sqlalche.me/e/20/gkpj)",2025-08-22 22:40:56.650964
STORE1504,Kingston Store,West Washington,Edward Campbell,"Database insertion failed: (pymysql.err.IntegrityError) (1062, ""Duplicate entry 'STORE1090' for key 'dimstore.store_id'"")
[SQL: INSERT INTO dimstore (store_id, store_name, location, manager) VALUES (%(store_id)s, %(store_name)s, %(location)s, %(manager)s)]
[parameters: [{'store_id': 'STORE1090', 'store_name': 'Oxford Store', 'location': 'East Greenwood', 'manager': 'Jennifer Garcia'}, {'store_id': 'STORE1091', 'store_name': 'Salem Store', 'location': 'East Newport', 'manager': 'George Turner'}, {'store_id': 'STORE1092', 'store_name': 'Chester Store', 'location': 'West Fairview', 'manager': 'Richard Taylor'}, {'store_id': 'STORE1093', 'store_name': 'Manchester Store', 'location': 'East Jackson', 'manager': 'Anthony Lee'}, {'store_id': 'STORE1094', 'store_name': 'Franklin Store', 'location': 'West Washington', 'manager': 'Christopher Garcia'}, {'store_id': 'STORE1095', 'store_name': 'Fairview Store', 'location': 'East Bristol', 'manager': 'Lisa Edwards'}, {'store_id': 'STORE1096', 'store_name': 'Milton Store', 'location': 'West Marion', 'manager': 'Dorothy Parker'}, {'store_id': 'STORE1097', 'store_name': 'Burlington Store', 'location': 'West Richmond', 'manager': 'John Jones'}  ... displaying 10 of 534 total bound parameter sets ...  {'store_id': 'STORE1622', 'store_name': 'Franklin Store', 'location': 'East Arlingtontown', 'manager': 'John Jones'}, {'store_id': 'STORE1623', 'store_name': 'Clayton Store', 'location': 'West Franklin', 'manager': 'Carol Wright'}]]
(Background on this error at: https://sqlalche.me/e/20/gkpj)",2025-08-22 22:40:56.650964
STORE1505,Bristol Store,East Marion,Dorothy Parker,"Database insertion failed: (pymysql.err.IntegrityError) (1062, ""Duplicate entry 'STORE1090' for key 'dimstore.store_id'"")
[SQL: INSERT INTO dimstore (store_id, store_name, location, manager) VALUES (%(store_id)s, %(store_name)s, %(location)s, %(manager)s)]
[parameters: [{'store_id': 'STORE1090', 'store_name': 'Oxford Store', 'location': 'East Greenwood', 'manager': 'Jennifer Garcia'}, {'store_id': 'STORE1091', 'store_name': 'Salem Store', 'location': 'East Newport', 'manager': 'George Turner'}, {'store_id': 'STORE1092', 'store_name': 'Chester Store', 'location': 'West Fairview', 'manager': 'Richard Taylor'}, {'store_id': 'STORE1093', 'store_name': 'Manchester Store', 'location': 'East Jackson', 'manager': 'Anthony Lee'}, {'store_id': 'STORE1094', 'store_name': 'Franklin Store', 'location': 'West Washington', 'manager': 'Christopher Garcia'}, {'store_id': 'STORE1095', 'store_name': 'Fairview Store', 'location': 'East Bristol', 'manager': 'Lisa Edwards'}, {'store_id': 'STORE1096', 'store_name': 'Milton Store', 'location': 'West Marion', 'manager': 'Dorothy Parker'}, {'store_id': 'STORE1097', 'store_name': 'Burlington Store', 'location': 'West Richmond', 'manager': 'John Jones'}  ... displaying 10 of 534 total bound parameter sets ...  {'store_id': 'STORE1622', 'store_name': 'Franklin Store', 'location': 'East Arlingtontown', 'manager': 'John Jones'}, {'store_id': 'STORE1623', 'store_name': 'Clayton Store', 'location': 'West Franklin', 'manager': 'Carol Wright'}]]
(Background on this error at: https://sqlalche.me/e/20/gkpj)",2025-08-22 22:40:56.650964
STORE1506,Marion Store,West Miltontown,Robert Williams,"Database insertion failed: (pymysql.err.IntegrityError) (1062, ""Duplicate entry 'STORE1090' for key 'dimstore.store_id'"")
[SQL: INSERT INTO dimstore (store_id, store_name, location, manager) VALUES (%(store_id)s, %(store_name)s, %(location)s, %(manager)s)]
[parameters: [{'store_id': 'STORE1090', 'store_name': 'Oxford Store', 'location': 'East Greenwood', 'manager': 'Jennifer Garcia'}, {'store_id': 'STORE1091', 'store_name': 'Salem Store', 'location': 'East Newport', 'manager': 'George Turner'}, {'store_id': 'STORE1092', 'store_name': 'Chester Store', 'location': 'West Fairview', 'manager': 'Richard Taylor'}, {'store_id': 'STORE1093', 'store_name': 'Manchester Store', 'location': 'East Jackson', 'manager': 'Anthony Lee'}, {'store_id': 'STORE1094', 'store_name': 'Franklin Store', 'location': 'West Washington', 'manager': 'Christopher Garcia'}, {'store_id': 'STORE1095', 'store_name': 'Fairview Store', 'location': 'East Bristol', 'manager': 'Lisa Edwards'}, {'store_id': 'STORE1096', 'store_name': 'Milton Store', 'location': 'West Marion', 'manager': 'Dorothy Parker'}, {'store_id': 'STORE1097', 'store_name': 'Burlington Store', 'location': 'West Richmond', 'manager': 'John Jones'}  ... displaying 10 of 534 total bound parameter sets ...  {'store_id': 'STORE1622', 'store_name': 'Franklin Store', 'location': 'East Arlingtontown', 'manager': 'John Jones'}, {'store_id': 'STORE1623', 'store_name': 'Clayton Store', 'location': 'West Franklin', 'manager': 'Carol Wright'}]]
(Background on this error at: https://sqlalche.me/e/20/gkpj)",2025-08-22 22:40:56.650964
STORE1507,Milton Store,East Washington,Patricia Brown,"Database insertion failed: (pymysql.err.IntegrityError) (1062, ""Duplicate entry 'STORE1090' for key 'dimstore.store_id'"")
[SQL: INSERT INTO dimstore (store_id, store_name, location, manager) VALUES (%(store_id)s, %(store_name)s, %(location)s, %(manager)s)]
[parameters: [{'store_id': 'STORE1090', 'store_name': 'Oxford Store', 'location': 'East Greenwood', 'manager': 'Jennifer Garcia'}, {'store_id': 'STORE1091', 'store_name': 'Salem Store', 'location': 'East Newport', 'manager': 'George Turner'}, {'store_id': 'STORE1092', 'store_name': 'Chester Store', 'location': 'West Fairview', 'manager': 'Richard Taylor'}, {'store_id': 'STORE1093', 'store_name': 'Manchester Store', 'location': 'East Jackson', 'manager': 'Anthony Lee'}, {'store_id': 'STORE1094', 'store_name': 'Franklin Store', 'location': 'West Washington', 'manager': 'Christopher Garcia'}, {'store_id': 'STORE1095', 'store_name': 'Fairview Store', 'location': 'East Bristol', 'manager': 'Lisa Edwards'}, {'store_id': 'STORE1096', 'store_name': 'Milton Store', 'location': 'West Marion', 'manager': 'Dorothy Parker'}, {'store_id': 'STORE1097', 'store_name': 'Burlington Store', 'location': 'West Richmond', 'manager': 'John Jones'}  ... displaying 10 of 534 total bound parameter sets ...  {'store_id': 'STORE1622', 'store_name': 'Franklin Store', 'location': 'East Arlingtontown', 'manager': 'John Jones'}, {'store_id': 'STORE1623', 'store_name': 'Clayton Store', 'location': 'West Franklin', 'manager': 'Carol Wright'}]]
(Background on this error at: https://sqlalche.me/e/20/gkpj)",2025-08-22 22:40:56.650964
STORE1508,Clinton Store,East Dover,Andrew Scott,"Database insertion failed: (pymysql.err.IntegrityError) (1062, ""Duplicate entry 'STORE1090' for key 'dimstore.store_id'"")
[SQL: INSERT INTO dimstore (store_id, store_name, location, manager) VALUES (%(store_id)s, %(store_name)s, %(location)s, %(manager)s)]
[parameters: [{'store_id': 'STORE1090', 'store_name': 'Oxford Store', 'location': 'East Greenwood', 'manager': 'Jennifer Garcia'}, {'store_id': 'STORE1091', 'store_name': 'Salem Store', 'location': 'East Newport', 'manager': 'George Turner'}, {'store_id': 'STORE1092', 'store_name': 'Chester Store', 'location': 'West Fairview', 'manager': 'Richard Taylor'}, {'store_id': 'STORE1093', 'store_name': 'Manchester Store', 'location': 'East Jackson', 'manager': 'Anthony Lee'}, {'store_id': 'STORE1094', 'store_name': 'Franklin Store', 'location': 'West Washington', 'manager': 'Christopher Garcia'}, {'store_id': 'STORE1095', 'store_name': 'Fairview Store', 'location': 'East Bristol', 'manager': 'Lisa Edwards'}, {'store_id': 'STORE1096', 'store_name': 'Milton Store', 'location': 'West Marion', 'manager': 'Dorothy Parker'}, {'store_id': 'STORE1097', 'store_name': 'Burlington Store', 'location': 'West Richmond', 'manager': 'John Jones'}  ... displaying 10 of 534 total bound parameter sets ...  {'store_id': 'STORE1622', 'store_name': 'Franklin Store', 'location': 'East Arlingtontown', 'manager': 'John Jones'}, {'store_id': 'STORE1623', 'store_name': 'Clayton Store', 'location': 'West Franklin', 'manager': 'Carol Wright'}]]
(Background on this error at: https://sqlalche.me/e/20/gkpj)",2025-08-22 22:40:56.650964
STORE1509,Greenwood Store,East Georgetown,Kevin Carter,"Database insertion failed: (pymysql.err.IntegrityError) (1062, ""Duplicate entry 'STORE1090' for key 'dimstore.store_id'"")
[SQL: INSERT INTO dimstore (store_id, store_name, location, manager) VALUES (%(store_id)s, %(store_name)s, %(location)s, %(manager)s)]
[parameters: [{'store_id': 'STORE1090', 'store_name': 'Oxford Store', 'location': 'East Greenwood', 'manager': 'Jennifer Garcia'}, {'store_id': 'STORE1091', 'store_name': 'Salem Store', 'location': 'East Newport', 'manager': 'George Turner'}, {'store_id': 'STORE1092', 'store_name': 'Chester Store', 'location': 'West Fairview', 'manager': 'Richard Taylor'}, {'store_id': 'STORE1093', 'store_name': 'Manchester Store', 'location': 'East Jackson', 'manager': 'Anthony Lee'}, {'store_id': 'STORE1094', 'store_name': 'Franklin Store', 'location': 'West Washington', 'manager': 'Christopher Garcia'}, {'store_id': 'STORE1095', 'store_name': 'Fairview Store', 'location': 'East Bristol', 'manager': 'Lisa Edwards'}, {'store_id': 'STORE1096', 'store_name': 'Milton Store', 'location': 'West Marion', 'manager': 'Dorothy Parker'}, {'store_id': 'STORE1097', 'store_name': 'Burlington Store', 'location': 'West Richmond', 'manager': 'John Jones'}  ... displaying 10 of 534 total bound parameter sets ...  {'store_id': 'STORE1622', 'store_name': 'Franklin Store', 'location': 'East Arlingtontown', 'manager': 'John Jones'}, {'store_id': 'STORE1623', 'store_name': 'Clayton Store', 'location': 'West Franklin', 'manager': 'Carol Wright'}]]
(Background on this error at: https://sqlalche.me/e/20/gkpj)",2025-08-22 22:40:56.650964
STORE1510,Riverside Store,East Washington,Emily Mitchell,"Database insertion failed: (pymysql.err.IntegrityError) (1062, ""Duplicate entry 'STORE1090' for key 'dimstore.store_id'"")
[SQL: INSERT INTO dimstore (store_id, store_name, location, manager) VALUES (%(store_id)s, %(store_name)s, %(location)s, %(manager)s)]
[parameters: [{'store_id': 'STORE1090', 'store_name': 'Oxford Store', 'location': 'East Greenwood', 'manager': 'Jennifer Garcia'}, {'store_id': 'STORE1091', 'store_name': 'Salem Store', 'location': 'East Newport', 'manager': 'George Turner'}, {'store_id': 'STORE1092', 'store_name': 'Chester Store', 'location': 'West Fairview', 'manager': 'Richard Taylor'}, {'store_id': 'STORE1093', 'store_name': 'Manchester Store', 'location': 'East Jackson', 'manager': 'Anthony Lee'}, {'store_id': 'STORE1094', 'store_name': 'Franklin Store', 'location': 'West Washington', 'manager': 'Christopher Garcia'}, {'store_id': 'STORE1095', 'store_name': 'Fairview Store', 'location': 'East Bristol', 'manager': 'Lisa Edwards'}, {'store_id': 'STORE1096', 'store_name': 'Milton Store', 'location': 'West Marion', 'manager': 'Dorothy Parker'}, {'store_id': 'STORE1097', 'store_name': 'Burlington Store', 'location': 'West Richmond', 'manager': 'John Jones'}  ... displaying 10 of 534 total bound parameter sets ...  {'store_id': 'STORE1622', 'store_name': 'Franklin Store', 'location': 'East Arlingtontown', 'manager': 'John Jones'}, {'store_id': 'STORE1623', 'store_name': 'Clayton Store', 'location': 'West Franklin', 'manager': 'Carol Wright'}]]
(Background on this error at: https://sqlalche.me/e/20/gkpj)",2025-08-22 22:40:56.650964
STORE1511,Milton Store,East Bristol,Mark Hall,"Database insertion failed: (pymysql.err.IntegrityError) (1062, ""Duplicate entry 'STORE1090' for key 'dimstore.store_id'"")
[SQL: INSERT INTO dimstore (store_id, store_name, location, manager) VALUES (%(store_id)s, %(store_name)s, %(location)s, %(manager)s)]
[parameters: [{'store_id': 'STORE1090', 'store_name': 'Oxford Store', 'location': 'East Greenwood', 'manager': 'Jennifer Garcia'}, {'store_id': 'STORE1091', 'store_name': 'Salem Store', 'location': 'East Newport', 'manager': 'George Turner'}, {'store_id': 'STORE1092', 'store_name': 'Chester Store', 'location': 'West Fairview', 'manager': 'Richard Taylor'}, {'store_id': 'STORE1093', 'store_name': 'Manchester Store', 'location': 'East Jackson', 'manager': 'Anthony Lee'}, {'store_id': 'STORE1094', 'store_name': 'Franklin Store', 'location': 'West Washington', 'manager': 'Christopher Garcia'}, {'store_id': 'STORE1095', 'store_name': 'Fairview Store', 'location': 'East Bristol', 'manager': 'Lisa Edwards'}, {'store_id': 'STORE1096', 'store_name': 'Milton Store', 'location': 'West Marion', 'manager': 'Dorothy Parker'}, {'store_id': 'STORE1097', 'store_name': 'Burlington Store', 'location': 'West Richmond', 'manager': 'John Jones'}  ... displaying 10 of 534 total bound parameter sets ...  {'store_id': 'STORE1622', 'store_name': 'Franklin Store', 'location': 'East Arlingtontown', 'manager': 'John Jones'}, {'store_id': 'STORE1623', 'store_name': 'Clayton Store', 'location': 'West Franklin', 'manager': 'Carol Wright'}]]
(Background on this error at: https://sqlalche.me/e/20/gkpj)",2025-08-22 22:40:56.650964
STORE1512,Manchester Store,West Manchester,Christopher Garcia,"Database insertion failed: (pymysql.err.IntegrityError) (1062, ""Duplicate entry 'STORE1090' for key 'dimstore.store_id'"")
[SQL: INSERT INTO dimstore (store_id, store_name, location, manager) VALUES (%(store_id)s, %(store_name)s, %(location)s, %(manager)s)]
[parameters: [{'store_id': 'STORE1090', 'store_name': 'Oxford Store', 'location': 'East Greenwood', 'manager': 'Jennifer Garcia'}, {'store_id': 'STORE1091', 'store_name': 'Salem Store', 'location': 'East Newport', 'manager': 'George Turner'}, {'store_id': 'STORE1092', 'store_name': 'Chester Store', 'location': 'West Fairview', 'manager': 'Richard Taylor'}, {'store_id': 'STORE1093', 'store_name': 'Manchester Store', 'location': 'East Jackson', 'manager': 'Anthony Lee'}, {'store_id': 'STORE1094', 'store_name': 'Franklin Store', 'location': 'West Washington', 'manager': 'Christopher Garcia'}, {'store_id': 'STORE1095', 'store_name': 'Fairview Store', 'location': 'East Bristol', 'manager': 'Lisa Edwards'}, {'store_id': 'STORE1096', 'store_name': 'Milton Store', 'location': 'West Marion', 'manager': 'Dorothy Parker'}, {'store_id': 'STORE1097', 'store_name': 'Burlington Store', 'location': 'West Richmond', 'manager': 'John Jones'}  ... displaying 10 of 534 total bound parameter sets ...  {'store_id': 'STORE1622', 'store_name': 'Franklin Store', 'location': 'East Arlingtontown', 'manager': 'John Jones'}, {'store_id': 'STORE1623', 'store_name': 'Clayton Store', 'location': 'West Franklin', 'manager': 'Carol Wright'}]]
(Background on this error at: https://sqlalche.me/e/20/gkpj)",2025-08-22 22:40:56.650964
STORE1513,Oxford Store,West Troytown,Kenneth Gonzalez,"Database insertion failed: (pymysql.err.IntegrityError) (1062, ""Duplicate entry 'STORE1090' for key 'dimstore.store_id'"")
[SQL: INSERT INTO dimstore (store_id, store_name, location, manager) VALUES (%(store_id)s, %(store_name)s, %(location)s, %(manager)s)]
[parameters: [{'store_id': 'STORE1090', 'store_name': 'Oxford Store', 'location': 'East Greenwood', 'manager': 'Jennifer Garcia'}, {'store_id': 'STORE1091', 'store_name': 'Salem Store', 'location': 'East Newport', 'manager': 'George Turner'}, {'store_id': 'STORE1092', 'store_name': 'Chester Store', 'location': 'West Fairview', 'manager': 'Richard Taylor'}, {'store_id': 'STORE1093', 'store_name': 'Manchester Store', 'location': 'East Jackson', 'manager': 'Anthony Lee'}, {'store_id': 'STORE1094', 'store_name': 'Franklin Store', 'location': 'West Washington', 'manager': 'Christopher Garcia'}, {'store_id': 'STORE1095', 'store_name': 'Fairview Store', 'location': 'East Bristol', 'manager': 'Lisa Edwards'}, {'store_id': 'STORE1096', 'store_name': 'Milton Store', 'location': 'West Marion', 'manager': 'Dorothy Parker'}, {'store_id': 'STORE1097', 'store_name': 'Burlington Store', 'location': 'West Richmond', 'manager': 'John Jones'}  ... displaying 10 of 534 total bound parameter sets ...  {'store_id': 'STORE1622', 'store_name': 'Franklin Store', 'location': 'East Arlingtontown', 'manager': 'John Jones'}, {'store_id': 'STORE1623', 'store_name': 'Clayton Store', 'location': 'West Franklin', 'manager': 'Carol Wright'}]]
(Background on this error at: https://sqlalche.me/e/20/gkpj)",2025-08-22 22:40:56.650964
STORE1514,Oxford Store,East Franklin,Deborah Phillips,"Database insertion failed: (pymysql.err.IntegrityError) (1062, ""Duplicate entry 'STORE1090' for key 'dimstore.store_id'"")
[SQL: INSERT INTO dimstore (store_id, store_name, location, manager) VALUES (%(store_id)s, %(store_name)s, %(location)s, %(manager)s)]
[parameters: [{'store_id': 'STORE1090', 'store_name': 'Oxford Store', 'location': 'East Greenwood', 'manager': 'Jennifer Garcia'}, {'store_id': 'STORE1091', 'store_name': 'Salem Store', 'location': 'East Newport', 'manager': 'George Turner'}, {'store_id': 'STORE1092', 'store_name': 'Chester Store', 'location': 'West Fairview', 'manager': 'Richard Taylor'}, {'store_id': 'STORE1093', 'store_name': 'Manchester Store', 'location': 'East Jackson', 'manager': 'Anthony Lee'}, {'store_id': 'STORE1094', 'store_name': 'Franklin Store', 'location': 'West Washington', 'manager': 'Christopher Garcia'}, {'store_id': 'STORE1095', 'store_name': 'Fairview Store', 'location': 'East Bristol', 'manager': 'Lisa Edwards'}, {'store_id': 'STORE1096', 'store_name': 'Milton Store', 'location': 'West Marion', 'manager': 'Dorothy Parker'}, {'store_id': 'STORE1097', 'store_name': 'Burlington Store', 'location': 'West Richmond', 'manager': 'John Jones'}  ... displaying 10 of 534 total bound parameter sets ...  {'store_id': 'STORE1622', 'store_name': 'Franklin Store', 'location': 'East Arlingtontown', 'manager': 'John Jones'}, {'store_id': 'STORE1623', 'store_name': 'Clayton Store', 'location': 'West Franklin', 'manager': 'Carol Wright'}]]
(Background on this error at: https://sqlalche.me/e/20/gkpj)",2025-08-22 22:40:56.650964
STORE1515,Madison Store,East Manchester,Christopher Garcia,"Database insertion failed: (pymysql.err.IntegrityError) (1062, ""Duplicate entry 'STORE1090' for key 'dimstore.store_id'"")
[SQL: INSERT INTO dimstore (store_id, store_name, location, manager) VALUES (%(store_id)s, %(store_name)s, %(location)s, %(manager)s)]
[parameters: [{'store_id': 'STORE1090', 'store_name': 'Oxford Store', 'location': 'East Greenwood', 'manager': 'Jennifer Garcia'}, {'store_id': 'STORE1091', 'store_name': 'Salem Store', 'location': 'East Newport', 'manager': 'George Turner'}, {'store_id': 'STORE1092', 'store_name': 'Chester Store', 'location': 'West Fairview', 'manager': 'Richard Taylor'}, {'store_id': 'STORE1093', 'store_name': 'Manchester Store', 'location': 'East Jackson', 'manager': 'Anthony Lee'}, {'store_id': 'STORE1094', 'store_name': 'Franklin Store', 'location': 'West Washington', 'manager': 'Christopher Garcia'}, {'store_id': 'STORE1095', 'store_name': 'Fairview Store', 'location': 'East Bristol', 'manager': 'Lisa Edwards'}, {'store_id': 'STORE1096', 'store_name': 'Milton Store', 'location': 'West Marion', 'manager': 'Dorothy Parker'}, {'store_id': 'STORE1097', 'store_name': 'Burlington Store', 'location': 'West Richmond', 'manager': 'John Jones'}  ... displaying 10 of 534 total bound parameter sets ...  {'store_id': 'STORE1622', 'store_name': 'Franklin Store', 'location': 'East Arlingtontown', 'manager': 'John Jones'}, {'store_id': 'STORE1623', 'store_name': 'Clayton Store', 'location': 'West Franklin', 'manager': 'Carol Wright'}]]
(Background on this error at: https://sqlalche.me/e/20/gkpj)",2025-08-22 22:40:56.650964
STORE1516,Manchester Store,East Bristol,William Rodriguez,"Database insertion failed: (pymysql.err.IntegrityError) (1062, ""Duplicate entry 'STORE1090' for key 'dimstore.store_id'"")
[SQL: INSERT INTO dimstore (store_id, store_name, location, manager) VALUES (%(store_id)s, %(store_name)s, %(location)s, %(manager)s)]
[parameters: [{'store_id': 'STORE1090', 'store_name': 'Oxford Store', 'location': 'East Greenwood', 'manager': 'Jennifer Garcia'}, {'store_id': 'STORE1091', 'store_name': 'Salem Store', 'location': 'East Newport', 'manager': 'George Turner'}, {'store_id': 'STORE1092', 'store_name': 'Chester Store', 'location': 'West Fairview', 'manager': 'Richard Taylor'}, {'store_id': 'STORE1093', 'store_name': 'Manchester Store', 'location': 'East Jackson', 'manager': 'Anthony Lee'}, {'store_id': 'STORE1094', 'store_name': 'Franklin Store', 'location': 'West Washington', 'manager': 'Christopher Garcia'}, {'store_id': 'STORE1095', 'store_name': 'Fairview Store', 'location': 'East Bristol', 'manager': 'Lisa Edwards'}, {'store_id': 'STORE1096', 'store_name': 'Milton Store', 'location': 'West Marion', 'manager': 'Dorothy Parker'}, {'store_id': 'STORE1097', 'store_name': 'Burlington Store', 'location': 'West Richmond', 'manager': 'John Jones'}  ... displaying 10 of 534 total bound parameter sets ...  {'store_id': 'STORE1622', 'store_name': 'Franklin Store', 'location': 'East Arlingtontown', 'manager': 'John Jones'}, {'store_id': 'STORE1623', 'store_name': 'Clayton Store', 'location': 'West Franklin', 'manager': 'Carol Wright'}]]
(Background on this error at: https://sqlalche.me/e/20/gkpj)",2025-08-22 22:40:56.650964
STORE1517,Springfield Store,West Hudsontown,Dorothy Parker,"Database insertion failed: (pymysql.err.IntegrityError) (1062, ""Duplicate entry 'STORE1090' for key 'dimstore.store_id'"")
[SQL: INSERT INTO dimstore (store_id, store_name, location, manager) VALUES (%(store_id)s, %(store_name)s, %(location)s, %(manager)s)]
[parameters: [{'store_id': 'STORE1090', 'store_name': 'Oxford Store', 'location': 'East Greenwood', 'manager': 'Jennifer Garcia'}, {'store_id': 'STORE1091', 'store_name': 'Salem Store', 'location': 'East Newport', 'manager': 'George Turner'}, {'store_id': 'STORE1092', 'store_name': 'Chester Store', 'location': 'West Fairview', 'manager': 'Richard Taylor'}, {'store_id': 'STORE1093', 'store_name': 'Manchester Store', 'location': 'East Jackson', 'manager': 'Anthony Lee'}, {'store_id': 'STORE1094', 'store_name': 'Franklin Store', 'location': 'West Washington', 'manager': 'Christopher Garcia'}, {'store_id': 'STORE1095', 'store_name': 'Fairview Store', 'location': 'East Bristol', 'manager': 'Lisa Edwards'}, {'store_id': 'STORE1096', 'store_name': 'Milton Store', 'location': 'West Marion', 'manager': 'Dorothy Parker'}, {'store_id': 'STORE1097', 'store_name': 'Burlington Store', 'location': 'West Richmond', 'manager': 'John Jones'}  ... displaying 10 of 534 total bound parameter sets ...  {'store_id': 'STORE1622', 'store_name': 'Franklin Store', 'location': 'East Arlingtontown', 'manager': 'John Jones'}, {'store_id': 'STORE1623', 'store_name': 'Clayton Store', 'location': 'West Franklin', 'manager': 'Carol Wright'}]]
(Background on this error at: https://sqlalche.me/e/20/gkpj)",2025-08-22 22:40:56.650964
STORE1518,Jackson Store,West Clinton,Christopher Garcia,"Database insertion failed: (pymysql.err.IntegrityError) (1062, ""Duplicate entry 'STORE1090' for key 'dimstore.store_id'"")
[SQL: INSERT INTO dimstore (store_id, store_name, location, manager) VALUES (%(store_id)s, %(store_name)s, %(location)s, %(manager)s)]
[parameters: [{'store_id': 'STORE1090', 'store_name': 'Oxford Store', 'location': 'East Greenwood', 'manager': 'Jennifer Garcia'}, {'store_id': 'STORE1091', 'store_name': 'Salem Store', 'location': 'East Newport', 'manager': 'George Turner'}, {'store_id': 'STORE1092', 'store_name': 'Chester Store', 'location': 'West Fairview', 'manager': 'Richard Taylor'}, {'store_id': 'STORE1093', 'store_name': 'Manchester Store', 'location': 'East Jackson', 'manager': 'Anthony Lee'}, {'store_id': 'STORE1094', 'store_name': 'Franklin Store', 'location': 'West Washington', 'manager': 'Christopher Garcia'}, {'store_id': 'STORE1095', 'store_name': 'Fairview Store', 'location': 'East Bristol', 'manager': 'Lisa Edwards'}, {'store_id': 'STORE1096', 'store_name': 'Milton Store', 'location': 'West Marion', 'manager': 'Dorothy Parker'}, {'store_id': 'STORE1097', 'store_name': 'Burlington Store', 'location': 'West Richmond', 'manager': 'John Jones'}  ... displaying 10 of 534 total bound parameter sets ...  {'store_id': 'STORE1622', 'store_name': 'Franklin Store', 'location': 'East Arlingtontown', 'manager': 'John Jones'}, {'store_id': 'STORE1623', 'store_name': 'Clayton Store', 'location': 'West Franklin', 'manager': 'Carol Wright'}]]
(Background on this error at: https://sqlalche.me/e/20/gkpj)",2025-08-22 22:40:56.650964
STORE1519,Wayne Store,West Jackson,Lisa Clark,"Database insertion failed: (pymysql.err.IntegrityError) (1062, ""Duplicate entry 'STORE1090' for key 'dimstore.store_id'"")
[SQL: INSERT INTO dimstore (store_id, store_name, location, manager) VALUES (%(store_id)s, %(store_name)s, %(location)s, %(manager)s)]
[parameters: [{'store_id': 'STORE1090', 'store_name': 'Oxford Store', 'location': 'East Greenwood', 'manager': 'Jennifer Garcia'}, {'store_id': 'STORE1091', 'store_name': 'Salem Store', 'location': 'East Newport', 'manager': 'George Turner'}, {'store_id': 'STORE1092', 'store_name': 'Chester Store', 'location': 'West Fairview', 'manager': 'Richard Taylor'}, {'store_id': 'STORE1093', 'store_name': 'Manchester Store', 'location': 'East Jackson', 'manager': 'Anthony Lee'}, {'store_id': 'STORE1094', 'store_name': 'Franklin Store', 'location': 'West Washington', 'manager': 'Christopher Garcia'}, {'store_id': 'STORE1095', 'store_name': 'Fairview Store', 'location': 'East Bristol', 'manager': 'Lisa Edwards'}, {'store_id': 'STORE1096', 'store_name': 'Milton Store', 'location': 'West Marion', 'manager': 'Dorothy Parker'}, {'store_id': 'STORE1097', 'store_name': 'Burlington Store', 'location': 'West Richmond', 'manager': 'John Jones'}  ... displaying 10 of 534 total bound parameter sets ...  {'store_id': 'STORE1622', 'store_name': 'Franklin Store', 'location': 'East Arlingtontown', 'manager': 'John Jones'}, {'store_id': 'STORE1623', 'store_name': 'Clayton Store', 'location': 'West Franklin', 'manager': 'Carol Wright'}]]
(Background on this error at: https://sqlalche.me/e/20/gkpj)",2025-08-22 22:40:56.650964
STORE1520,Burlington Store,West Claytontown,Joseph Jackson,"Database insertion failed: (pymysql.err.IntegrityError) (1062, ""Duplicate entry 'STORE1090' for key 'dimstore.store_id'"")
[SQL: INSERT INTO dimstore (store_id, store_name, location, manager) VALUES (%(store_id)s, %(store_name)s, %(location)s, %(manager)s)]
[parameters: [{'store_id': 'STORE1090', 'store_name': 'Oxford Store', 'location': 'East Greenwood', 'manager': 'Jennifer Garcia'}, {'store_id': 'STORE1091', 'store_name': 'Salem Store', 'location': 'East Newport', 'manager': 'George Turner'}, {'store_id': 'STORE1092', 'store_name': 'Chester Store', 'location': 'West Fairview', 'manager': 'Richard Taylor'}, {'store_id': 'STORE1093', 'store_name': 'Manchester Store', 'location': 'East Jackson', 'manager': 'Anthony Lee'}, {'store_id': 'STORE1094', 'store_name': 'Franklin Store', 'location': 'West Washington', 'manager': 'Christopher Garcia'}, {'store_id': 'STORE1095', 'store_name': 'Fairview Store', 'location': 'East Bristol', 'manager': 'Lisa Edwards'}, {'store_id': 'STORE1096', 'store_name': 'Milton Store', 'location': 'West Marion', 'manager': 'Dorothy Parker'}, {'store_id': 'STORE1097', 'store_name': 'Burlington Store', 'location': 'West Richmond', 'manager': 'John Jones'}  ... displaying 10 of 534 total bound parameter sets ...  {'store_id': 'STORE1622', 'store_name': 'Franklin Store', 'location': 'East Arlingtontown', 'manager': 'John Jones'}, {'store_id': 'STORE1623', 'store_name': 'Clayton Store', 'location': 'West Franklin', 'manager': 'Carol Wright'}]]
(Background on this error at: https://sqlalche.me/e/20/gkpj)",2025-08-22 22:40:56.650964
STORE1521,Georgetown Store,East Lancaster,Edward Campbell,"Database insertion failed: (pymysql.err.IntegrityError) (1062, ""Duplicate entry 'STORE1090' for key 'dimstore.store_id'"")
[SQL: INSERT INTO dimstore (store_id, store_name, location, manager) VALUES (%(store_id)s, %(store_name)s, %(location)s, %(manager)s)]
[parameters: [{'store_id': 'STORE1090', 'store_name': 'Oxford Store', 'location': 'East Greenwood', 'manager': 'Jennifer Garcia'}, {'store_id': 'STORE1091', 'store_name': 'Salem Store', 'location': 'East Newport', 'manager': 'George Turner'}, {'store_id': 'STORE1092', 'store_name': 'Chester Store', 'location': 'West Fairview', 'manager': 'Richard Taylor'}, {'store_id': 'STORE1093', 'store_name': 'Manchester Store', 'location': 'East Jackson', 'manager': 'Anthony Lee'}, {'store_id': 'STORE1094', 'store_name': 'Franklin Store', 'location': 'West Washington', 'manager': 'Christopher Garcia'}, {'store_id': 'STORE1095', 'store_name': 'Fairview Store', 'location': 'East Bristol', 'manager': 'Lisa Edwards'}, {'store_id': 'STORE1096', 'store_name': 'Milton Store', 'location': 'West Marion', 'manager': 'Dorothy Parker'}, {'store_id': 'STORE1097', 'store_name': 'Burlington Store', 'location': 'West Richmond', 'manager': 'John Jones'}  ... displaying 10 of 534 total bound parameter sets ...  {'store_id': 'STORE1622', 'store_name': 'Franklin Store', 'location': 'East Arlingtontown', 'manager': 'John Jones'}, {'store_id': 'STORE1623', 'store_name': 'Clayton Store', 'location': 'West Franklin', 'manager': 'Carol Wright'}]]
(Background on this error at: https://sqlalche.me/e/20/gkpj)",2025-08-22 22:40:56.650964
STORE1522,Greenwood Store,East Clinton,Carol Wright,"Database insertion failed: (pymysql.err.IntegrityError) (1062, ""Duplicate entry 'STORE1090' for key 'dimstore.store_id'"")
[SQL: INSERT INTO dimstore (store_id, store_name, location, manager) VALUES (%(store_id)s, %(store_name)s, %(location)s, %(manager)s)]
[parameters: [{'store_id': 'STORE1090', 'store_name': 'Oxford Store', 'location': 'East Greenwood', 'manager': 'Jennifer Garcia'}, {'store_id': 'STORE1091', 'store_name': 'Salem Store', 'location': 'East Newport', 'manager': 'George Turner'}, {'store_id': 'STORE1092', 'store_name': 'Chester Store', 'location': 'West Fairview', 'manager': 'Richard Taylor'}, {'store_id': 'STORE1093', 'store_name': 'Manchester Store', 'location': 'East Jackson', 'manager': 'Anthony Lee'}, {'store_id': 'STORE1094', 'store_name': 'Franklin Store', 'location': 'West Washington', 'manager': 'Christopher Garcia'}, {'store_id': 'STORE1095', 'store_name': 'Fairview Store', 'location': 'East Bristol', 'manager': 'Lisa Edwards'}, {'store_id': 'STORE1096', 'store_name': 'Milton Store', 'location': 'West Marion', 'manager': 'Dorothy Parker'}, {'store_id': 'STORE1097', 'store_name': 'Burlington Store', 'location': 'West Richmond', 'manager': 'John Jones'}  ... displaying 10 of 534 total bound parameter sets ...  {'store_id': 'STORE1622', 'store_name': 'Franklin Store', 'location': 'East Arlingtontown', 'manager': 'John Jones'}, {'store_id': 'STORE1623', 'store_name': 'Clayton Store', 'location': 'West Franklin', 'manager': 'Carol Wright'}]]
(Background on this error at: https://sqlalche.me/e/20/gkpj)",2025-08-22 22:40:56.650964
STORE1523,Salem Store,East Auburn,Patricia Brown,"Database insertion failed: (pymysql.err.IntegrityError) (1062, ""Duplicate entry 'STORE1090' for key 'dimstore.store_id'"")
[SQL: INSERT INTO dimstore (store_id, store_name, location, manager) VALUES (%(store_id)s, %(store_name)s, %(location)s, %(manager)s)]
[parameters: [{'store_id': 'STORE1090', 'store_name': 'Oxford Store', 'location': 'East Greenwood', 'manager': 'Jennifer Garcia'}, {'store_id': 'STORE1091', 'store_name': 'Salem Store', 'location': 'East Newport', 'manager': 'George Turner'}, {'store_id': 'STORE1092', 'store_name': 'Chester Store', 'location': 'West Fairview', 'manager': 'Richard Taylor'}, {'store_id': 'STORE1093', 'store_name': 'Manchester Store', 'location': 'East Jackson', 'manager': 'Anthony Lee'}, {'store_id': 'STORE1094', 'store_name': 'Franklin Store', 'location': 'West Washington', 'manager': 'Christopher Garcia'}, {'store_id': 'STORE1095', 'store_name': 'Fairview Store', 'location': 'East Bristol', 'manager': 'Lisa Edwards'}, {'store_id': 'STORE1096', 'store_name': 'Milton Store', 'location': 'West Marion', 'manager': 'Dorothy Parker'}, {'store_id': 'STORE1097', 'store_name': 'Burlington Store', 'location': 'West Richmond', 'manager': 'John Jones'}  ... displaying 10 of 534 total bound parameter sets ...  {'store_id': 'STORE1622', 'store_name': 'Franklin Store', 'location': 'East Arlingtontown', 'manager': 'John Jones'}, {'store_id': 'STORE1623', 'store_name': 'Clayton Store', 'location': 'West Franklin', 'manager': 'Carol Wright'}]]
(Background on this error at: https://sqlalche.me/e/20/gkpj)",2025-08-22 22:40:56.650964
STORE1524,Burlington Store,West Springfield,Helen Walker,"Database insertion failed: (pymysql.err.IntegrityError) (1062, ""Duplicate entry 'STORE1090' for key 'dimstore.store_id'"")
[SQL: INSERT INTO dimstore (store_id, store_name, location, manager) VALUES (%(store_id)s, %(store_name)s, %(location)s, %(manager)s)]
[parameters: [{'store_id': 'STORE1090', 'store_name': 'Oxford Store', 'location': 'East Greenwood', 'manager': 'Jennifer Garcia'}, {'store_id': 'STORE1091', 'store_name': 'Salem Store', 'location': 'East Newport', 'manager': 'George Turner'}, {'store_id': 'STORE1092', 'store_name': 'Chester Store', 'location': 'West Fairview', 'manager': 'Richard Taylor'}, {'store_id': 'STORE1093', 'store_name': 'Manchester Store', 'location': 'East Jackson', 'manager': 'Anthony Lee'}, {'store_id': 'STORE1094', 'store_name': 'Franklin Store', 'location': 'West Washington', 'manager': 'Christopher Garcia'}, {'store_id': 'STORE1095', 'store_name': 'Fairview Store', 'location': 'East Bristol', 'manager': 'Lisa Edwards'}, {'store_id': 'STORE1096', 'store_name': 'Milton Store', 'location': 'West Marion', 'manager': 'Dorothy Parker'}, {'store_id': 'STORE1097', 'store_name': 'Burlington Store', 'location': 'West Richmond', 'manager': 'John Jones'}  ... displaying 10 of 534 total bound parameter sets ...  {'store_id': 'STORE1622', 'store_name': 'Franklin Store', 'location': 'East Arlingtontown', 'manager': 'John Jones'}, {'store_id': 'STORE1623', 'store_name': 'Clayton Store', 'location': 'West Franklin', 'manager': 'Carol Wright'}]]
(Background on this error at: https://sqlalche.me/e/20/gkpj)",2025-08-22 22:40:56.650964
STORE1525,Auburn Store,West Springfieldtown,Ronald Evans,"Database insertion failed: (pymysql.err.IntegrityError) (1062, ""Duplicate entry 'STORE1090' for key 'dimstore.store_id'"")
[SQL: INSERT INTO dimstore (store_id, store_name, location, manager) VALUES (%(store_id)s, %(store_name)s, %(location)s, %(manager)s)]
[parameters: [{'store_id': 'STORE1090', 'store_name': 'Oxford Store', 'location': 'East Greenwood', 'manager': 'Jennifer Garcia'}, {'store_id': 'STORE1091', 'store_name': 'Salem Store', 'location': 'East Newport', 'manager': 'George Turner'}, {'store_id': 'STORE1092', 'store_name': 'Chester Store', 'location': 'West Fairview', 'manager': 'Richard Taylor'}, {'store_id': 'STORE1093', 'store_name': 'Manchester Store', 'location': 'East Jackson', 'manager': 'Anthony Lee'}, {'store_id': 'STORE1094', 'store_name': 'Franklin Store', 'location': 'West Washington', 'manager': 'Christopher Garcia'}, {'store_id': 'STORE1095', 'store_name': 'Fairview Store', 'location': 'East Bristol', 'manager': 'Lisa Edwards'}, {'store_id': 'STORE1096', 'store_name': 'Milton Store', 'location': 'West Marion', 'manager': 'Dorothy Parker'}, {'store_id': 'STORE1097', 'store_name': 'Burlington Store', 'location': 'West Richmond', 'manager': 'John Jones'}  ... displaying 10 of 534 total bound parameter sets ...  {'store_id': 'STORE1622', 'store_name': 'Franklin Store', 'location': 'East Arlingtontown', 'manager': 'John Jones'}, {'store_id': 'STORE1623', 'store_name': 'Clayton Store', 'location': 'West Franklin', 'manager': 'Carol Wright'}]]
(Background on this error at: https://sqlalche.me/e/20/gkpj)",2025-08-22 22:40:56.650964
STORE1526,Bristol Store,West Burlington,David Wilson,"Database insertion failed: (pymysql.err.IntegrityError) (1062, ""Duplicate entry 'STORE1090' for key 'dimstore.store_id'"")
[SQL: INSERT INTO dimstore (store_id, store_name, location, manager) VALUES (%(store_id)s, %(store_name)s, %(location)s, %(manager)s)]
[parameters: [{'store_id': 'STORE1090', 'store_name': 'Oxford Store', 'location': 'East Greenwood', 'manager': 'Jennifer Garcia'}, {'store_id': 'STORE1091', 'store_name': 'Salem Store', 'location': 'East Newport', 'manager': 'George Turner'}, {'store_id': 'STORE1092', 'store_name': 'Chester Store', 'location': 'West Fairview', 'manager': 'Richard Taylor'}, {'store_id': 'STORE1093', 'store_name': 'Manchester Store', 'location': 'East Jackson', 'manager': 'Anthony Lee'}, {'store_id': 'STORE1094', 'store_name': 'Franklin Store', 'location': 'West Washington', 'manager': 'Christopher Garcia'}, {'store_id': 'STORE1095', 'store_name': 'Fairview Store', 'location': 'East Bristol', 'manager': 'Lisa Edwards'}, {'store_id': 'STORE1096', 'store_name': 'Milton Store', 'location': 'West Marion', 'manager': 'Dorothy Parker'}, {'store_id': 'STORE1097', 'store_name': 'Burlington Store', 'location': 'West Richmond', 'manager': 'John Jones'}  ... displaying 10 of 534 total bound parameter sets ...  {'store_id': 'STORE1622', 'store_name': 'Franklin Store', 'location': 'East Arlingtontown', 'manager': 'John Jones'}, {'store_id': 'STORE1623', 'store_name': 'Clayton Store', 'location': 'West Franklin', 'manager': 'Carol Wright'}]]
(Background on this error at: https://sqlalche.me/e/20/gkpj)",2025-08-22 22:40:56.650964
STORE1527,Auburn Store,East Auburn,Jennifer Garcia,"Database insertion failed: (pymysql.err.IntegrityError) (1062, ""Duplicate entry 'STORE1090' for key 'dimstore.store_id'"")
[SQL: INSERT INTO dimstore (store_id, store_name, location, manager) VALUES (%(store_id)s, %(store_name)s, %(location)s, %(manager)s)]
[parameters: [{'store_id': 'STORE1090', 'store_name': 'Oxford Store', 'location': 'East Greenwood', 'manager': 'Jennifer Garcia'}, {'store_id': 'STORE1091', 'store_name': 'Salem Store', 'location': 'East Newport', 'manager': 'George Turner'}, {'store_id': 'STORE1092', 'store_name': 'Chester Store', 'location': 'West Fairview', 'manager': 'Richard Taylor'}, {'store_id': 'STORE1093', 'store_name': 'Manchester Store', 'location': 'East Jackson', 'manager': 'Anthony Lee'}, {'store_id': 'STORE1094', 'store_name': 'Franklin Store', 'location': 'West Washington', 'manager': 'Christopher Garcia'}, {'store_id': 'STORE1095', 'store_name': 'Fairview Store', 'location': 'East Bristol', 'manager': 'Lisa Edwards'}, {'store_id': 'STORE1096', 'store_name': 'Milton Store', 'location': 'West Marion', 'manager': 'Dorothy Parker'}, {'store_id': 'STORE1097', 'store_name': 'Burlington Store', 'location': 'West Richmond', 'manager': 'John Jones'}  ... displaying 10 of 534 total bound parameter sets ...  {'store_id': 'STORE1622', 'store_name': 'Franklin Store', 'location': 'East Arlingtontown', 'manager': 'John Jones'}, {'store_id': 'STORE1623', 'store_name': 'Clayton Store', 'location': 'West Franklin', 'manager': 'Carol Wright'}]]
(Background on this error at: https://sqlalche.me/e/20/gkpj)",2025-08-22 22:40:56.650964
STORE1528,Burlington Store,East Greenwood,Laura Nelson,"Database insertion failed: (pymysql.err.IntegrityError) (1062, ""Duplicate entry 'STORE1090' for key 'dimstore.store_id'"")
[SQL: INSERT INTO dimstore (store_id, store_name, location, manager) VALUES (%(store_id)s, %(store_name)s, %(location)s, %(manager)s)]
[parameters: [{'store_id': 'STORE1090', 'store_name': 'Oxford Store', 'location': 'East Greenwood', 'manager': 'Jennifer Garcia'}, {'store_id': 'STORE1091', 'store_name': 'Salem Store', 'location': 'East Newport', 'manager': 'George Turner'}, {'store_id': 'STORE1092', 'store_name': 'Chester Store', 'location': 'West Fairview', 'manager': 'Richard Taylor'}, {'store_id': 'STORE1093', 'store_name': 'Manchester Store', 'location': 'East Jackson', 'manager': 'Anthony Lee'}, {'store_id': 'STORE1094', 'store_name': 'Franklin Store', 'location': 'West Washington', 'manager': 'Christopher Garcia'}, {'store_id': 'STORE1095', 'store_name': 'Fairview Store', 'location': 'East Bristol', 'manager': 'Lisa Edwards'}, {'store_id': 'STORE1096', 'store_name': 'Milton Store', 'location': 'West Marion', 'manager': 'Dorothy Parker'}, {'store_id': 'STORE1097', 'store_name': 'Burlington Store', 'location': 'West Richmond', 'manager': 'John Jones'}  ... displaying 10 of 534 total bound parameter sets ...  {'store_id': 'STORE1622', 'store_name': 'Franklin Store', 'location': 'East Arlingtontown', 'manager': 'John Jones'}, {'store_id': 'STORE1623', 'store_name': 'Clayton Store', 'location': 'West Franklin', 'manager': 'Carol Wright'}]]
(Background on this error at: https://sqlalche.me/e/20/gkpj)",2025-08-22 22:40:56.650964
STORE1529,Arlington Store,East Newport,Edward Campbell,"Database insertion failed: (pymysql.err.IntegrityError) (1062, ""Duplicate entry 'STORE1090' for key 'dimstore.store_id'"")
[SQL: INSERT INTO dimstore (store_id, store_name, location, manager) VALUES (%(store_id)s, %(store_name)s, %(location)s, %(manager)s)]
[parameters: [{'store_id': 'STORE1090', 'store_name': 'Oxford Store', 'location': 'East Greenwood', 'manager': 'Jennifer Garcia'}, {'store_id': 'STORE1091', 'store_name': 'Salem Store', 'location': 'East Newport', 'manager': 'George Turner'}, {'store_id': 'STORE1092', 'store_name': 'Chester Store', 'location': 'West Fairview', 'manager': 'Richard Taylor'}, {'store_id': 'STORE1093', 'store_name': 'Manchester Store', 'location': 'East Jackson', 'manager': 'Anthony Lee'}, {'store_id': 'STORE1094', 'store_name': 'Franklin Store', 'location': 'West Washington', 'manager': 'Christopher Garcia'}, {'store_id': 'STORE1095', 'store_name': 'Fairview Store', 'location': 'East Bristol', 'manager': 'Lisa Edwards'}, {'store_id': 'STORE1096', 'store_name': 'Milton Store', 'location': 'West Marion', 'manager': 'Dorothy Parker'}, {'store_id': 'STORE1097', 'store_name': 'Burlington Store', 'location': 'West Richmond', 'manager': 'John Jones'}  ... displaying 10 of 534 total bound parameter sets ...  {'store_id': 'STORE1622', 'store_name': 'Franklin Store', 'location': 'East Arlingtontown', 'manager': 'John Jones'}, {'store_id': 'STORE1623', 'store_name': 'Clayton Store', 'location': 'West Franklin', 'manager': 'Carol Wright'}]]
(Background on this error at: https://sqlalche.me/e/20/gkpj)",2025-08-22 22:40:56.650964
STORE1530,Greenwood Store,West Fairviewtown,Matthew Rodriguez,"Database insertion failed: (pymysql.err.IntegrityError) (1062, ""Duplicate entry 'STORE1090' for key 'dimstore.store_id'"")
[SQL: INSERT INTO dimstore (store_id, store_name, location, manager) VALUES (%(store_id)s, %(store_name)s, %(location)s, %(manager)s)]
[parameters: [{'store_id': 'STORE1090', 'store_name': 'Oxford Store', 'location': 'East Greenwood', 'manager': 'Jennifer Garcia'}, {'store_id': 'STORE1091', 'store_name': 'Salem Store', 'location': 'East Newport', 'manager': 'George Turner'}, {'store_id': 'STORE1092', 'store_name': 'Chester Store', 'location': 'West Fairview', 'manager': 'Richard Taylor'}, {'store_id': 'STORE1093', 'store_name': 'Manchester Store', 'location': 'East Jackson', 'manager': 'Anthony Lee'}, {'store_id': 'STORE1094', 'store_name': 'Franklin Store', 'location': 'West Washington', 'manager': 'Christopher Garcia'}, {'store_id': 'STORE1095', 'store_name': 'Fairview Store', 'location': 'East Bristol', 'manager': 'Lisa Edwards'}, {'store_id': 'STORE1096', 'store_name': 'Milton Store', 'location': 'West Marion', 'manager': 'Dorothy Parker'}, {'store_id': 'STORE1097', 'store_name': 'Burlington Store', 'location': 'West Richmond', 'manager': 'John Jones'}  ... displaying 10 of 534 total bound parameter sets ...  {'store_id': 'STORE1622', 'store_name': 'Franklin Store', 'location': 'East Arlingtontown', 'manager': 'John Jones'}, {'store_id': 'STORE1623', 'store_name': 'Clayton Store', 'location': 'West Franklin', 'manager': 'Carol Wright'}]]
(Background on this error at: https://sqlalche.me/e/20/gkpj)",2025-08-22 22:40:56.650964
STORE1531,Chester Store,West Kingstontown,Linda Davis,"Database insertion failed: (pymysql.err.IntegrityError) (1062, ""Duplicate entry 'STORE1090' for key 'dimstore.store_id'"")
[SQL: INSERT INTO dimstore (store_id, store_name, location, manager) VALUES (%(store_id)s, %(store_name)s, %(location)s, %(manager)s)]
[parameters: [{'store_id': 'STORE1090', 'store_name': 'Oxford Store', 'location': 'East Greenwood', 'manager': 'Jennifer Garcia'}, {'store_id': 'STORE1091', 'store_name': 'Salem Store', 'location': 'East Newport', 'manager': 'George Turner'}, {'store_id': 'STORE1092', 'store_name': 'Chester Store', 'location': 'West Fairview', 'manager': 'Richard Taylor'}, {'store_id': 'STORE1093', 'store_name': 'Manchester Store', 'location': 'East Jackson', 'manager': 'Anthony Lee'}, {'store_id': 'STORE1094', 'store_name': 'Franklin Store', 'location': 'West Washington', 'manager': 'Christopher Garcia'}, {'store_id': 'STORE1095', 'store_name': 'Fairview Store', 'location': 'East Bristol', 'manager': 'Lisa Edwards'}, {'store_id': 'STORE1096', 'store_name': 'Milton Store', 'location': 'West Marion', 'manager': 'Dorothy Parker'}, {'store_id': 'STORE1097', 'store_name': 'Burlington Store', 'location': 'West Richmond', 'manager': 'John Jones'}  ... displaying 10 of 534 total bound parameter sets ...  {'store_id': 'STORE1622', 'store_name': 'Franklin Store', 'location': 'East Arlingtontown', 'manager': 'John Jones'}, {'store_id': 'STORE1623', 'store_name': 'Clayton Store', 'location': 'West Franklin', 'manager': 'Carol Wright'}]]
(Background on this error at: https://sqlalche.me/e/20/gkpj)",2025-08-22 22:40:56.650964
STORE1532,Richmond Store,East Bristol,Richard Taylor,"Database insertion failed: (pymysql.err.IntegrityError) (1062, ""Duplicate entry 'STORE1090' for key 'dimstore.store_id'"")
[SQL: INSERT INTO dimstore (store_id, store_name, location, manager) VALUES (%(store_id)s, %(store_name)s, %(location)s, %(manager)s)]
[parameters: [{'store_id': 'STORE1090', 'store_name': 'Oxford Store', 'location': 'East Greenwood', 'manager': 'Jennifer Garcia'}, {'store_id': 'STORE1091', 'store_name': 'Salem Store', 'location': 'East Newport', 'manager': 'George Turner'}, {'store_id': 'STORE1092', 'store_name': 'Chester Store', 'location': 'West Fairview', 'manager': 'Richard Taylor'}, {'store_id': 'STORE1093', 'store_name': 'Manchester Store', 'location': 'East Jackson', 'manager': 'Anthony Lee'}, {'store_id': 'STORE1094', 'store_name': 'Franklin Store', 'location': 'West Washington', 'manager': 'Christopher Garcia'}, {'store_id': 'STORE1095', 'store_name': 'Fairview Store', 'location': 'East Bristol', 'manager': 'Lisa Edwards'}, {'store_id': 'STORE1096', 'store_name': 'Milton Store', 'location': 'West Marion', 'manager': 'Dorothy Parker'}, {'store_id': 'STORE1097', 'store_name': 'Burlington Store', 'location': 'West Richmond', 'manager': 'John Jones'}  ... displaying 10 of 534 total bound parameter sets ...  {'store_id': 'STORE1622', 'store_name': 'Franklin Store', 'location': 'East Arlingtontown', 'manager': 'John Jones'}, {'store_id': 'STORE1623', 'store_name': 'Clayton Store', 'location': 'West Franklin', 'manager': 'Carol Wright'}]]
(Background on this error at: https://sqlalche.me/e/20/gkpj)",2025-08-22 22:40:56.650964
STORE1533,Greenwood Store,East Waynetown,Donna Hernandez,"Database insertion failed: (pymysql.err.IntegrityError) (1062, ""Duplicate entry 'STORE1090' for key 'dimstore.store_id'"")
[SQL: INSERT INTO dimstore (store_id, store_name, location, manager) VALUES (%(store_id)s, %(store_name)s, %(location)s, %(manager)s)]
[parameters: [{'store_id': 'STORE1090', 'store_name': 'Oxford Store', 'location': 'East Greenwood', 'manager': 'Jennifer Garcia'}, {'store_id': 'STORE1091', 'store_name': 'Salem Store', 'location': 'East Newport', 'manager': 'George Turner'}, {'store_id': 'STORE1092', 'store_name': 'Chester Store', 'location': 'West Fairview', 'manager': 'Richard Taylor'}, {'store_id': 'STORE1093', 'store_name': 'Manchester Store', 'location': 'East Jackson', 'manager': 'Anthony Lee'}, {'store_id': 'STORE1094', 'store_name': 'Franklin Store', 'location': 'West Washington', 'manager': 'Christopher Garcia'}, {'store_id': 'STORE1095', 'store_name': 'Fairview Store', 'location': 'East Bristol', 'manager': 'Lisa Edwards'}, {'store_id': 'STORE1096', 'store_name': 'Milton Store', 'location': 'West Marion', 'manager': 'Dorothy Parker'}, {'store_id': 'STORE1097', 'store_name': 'Burlington Store', 'location': 'West Richmond', 'manager': 'John Jones'}  ... displaying 10 of 534 total bound parameter sets ...  {'store_id': 'STORE1622', 'store_name': 'Franklin Store', 'location': 'East Arlingtontown', 'manager': 'John Jones'}, {'store_id': 'STORE1623', 'store_name': 'Clayton Store', 'location': 'West Franklin', 'manager': 'Carol Wright'}]]
(Background on this error at: https://sqlalche.me/e/20/gkpj)",2025-08-22 22:40:56.650964
STORE1534,Manchester Store,West Salem,Elizabeth Martinez,"Database insertion failed: (pymysql.err.IntegrityError) (1062, ""Duplicate entry 'STORE1090' for key 'dimstore.store_id'"")
[SQL: INSERT INTO dimstore (store_id, store_name, location, manager) VALUES (%(store_id)s, %(store_name)s, %(location)s, %(manager)s)]
[parameters: [{'store_id': 'STORE1090', 'store_name': 'Oxford Store', 'location': 'East Greenwood', 'manager': 'Jennifer Garcia'}, {'store_id': 'STORE1091', 'store_name': 'Salem Store', 'location': 'East Newport', 'manager': 'George Turner'}, {'store_id': 'STORE1092', 'store_name': 'Chester Store', 'location': 'West Fairview', 'manager': 'Richard Taylor'}, {'store_id': 'STORE1093', 'store_name': 'Manchester Store', 'location': 'East Jackson', 'manager': 'Anthony Lee'}, {'store_id': 'STORE1094', 'store_name': 'Franklin Store', 'location': 'West Washington', 'manager': 'Christopher Garcia'}, {'store_id': 'STORE1095', 'store_name': 'Fairview Store', 'location': 'East Bristol', 'manager': 'Lisa Edwards'}, {'store_id': 'STORE1096', 'store_name': 'Milton Store', 'location': 'West Marion', 'manager': 'Dorothy Parker'}, {'store_id': 'STORE1097', 'store_name': 'Burlington Store', 'location': 'West Richmond', 'manager': 'John Jones'}  ... displaying 10 of 534 total bound parameter sets ...  {'store_id': 'STORE1622', 'store_name': 'Franklin Store', 'location': 'East Arlingtontown', 'manager': 'John Jones'}, {'store_id': 'STORE1623', 'store_name': 'Clayton Store', 'location': 'West Franklin', 'manager': 'Carol Wright'}]]
(Background on this error at: https://sqlalche.me/e/20/gkpj)",2025-08-22 22:40:56.650964
STORE1535,Arlington Store,West Bristol,Dorothy Parker,"Database insertion failed: (pymysql.err.IntegrityError) (1062, ""Duplicate entry 'STORE1090' for key 'dimstore.store_id'"")
[SQL: INSERT INTO dimstore (store_id, store_name, location, manager) VALUES (%(store_id)s, %(store_name)s, %(location)s, %(manager)s)]
[parameters: [{'store_id': 'STORE1090', 'store_name': 'Oxford Store', 'location': 'East Greenwood', 'manager': 'Jennifer Garcia'}, {'store_id': 'STORE1091', 'store_name': 'Salem Store', 'location': 'East Newport', 'manager': 'George Turner'}, {'store_id': 'STORE1092', 'store_name': 'Chester Store', 'location': 'West Fairview', 'manager': 'Richard Taylor'}, {'store_id': 'STORE1093', 'store_name': 'Manchester Store', 'location': 'East Jackson', 'manager': 'Anthony Lee'}, {'store_id': 'STORE1094', 'store_name': 'Franklin Store', 'location': 'West Washington', 'manager': 'Christopher Garcia'}, {'store_id': 'STORE1095', 'store_name': 'Fairview Store', 'location': 'East Bristol', 'manager': 'Lisa Edwards'}, {'store_id': 'STORE1096', 'store_name': 'Milton Store', 'location': 'West Marion', 'manager': 'Dorothy Parker'}, {'store_id': 'STORE1097', 'store_name': 'Burlington Store', 'location': 'West Richmond', 'manager': 'John Jones'}  ... displaying 10 of 534 total bound parameter sets ...  {'store_id': 'STORE1622', 'store_name': 'Franklin Store', 'location': 'East Arlingtontown', 'manager': 'John Jones'}, {'store_id': 'STORE1623', 'store_name': 'Clayton Store', 'location': 'West Franklin', 'manager': 'Carol Wright'}]]
(Background on this error at: https://sqlalche.me/e/20/gkpj)",2025-08-22 22:40:56.650964
STORE1536,Richmond Store,West Wayne,Michelle Baker,"Database insertion failed: (pymysql.err.IntegrityError) (1062, ""Duplicate entry 'STORE1090' for key 'dimstore.store_id'"")
[SQL: INSERT INTO dimstore (store_id, store_name, location, manager) VALUES (%(store_id)s, %(store_name)s, %(location)s, %(manager)s)]
[parameters: [{'store_id': 'STORE1090', 'store_name': 'Oxford Store', 'location': 'East Greenwood', 'manager': 'Jennifer Garcia'}, {'store_id': 'STORE1091', 'store_name': 'Salem Store', 'location': 'East Newport', 'manager': 'George Turner'}, {'store_id': 'STORE1092', 'store_name': 'Chester Store', 'location': 'West Fairview', 'manager': 'Richard Taylor'}, {'store_id': 'STORE1093', 'store_name': 'Manchester Store', 'location': 'East Jackson', 'manager': 'Anthony Lee'}, {'store_id': 'STORE1094', 'store_name': 'Franklin Store', 'location': 'West Washington', 'manager': 'Christopher Garcia'}, {'store_id': 'STORE1095', 'store_name': 'Fairview Store', 'location': 'East Bristol', 'manager': 'Lisa Edwards'}, {'store_id': 'STORE1096', 'store_name': 'Milton Store', 'location': 'West Marion', 'manager': 'Dorothy Parker'}, {'store_id': 'STORE1097', 'store_name': 'Burlington Store', 'location': 'West Richmond', 'manager': 'John Jones'}  ... displaying 10 of 534 total bound parameter sets ...  {'store_id': 'STORE1622', 'store_name': 'Franklin Store', 'location': 'East Arlingtontown', 'manager': 'John Jones'}, {'store_id': 'STORE1623', 'store_name': 'Clayton Store', 'location': 'West Franklin', 'manager': 'Carol Wright'}]]
(Background on this error at: https://sqlalche.me/e/20/gkpj)",2025-08-22 22:40:56.650964
STORE1537,Fairview Store,East Chestertown,Matthew Rodriguez,"Database insertion failed: (pymysql.err.IntegrityError) (1062, ""Duplicate entry 'STORE1090' for key 'dimstore.store_id'"")
[SQL: INSERT INTO dimstore (store_id, store_name, location, manager) VALUES (%(store_id)s, %(store_name)s, %(location)s, %(manager)s)]
[parameters: [{'store_id': 'STORE1090', 'store_name': 'Oxford Store', 'location': 'East Greenwood', 'manager': 'Jennifer Garcia'}, {'store_id': 'STORE1091', 'store_name': 'Salem Store', 'location': 'East Newport', 'manager': 'George Turner'}, {'store_id': 'STORE1092', 'store_name': 'Chester Store', 'location': 'West Fairview', 'manager': 'Richard Taylor'}, {'store_id': 'STORE1093', 'store_name': 'Manchester Store', 'location': 'East Jackson', 'manager': 'Anthony Lee'}, {'store_id': 'STORE1094', 'store_name': 'Franklin Store', 'location': 'West Washington', 'manager': 'Christopher Garcia'}, {'store_id': 'STORE1095', 'store_name': 'Fairview Store', 'location': 'East Bristol', 'manager': 'Lisa Edwards'}, {'store_id': 'STORE1096', 'store_name': 'Milton Store', 'location': 'West Marion', 'manager': 'Dorothy Parker'}, {'store_id': 'STORE1097', 'store_name': 'Burlington Store', 'location': 'West Richmond', 'manager': 'John Jones'}  ... displaying 10 of 534 total bound parameter sets ...  {'store_id': 'STORE1622', 'store_name': 'Franklin Store', 'location': 'East Arlingtontown', 'manager': 'John Jones'}, {'store_id': 'STORE1623', 'store_name': 'Clayton Store', 'location': 'West Franklin', 'manager': 'Carol Wright'}]]
(Background on this error at: https://sqlalche.me/e/20/gkpj)",2025-08-22 22:40:56.650964
STORE1538,Newport Store,West Chester,Brian Perez,"Database insertion failed: (pymysql.err.IntegrityError) (1062, ""Duplicate entry 'STORE1090' for key 'dimstore.store_id'"")
[SQL: INSERT INTO dimstore (store_id, store_name, location, manager) VALUES (%(store_id)s, %(store_name)s, %(location)s, %(manager)s)]
[parameters: [{'store_id': 'STORE1090', 'store_name': 'Oxford Store', 'location': 'East Greenwood', 'manager': 'Jennifer Garcia'}, {'store_id': 'STORE1091', 'store_name': 'Salem Store', 'location': 'East Newport', 'manager': 'George Turner'}, {'store_id': 'STORE1092', 'store_name': 'Chester Store', 'location': 'West Fairview', 'manager': 'Richard Taylor'}, {'store_id': 'STORE1093', 'store_name': 'Manchester Store', 'location': 'East Jackson', 'manager': 'Anthony Lee'}, {'store_id': 'STORE1094', 'store_name': 'Franklin Store', 'location': 'West Washington', 'manager': 'Christopher Garcia'}, {'store_id': 'STORE1095', 'store_name': 'Fairview Store', 'location': 'East Bristol', 'manager': 'Lisa Edwards'}, {'store_id': 'STORE1096', 'store_name': 'Milton Store', 'location': 'West Marion', 'manager': 'Dorothy Parker'}, {'store_id': 'STORE1097', 'store_name': 'Burlington Store', 'location': 'West Richmond', 'manager': 'John Jones'}  ... displaying 10 of 534 total bound parameter sets ...  {'store_id': 'STORE1622', 'store_name': 'Franklin Store', 'location': 'East Arlingtontown', 'manager': 'John Jones'}, {'store_id': 'STORE1623', 'store_name': 'Clayton Store', 'location': 'West Franklin', 'manager': 'Carol Wright'}]]
(Background on this error at: https://sqlalche.me/e/20/gkpj)",2025-08-22 22:40:56.650964
STORE1539,Dover Store,East Clinton,Matthew Rodriguez,"Database insertion failed: (pymysql.err.IntegrityError) (1062, ""Duplicate entry 'STORE1090' for key 'dimstore.store_id'"")
[SQL: INSERT INTO dimstore (store_id, store_name, location, manager) VALUES (%(store_id)s, %(store_name)s, %(location)s, %(manager)s)]
[parameters: [{'store_id': 'STORE1090', 'store_name': 'Oxford Store', 'location': 'East Greenwood', 'manager': 'Jennifer Garcia'}, {'store_id': 'STORE1091', 'store_name': 'Salem Store', 'location': 'East Newport', 'manager': 'George Turner'}, {'store_id': 'STORE1092', 'store_name': 'Chester Store', 'location': 'West Fairview', 'manager': 'Richard Taylor'}, {'store_id': 'STORE1093', 'store_name': 'Manchester Store', 'location': 'East Jackson', 'manager': 'Anthony Lee'}, {'store_id': 'STORE1094', 'store_name': 'Franklin Store', 'location': 'West Washington', 'manager': 'Christopher Garcia'}, {'store_id': 'STORE1095', 'store_name': 'Fairview Store', 'location': 'East Bristol', 'manager': 'Lisa Edwards'}, {'store_id': 'STORE1096', 'store_name': 'Milton Store', 'location': 'West Marion', 'manager': 'Dorothy Parker'}, {'store_id': 'STORE1097', 'store_name': 'Burlington Store', 'location': 'West Richmond', 'manager': 'John Jones'}  ... displaying 10 of 534 total bound parameter sets ...  {'store_id': 'STORE1622', 'store_name': 'Franklin Store', 'location': 'East Arlingtontown', 'manager': 'John Jones'}, {'store_id': 'STORE1623', 'store_name': 'Clayton Store', 'location': 'West Franklin', 'manager': 'Carol Wright'}]]
(Background on this error at: https://sqlalche.me/e/20/gkpj)",2025-08-22 22:40:56.650964
STORE1540,Oxford Store,East Salemtown,Ronald Evans,"Database insertion failed: (pymysql.err.IntegrityError) (1062, ""Duplicate entry 'STORE1090' for key 'dimstore.store_id'"")
[SQL: INSERT INTO dimstore (store_id, store_name, location, manager) VALUES (%(store_id)s, %(store_name)s, %(location)s, %(manager)s)]
[parameters: [{'store_id': 'STORE1090', 'store_name': 'Oxford Store', 'location': 'East Greenwood', 'manager': 'Jennifer Garcia'}, {'store_id': 'STORE1091', 'store_name': 'Salem Store', 'location': 'East Newport', 'manager': 'George Turner'}, {'store_id': 'STORE1092', 'store_name': 'Chester Store', 'location': 'West Fairview', 'manager': 'Richard Taylor'}, {'store_id': 'STORE1093', 'store_name': 'Manchester Store', 'location': 'East Jackson', 'manager': 'Anthony Lee'}, {'store_id': 'STORE1094', 'store_name': 'Franklin Store', 'location': 'West Washington', 'manager': 'Christopher Garcia'}, {'store_id': 'STORE1095', 'store_name': 'Fairview Store', 'location': 'East Bristol', 'manager': 'Lisa Edwards'}, {'store_id': 'STORE1096', 'store_name': 'Milton Store', 'location': 'West Marion', 'manager': 'Dorothy Parker'}, {'store_id': 'STORE1097', 'store_name': 'Burlington Store', 'location': 'West Richmond', 'manager': 'John Jones'}  ... displaying 10 of 534 total bound parameter sets ...  {'store_id': 'STORE1622', 'store_name': 'Franklin Store', 'location': 'East Arlingtontown', 'manager': 'John Jones'}, {'store_id': 'STORE1623', 'store_name': 'Clayton Store', 'location': 'West Franklin', 'manager': 'Carol Wright'}]]
(Background on this error at: https://sqlalche.me/e/20/gkpj)",2025-08-22 22:40:56.650964
STORE1541,Greenwood Store,East Arlington,Mark Hall,"Database insertion failed: (pymysql.err.IntegrityError) (1062, ""Duplicate entry 'STORE1090' for key 'dimstore.store_id'"")
[SQL: INSERT INTO dimstore (store_id, store_name, location, manager) VALUES (%(store_id)s, %(store_name)s, %(location)s, %(manager)s)]
[parameters: [{'store_id': 'STORE1090', 'store_name': 'Oxford Store', 'location': 'East Greenwood', 'manager': 'Jennifer Garcia'}, {'store_id': 'STORE1091', 'store_name': 'Salem Store', 'location': 'East Newport', 'manager': 'George Turner'}, {'store_id': 'STORE1092', 'store_name': 'Chester Store', 'location': 'West Fairview', 'manager': 'Richard Taylor'}, {'store_id': 'STORE1093', 'store_name': 'Manchester Store', 'location': 'East Jackson', 'manager': 'Anthony Lee'}, {'store_id': 'STORE1094', 'store_name': 'Franklin Store', 'location': 'West Washington', 'manager': 'Christopher Garcia'}, {'store_id': 'STORE1095', 'store_name': 'Fairview Store', 'location': 'East Bristol', 'manager': 'Lisa Edwards'}, {'store_id': 'STORE1096', 'store_name': 'Milton Store', 'location': 'West Marion', 'manager': 'Dorothy Parker'}, {'store_id': 'STORE1097', 'store_name': 'Burlington Store', 'location': 'West Richmond', 'manager': 'John Jones'}  ... displaying 10 of 534 total bound parameter sets ...  {'store_id': 'STORE1622', 'store_name': 'Franklin Store', 'location': 'East Arlingtontown', 'manager': 'John Jones'}, {'store_id': 'STORE1623', 'store_name': 'Clayton Store', 'location': 'West Franklin', 'manager': 'Carol Wright'}]]
(Background on this error at: https://sqlalche.me/e/20/gkpj)",2025-08-22 22:40:56.650964
STORE1542,Newport Store,East Wayne,Jennifer Garcia,"Database insertion failed: (pymysql.err.IntegrityError) (1062, ""Duplicate entry 'STORE1090' for key 'dimstore.store_id'"")
[SQL: INSERT INTO dimstore (store_id, store_name, location, manager) VALUES (%(store_id)s, %(store_name)s, %(location)s, %(manager)s)]
[parameters: [{'store_id': 'STORE1090', 'store_name': 'Oxford Store', 'location': 'East Greenwood', 'manager': 'Jennifer Garcia'}, {'store_id': 'STORE1091', 'store_name': 'Salem Store', 'location': 'East Newport', 'manager': 'George Turner'}, {'store_id': 'STORE1092', 'store_name': 'Chester Store', 'location': 'West Fairview', 'manager': 'Richard Taylor'}, {'store_id': 'STORE1093', 'store_name': 'Manchester Store', 'location': 'East Jackson', 'manager': 'Anthony Lee'}, {'store_id': 'STORE1094', 'store_name': 'Franklin Store', 'location': 'West Washington', 'manager': 'Christopher Garcia'}, {'store_id': 'STORE1095', 'store_name': 'Fairview Store', 'location': 'East Bristol', 'manager': 'Lisa Edwards'}, {'store_id': 'STORE1096', 'store_name': 'Milton Store', 'location': 'West Marion', 'manager': 'Dorothy Parker'}, {'store_id': 'STORE1097', 'store_name': 'Burlington Store', 'location': 'West Richmond', 'manager': 'John Jones'}  ... displaying 10 of 534 total bound parameter sets ...  {'store_id': 'STORE1622', 'store_name': 'Franklin Store', 'location': 'East Arlingtontown', 'manager': 'John Jones'}, {'store_id': 'STORE1623', 'store_name': 'Clayton Store', 'location': 'West Franklin', 'manager': 'Carol Wright'}]]
(Background on this error at: https://sqlalche.me/e/20/gkpj)",2025-08-22 22:40:56.650964
STORE1543,Lancaster Store,West Auburn,Laura Nelson,"Database insertion failed: (pymysql.err.IntegrityError) (1062, ""Duplicate entry 'STORE1090' for key 'dimstore.store_id'"")
[SQL: INSERT INTO dimstore (store_id, store_name, location, manager) VALUES (%(store_id)s, %(store_name)s, %(location)s, %(manager)s)]
[parameters: [{'store_id': 'STORE1090', 'store_name': 'Oxford Store', 'location': 'East Greenwood', 'manager': 'Jennifer Garcia'}, {'store_id': 'STORE1091', 'store_name': 'Salem Store', 'location': 'East Newport', 'manager': 'George Turner'}, {'store_id': 'STORE1092', 'store_name': 'Chester Store', 'location': 'West Fairview', 'manager': 'Richard Taylor'}, {'store_id': 'STORE1093', 'store_name': 'Manchester Store', 'location': 'East Jackson', 'manager': 'Anthony Lee'}, {'store_id': 'STORE1094', 'store_name': 'Franklin Store', 'location': 'West Washington', 'manager': 'Christopher Garcia'}, {'store_id': 'STORE1095', 'store_name': 'Fairview Store', 'location': 'East Bristol', 'manager': 'Lisa Edwards'}, {'store_id': 'STORE1096', 'store_name': 'Milton Store', 'location': 'West Marion', 'manager': 'Dorothy Parker'}, {'store_id': 'STORE1097', 'store_name': 'Burlington Store', 'location': 'West Richmond', 'manager': 'John Jones'}  ... displaying 10 of 534 total bound parameter sets ...  {'store_id': 'STORE1622', 'store_name': 'Franklin Store', 'location': 'East Arlingtontown', 'manager': 'John Jones'}, {'store_id': 'STORE1623', 'store_name': 'Clayton Store', 'location': 'West Franklin', 'manager': 'Carol Wright'}]]
(Background on this error at: https://sqlalche.me/e/20/gkpj)",2025-08-22 22:40:56.650964
STORE1544,Fairview Store,West Troy,Mary Johnson,"Database insertion failed: (pymysql.err.IntegrityError) (1062, ""Duplicate entry 'STORE1090' for key 'dimstore.store_id'"")
[SQL: INSERT INTO dimstore (store_id, store_name, location, manager) VALUES (%(store_id)s, %(store_name)s, %(location)s, %(manager)s)]
[parameters: [{'store_id': 'STORE1090', 'store_name': 'Oxford Store', 'location': 'East Greenwood', 'manager': 'Jennifer Garcia'}, {'store_id': 'STORE1091', 'store_name': 'Salem Store', 'location': 'East Newport', 'manager': 'George Turner'}, {'store_id': 'STORE1092', 'store_name': 'Chester Store', 'location': 'West Fairview', 'manager': 'Richard Taylor'}, {'store_id': 'STORE1093', 'store_name': 'Manchester Store', 'location': 'East Jackson', 'manager': 'Anthony Lee'}, {'store_id': 'STORE1094', 'store_name': 'Franklin Store', 'location': 'West Washington', 'manager': 'Christopher Garcia'}, {'store_id': 'STORE1095', 'store_name': 'Fairview Store', 'location': 'East Bristol', 'manager': 'Lisa Edwards'}, {'store_id': 'STORE1096', 'store_name': 'Milton Store', 'location': 'West Marion', 'manager': 'Dorothy Parker'}, {'store_id': 'STORE1097', 'store_name': 'Burlington Store', 'location': 'West Richmond', 'manager': 'John Jones'}  ... displaying 10 of 534 total bound parameter sets ...  {'store_id': 'STORE1622', 'store_name': 'Franklin Store', 'location': 'East Arlingtontown', 'manager': 'John Jones'}, {'store_id': 'STORE1623', 'store_name': 'Clayton Store', 'location': 'West Franklin', 'manager': 'Carol Wright'}]]
(Background on this error at: https://sqlalche.me/e/20/gkpj)",2025-08-22 22:40:56.650964
STORE1545,Springfield Store,West Milton,Nancy Martinez,"Database insertion failed: (pymysql.err.IntegrityError) (1062, ""Duplicate entry 'STORE1090' for key 'dimstore.store_id'"")
[SQL: INSERT INTO dimstore (store_id, store_name, location, manager) VALUES (%(store_id)s, %(store_name)s, %(location)s, %(manager)s)]
[parameters: [{'store_id': 'STORE1090', 'store_name': 'Oxford Store', 'location': 'East Greenwood', 'manager': 'Jennifer Garcia'}, {'store_id': 'STORE1091', 'store_name': 'Salem Store', 'location': 'East Newport', 'manager': 'George Turner'}, {'store_id': 'STORE1092', 'store_name': 'Chester Store', 'location': 'West Fairview', 'manager': 'Richard Taylor'}, {'store_id': 'STORE1093', 'store_name': 'Manchester Store', 'location': 'East Jackson', 'manager': 'Anthony Lee'}, {'store_id': 'STORE1094', 'store_name': 'Franklin Store', 'location': 'West Washington', 'manager': 'Christopher Garcia'}, {'store_id': 'STORE1095', 'store_name': 'Fairview Store', 'location': 'East Bristol', 'manager': 'Lisa Edwards'}, {'store_id': 'STORE1096', 'store_name': 'Milton Store', 'location': 'West Marion', 'manager': 'Dorothy Parker'}, {'store_id': 'STORE1097', 'store_name': 'Burlington Store', 'location': 'West Richmond', 'manager': 'John Jones'}  ... displaying 10 of 534 total bound parameter sets ...  {'store_id': 'STORE1622', 'store_name': 'Franklin Store', 'location': 'East Arlingtontown', 'manager': 'John Jones'}, {'store_id': 'STORE1623', 'store_name': 'Clayton Store', 'location': 'West Franklin', 'manager': 'Carol Wright'}]]
(Background on this error at: https://sqlalche.me/e/20/gkpj)",2025-08-22 22:40:56.650964
STORE1546,Washington Store,West Riverside,Christopher Garcia,"Database insertion failed: (pymysql.err.IntegrityError) (1062, ""Duplicate entry 'STORE1090' for key 'dimstore.store_id'"")
[SQL: INSERT INTO dimstore (store_id, store_name, location, manager) VALUES (%(store_id)s, %(store_name)s, %(location)s, %(manager)s)]
[parameters: [{'store_id': 'STORE1090', 'store_name': 'Oxford Store', 'location': 'East Greenwood', 'manager': 'Jennifer Garcia'}, {'store_id': 'STORE1091', 'store_name': 'Salem Store', 'location': 'East Newport', 'manager': 'George Turner'}, {'store_id': 'STORE1092', 'store_name': 'Chester Store', 'location': 'West Fairview', 'manager': 'Richard Taylor'}, {'store_id': 'STORE1093', 'store_name': 'Manchester Store', 'location': 'East Jackson', 'manager': 'Anthony Lee'}, {'store_id': 'STORE1094', 'store_name': 'Franklin Store', 'location': 'West Washington', 'manager': 'Christopher Garcia'}, {'store_id': 'STORE1095', 'store_name': 'Fairview Store', 'location': 'East Bristol', 'manager': 'Lisa Edwards'}, {'store_id': 'STORE1096', 'store_name': 'Milton Store', 'location': 'West Marion', 'manager': 'Dorothy Parker'}, {'store_id': 'STORE1097', 'store_name': 'Burlington Store', 'location': 'West Richmond', 'manager': 'John Jones'}  ... displaying 10 of 534 total bound parameter sets ...  {'store_id': 'STORE1622', 'store_name': 'Franklin Store', 'location': 'East Arlingtontown', 'manager': 'John Jones'}, {'store_id': 'STORE1623', 'store_name': 'Clayton Store', 'location': 'West Franklin', 'manager': 'Carol Wright'}]]
(Background on this error at: https://sqlalche.me/e/20/gkpj)",2025-08-22 22:40:56.650964
STORE1547,Salem Store,East Claytontown,Daniel Robinson,"Database insertion failed: (pymysql.err.IntegrityError) (1062, ""Duplicate entry 'STORE1090' for key 'dimstore.store_id'"")
[SQL: INSERT INTO dimstore (store_id, store_name, location, manager) VALUES (%(store_id)s, %(store_name)s, %(location)s, %(manager)s)]
[parameters: [{'store_id': 'STORE1090', 'store_name': 'Oxford Store', 'location': 'East Greenwood', 'manager': 'Jennifer Garcia'}, {'store_id': 'STORE1091', 'store_name': 'Salem Store', 'location': 'East Newport', 'manager': 'George Turner'}, {'store_id': 'STORE1092', 'store_name': 'Chester Store', 'location': 'West Fairview', 'manager': 'Richard Taylor'}, {'store_id': 'STORE1093', 'store_name': 'Manchester Store', 'location': 'East Jackson', 'manager': 'Anthony Lee'}, {'store_id': 'STORE1094', 'store_name': 'Franklin Store', 'location': 'West Washington', 'manager': 'Christopher Garcia'}, {'store_id': 'STORE1095', 'store_name': 'Fairview Store', 'location': 'East Bristol', 'manager': 'Lisa Edwards'}, {'store_id': 'STORE1096', 'store_name': 'Milton Store', 'location': 'West Marion', 'manager': 'Dorothy Parker'}, {'store_id': 'STORE1097', 'store_name': 'Burlington Store', 'location': 'West Richmond', 'manager': 'John Jones'}  ... displaying 10 of 534 total bound parameter sets ...  {'store_id': 'STORE1622', 'store_name': 'Franklin Store', 'location': 'East Arlingtontown', 'manager': 'John Jones'}, {'store_id': 'STORE1623', 'store_name': 'Clayton Store', 'location': 'West Franklin', 'manager': 'Carol Wright'}]]
(Background on this error at: https://sqlalche.me/e/20/gkpj)",2025-08-22 22:40:56.650964
STORE1548,Wayne Store,West Salem,Steven King,"Database insertion failed: (pymysql.err.IntegrityError) (1062, ""Duplicate entry 'STORE1090' for key 'dimstore.store_id'"")
[SQL: INSERT INTO dimstore (store_id, store_name, location, manager) VALUES (%(store_id)s, %(store_name)s, %(location)s, %(manager)s)]
[parameters: [{'store_id': 'STORE1090', 'store_name': 'Oxford Store', 'location': 'East Greenwood', 'manager': 'Jennifer Garcia'}, {'store_id': 'STORE1091', 'store_name': 'Salem Store', 'location': 'East Newport', 'manager': 'George Turner'}, {'store_id': 'STORE1092', 'store_name': 'Chester Store', 'location': 'West Fairview', 'manager': 'Richard Taylor'}, {'store_id': 'STORE1093', 'store_name': 'Manchester Store', 'location': 'East Jackson', 'manager': 'Anthony Lee'}, {'store_id': 'STORE1094', 'store_name': 'Franklin Store', 'location': 'West Washington', 'manager': 'Christopher Garcia'}, {'store_id': 'STORE1095', 'store_name': 'Fairview Store', 'location': 'East Bristol', 'manager': 'Lisa Edwards'}, {'store_id': 'STORE1096', 'store_name': 'Milton Store', 'location': 'West Marion', 'manager': 'Dorothy Parker'}, {'store_id': 'STORE1097', 'store_name': 'Burlington Store', 'location': 'West Richmond', 'manager': 'John Jones'}  ... displaying 10 of 534 total bound parameter sets ...  {'store_id': 'STORE1622', 'store_name': 'Franklin Store', 'location': 'East Arlingtontown', 'manager': 'John Jones'}, {'store_id': 'STORE1623', 'store_name': 'Clayton Store', 'location': 'West Franklin', 'manager': 'Carol Wright'}]]
(Background on this error at: https://sqlalche.me/e/20/gkpj)",2025-08-22 22:40:56.650964
STORE1549,Wayne Store,East Clintontown,Steven King,"Database insertion failed: (pymysql.err.IntegrityError) (1062, ""Duplicate entry 'STORE1090' for key 'dimstore.store_id'"")
[SQL: INSERT INTO dimstore (store_id, store_name, location, manager) VALUES (%(store_id)s, %(store_name)s, %(location)s, %(manager)s)]
[parameters: [{'store_id': 'STORE1090', 'store_name': 'Oxford Store', 'location': 'East Greenwood', 'manager': 'Jennifer Garcia'}, {'store_id': 'STORE1091', 'store_name': 'Salem Store', 'location': 'East Newport', 'manager': 'George Turner'}, {'store_id': 'STORE1092', 'store_name': 'Chester Store', 'location': 'West Fairview', 'manager': 'Richard Taylor'}, {'store_id': 'STORE1093', 'store_name': 'Manchester Store', 'location': 'East Jackson', 'manager': 'Anthony Lee'}, {'store_id': 'STORE1094', 'store_name': 'Franklin Store', 'location': 'West Washington', 'manager': 'Christopher Garcia'}, {'store_id': 'STORE1095', 'store_name': 'Fairview Store', 'location': 'East Bristol', 'manager': 'Lisa Edwards'}, {'store_id': 'STORE1096', 'store_name': 'Milton Store', 'location': 'West Marion', 'manager': 'Dorothy Parker'}, {'store_id': 'STORE1097', 'store_name': 'Burlington Store', 'location': 'West Richmond', 'manager': 'John Jones'}  ... displaying 10 of 534 total bound parameter sets ...  {'store_id': 'STORE1622', 'store_name': 'Franklin Store', 'location': 'East Arlingtontown', 'manager': 'John Jones'}, {'store_id': 'STORE1623', 'store_name': 'Clayton Store', 'location': 'West Franklin', 'manager': 'Carol Wright'}]]
(Background on this error at: https://sqlalche.me/e/20/gkpj)",2025-08-22 22:40:56.650964
STORE1550,Chester Store,East Auburn,Richard Taylor,"Database insertion failed: (pymysql.err.IntegrityError) (1062, ""Duplicate entry 'STORE1090' for key 'dimstore.store_id'"")
[SQL: INSERT INTO dimstore (store_id, store_name, location, manager) VALUES (%(store_id)s, %(store_name)s, %(location)s, %(manager)s)]
[parameters: [{'store_id': 'STORE1090', 'store_name': 'Oxford Store', 'location': 'East Greenwood', 'manager': 'Jennifer Garcia'}, {'store_id': 'STORE1091', 'store_name': 'Salem Store', 'location': 'East Newport', 'manager': 'George Turner'}, {'store_id': 'STORE1092', 'store_name': 'Chester Store', 'location': 'West Fairview', 'manager': 'Richard Taylor'}, {'store_id': 'STORE1093', 'store_name': 'Manchester Store', 'location': 'East Jackson', 'manager': 'Anthony Lee'}, {'store_id': 'STORE1094', 'store_name': 'Franklin Store', 'location': 'West Washington', 'manager': 'Christopher Garcia'}, {'store_id': 'STORE1095', 'store_name': 'Fairview Store', 'location': 'East Bristol', 'manager': 'Lisa Edwards'}, {'store_id': 'STORE1096', 'store_name': 'Milton Store', 'location': 'West Marion', 'manager': 'Dorothy Parker'}, {'store_id': 'STORE1097', 'store_name': 'Burlington Store', 'location': 'West Richmond', 'manager': 'John Jones'}  ... displaying 10 of 534 total bound parameter sets ...  {'store_id': 'STORE1622', 'store_name': 'Franklin Store', 'location': 'East Arlingtontown', 'manager': 'John Jones'}, {'store_id': 'STORE1623', 'store_name': 'Clayton Store', 'location': 'West Franklin', 'manager': 'Carol Wright'}]]
(Background on this error at: https://sqlalche.me/e/20/gkpj)",2025-08-22 22:40:56.650964
STORE1551,Marion Store,West Kingston,Thomas Harris,"Database insertion failed: (pymysql.err.IntegrityError) (1062, ""Duplicate entry 'STORE1090' for key 'dimstore.store_id'"")
[SQL: INSERT INTO dimstore (store_id, store_name, location, manager) VALUES (%(store_id)s, %(store_name)s, %(location)s, %(manager)s)]
[parameters: [{'store_id': 'STORE1090', 'store_name': 'Oxford Store', 'location': 'East Greenwood', 'manager': 'Jennifer Garcia'}, {'store_id': 'STORE1091', 'store_name': 'Salem Store', 'location': 'East Newport', 'manager': 'George Turner'}, {'store_id': 'STORE1092', 'store_name': 'Chester Store', 'location': 'West Fairview', 'manager': 'Richard Taylor'}, {'store_id': 'STORE1093', 'store_name': 'Manchester Store', 'location': 'East Jackson', 'manager': 'Anthony Lee'}, {'store_id': 'STORE1094', 'store_name': 'Franklin Store', 'location': 'West Washington', 'manager': 'Christopher Garcia'}, {'store_id': 'STORE1095', 'store_name': 'Fairview Store', 'location': 'East Bristol', 'manager': 'Lisa Edwards'}, {'store_id': 'STORE1096', 'store_name': 'Milton Store', 'location': 'West Marion', 'manager': 'Dorothy Parker'}, {'store_id': 'STORE1097', 'store_name': 'Burlington Store', 'location': 'West Richmond', 'manager': 'John Jones'}  ... displaying 10 of 534 total bound parameter sets ...  {'store_id': 'STORE1622', 'store_name': 'Franklin Store', 'location': 'East Arlingtontown', 'manager': 'John Jones'}, {'store_id': 'STORE1623', 'store_name': 'Clayton Store', 'location': 'West Franklin', 'manager': 'Carol Wright'}]]
(Background on this error at: https://sqlalche.me/e/20/gkpj)",2025-08-22 22:40:56.650964
STORE1552,Marion Store,West Georgetown,Sharon Green,"Database insertion failed: (pymysql.err.IntegrityError) (1062, ""Duplicate entry 'STORE1090' for key 'dimstore.store_id'"")
[SQL: INSERT INTO dimstore (store_id, store_name, location, manager) VALUES (%(store_id)s, %(store_name)s, %(location)s, %(manager)s)]
[parameters: [{'store_id': 'STORE1090', 'store_name': 'Oxford Store', 'location': 'East Greenwood', 'manager': 'Jennifer Garcia'}, {'store_id': 'STORE1091', 'store_name': 'Salem Store', 'location': 'East Newport', 'manager': 'George Turner'}, {'store_id': 'STORE1092', 'store_name': 'Chester Store', 'location': 'West Fairview', 'manager': 'Richard Taylor'}, {'store_id': 'STORE1093', 'store_name': 'Manchester Store', 'location': 'East Jackson', 'manager': 'Anthony Lee'}, {'store_id': 'STORE1094', 'store_name': 'Franklin Store', 'location': 'West Washington', 'manager': 'Christopher Garcia'}, {'store_id': 'STORE1095', 'store_name': 'Fairview Store', 'location': 'East Bristol', 'manager': 'Lisa Edwards'}, {'store_id': 'STORE1096', 'store_name': 'Milton Store', 'location': 'West Marion', 'manager': 'Dorothy Parker'}, {'store_id': 'STORE1097', 'store_name': 'Burlington Store', 'location': 'West Richmond', 'manager': 'John Jones'}  ... displaying 10 of 534 total bound parameter sets ...  {'store_id': 'STORE1622', 'store_name': 'Franklin Store', 'location': 'East Arlingtontown', 'manager': 'John Jones'}, {'store_id': 'STORE1623', 'store_name': 'Clayton Store', 'location': 'West Franklin', 'manager': 'Carol Wright'}]]
(Background on this error at: https://sqlalche.me/e/20/gkpj)",2025-08-22 22:40:56.650964
STORE1553,Georgetown Store,East Fairview,William Rodriguez,"Database insertion failed: (pymysql.err.IntegrityError) (1062, ""Duplicate entry 'STORE1090' for key 'dimstore.store_id'"")
[SQL: INSERT INTO dimstore (store_id, store_name, location, manager) VALUES (%(store_id)s, %(store_name)s, %(location)s, %(manager)s)]
[parameters: [{'store_id': 'STORE1090', 'store_name': 'Oxford Store', 'location': 'East Greenwood', 'manager': 'Jennifer Garcia'}, {'store_id': 'STORE1091', 'store_name': 'Salem Store', 'location': 'East Newport', 'manager': 'George Turner'}, {'store_id': 'STORE1092', 'store_name': 'Chester Store', 'location': 'West Fairview', 'manager': 'Richard Taylor'}, {'store_id': 'STORE1093', 'store_name': 'Manchester Store', 'location': 'East Jackson', 'manager': 'Anthony Lee'}, {'store_id': 'STORE1094', 'store_name': 'Franklin Store', 'location': 'West Washington', 'manager': 'Christopher Garcia'}, {'store_id': 'STORE1095', 'store_name': 'Fairview Store', 'location': 'East Bristol', 'manager': 'Lisa Edwards'}, {'store_id': 'STORE1096', 'store_name': 'Milton Store', 'location': 'West Marion', 'manager': 'Dorothy Parker'}, {'store_id': 'STORE1097', 'store_name': 'Burlington Store', 'location': 'West Richmond', 'manager': 'John Jones'}  ... displaying 10 of 534 total bound parameter sets ...  {'store_id': 'STORE1622', 'store_name': 'Franklin Store', 'location': 'East Arlingtontown', 'manager': 'John Jones'}, {'store_id': 'STORE1623', 'store_name': 'Clayton Store', 'location': 'West Franklin', 'manager': 'Carol Wright'}]]
(Background on this error at: https://sqlalche.me/e/20/gkpj)",2025-08-22 22:40:56.650964
STORE1554,Wayne Store,West Burlington,Mary Johnson,"Database insertion failed: (pymysql.err.IntegrityError) (1062, ""Duplicate entry 'STORE1090' for key 'dimstore.store_id'"")
[SQL: INSERT INTO dimstore (store_id, store_name, location, manager) VALUES (%(store_id)s, %(store_name)s, %(location)s, %(manager)s)]
[parameters: [{'store_id': 'STORE1090', 'store_name': 'Oxford Store', 'location': 'East Greenwood', 'manager': 'Jennifer Garcia'}, {'store_id': 'STORE1091', 'store_name': 'Salem Store', 'location': 'East Newport', 'manager': 'George Turner'}, {'store_id': 'STORE1092', 'store_name': 'Chester Store', 'location': 'West Fairview', 'manager': 'Richard Taylor'}, {'store_id': 'STORE1093', 'store_name': 'Manchester Store', 'location': 'East Jackson', 'manager': 'Anthony Lee'}, {'store_id': 'STORE1094', 'store_name': 'Franklin Store', 'location': 'West Washington', 'manager': 'Christopher Garcia'}, {'store_id': 'STORE1095', 'store_name': 'Fairview Store', 'location': 'East Bristol', 'manager': 'Lisa Edwards'}, {'store_id': 'STORE1096', 'store_name': 'Milton Store', 'location': 'West Marion', 'manager': 'Dorothy Parker'}, {'store_id': 'STORE1097', 'store_name': 'Burlington Store', 'location': 'West Richmond', 'manager': 'John Jones'}  ... displaying 10 of 534 total bound parameter sets ...  {'store_id': 'STORE1622', 'store_name': 'Franklin Store', 'location': 'East Arlingtontown', 'manager': 'John Jones'}, {'store_id': 'STORE1623', 'store_name': 'Clayton Store', 'location': 'West Franklin', 'manager': 'Carol Wright'}]]
(Background on this error at: https://sqlalche.me/e/20/gkpj)",2025-08-22 22:40:56.650964
STORE1555,Ashland Store,East Fairview,Lisa Clark,"Database insertion failed: (pymysql.err.IntegrityError) (1062, ""Duplicate entry 'STORE1090' for key 'dimstore.store_id'"")
[SQL: INSERT INTO dimstore (store_id, store_name, location, manager) VALUES (%(store_id)s, %(store_name)s, %(location)s, %(manager)s)]
[parameters: [{'store_id': 'STORE1090', 'store_name': 'Oxford Store', 'location': 'East Greenwood', 'manager': 'Jennifer Garcia'}, {'store_id': 'STORE1091', 'store_name': 'Salem Store', 'location': 'East Newport', 'manager': 'George Turner'}, {'store_id': 'STORE1092', 'store_name': 'Chester Store', 'location': 'West Fairview', 'manager': 'Richard Taylor'}, {'store_id': 'STORE1093', 'store_name': 'Manchester Store', 'location': 'East Jackson', 'manager': 'Anthony Lee'}, {'store_id': 'STORE1094', 'store_name': 'Franklin Store', 'location': 'West Washington', 'manager': 'Christopher Garcia'}, {'store_id': 'STORE1095', 'store_name': 'Fairview Store', 'location': 'East Bristol', 'manager': 'Lisa Edwards'}, {'store_id': 'STORE1096', 'store_name': 'Milton Store', 'location': 'West Marion', 'manager': 'Dorothy Parker'}, {'store_id': 'STORE1097', 'store_name': 'Burlington Store', 'location': 'West Richmond', 'manager': 'John Jones'}  ... displaying 10 of 534 total bound parameter sets ...  {'store_id': 'STORE1622', 'store_name': 'Franklin Store', 'location': 'East Arlingtontown', 'manager': 'John Jones'}, {'store_id': 'STORE1623', 'store_name': 'Clayton Store', 'location': 'West Franklin', 'manager': 'Carol Wright'}]]
(Background on this error at: https://sqlalche.me/e/20/gkpj)",2025-08-22 22:40:56.650964
STORE1556,Manchester Store,West Lancaster,Lisa Edwards,"Database insertion failed: (pymysql.err.IntegrityError) (1062, ""Duplicate entry 'STORE1090' for key 'dimstore.store_id'"")
[SQL: INSERT INTO dimstore (store_id, store_name, location, manager) VALUES (%(store_id)s, %(store_name)s, %(location)s, %(manager)s)]
[parameters: [{'store_id': 'STORE1090', 'store_name': 'Oxford Store', 'location': 'East Greenwood', 'manager': 'Jennifer Garcia'}, {'store_id': 'STORE1091', 'store_name': 'Salem Store', 'location': 'East Newport', 'manager': 'George Turner'}, {'store_id': 'STORE1092', 'store_name': 'Chester Store', 'location': 'West Fairview', 'manager': 'Richard Taylor'}, {'store_id': 'STORE1093', 'store_name': 'Manchester Store', 'location': 'East Jackson', 'manager': 'Anthony Lee'}, {'store_id': 'STORE1094', 'store_name': 'Franklin Store', 'location': 'West Washington', 'manager': 'Christopher Garcia'}, {'store_id': 'STORE1095', 'store_name': 'Fairview Store', 'location': 'East Bristol', 'manager': 'Lisa Edwards'}, {'store_id': 'STORE1096', 'store_name': 'Milton Store', 'location': 'West Marion', 'manager': 'Dorothy Parker'}, {'store_id': 'STORE1097', 'store_name': 'Burlington Store', 'location': 'West Richmond', 'manager': 'John Jones'}  ... displaying 10 of 534 total bound parameter sets ...  {'store_id': 'STORE1622', 'store_name': 'Franklin Store', 'location': 'East Arlingtontown', 'manager': 'John Jones'}, {'store_id': 'STORE1623', 'store_name': 'Clayton Store', 'location': 'West Franklin', 'manager': 'Carol Wright'}]]
(Background on this error at: https://sqlalche.me/e/20/gkpj)",2025-08-22 22:40:56.650964
STORE1557,Clayton Store,West Clintontown,Anthony Lee,"Database insertion failed: (pymysql.err.IntegrityError) (1062, ""Duplicate entry 'STORE1090' for key 'dimstore.store_id'"")
[SQL: INSERT INTO dimstore (store_id, store_name, location, manager) VALUES (%(store_id)s, %(store_name)s, %(location)s, %(manager)s)]
[parameters: [{'store_id': 'STORE1090', 'store_name': 'Oxford Store', 'location': 'East Greenwood', 'manager': 'Jennifer Garcia'}, {'store_id': 'STORE1091', 'store_name': 'Salem Store', 'location': 'East Newport', 'manager': 'George Turner'}, {'store_id': 'STORE1092', 'store_name': 'Chester Store', 'location': 'West Fairview', 'manager': 'Richard Taylor'}, {'store_id': 'STORE1093', 'store_name': 'Manchester Store', 'location': 'East Jackson', 'manager': 'Anthony Lee'}, {'store_id': 'STORE1094', 'store_name': 'Franklin Store', 'location': 'West Washington', 'manager': 'Christopher Garcia'}, {'store_id': 'STORE1095', 'store_name': 'Fairview Store', 'location': 'East Bristol', 'manager': 'Lisa Edwards'}, {'store_id': 'STORE1096', 'store_name': 'Milton Store', 'location': 'West Marion', 'manager': 'Dorothy Parker'}, {'store_id': 'STORE1097', 'store_name': 'Burlington Store', 'location': 'West Richmond', 'manager': 'John Jones'}  ... displaying 10 of 534 total bound parameter sets ...  {'store_id': 'STORE1622', 'store_name': 'Franklin Store', 'location': 'East Arlingtontown', 'manager': 'John Jones'}, {'store_id': 'STORE1623', 'store_name': 'Clayton Store', 'location': 'West Franklin', 'manager': 'Carol Wright'}]]
(Background on this error at: https://sqlalche.me/e/20/gkpj)",2025-08-22 22:40:56.650964
STORE1558,Arlington Store,East Georgetown,Michael Miller,"Database insertion failed: (pymysql.err.IntegrityError) (1062, ""Duplicate entry 'STORE1090' for key 'dimstore.store_id'"")
[SQL: INSERT INTO dimstore (store_id, store_name, location, manager) VALUES (%(store_id)s, %(store_name)s, %(location)s, %(manager)s)]
[parameters: [{'store_id': 'STORE1090', 'store_name': 'Oxford Store', 'location': 'East Greenwood', 'manager': 'Jennifer Garcia'}, {'store_id': 'STORE1091', 'store_name': 'Salem Store', 'location': 'East Newport', 'manager': 'George Turner'}, {'store_id': 'STORE1092', 'store_name': 'Chester Store', 'location': 'West Fairview', 'manager': 'Richard Taylor'}, {'store_id': 'STORE1093', 'store_name': 'Manchester Store', 'location': 'East Jackson', 'manager': 'Anthony Lee'}, {'store_id': 'STORE1094', 'store_name': 'Franklin Store', 'location': 'West Washington', 'manager': 'Christopher Garcia'}, {'store_id': 'STORE1095', 'store_name': 'Fairview Store', 'location': 'East Bristol', 'manager': 'Lisa Edwards'}, {'store_id': 'STORE1096', 'store_name': 'Milton Store', 'location': 'West Marion', 'manager': 'Dorothy Parker'}, {'store_id': 'STORE1097', 'store_name': 'Burlington Store', 'location': 'West Richmond', 'manager': 'John Jones'}  ... displaying 10 of 534 total bound parameter sets ...  {'store_id': 'STORE1622', 'store_name': 'Franklin Store', 'location': 'East Arlingtontown', 'manager': 'John Jones'}, {'store_id': 'STORE1623', 'store_name': 'Clayton Store', 'location': 'West Franklin', 'manager': 'Carol Wright'}]]
(Background on this error at: https://sqlalche.me/e/20/gkpj)",2025-08-22 22:40:56.650964
STORE1559,Richmond Store,West Burlington,Kevin Carter,"Database insertion failed: (pymysql.err.IntegrityError) (1062, ""Duplicate entry 'STORE1090' for key 'dimstore.store_id'"")
[SQL: INSERT INTO dimstore (store_id, store_name, location, manager) VALUES (%(store_id)s, %(store_name)s, %(location)s, %(manager)s)]
[parameters: [{'store_id': 'STORE1090', 'store_name': 'Oxford Store', 'location': 'East Greenwood', 'manager': 'Jennifer Garcia'}, {'store_id': 'STORE1091', 'store_name': 'Salem Store', 'location': 'East Newport', 'manager': 'George Turner'}, {'store_id': 'STORE1092', 'store_name': 'Chester Store', 'location': 'West Fairview', 'manager': 'Richard Taylor'}, {'store_id': 'STORE1093', 'store_name': 'Manchester Store', 'location': 'East Jackson', 'manager': 'Anthony Lee'}, {'store_id': 'STORE1094', 'store_name': 'Franklin Store', 'location': 'West Washington', 'manager': 'Christopher Garcia'}, {'store_id': 'STORE1095', 'store_name': 'Fairview Store', 'location': 'East Bristol', 'manager': 'Lisa Edwards'}, {'store_id': 'STORE1096', 'store_name': 'Milton Store', 'location': 'West Marion', 'manager': 'Dorothy Parker'}, {'store_id': 'STORE1097', 'store_name': 'Burlington Store', 'location': 'West Richmond', 'manager': 'John Jones'}  ... displaying 10 of 534 total bound parameter sets ...  {'store_id': 'STORE1622', 'store_name': 'Franklin Store', 'location': 'East Arlingtontown', 'manager': 'John Jones'}, {'store_id': 'STORE1623', 'store_name': 'Clayton Store', 'location': 'West Franklin', 'manager': 'Carol Wright'}]]
(Background on this error at: https://sqlalche.me/e/20/gkpj)",2025-08-22 22:40:56.650964
STORE1560,Clinton Store,East Dover,Jessica White,"Database insertion failed: (pymysql.err.IntegrityError) (1062, ""Duplicate entry 'STORE1090' for key 'dimstore.store_id'"")
[SQL: INSERT INTO dimstore (store_id, store_name, location, manager) VALUES (%(store_id)s, %(store_name)s, %(location)s, %(manager)s)]
[parameters: [{'store_id': 'STORE1090', 'store_name': 'Oxford Store', 'location': 'East Greenwood', 'manager': 'Jennifer Garcia'}, {'store_id': 'STORE1091', 'store_name': 'Salem Store', 'location': 'East Newport', 'manager': 'George Turner'}, {'store_id': 'STORE1092', 'store_name': 'Chester Store', 'location': 'West Fairview', 'manager': 'Richard Taylor'}, {'store_id': 'STORE1093', 'store_name': 'Manchester Store', 'location': 'East Jackson', 'manager': 'Anthony Lee'}, {'store_id': 'STORE1094', 'store_name': 'Franklin Store', 'location': 'West Washington', 'manager': 'Christopher Garcia'}, {'store_id': 'STORE1095', 'store_name': 'Fairview Store', 'location': 'East Bristol', 'manager': 'Lisa Edwards'}, {'store_id': 'STORE1096', 'store_name': 'Milton Store', 'location': 'West Marion', 'manager': 'Dorothy Parker'}, {'store_id': 'STORE1097', 'store_name': 'Burlington Store', 'location': 'West Richmond', 'manager': 'John Jones'}  ... displaying 10 of 534 total bound parameter sets ...  {'store_id': 'STORE1622', 'store_name': 'Franklin Store', 'location': 'East Arlingtontown', 'manager': 'John Jones'}, {'store_id': 'STORE1623', 'store_name': 'Clayton Store', 'location': 'West Franklin', 'manager': 'Carol Wright'}]]
(Background on this error at: https://sqlalche.me/e/20/gkpj)",2025-08-22 22:40:56.650964
STORE1561,Marion Store,West Wayne,William Rodriguez,"Database insertion failed: (pymysql.err.IntegrityError) (1062, ""Duplicate entry 'STORE1090' for key 'dimstore.store_id'"")
[SQL: INSERT INTO dimstore (store_id, store_name, location, manager) VALUES (%(store_id)s, %(store_name)s, %(location)s, %(manager)s)]
[parameters: [{'store_id': 'STORE1090', 'store_name': 'Oxford Store', 'location': 'East Greenwood', 'manager': 'Jennifer Garcia'}, {'store_id': 'STORE1091', 'store_name': 'Salem Store', 'location': 'East Newport', 'manager': 'George Turner'}, {'store_id': 'STORE1092', 'store_name': 'Chester Store', 'location': 'West Fairview', 'manager': 'Richard Taylor'}, {'store_id': 'STORE1093', 'store_name': 'Manchester Store', 'location': 'East Jackson', 'manager': 'Anthony Lee'}, {'store_id': 'STORE1094', 'store_name': 'Franklin Store', 'location': 'West Washington', 'manager': 'Christopher Garcia'}, {'store_id': 'STORE1095', 'store_name': 'Fairview Store', 'location': 'East Bristol', 'manager': 'Lisa Edwards'}, {'store_id': 'STORE1096', 'store_name': 'Milton Store', 'location': 'West Marion', 'manager': 'Dorothy Parker'}, {'store_id': 'STORE1097', 'store_name': 'Burlington Store', 'location': 'West Richmond', 'manager': 'John Jones'}  ... displaying 10 of 534 total bound parameter sets ...  {'store_id': 'STORE1622', 'store_name': 'Franklin Store', 'location': 'East Arlingtontown', 'manager': 'John Jones'}, {'store_id': 'STORE1623', 'store_name': 'Clayton Store', 'location': 'West Franklin', 'manager': 'Carol Wright'}]]
(Background on this error at: https://sqlalche.me/e/20/gkpj)",2025-08-22 22:40:56.650964
STORE1562,Burlington Store,West Richmondtown,Patricia Brown,"Database insertion failed: (pymysql.err.IntegrityError) (1062, ""Duplicate entry 'STORE1090' for key 'dimstore.store_id'"")
[SQL: INSERT INTO dimstore (store_id, store_name, location, manager) VALUES (%(store_id)s, %(store_name)s, %(location)s, %(manager)s)]
[parameters: [{'store_id': 'STORE1090', 'store_name': 'Oxford Store', 'location': 'East Greenwood', 'manager': 'Jennifer Garcia'}, {'store_id': 'STORE1091', 'store_name': 'Salem Store', 'location': 'East Newport', 'manager': 'George Turner'}, {'store_id': 'STORE1092', 'store_name': 'Chester Store', 'location': 'West Fairview', 'manager': 'Richard Taylor'}, {'store_id': 'STORE1093', 'store_name': 'Manchester Store', 'location': 'East Jackson', 'manager': 'Anthony Lee'}, {'store_id': 'STORE1094', 'store_name': 'Franklin Store', 'location': 'West Washington', 'manager': 'Christopher Garcia'}, {'store_id': 'STORE1095', 'store_name': 'Fairview Store', 'location': 'East Bristol', 'manager': 'Lisa Edwards'}, {'store_id': 'STORE1096', 'store_name': 'Milton Store', 'location': 'West Marion', 'manager': 'Dorothy Parker'}, {'store_id': 'STORE1097', 'store_name': 'Burlington Store', 'location': 'West Richmond', 'manager': 'John Jones'}  ... displaying 10 of 534 total bound parameter sets ...  {'store_id': 'STORE1622', 'store_name': 'Franklin Store', 'location': 'East Arlingtontown', 'manager': 'John Jones'}, {'store_id': 'STORE1623', 'store_name': 'Clayton Store', 'location': 'West Franklin', 'manager': 'Carol Wright'}]]
(Background on this error at: https://sqlalche.me/e/20/gkpj)",2025-08-22 22:40:56.650964
STORE1563,Salem Store,East Manchestertown,Edward Campbell,"Database insertion failed: (pymysql.err.IntegrityError) (1062, ""Duplicate entry 'STORE1090' for key 'dimstore.store_id'"")
[SQL: INSERT INTO dimstore (store_id, store_name, location, manager) VALUES (%(store_id)s, %(store_name)s, %(location)s, %(manager)s)]
[parameters: [{'store_id': 'STORE1090', 'store_name': 'Oxford Store', 'location': 'East Greenwood', 'manager': 'Jennifer Garcia'}, {'store_id': 'STORE1091', 'store_name': 'Salem Store', 'location': 'East Newport', 'manager': 'George Turner'}, {'store_id': 'STORE1092', 'store_name': 'Chester Store', 'location': 'West Fairview', 'manager': 'Richard Taylor'}, {'store_id': 'STORE1093', 'store_name': 'Manchester Store', 'location': 'East Jackson', 'manager': 'Anthony Lee'}, {'store_id': 'STORE1094', 'store_name': 'Franklin Store', 'location': 'West Washington', 'manager': 'Christopher Garcia'}, {'store_id': 'STORE1095', 'store_name': 'Fairview Store', 'location': 'East Bristol', 'manager': 'Lisa Edwards'}, {'store_id': 'STORE1096', 'store_name': 'Milton Store', 'location': 'West Marion', 'manager': 'Dorothy Parker'}, {'store_id': 'STORE1097', 'store_name': 'Burlington Store', 'location': 'West Richmond', 'manager': 'John Jones'}  ... displaying 10 of 534 total bound parameter sets ...  {'store_id': 'STORE1622', 'store_name': 'Franklin Store', 'location': 'East Arlingtontown', 'manager': 'John Jones'}, {'store_id': 'STORE1623', 'store_name': 'Clayton Store', 'location': 'West Franklin', 'manager': 'Carol Wright'}]]
(Background on this error at: https://sqlalche.me/e/20/gkpj)",2025-08-22 22:40:56.650964
STORE1564,Burlington Store,East Georgetown,Andrew Scott,"Database insertion failed: (pymysql.err.IntegrityError) (1062, ""Duplicate entry 'STORE1090' for key 'dimstore.store_id'"")
[SQL: INSERT INTO dimstore (store_id, store_name, location, manager) VALUES (%(store_id)s, %(store_name)s, %(location)s, %(manager)s)]
[parameters: [{'store_id': 'STORE1090', 'store_name': 'Oxford Store', 'location': 'East Greenwood', 'manager': 'Jennifer Garcia'}, {'store_id': 'STORE1091', 'store_name': 'Salem Store', 'location': 'East Newport', 'manager': 'George Turner'}, {'store_id': 'STORE1092', 'store_name': 'Chester Store', 'location': 'West Fairview', 'manager': 'Richard Taylor'}, {'store_id': 'STORE1093', 'store_name': 'Manchester Store', 'location': 'East Jackson', 'manager': 'Anthony Lee'}, {'store_id': 'STORE1094', 'store_name': 'Franklin Store', 'location': 'West Washington', 'manager': 'Christopher Garcia'}, {'store_id': 'STORE1095', 'store_name': 'Fairview Store', 'location': 'East Bristol', 'manager': 'Lisa Edwards'}, {'store_id': 'STORE1096', 'store_name': 'Milton Store', 'location': 'West Marion', 'manager': 'Dorothy Parker'}, {'store_id': 'STORE1097', 'store_name': 'Burlington Store', 'location': 'West Richmond', 'manager': 'John Jones'}  ... displaying 10 of 534 total bound parameter sets ...  {'store_id': 'STORE1622', 'store_name': 'Franklin Store', 'location': 'East Arlingtontown', 'manager': 'John Jones'}, {'store_id': 'STORE1623', 'store_name': 'Clayton Store', 'location': 'West Franklin', 'manager': 'Carol Wright'}]]
(Background on this error at: https://sqlalche.me/e/20/gkpj)",2025-08-22 22:40:56.650964
STORE1565,Washington Store,East Lancastertown,Thomas Harris,"Database insertion failed: (pymysql.err.IntegrityError) (1062, ""Duplicate entry 'STORE1090' for key 'dimstore.store_id'"")
[SQL: INSERT INTO dimstore (store_id, store_name, location, manager) VALUES (%(store_id)s, %(store_name)s, %(location)s, %(manager)s)]
[parameters: [{'store_id': 'STORE1090', 'store_name': 'Oxford Store', 'location': 'East Greenwood', 'manager': 'Jennifer Garcia'}, {'store_id': 'STORE1091', 'store_name': 'Salem Store', 'location': 'East Newport', 'manager': 'George Turner'}, {'store_id': 'STORE1092', 'store_name': 'Chester Store', 'location': 'West Fairview', 'manager': 'Richard Taylor'}, {'store_id': 'STORE1093', 'store_name': 'Manchester Store', 'location': 'East Jackson', 'manager': 'Anthony Lee'}, {'store_id': 'STORE1094', 'store_name': 'Franklin Store', 'location': 'West Washington', 'manager': 'Christopher Garcia'}, {'store_id': 'STORE1095', 'store_name': 'Fairview Store', 'location': 'East Bristol', 'manager': 'Lisa Edwards'}, {'store_id': 'STORE1096', 'store_name': 'Milton Store', 'location': 'West Marion', 'manager': 'Dorothy Parker'}, {'store_id': 'STORE1097', 'store_name': 'Burlington Store', 'location': 'West Richmond', 'manager': 'John Jones'}  ... displaying 10 of 534 total bound parameter sets ...  {'store_id': 'STORE1622', 'store_name': 'Franklin Store', 'location': 'East Arlingtontown', 'manager': 'John Jones'}, {'store_id': 'STORE1623', 'store_name': 'Clayton Store', 'location': 'West Franklin', 'manager': 'Carol Wright'}]]
(Background on this error at: https://sqlalche.me/e/20/gkpj)",2025-08-22 22:40:56.650964
STORE1566,Burlington Store,West Manchestertown,Sarah Martin,"Database insertion failed: (pymysql.err.IntegrityError) (1062, ""Duplicate entry 'STORE1090' for key 'dimstore.store_id'"")
[SQL: INSERT INTO dimstore (store_id, store_name, location, manager) VALUES (%(store_id)s, %(store_name)s, %(location)s, %(manager)s)]
[parameters: [{'store_id': 'STORE1090', 'store_name': 'Oxford Store', 'location': 'East Greenwood', 'manager': 'Jennifer Garcia'}, {'store_id': 'STORE1091', 'store_name': 'Salem Store', 'location': 'East Newport', 'manager': 'George Turner'}, {'store_id': 'STORE1092', 'store_name': 'Chester Store', 'location': 'West Fairview', 'manager': 'Richard Taylor'}, {'store_id': 'STORE1093', 'store_name': 'Manchester Store', 'location': 'East Jackson', 'manager': 'Anthony Lee'}, {'store_id': 'STORE1094', 'store_name': 'Franklin Store', 'location': 'West Washington', 'manager': 'Christopher Garcia'}, {'store_id': 'STORE1095', 'store_name': 'Fairview Store', 'location': 'East Bristol', 'manager': 'Lisa Edwards'}, {'store_id': 'STORE1096', 'store_name': 'Milton Store', 'location': 'West Marion', 'manager': 'Dorothy Parker'}, {'store_id': 'STORE1097', 'store_name': 'Burlington Store', 'location': 'West Richmond', 'manager': 'John Jones'}  ... displaying 10 of 534 total bound parameter sets ...  {'store_id': 'STORE1622', 'store_name': 'Franklin Store', 'location': 'East Arlingtontown', 'manager': 'John Jones'}, {'store_id': 'STORE1623', 'store_name': 'Clayton Store', 'location': 'West Franklin', 'manager': 'Carol Wright'}]]
(Background on this error at: https://sqlalche.me/e/20/gkpj)",2025-08-22 22:40:56.650964
STORE1567,Fairview Store,East Salem,Carol Wright,"Database insertion failed: (pymysql.err.IntegrityError) (1062, ""Duplicate entry 'STORE1090' for key 'dimstore.store_id'"")
[SQL: INSERT INTO dimstore (store_id, store_name, location, manager) VALUES (%(store_id)s, %(store_name)s, %(location)s, %(manager)s)]
[parameters: [{'store_id': 'STORE1090', 'store_name': 'Oxford Store', 'location': 'East Greenwood', 'manager': 'Jennifer Garcia'}, {'store_id': 'STORE1091', 'store_name': 'Salem Store', 'location': 'East Newport', 'manager': 'George Turner'}, {'store_id': 'STORE1092', 'store_name': 'Chester Store', 'location': 'West Fairview', 'manager': 'Richard Taylor'}, {'store_id': 'STORE1093', 'store_name': 'Manchester Store', 'location': 'East Jackson', 'manager': 'Anthony Lee'}, {'store_id': 'STORE1094', 'store_name': 'Franklin Store', 'location': 'West Washington', 'manager': 'Christopher Garcia'}, {'store_id': 'STORE1095', 'store_name': 'Fairview Store', 'location': 'East Bristol', 'manager': 'Lisa Edwards'}, {'store_id': 'STORE1096', 'store_name': 'Milton Store', 'location': 'West Marion', 'manager': 'Dorothy Parker'}, {'store_id': 'STORE1097', 'store_name': 'Burlington Store', 'location': 'West Richmond', 'manager': 'John Jones'}  ... displaying 10 of 534 total bound parameter sets ...  {'store_id': 'STORE1622', 'store_name': 'Franklin Store', 'location': 'East Arlingtontown', 'manager': 'John Jones'}, {'store_id': 'STORE1623', 'store_name': 'Clayton Store', 'location': 'West Franklin', 'manager': 'Carol Wright'}]]
(Background on this error at: https://sqlalche.me/e/20/gkpj)",2025-08-22 22:40:56.650964
STORE1568,Georgetown Store,West Lancaster,Nancy Martinez,"Database insertion failed: (pymysql.err.IntegrityError) (1062, ""Duplicate entry 'STORE1090' for key 'dimstore.store_id'"")
[SQL: INSERT INTO dimstore (store_id, store_name, location, manager) VALUES (%(store_id)s, %(store_name)s, %(location)s, %(manager)s)]
[parameters: [{'store_id': 'STORE1090', 'store_name': 'Oxford Store', 'location': 'East Greenwood', 'manager': 'Jennifer Garcia'}, {'store_id': 'STORE1091', 'store_name': 'Salem Store', 'location': 'East Newport', 'manager': 'George Turner'}, {'store_id': 'STORE1092', 'store_name': 'Chester Store', 'location': 'West Fairview', 'manager': 'Richard Taylor'}, {'store_id': 'STORE1093', 'store_name': 'Manchester Store', 'location': 'East Jackson', 'manager': 'Anthony Lee'}, {'store_id': 'STORE1094', 'store_name': 'Franklin Store', 'location': 'West Washington', 'manager': 'Christopher Garcia'}, {'store_id': 'STORE1095', 'store_name': 'Fairview Store', 'location': 'East Bristol', 'manager': 'Lisa Edwards'}, {'store_id': 'STORE1096', 'store_name': 'Milton Store', 'location': 'West Marion', 'manager': 'Dorothy Parker'}, {'store_id': 'STORE1097', 'store_name': 'Burlington Store', 'location': 'West Richmond', 'manager': 'John Jones'}  ... displaying 10 of 534 total bound parameter sets ...  {'store_id': 'STORE1622', 'store_name': 'Franklin Store', 'location': 'East Arlingtontown', 'manager': 'John Jones'}, {'store_id': 'STORE1623', 'store_name': 'Clayton Store', 'location': 'West Franklin', 'manager': 'Carol Wright'}]]
(Background on this error at: https://sqlalche.me/e/20/gkpj)",2025-08-22 22:40:56.650964
STORE1569,Greenwood Store,East Lancaster,Lisa Edwards,"Database insertion failed: (pymysql.err.IntegrityError) (1062, ""Duplicate entry 'STORE1090' for key 'dimstore.store_id'"")
[SQL: INSERT INTO dimstore (store_id, store_name, location, manager) VALUES (%(store_id)s, %(store_name)s, %(location)s, %(manager)s)]
[parameters: [{'store_id': 'STORE1090', 'store_name': 'Oxford Store', 'location': 'East Greenwood', 'manager': 'Jennifer Garcia'}, {'store_id': 'STORE1091', 'store_name': 'Salem Store', 'location': 'East Newport', 'manager': 'George Turner'}, {'store_id': 'STORE1092', 'store_name': 'Chester Store', 'location': 'West Fairview', 'manager': 'Richard Taylor'}, {'store_id': 'STORE1093', 'store_name': 'Manchester Store', 'location': 'East Jackson', 'manager': 'Anthony Lee'}, {'store_id': 'STORE1094', 'store_name': 'Franklin Store', 'location': 'West Washington', 'manager': 'Christopher Garcia'}, {'store_id': 'STORE1095', 'store_name': 'Fairview Store', 'location': 'East Bristol', 'manager': 'Lisa Edwards'}, {'store_id': 'STORE1096', 'store_name': 'Milton Store', 'location': 'West Marion', 'manager': 'Dorothy Parker'}, {'store_id': 'STORE1097', 'store_name': 'Burlington Store', 'location': 'West Richmond', 'manager': 'John Jones'}  ... displaying 10 of 534 total bound parameter sets ...  {'store_id': 'STORE1622', 'store_name': 'Franklin Store', 'location': 'East Arlingtontown', 'manager': 'John Jones'}, {'store_id': 'STORE1623', 'store_name': 'Clayton Store', 'location': 'West Franklin', 'manager': 'Carol Wright'}]]
(Background on this error at: https://sqlalche.me/e/20/gkpj)",2025-08-22 22:40:56.650964
STORE1570,Lancaster Store,East Springfieldtown,Lisa Edwards,"Database insertion failed: (pymysql.err.IntegrityError) (1062, ""Duplicate entry 'STORE1090' for key 'dimstore.store_id'"")
[SQL: INSERT INTO dimstore (store_id, store_name, location, manager) VALUES (%(store_id)s, %(store_name)s, %(location)s, %(manager)s)]
[parameters: [{'store_id': 'STORE1090', 'store_name': 'Oxford Store', 'location': 'East Greenwood', 'manager': 'Jennifer Garcia'}, {'store_id': 'STORE1091', 'store_name': 'Salem Store', 'location': 'East Newport', 'manager': 'George Turner'}, {'store_id': 'STORE1092', 'store_name': 'Chester Store', 'location': 'West Fairview', 'manager': 'Richard Taylor'}, {'store_id': 'STORE1093', 'store_name': 'Manchester Store', 'location': 'East Jackson', 'manager': 'Anthony Lee'}, {'store_id': 'STORE1094', 'store_name': 'Franklin Store', 'location': 'West Washington', 'manager': 'Christopher Garcia'}, {'store_id': 'STORE1095', 'store_name': 'Fairview Store', 'location': 'East Bristol', 'manager': 'Lisa Edwards'}, {'store_id': 'STORE1096', 'store_name': 'Milton Store', 'location': 'West Marion', 'manager': 'Dorothy Parker'}, {'store_id': 'STORE1097', 'store_name': 'Burlington Store', 'location': 'West Richmond', 'manager': 'John Jones'}  ... displaying 10 of 534 total bound parameter sets ...  {'store_id': 'STORE1622', 'store_name': 'Franklin Store', 'location': 'East Arlingtontown', 'manager': 'John Jones'}, {'store_id': 'STORE1623', 'store_name': 'Clayton Store', 'location': 'West Franklin', 'manager': 'Carol Wright'}]]
(Background on this error at: https://sqlalche.me/e/20/gkpj)",2025-08-22 22:40:56.650964
STORE1571,Fairview Store,West Auburn,Anthony Lee,"Database insertion failed: (pymysql.err.IntegrityError) (1062, ""Duplicate entry 'STORE1090' for key 'dimstore.store_id'"")
[SQL: INSERT INTO dimstore (store_id, store_name, location, manager) VALUES (%(store_id)s, %(store_name)s, %(location)s, %(manager)s)]
[parameters: [{'store_id': 'STORE1090', 'store_name': 'Oxford Store', 'location': 'East Greenwood', 'manager': 'Jennifer Garcia'}, {'store_id': 'STORE1091', 'store_name': 'Salem Store', 'location': 'East Newport', 'manager': 'George Turner'}, {'store_id': 'STORE1092', 'store_name': 'Chester Store', 'location': 'West Fairview', 'manager': 'Richard Taylor'}, {'store_id': 'STORE1093', 'store_name': 'Manchester Store', 'location': 'East Jackson', 'manager': 'Anthony Lee'}, {'store_id': 'STORE1094', 'store_name': 'Franklin Store', 'location': 'West Washington', 'manager': 'Christopher Garcia'}, {'store_id': 'STORE1095', 'store_name': 'Fairview Store', 'location': 'East Bristol', 'manager': 'Lisa Edwards'}, {'store_id': 'STORE1096', 'store_name': 'Milton Store', 'location': 'West Marion', 'manager': 'Dorothy Parker'}, {'store_id': 'STORE1097', 'store_name': 'Burlington Store', 'location': 'West Richmond', 'manager': 'John Jones'}  ... displaying 10 of 534 total bound parameter sets ...  {'store_id': 'STORE1622', 'store_name': 'Franklin Store', 'location': 'East Arlingtontown', 'manager': 'John Jones'}, {'store_id': 'STORE1623', 'store_name': 'Clayton Store', 'location': 'West Franklin', 'manager': 'Carol Wright'}]]
(Background on this error at: https://sqlalche.me/e/20/gkpj)",2025-08-22 22:40:56.650964
STORE1572,Madison Store,West Richmondtown,William Rodriguez,"Database insertion failed: (pymysql.err.IntegrityError) (1062, ""Duplicate entry 'STORE1090' for key 'dimstore.store_id'"")
[SQL: INSERT INTO dimstore (store_id, store_name, location, manager) VALUES (%(store_id)s, %(store_name)s, %(location)s, %(manager)s)]
[parameters: [{'store_id': 'STORE1090', 'store_name': 'Oxford Store', 'location': 'East Greenwood', 'manager': 'Jennifer Garcia'}, {'store_id': 'STORE1091', 'store_name': 'Salem Store', 'location': 'East Newport', 'manager': 'George Turner'}, {'store_id': 'STORE1092', 'store_name': 'Chester Store', 'location': 'West Fairview', 'manager': 'Richard Taylor'}, {'store_id': 'STORE1093', 'store_name': 'Manchester Store', 'location': 'East Jackson', 'manager': 'Anthony Lee'}, {'store_id': 'STORE1094', 'store_name': 'Franklin Store', 'location': 'West Washington', 'manager': 'Christopher Garcia'}, {'store_id': 'STORE1095', 'store_name': 'Fairview Store', 'location': 'East Bristol', 'manager': 'Lisa Edwards'}, {'store_id': 'STORE1096', 'store_name': 'Milton Store', 'location': 'West Marion', 'manager': 'Dorothy Parker'}, {'store_id': 'STORE1097', 'store_name': 'Burlington Store', 'location': 'West Richmond', 'manager': 'John Jones'}  ... displaying 10 of 534 total bound parameter sets ...  {'store_id': 'STORE1622', 'store_name': 'Franklin Store', 'location': 'East Arlingtontown', 'manager': 'John Jones'}, {'store_id': 'STORE1623', 'store_name': 'Clayton Store', 'location': 'West Franklin', 'manager': 'Carol Wright'}]]
(Background on this error at: https://sqlalche.me/e/20/gkpj)",2025-08-22 22:40:56.650964
STORE1573,Manchester Store,East Clayton,Mary Johnson,"Database insertion failed: (pymysql.err.IntegrityError) (1062, ""Duplicate entry 'STORE1090' for key 'dimstore.store_id'"")
[SQL: INSERT INTO dimstore (store_id, store_name, location, manager) VALUES (%(store_id)s, %(store_name)s, %(location)s, %(manager)s)]
[parameters: [{'store_id': 'STORE1090', 'store_name': 'Oxford Store', 'location': 'East Greenwood', 'manager': 'Jennifer Garcia'}, {'store_id': 'STORE1091', 'store_name': 'Salem Store', 'location': 'East Newport', 'manager': 'George Turner'}, {'store_id': 'STORE1092', 'store_name': 'Chester Store', 'location': 'West Fairview', 'manager': 'Richard Taylor'}, {'store_id': 'STORE1093', 'store_name': 'Manchester Store', 'location': 'East Jackson', 'manager': 'Anthony Lee'}, {'store_id': 'STORE1094', 'store_name': 'Franklin Store', 'location': 'West Washington', 'manager': 'Christopher Garcia'}, {'store_id': 'STORE1095', 'store_name': 'Fairview Store', 'location': 'East Bristol', 'manager': 'Lisa Edwards'}, {'store_id': 'STORE1096', 'store_name': 'Milton Store', 'location': 'West Marion', 'manager': 'Dorothy Parker'}, {'store_id': 'STORE1097', 'store_name': 'Burlington Store', 'location': 'West Richmond', 'manager': 'John Jones'}  ... displaying 10 of 534 total bound parameter sets ...  {'store_id': 'STORE1622', 'store_name': 'Franklin Store', 'location': 'East Arlingtontown', 'manager': 'John Jones'}, {'store_id': 'STORE1623', 'store_name': 'Clayton Store', 'location': 'West Franklin', 'manager': 'Carol Wright'}]]
(Background on this error at: https://sqlalche.me/e/20/gkpj)",2025-08-22 22:40:56.650964
STORE1574,Clayton Store,West Fairview,Donna Hernandez,"Database insertion failed: (pymysql.err.IntegrityError) (1062, ""Duplicate entry 'STORE1090' for key 'dimstore.store_id'"")
[SQL: INSERT INTO dimstore (store_id, store_name, location, manager) VALUES (%(store_id)s, %(store_name)s, %(location)s, %(manager)s)]
[parameters: [{'store_id': 'STORE1090', 'store_name': 'Oxford Store', 'location': 'East Greenwood', 'manager': 'Jennifer Garcia'}, {'store_id': 'STORE1091', 'store_name': 'Salem Store', 'location': 'East Newport', 'manager': 'George Turner'}, {'store_id': 'STORE1092', 'store_name': 'Chester Store', 'location': 'West Fairview', 'manager': 'Richard Taylor'}, {'store_id': 'STORE1093', 'store_name': 'Manchester Store', 'location': 'East Jackson', 'manager': 'Anthony Lee'}, {'store_id': 'STORE1094', 'store_name': 'Franklin Store', 'location': 'West Washington', 'manager': 'Christopher Garcia'}, {'store_id': 'STORE1095', 'store_name': 'Fairview Store', 'location': 'East Bristol', 'manager': 'Lisa Edwards'}, {'store_id': 'STORE1096', 'store_name': 'Milton Store', 'location': 'West Marion', 'manager': 'Dorothy Parker'}, {'store_id': 'STORE1097', 'store_name': 'Burlington Store', 'location': 'West Richmond', 'manager': 'John Jones'}  ... displaying 10 of 534 total bound parameter sets ...  {'store_id': 'STORE1622', 'store_name': 'Franklin Store', 'location': 'East Arlingtontown', 'manager': 'John Jones'}, {'store_id': 'STORE1623', 'store_name': 'Clayton Store', 'location': 'West Franklin', 'manager': 'Carol Wright'}]]
(Background on this error at: https://sqlalche.me/e/20/gkpj)",2025-08-22 22:40:56.650964
STORE1575,Kingston Store,West Arlingtontown,Elizabeth Martinez,"Database insertion failed: (pymysql.err.IntegrityError) (1062, ""Duplicate entry 'STORE1090' for key 'dimstore.store_id'"")
[SQL: INSERT INTO dimstore (store_id, store_name, location, manager) VALUES (%(store_id)s, %(store_name)s, %(location)s, %(manager)s)]
[parameters: [{'store_id': 'STORE1090', 'store_name': 'Oxford Store', 'location': 'East Greenwood', 'manager': 'Jennifer Garcia'}, {'store_id': 'STORE1091', 'store_name': 'Salem Store', 'location': 'East Newport', 'manager': 'George Turner'}, {'store_id': 'STORE1092', 'store_name': 'Chester Store', 'location': 'West Fairview', 'manager': 'Richard Taylor'}, {'store_id': 'STORE1093', 'store_name': 'Manchester Store', 'location': 'East Jackson', 'manager': 'Anthony Lee'}, {'store_id': 'STORE1094', 'store_name': 'Franklin Store', 'location': 'West Washington', 'manager': 'Christopher Garcia'}, {'store_id': 'STORE1095', 'store_name': 'Fairview Store', 'location': 'East Bristol', 'manager': 'Lisa Edwards'}, {'store_id': 'STORE1096', 'store_name': 'Milton Store', 'location': 'West Marion', 'manager': 'Dorothy Parker'}, {'store_id': 'STORE1097', 'store_name': 'Burlington Store', 'location': 'West Richmond', 'manager': 'John Jones'}  ... displaying 10 of 534 total bound parameter sets ...  {'store_id': 'STORE1622', 'store_name': 'Franklin Store', 'location': 'East Arlingtontown', 'manager': 'John Jones'}, {'store_id': 'STORE1623', 'store_name': 'Clayton Store', 'location': 'West Franklin', 'manager': 'Carol Wright'}]]
(Background on this error at: https://sqlalche.me/e/20/gkpj)",2025-08-22 22:40:56.650964
STORE1576,Manchester Store,West Ashlandtown,George Turner,"Database insertion failed: (pymysql.err.IntegrityError) (1062, ""Duplicate entry 'STORE1090' for key 'dimstore.store_id'"")
[SQL: INSERT INTO dimstore (store_id, store_name, location, manager) VALUES (%(store_id)s, %(store_name)s, %(location)s, %(manager)s)]
[parameters: [{'store_id': 'STORE1090', 'store_name': 'Oxford Store', 'location': 'East Greenwood', 'manager': 'Jennifer Garcia'}, {'store_id': 'STORE1091', 'store_name': 'Salem Store', 'location': 'East Newport', 'manager': 'George Turner'}, {'store_id': 'STORE1092', 'store_name': 'Chester Store', 'location': 'West Fairview', 'manager': 'Richard Taylor'}, {'store_id': 'STORE1093', 'store_name': 'Manchester Store', 'location': 'East Jackson', 'manager': 'Anthony Lee'}, {'store_id': 'STORE1094', 'store_name': 'Franklin Store', 'location': 'West Washington', 'manager': 'Christopher Garcia'}, {'store_id': 'STORE1095', 'store_name': 'Fairview Store', 'location': 'East Bristol', 'manager': 'Lisa Edwards'}, {'store_id': 'STORE1096', 'store_name': 'Milton Store', 'location': 'West Marion', 'manager': 'Dorothy Parker'}, {'store_id': 'STORE1097', 'store_name': 'Burlington Store', 'location': 'West Richmond', 'manager': 'John Jones'}  ... displaying 10 of 534 total bound parameter sets ...  {'store_id': 'STORE1622', 'store_name': 'Franklin Store', 'location': 'East Arlingtontown', 'manager': 'John Jones'}, {'store_id': 'STORE1623', 'store_name': 'Clayton Store', 'location': 'West Franklin', 'manager': 'Carol Wright'}]]
(Background on this error at: https://sqlalche.me/e/20/gkpj)",2025-08-22 22:40:56.650964
STORE1577,Troy Store,East Madison,Lisa Clark,"Database insertion failed: (pymysql.err.IntegrityError) (1062, ""Duplicate entry 'STORE1090' for key 'dimstore.store_id'"")
[SQL: INSERT INTO dimstore (store_id, store_name, location, manager) VALUES (%(store_id)s, %(store_name)s, %(location)s, %(manager)s)]
[parameters: [{'store_id': 'STORE1090', 'store_name': 'Oxford Store', 'location': 'East Greenwood', 'manager': 'Jennifer Garcia'}, {'store_id': 'STORE1091', 'store_name': 'Salem Store', 'location': 'East Newport', 'manager': 'George Turner'}, {'store_id': 'STORE1092', 'store_name': 'Chester Store', 'location': 'West Fairview', 'manager': 'Richard Taylor'}, {'store_id': 'STORE1093', 'store_name': 'Manchester Store', 'location': 'East Jackson', 'manager': 'Anthony Lee'}, {'store_id': 'STORE1094', 'store_name': 'Franklin Store', 'location': 'West Washington', 'manager': 'Christopher Garcia'}, {'store_id': 'STORE1095', 'store_name': 'Fairview Store', 'location': 'East Bristol', 'manager': 'Lisa Edwards'}, {'store_id': 'STORE1096', 'store_name': 'Milton Store', 'location': 'West Marion', 'manager': 'Dorothy Parker'}, {'store_id': 'STORE1097', 'store_name': 'Burlington Store', 'location': 'West Richmond', 'manager': 'John Jones'}  ... displaying 10 of 534 total bound parameter sets ...  {'store_id': 'STORE1622', 'store_name': 'Franklin Store', 'location': 'East Arlingtontown', 'manager': 'John Jones'}, {'store_id': 'STORE1623', 'store_name': 'Clayton Store', 'location': 'West Franklin', 'manager': 'Carol Wright'}]]
(Background on this error at: https://sqlalche.me/e/20/gkpj)",2025-08-22 22:40:56.650964
STORE1578,Lancaster Store,West Mariontown,Ronald Evans,"Database insertion failed: (pymysql.err.IntegrityError) (1062, ""Duplicate entry 'STORE1090' for key 'dimstore.store_id'"")
[SQL: INSERT INTO dimstore (store_id, store_name, location, manager) VALUES (%(store_id)s, %(store_name)s, %(location)s, %(manager)s)]
[parameters: [{'store_id': 'STORE1090', 'store_name': 'Oxford Store', 'location': 'East Greenwood', 'manager': 'Jennifer Garcia'}, {'store_id': 'STORE1091', 'store_name': 'Salem Store', 'location': 'East Newport', 'manager': 'George Turner'}, {'store_id': 'STORE1092', 'store_name': 'Chester Store', 'location': 'West Fairview', 'manager': 'Richard Taylor'}, {'store_id': 'STORE1093', 'store_name': 'Manchester Store', 'location': 'East Jackson', 'manager': 'Anthony Lee'}, {'store_id': 'STORE1094', 'store_name': 'Franklin Store', 'location': 'West Washington', 'manager': 'Christopher Garcia'}, {'store_id': 'STORE1095', 'store_name': 'Fairview Store', 'location': 'East Bristol', 'manager': 'Lisa Edwards'}, {'store_id': 'STORE1096', 'store_name': 'Milton Store', 'location': 'West Marion', 'manager': 'Dorothy Parker'}, {'store_id': 'STORE1097', 'store_name': 'Burlington Store', 'location': 'West Richmond', 'manager': 'John Jones'}  ... displaying 10 of 534 total bound parameter sets ...  {'store_id': 'STORE1622', 'store_name': 'Franklin Store', 'location': 'East Arlingtontown', 'manager': 'John Jones'}, {'store_id': 'STORE1623', 'store_name': 'Clayton Store', 'location': 'West Franklin', 'manager': 'Carol Wright'}]]
(Background on this error at: https://sqlalche.me/e/20/gkpj)",2025-08-22 22:40:56.650964
STORE1579,Ashland Store,West Lancastertown,Nancy Martinez,"Database insertion failed: (pymysql.err.IntegrityError) (1062, ""Duplicate entry 'STORE1090' for key 'dimstore.store_id'"")
[SQL: INSERT INTO dimstore (store_id, store_name, location, manager) VALUES (%(store_id)s, %(store_name)s, %(location)s, %(manager)s)]
[parameters: [{'store_id': 'STORE1090', 'store_name': 'Oxford Store', 'location': 'East Greenwood', 'manager': 'Jennifer Garcia'}, {'store_id': 'STORE1091', 'store_name': 'Salem Store', 'location': 'East Newport', 'manager': 'George Turner'}, {'store_id': 'STORE1092', 'store_name': 'Chester Store', 'location': 'West Fairview', 'manager': 'Richard Taylor'}, {'store_id': 'STORE1093', 'store_name': 'Manchester Store', 'location': 'East Jackson', 'manager': 'Anthony Lee'}, {'store_id': 'STORE1094', 'store_name': 'Franklin Store', 'location': 'West Washington', 'manager': 'Christopher Garcia'}, {'store_id': 'STORE1095', 'store_name': 'Fairview Store', 'location': 'East Bristol', 'manager': 'Lisa Edwards'}, {'store_id': 'STORE1096', 'store_name': 'Milton Store', 'location': 'West Marion', 'manager': 'Dorothy Parker'}, {'store_id': 'STORE1097', 'store_name': 'Burlington Store', 'location': 'West Richmond', 'manager': 'John Jones'}  ... displaying 10 of 534 total bound parameter sets ...  {'store_id': 'STORE1622', 'store_name': 'Franklin Store', 'location': 'East Arlingtontown', 'manager': 'John Jones'}, {'store_id': 'STORE1623', 'store_name': 'Clayton Store', 'location': 'West Franklin', 'manager': 'Carol Wright'}]]
(Background on this error at: https://sqlalche.me/e/20/gkpj)",2025-08-22 22:40:56.650964
STORE1580,Clinton Store,West Riverside,Michael Miller,"Database insertion failed: (pymysql.err.IntegrityError) (1062, ""Duplicate entry 'STORE1090' for key 'dimstore.store_id'"")
[SQL: INSERT INTO dimstore (store_id, store_name, location, manager) VALUES (%(store_id)s, %(store_name)s, %(location)s, %(manager)s)]
[parameters: [{'store_id': 'STORE1090', 'store_name': 'Oxford Store', 'location': 'East Greenwood', 'manager': 'Jennifer Garcia'}, {'store_id': 'STORE1091', 'store_name': 'Salem Store', 'location': 'East Newport', 'manager': 'George Turner'}, {'store_id': 'STORE1092', 'store_name': 'Chester Store', 'location': 'West Fairview', 'manager': 'Richard Taylor'}, {'store_id': 'STORE1093', 'store_name': 'Manchester Store', 'location': 'East Jackson', 'manager': 'Anthony Lee'}, {'store_id': 'STORE1094', 'store_name': 'Franklin Store', 'location': 'West Washington', 'manager': 'Christopher Garcia'}, {'store_id': 'STORE1095', 'store_name': 'Fairview Store', 'location': 'East Bristol', 'manager': 'Lisa Edwards'}, {'store_id': 'STORE1096', 'store_name': 'Milton Store', 'location': 'West Marion', 'manager': 'Dorothy Parker'}, {'store_id': 'STORE1097', 'store_name': 'Burlington Store', 'location': 'West Richmond', 'manager': 'John Jones'}  ... displaying 10 of 534 total bound parameter sets ...  {'store_id': 'STORE1622', 'store_name': 'Franklin Store', 'location': 'East Arlingtontown', 'manager': 'John Jones'}, {'store_id': 'STORE1623', 'store_name': 'Clayton Store', 'location': 'West Franklin', 'manager': 'Carol Wright'}]]
(Background on this error at: https://sqlalche.me/e/20/gkpj)",2025-08-22 22:40:56.650964
STORE1581,Jackson Store,East Springfieldtown,Sarah Martin,"Database insertion failed: (pymysql.err.IntegrityError) (1062, ""Duplicate entry 'STORE1090' for key 'dimstore.store_id'"")
[SQL: INSERT INTO dimstore (store_id, store_name, location, manager) VALUES (%(store_id)s, %(store_name)s, %(location)s, %(manager)s)]
[parameters: [{'store_id': 'STORE1090', 'store_name': 'Oxford Store', 'location': 'East Greenwood', 'manager': 'Jennifer Garcia'}, {'store_id': 'STORE1091', 'store_name': 'Salem Store', 'location': 'East Newport', 'manager': 'George Turner'}, {'store_id': 'STORE1092', 'store_name': 'Chester Store', 'location': 'West Fairview', 'manager': 'Richard Taylor'}, {'store_id': 'STORE1093', 'store_name': 'Manchester Store', 'location': 'East Jackson', 'manager': 'Anthony Lee'}, {'store_id': 'STORE1094', 'store_name': 'Franklin Store', 'location': 'West Washington', 'manager': 'Christopher Garcia'}, {'store_id': 'STORE1095', 'store_name': 'Fairview Store', 'location': 'East Bristol', 'manager': 'Lisa Edwards'}, {'store_id': 'STORE1096', 'store_name': 'Milton Store', 'location': 'West Marion', 'manager': 'Dorothy Parker'}, {'store_id': 'STORE1097', 'store_name': 'Burlington Store', 'location': 'West Richmond', 'manager': 'John Jones'}  ... displaying 10 of 534 total bound parameter sets ...  {'store_id': 'STORE1622', 'store_name': 'Franklin Store', 'location': 'East Arlingtontown', 'manager': 'John Jones'}, {'store_id': 'STORE1623', 'store_name': 'Clayton Store', 'location': 'West Franklin', 'manager': 'Carol Wright'}]]
(Background on this error at: https://sqlalche.me/e/20/gkpj)",2025-08-22 22:40:56.650964
STORE1582,Newport Store,West Madison,Jennifer Garcia,"Database insertion failed: (pymysql.err.IntegrityError) (1062, ""Duplicate entry 'STORE1090' for key 'dimstore.store_id'"")
[SQL: INSERT INTO dimstore (store_id, store_name, location, manager) VALUES (%(store_id)s, %(store_name)s, %(location)s, %(manager)s)]
[parameters: [{'store_id': 'STORE1090', 'store_name': 'Oxford Store', 'location': 'East Greenwood', 'manager': 'Jennifer Garcia'}, {'store_id': 'STORE1091', 'store_name': 'Salem Store', 'location': 'East Newport', 'manager': 'George Turner'}, {'store_id': 'STORE1092', 'store_name': 'Chester Store', 'location': 'West Fairview', 'manager': 'Richard Taylor'}, {'store_id': 'STORE1093', 'store_name': 'Manchester Store', 'location': 'East Jackson', 'manager': 'Anthony Lee'}, {'store_id': 'STORE1094', 'store_name': 'Franklin Store', 'location': 'West Washington', 'manager': 'Christopher Garcia'}, {'store_id': 'STORE1095', 'store_name': 'Fairview Store', 'location': 'East Bristol', 'manager': 'Lisa Edwards'}, {'store_id': 'STORE1096', 'store_name': 'Milton Store', 'location': 'West Marion', 'manager': 'Dorothy Parker'}, {'store_id': 'STORE1097', 'store_name': 'Burlington Store', 'location': 'West Richmond', 'manager': 'John Jones'}  ... displaying 10 of 534 total bound parameter sets ...  {'store_id': 'STORE1622', 'store_name': 'Franklin Store', 'location': 'East Arlingtontown', 'manager': 'John Jones'}, {'store_id': 'STORE1623', 'store_name': 'Clayton Store', 'location': 'West Franklin', 'manager': 'Carol Wright'}]]
(Background on this error at: https://sqlalche.me/e/20/gkpj)",2025-08-22 22:40:56.650964
STORE1583,Kingston Store,East Fairviewtown,Sarah Martin,"Database insertion failed: (pymysql.err.IntegrityError) (1062, ""Duplicate entry 'STORE1090' for key 'dimstore.store_id'"")
[SQL: INSERT INTO dimstore (store_id, store_name, location, manager) VALUES (%(store_id)s, %(store_name)s, %(location)s, %(manager)s)]
[parameters: [{'store_id': 'STORE1090', 'store_name': 'Oxford Store', 'location': 'East Greenwood', 'manager': 'Jennifer Garcia'}, {'store_id': 'STORE1091', 'store_name': 'Salem Store', 'location': 'East Newport', 'manager': 'George Turner'}, {'store_id': 'STORE1092', 'store_name': 'Chester Store', 'location': 'West Fairview', 'manager': 'Richard Taylor'}, {'store_id': 'STORE1093', 'store_name': 'Manchester Store', 'location': 'East Jackson', 'manager': 'Anthony Lee'}, {'store_id': 'STORE1094', 'store_name': 'Franklin Store', 'location': 'West Washington', 'manager': 'Christopher Garcia'}, {'store_id': 'STORE1095', 'store_name': 'Fairview Store', 'location': 'East Bristol', 'manager': 'Lisa Edwards'}, {'store_id': 'STORE1096', 'store_name': 'Milton Store', 'location': 'West Marion', 'manager': 'Dorothy Parker'}, {'store_id': 'STORE1097', 'store_name': 'Burlington Store', 'location': 'West Richmond', 'manager': 'John Jones'}  ... displaying 10 of 534 total bound parameter sets ...  {'store_id': 'STORE1622', 'store_name': 'Franklin Store', 'location': 'East Arlingtontown', 'manager': 'John Jones'}, {'store_id': 'STORE1623', 'store_name': 'Clayton Store', 'location': 'West Franklin', 'manager': 'Carol Wright'}]]
(Background on this error at: https://sqlalche.me/e/20/gkpj)",2025-08-22 22:40:56.650964
STORE1584,Fairview Store,East Troytown,Betty Lewis,"Database insertion failed: (pymysql.err.IntegrityError) (1062, ""Duplicate entry 'STORE1090' for key 'dimstore.store_id'"")
[SQL: INSERT INTO dimstore (store_id, store_name, location, manager) VALUES (%(store_id)s, %(store_name)s, %(location)s, %(manager)s)]
[parameters: [{'store_id': 'STORE1090', 'store_name': 'Oxford Store', 'location': 'East Greenwood', 'manager': 'Jennifer Garcia'}, {'store_id': 'STORE1091', 'store_name': 'Salem Store', 'location': 'East Newport', 'manager': 'George Turner'}, {'store_id': 'STORE1092', 'store_name': 'Chester Store', 'location': 'West Fairview', 'manager': 'Richard Taylor'}, {'store_id': 'STORE1093', 'store_name': 'Manchester Store', 'location': 'East Jackson', 'manager': 'Anthony Lee'}, {'store_id': 'STORE1094', 'store_name': 'Franklin Store', 'location': 'West Washington', 'manager': 'Christopher Garcia'}, {'store_id': 'STORE1095', 'store_name': 'Fairview Store', 'location': 'East Bristol', 'manager': 'Lisa Edwards'}, {'store_id': 'STORE1096', 'store_name': 'Milton Store', 'location': 'West Marion', 'manager': 'Dorothy Parker'}, {'store_id': 'STORE1097', 'store_name': 'Burlington Store', 'location': 'West Richmond', 'manager': 'John Jones'}  ... displaying 10 of 534 total bound parameter sets ...  {'store_id': 'STORE1622', 'store_name': 'Franklin Store', 'location': 'East Arlingtontown', 'manager': 'John Jones'}, {'store_id': 'STORE1623', 'store_name': 'Clayton Store', 'location': 'West Franklin', 'manager': 'Carol Wright'}]]
(Background on this error at: https://sqlalche.me/e/20/gkpj)",2025-08-22 22:40:56.650964
STORE1585,Richmond Store,East Riverside,Linda Davis,"Database insertion failed: (pymysql.err.IntegrityError) (1062, ""Duplicate entry 'STORE1090' for key 'dimstore.store_id'"")
[SQL: INSERT INTO dimstore (store_id, store_name, location, manager) VALUES (%(store_id)s, %(store_name)s, %(location)s, %(manager)s)]
[parameters: [{'store_id': 'STORE1090', 'store_name': 'Oxford Store', 'location': 'East Greenwood', 'manager': 'Jennifer Garcia'}, {'store_id': 'STORE1091', 'store_name': 'Salem Store', 'location': 'East Newport', 'manager': 'George Turner'}, {'store_id': 'STORE1092', 'store_name': 'Chester Store', 'location': 'West Fairview', 'manager': 'Richard Taylor'}, {'store_id': 'STORE1093', 'store_name': 'Manchester Store', 'location': 'East Jackson', 'manager': 'Anthony Lee'}, {'store_id': 'STORE1094', 'store_name': 'Franklin Store', 'location': 'West Washington', 'manager': 'Christopher Garcia'}, {'store_id': 'STORE1095', 'store_name': 'Fairview Store', 'location': 'East Bristol', 'manager': 'Lisa Edwards'}, {'store_id': 'STORE1096', 'store_name': 'Milton Store', 'location': 'West Marion', 'manager': 'Dorothy Parker'}, {'store_id': 'STORE1097', 'store_name': 'Burlington Store', 'location': 'West Richmond', 'manager': 'John Jones'}  ... displaying 10 of 534 total bound parameter sets ...  {'store_id': 'STORE1622', 'store_name': 'Franklin Store', 'location': 'East Arlingtontown', 'manager': 'John Jones'}, {'store_id': 'STORE1623', 'store_name': 'Clayton Store', 'location': 'West Franklin', 'manager': 'Carol Wright'}]]
(Background on this error at: https://sqlalche.me/e/20/gkpj)",2025-08-22 22:40:56.650964
STORE1586,Hudson Store,East Waynetown,Daniel Robinson,"Database insertion failed: (pymysql.err.IntegrityError) (1062, ""Duplicate entry 'STORE1090' for key 'dimstore.store_id'"")
[SQL: INSERT INTO dimstore (store_id, store_name, location, manager) VALUES (%(store_id)s, %(store_name)s, %(location)s, %(manager)s)]
[parameters: [{'store_id': 'STORE1090', 'store_name': 'Oxford Store', 'location': 'East Greenwood', 'manager': 'Jennifer Garcia'}, {'store_id': 'STORE1091', 'store_name': 'Salem Store', 'location': 'East Newport', 'manager': 'George Turner'}, {'store_id': 'STORE1092', 'store_name': 'Chester Store', 'location': 'West Fairview', 'manager': 'Richard Taylor'}, {'store_id': 'STORE1093', 'store_name': 'Manchester Store', 'location': 'East Jackson', 'manager': 'Anthony Lee'}, {'store_id': 'STORE1094', 'store_name': 'Franklin Store', 'location': 'West Washington', 'manager': 'Christopher Garcia'}, {'store_id': 'STORE1095', 'store_name': 'Fairview Store', 'location': 'East Bristol', 'manager': 'Lisa Edwards'}, {'store_id': 'STORE1096', 'store_name': 'Milton Store', 'location': 'West Marion', 'manager': 'Dorothy Parker'}, {'store_id': 'STORE1097', 'store_name': 'Burlington Store', 'location': 'West Richmond', 'manager': 'John Jones'}  ... displaying 10 of 534 total bound parameter sets ...  {'store_id': 'STORE1622', 'store_name': 'Franklin Store', 'location': 'East Arlingtontown', 'manager': 'John Jones'}, {'store_id': 'STORE1623', 'store_name': 'Clayton Store', 'location': 'West Franklin', 'manager': 'Carol Wright'}]]
(Background on this error at: https://sqlalche.me/e/20/gkpj)",2025-08-22 22:40:56.650964
STORE1587,Madison Store,East Washington,Sandra Allen,"Database insertion failed: (pymysql.err.IntegrityError) (1062, ""Duplicate entry 'STORE1090' for key 'dimstore.store_id'"")
[SQL: INSERT INTO dimstore (store_id, store_name, location, manager) VALUES (%(store_id)s, %(store_name)s, %(location)s, %(manager)s)]
[parameters: [{'store_id': 'STORE1090', 'store_name': 'Oxford Store', 'location': 'East Greenwood', 'manager': 'Jennifer Garcia'}, {'store_id': 'STORE1091', 'store_name': 'Salem Store', 'location': 'East Newport', 'manager': 'George Turner'}, {'store_id': 'STORE1092', 'store_name': 'Chester Store', 'location': 'West Fairview', 'manager': 'Richard Taylor'}, {'store_id': 'STORE1093', 'store_name': 'Manchester Store', 'location': 'East Jackson', 'manager': 'Anthony Lee'}, {'store_id': 'STORE1094', 'store_name': 'Franklin Store', 'location': 'West Washington', 'manager': 'Christopher Garcia'}, {'store_id': 'STORE1095', 'store_name': 'Fairview Store', 'location': 'East Bristol', 'manager': 'Lisa Edwards'}, {'store_id': 'STORE1096', 'store_name': 'Milton Store', 'location': 'West Marion', 'manager': 'Dorothy Parker'}, {'store_id': 'STORE1097', 'store_name': 'Burlington Store', 'location': 'West Richmond', 'manager': 'John Jones'}  ... displaying 10 of 534 total bound parameter sets ...  {'store_id': 'STORE1622', 'store_name': 'Franklin Store', 'location': 'East Arlingtontown', 'manager': 'John Jones'}, {'store_id': 'STORE1623', 'store_name': 'Clayton Store', 'location': 'West Franklin', 'manager': 'Carol Wright'}]]
(Background on this error at: https://sqlalche.me/e/20/gkpj)",2025-08-22 22:40:56.650964
STORE1588,Lancaster Store,West Troy,Nancy Martinez,"Database insertion failed: (pymysql.err.IntegrityError) (1062, ""Duplicate entry 'STORE1090' for key 'dimstore.store_id'"")
[SQL: INSERT INTO dimstore (store_id, store_name, location, manager) VALUES (%(store_id)s, %(store_name)s, %(location)s, %(manager)s)]
[parameters: [{'store_id': 'STORE1090', 'store_name': 'Oxford Store', 'location': 'East Greenwood', 'manager': 'Jennifer Garcia'}, {'store_id': 'STORE1091', 'store_name': 'Salem Store', 'location': 'East Newport', 'manager': 'George Turner'}, {'store_id': 'STORE1092', 'store_name': 'Chester Store', 'location': 'West Fairview', 'manager': 'Richard Taylor'}, {'store_id': 'STORE1093', 'store_name': 'Manchester Store', 'location': 'East Jackson', 'manager': 'Anthony Lee'}, {'store_id': 'STORE1094', 'store_name': 'Franklin Store', 'location': 'West Washington', 'manager': 'Christopher Garcia'}, {'store_id': 'STORE1095', 'store_name': 'Fairview Store', 'location': 'East Bristol', 'manager': 'Lisa Edwards'}, {'store_id': 'STORE1096', 'store_name': 'Milton Store', 'location': 'West Marion', 'manager': 'Dorothy Parker'}, {'store_id': 'STORE1097', 'store_name': 'Burlington Store', 'location': 'West Richmond', 'manager': 'John Jones'}  ... displaying 10 of 534 total bound parameter sets ...  {'store_id': 'STORE1622', 'store_name': 'Franklin Store', 'location': 'East Arlingtontown', 'manager': 'John Jones'}, {'store_id': 'STORE1623', 'store_name': 'Clayton Store', 'location': 'West Franklin', 'manager': 'Carol Wright'}]]
(Background on this error at: https://sqlalche.me/e/20/gkpj)",2025-08-22 22:40:56.650964
STORE1589,Chester Store,West Chestertown,Sarah Martin,"Database insertion failed: (pymysql.err.IntegrityError) (1062, ""Duplicate entry 'STORE1090' for key 'dimstore.store_id'"")
[SQL: INSERT INTO dimstore (store_id, store_name, location, manager) VALUES (%(store_id)s, %(store_name)s, %(location)s, %(manager)s)]
[parameters: [{'store_id': 'STORE1090', 'store_name': 'Oxford Store', 'location': 'East Greenwood', 'manager': 'Jennifer Garcia'}, {'store_id': 'STORE1091', 'store_name': 'Salem Store', 'location': 'East Newport', 'manager': 'George Turner'}, {'store_id': 'STORE1092', 'store_name': 'Chester Store', 'location': 'West Fairview', 'manager': 'Richard Taylor'}, {'store_id': 'STORE1093', 'store_name': 'Manchester Store', 'location': 'East Jackson', 'manager': 'Anthony Lee'}, {'store_id': 'STORE1094', 'store_name': 'Franklin Store', 'location': 'West Washington', 'manager': 'Christopher Garcia'}, {'store_id': 'STORE1095', 'store_name': 'Fairview Store', 'location': 'East Bristol', 'manager': 'Lisa Edwards'}, {'store_id': 'STORE1096', 'store_name': 'Milton Store', 'location': 'West Marion', 'manager': 'Dorothy Parker'}, {'store_id': 'STORE1097', 'store_name': 'Burlington Store', 'location': 'West Richmond', 'manager': 'John Jones'}  ... displaying 10 of 534 total bound parameter sets ...  {'store_id': 'STORE1622', 'store_name': 'Franklin Store', 'location': 'East Arlingtontown', 'manager': 'John Jones'}, {'store_id': 'STORE1623', 'store_name': 'Clayton Store', 'location': 'West Franklin', 'manager': 'Carol Wright'}]]
(Background on this error at: https://sqlalche.me/e/20/gkpj)",2025-08-22 22:40:56.650964
STORE1590,Hudson Store,West Ashland,Daniel Robinson,"Database insertion failed: (pymysql.err.IntegrityError) (1062, ""Duplicate entry 'STORE1090' for key 'dimstore.store_id'"")
[SQL: INSERT INTO dimstore (store_id, store_name, location, manager) VALUES (%(store_id)s, %(store_name)s, %(location)s, %(manager)s)]
[parameters: [{'store_id': 'STORE1090', 'store_name': 'Oxford Store', 'location': 'East Greenwood', 'manager': 'Jennifer Garcia'}, {'store_id': 'STORE1091', 'store_name': 'Salem Store', 'location': 'East Newport', 'manager': 'George Turner'}, {'store_id': 'STORE1092', 'store_name': 'Chester Store', 'location': 'West Fairview', 'manager': 'Richard Taylor'}, {'store_id': 'STORE1093', 'store_name': 'Manchester Store', 'location': 'East Jackson', 'manager': 'Anthony Lee'}, {'store_id': 'STORE1094', 'store_name': 'Franklin Store', 'location': 'West Washington', 'manager': 'Christopher Garcia'}, {'store_id': 'STORE1095', 'store_name': 'Fairview Store', 'location': 'East Bristol', 'manager': 'Lisa Edwards'}, {'store_id': 'STORE1096', 'store_name': 'Milton Store', 'location': 'West Marion', 'manager': 'Dorothy Parker'}, {'store_id': 'STORE1097', 'store_name': 'Burlington Store', 'location': 'West Richmond', 'manager': 'John Jones'}  ... displaying 10 of 534 total bound parameter sets ...  {'store_id': 'STORE1622', 'store_name': 'Franklin Store', 'location': 'East Arlingtontown', 'manager': 'John Jones'}, {'store_id': 'STORE1623', 'store_name': 'Clayton Store', 'location': 'West Franklin', 'manager': 'Carol Wright'}]]
(Background on this error at: https://sqlalche.me/e/20/gkpj)",2025-08-22 22:40:56.650964
STORE1591,Washington Store,East Georgetowntown,Barbara Anderson,"Database insertion failed: (pymysql.err.IntegrityError) (1062, ""Duplicate entry 'STORE1090' for key 'dimstore.store_id'"")
[SQL: INSERT INTO dimstore (store_id, store_name, location, manager) VALUES (%(store_id)s, %(store_name)s, %(location)s, %(manager)s)]
[parameters: [{'store_id': 'STORE1090', 'store_name': 'Oxford Store', 'location': 'East Greenwood', 'manager': 'Jennifer Garcia'}, {'store_id': 'STORE1091', 'store_name': 'Salem Store', 'location': 'East Newport', 'manager': 'George Turner'}, {'store_id': 'STORE1092', 'store_name': 'Chester Store', 'location': 'West Fairview', 'manager': 'Richard Taylor'}, {'store_id': 'STORE1093', 'store_name': 'Manchester Store', 'location': 'East Jackson', 'manager': 'Anthony Lee'}, {'store_id': 'STORE1094', 'store_name': 'Franklin Store', 'location': 'West Washington', 'manager': 'Christopher Garcia'}, {'store_id': 'STORE1095', 'store_name': 'Fairview Store', 'location': 'East Bristol', 'manager': 'Lisa Edwards'}, {'store_id': 'STORE1096', 'store_name': 'Milton Store', 'location': 'West Marion', 'manager': 'Dorothy Parker'}, {'store_id': 'STORE1097', 'store_name': 'Burlington Store', 'location': 'West Richmond', 'manager': 'John Jones'}  ... displaying 10 of 534 total bound parameter sets ...  {'store_id': 'STORE1622', 'store_name': 'Franklin Store', 'location': 'East Arlingtontown', 'manager': 'John Jones'}, {'store_id': 'STORE1623', 'store_name': 'Clayton Store', 'location': 'West Franklin', 'manager': 'Carol Wright'}]]
(Background on this error at: https://sqlalche.me/e/20/gkpj)",2025-08-22 22:40:56.650964
STORE1592,Chester Store,East Fairview,Christopher Garcia,"Database insertion failed: (pymysql.err.IntegrityError) (1062, ""Duplicate entry 'STORE1090' for key 'dimstore.store_id'"")
[SQL: INSERT INTO dimstore (store_id, store_name, location, manager) VALUES (%(store_id)s, %(store_name)s, %(location)s, %(manager)s)]
[parameters: [{'store_id': 'STORE1090', 'store_name': 'Oxford Store', 'location': 'East Greenwood', 'manager': 'Jennifer Garcia'}, {'store_id': 'STORE1091', 'store_name': 'Salem Store', 'location': 'East Newport', 'manager': 'George Turner'}, {'store_id': 'STORE1092', 'store_name': 'Chester Store', 'location': 'West Fairview', 'manager': 'Richard Taylor'}, {'store_id': 'STORE1093', 'store_name': 'Manchester Store', 'location': 'East Jackson', 'manager': 'Anthony Lee'}, {'store_id': 'STORE1094', 'store_name': 'Franklin Store', 'location': 'West Washington', 'manager': 'Christopher Garcia'}, {'store_id': 'STORE1095', 'store_name': 'Fairview Store', 'location': 'East Bristol', 'manager': 'Lisa Edwards'}, {'store_id': 'STORE1096', 'store_name': 'Milton Store', 'location': 'West Marion', 'manager': 'Dorothy Parker'}, {'store_id': 'STORE1097', 'store_name': 'Burlington Store', 'location': 'West Richmond', 'manager': 'John Jones'}  ... displaying 10 of 534 total bound parameter sets ...  {'store_id': 'STORE1622', 'store_name': 'Franklin Store', 'location': 'East Arlingtontown', 'manager': 'John Jones'}, {'store_id': 'STORE1623', 'store_name': 'Clayton Store', 'location': 'West Franklin', 'manager': 'Carol Wright'}]]
(Background on this error at: https://sqlalche.me/e/20/gkpj)",2025-08-22 22:40:56.650964
STORE1593,Clayton Store,East Springfieldtown,Ronald Evans,"Database insertion failed: (pymysql.err.IntegrityError) (1062, ""Duplicate entry 'STORE1090' for key 'dimstore.store_id'"")
[SQL: INSERT INTO dimstore (store_id, store_name, location, manager) VALUES (%(store_id)s, %(store_name)s, %(location)s, %(manager)s)]
[parameters: [{'store_id': 'STORE1090', 'store_name': 'Oxford Store', 'location': 'East Greenwood', 'manager': 'Jennifer Garcia'}, {'store_id': 'STORE1091', 'store_name': 'Salem Store', 'location': 'East Newport', 'manager': 'George Turner'}, {'store_id': 'STORE1092', 'store_name': 'Chester Store', 'location': 'West Fairview', 'manager': 'Richard Taylor'}, {'store_id': 'STORE1093', 'store_name': 'Manchester Store', 'location': 'East Jackson', 'manager': 'Anthony Lee'}, {'store_id': 'STORE1094', 'store_name': 'Franklin Store', 'location': 'West Washington', 'manager': 'Christopher Garcia'}, {'store_id': 'STORE1095', 'store_name': 'Fairview Store', 'location': 'East Bristol', 'manager': 'Lisa Edwards'}, {'store_id': 'STORE1096', 'store_name': 'Milton Store', 'location': 'West Marion', 'manager': 'Dorothy Parker'}, {'store_id': 'STORE1097', 'store_name': 'Burlington Store', 'location': 'West Richmond', 'manager': 'John Jones'}  ... displaying 10 of 534 total bound parameter sets ...  {'store_id': 'STORE1622', 'store_name': 'Franklin Store', 'location': 'East Arlingtontown', 'manager': 'John Jones'}, {'store_id': 'STORE1623', 'store_name': 'Clayton Store', 'location': 'West Franklin', 'manager': 'Carol Wright'}]]
(Background on this error at: https://sqlalche.me/e/20/gkpj)",2025-08-22 22:40:56.650964
STORE1594,Troy Store,East Troy,Sarah Martin,"Database insertion failed: (pymysql.err.IntegrityError) (1062, ""Duplicate entry 'STORE1090' for key 'dimstore.store_id'"")
[SQL: INSERT INTO dimstore (store_id, store_name, location, manager) VALUES (%(store_id)s, %(store_name)s, %(location)s, %(manager)s)]
[parameters: [{'store_id': 'STORE1090', 'store_name': 'Oxford Store', 'location': 'East Greenwood', 'manager': 'Jennifer Garcia'}, {'store_id': 'STORE1091', 'store_name': 'Salem Store', 'location': 'East Newport', 'manager': 'George Turner'}, {'store_id': 'STORE1092', 'store_name': 'Chester Store', 'location': 'West Fairview', 'manager': 'Richard Taylor'}, {'store_id': 'STORE1093', 'store_name': 'Manchester Store', 'location': 'East Jackson', 'manager': 'Anthony Lee'}, {'store_id': 'STORE1094', 'store_name': 'Franklin Store', 'location': 'West Washington', 'manager': 'Christopher Garcia'}, {'store_id': 'STORE1095', 'store_name': 'Fairview Store', 'location': 'East Bristol', 'manager': 'Lisa Edwards'}, {'store_id': 'STORE1096', 'store_name': 'Milton Store', 'location': 'West Marion', 'manager': 'Dorothy Parker'}, {'store_id': 'STORE1097', 'store_name': 'Burlington Store', 'location': 'West Richmond', 'manager': 'John Jones'}  ... displaying 10 of 534 total bound parameter sets ...  {'store_id': 'STORE1622', 'store_name': 'Franklin Store', 'location': 'East Arlingtontown', 'manager': 'John Jones'}, {'store_id': 'STORE1623', 'store_name': 'Clayton Store', 'location': 'West Franklin', 'manager': 'Carol Wright'}]]
(Background on this error at: https://sqlalche.me/e/20/gkpj)",2025-08-22 22:40:56.650964
STORE1595,Manchester Store,West Fairview,Paul Lopez,"Database insertion failed: (pymysql.err.IntegrityError) (1062, ""Duplicate entry 'STORE1090' for key 'dimstore.store_id'"")
[SQL: INSERT INTO dimstore (store_id, store_name, location, manager) VALUES (%(store_id)s, %(store_name)s, %(location)s, %(manager)s)]
[parameters: [{'store_id': 'STORE1090', 'store_name': 'Oxford Store', 'location': 'East Greenwood', 'manager': 'Jennifer Garcia'}, {'store_id': 'STORE1091', 'store_name': 'Salem Store', 'location': 'East Newport', 'manager': 'George Turner'}, {'store_id': 'STORE1092', 'store_name': 'Chester Store', 'location': 'West Fairview', 'manager': 'Richard Taylor'}, {'store_id': 'STORE1093', 'store_name': 'Manchester Store', 'location': 'East Jackson', 'manager': 'Anthony Lee'}, {'store_id': 'STORE1094', 'store_name': 'Franklin Store', 'location': 'West Washington', 'manager': 'Christopher Garcia'}, {'store_id': 'STORE1095', 'store_name': 'Fairview Store', 'location': 'East Bristol', 'manager': 'Lisa Edwards'}, {'store_id': 'STORE1096', 'store_name': 'Milton Store', 'location': 'West Marion', 'manager': 'Dorothy Parker'}, {'store_id': 'STORE1097', 'store_name': 'Burlington Store', 'location': 'West Richmond', 'manager': 'John Jones'}  ... displaying 10 of 534 total bound parameter sets ...  {'store_id': 'STORE1622', 'store_name': 'Franklin Store', 'location': 'East Arlingtontown', 'manager': 'John Jones'}, {'store_id': 'STORE1623', 'store_name': 'Clayton Store', 'location': 'West Franklin', 'manager': 'Carol Wright'}]]
(Background on this error at: https://sqlalche.me/e/20/gkpj)",2025-08-22 22:40:56.650964
STORE1596,Madison Store,East Manchester,Anthony Lee,"Database insertion failed: (pymysql.err.IntegrityError) (1062, ""Duplicate entry 'STORE1090' for key 'dimstore.store_id'"")
[SQL: INSERT INTO dimstore (store_id, store_name, location, manager) VALUES (%(store_id)s, %(store_name)s, %(location)s, %(manager)s)]
[parameters: [{'store_id': 'STORE1090', 'store_name': 'Oxford Store', 'location': 'East Greenwood', 'manager': 'Jennifer Garcia'}, {'store_id': 'STORE1091', 'store_name': 'Salem Store', 'location': 'East Newport', 'manager': 'George Turner'}, {'store_id': 'STORE1092', 'store_name': 'Chester Store', 'location': 'West Fairview', 'manager': 'Richard Taylor'}, {'store_id': 'STORE1093', 'store_name': 'Manchester Store', 'location': 'East Jackson', 'manager': 'Anthony Lee'}, {'store_id': 'STORE1094', 'store_name': 'Franklin Store', 'location': 'West Washington', 'manager': 'Christopher Garcia'}, {'store_id': 'STORE1095', 'store_name': 'Fairview Store', 'location': 'East Bristol', 'manager': 'Lisa Edwards'}, {'store_id': 'STORE1096', 'store_name': 'Milton Store', 'location': 'West Marion', 'manager': 'Dorothy Parker'}, {'store_id': 'STORE1097', 'store_name': 'Burlington Store', 'location': 'West Richmond', 'manager': 'John Jones'}  ... displaying 10 of 534 total bound parameter sets ...  {'store_id': 'STORE1622', 'store_name': 'Franklin Store', 'location': 'East Arlingtontown', 'manager': 'John Jones'}, {'store_id': 'STORE1623', 'store_name': 'Clayton Store', 'location': 'West Franklin', 'manager': 'Carol Wright'}]]
(Background on this error at: https://sqlalche.me/e/20/gkpj)",2025-08-22 22:40:56.650964
STORE1597,Marion Store,West Milton,Betty Lewis,"Database insertion failed: (pymysql.err.IntegrityError) (1062, ""Duplicate entry 'STORE1090' for key 'dimstore.store_id'"")
[SQL: INSERT INTO dimstore (store_id, store_name, location, manager) VALUES (%(store_id)s, %(store_name)s, %(location)s, %(manager)s)]
[parameters: [{'store_id': 'STORE1090', 'store_name': 'Oxford Store', 'location': 'East Greenwood', 'manager': 'Jennifer Garcia'}, {'store_id': 'STORE1091', 'store_name': 'Salem Store', 'location': 'East Newport', 'manager': 'George Turner'}, {'store_id': 'STORE1092', 'store_name': 'Chester Store', 'location': 'West Fairview', 'manager': 'Richard Taylor'}, {'store_id': 'STORE1093', 'store_name': 'Manchester Store', 'location': 'East Jackson', 'manager': 'Anthony Lee'}, {'store_id': 'STORE1094', 'store_name': 'Franklin Store', 'location': 'West Washington', 'manager': 'Christopher Garcia'}, {'store_id': 'STORE1095', 'store_name': 'Fairview Store', 'location': 'East Bristol', 'manager': 'Lisa Edwards'}, {'store_id': 'STORE1096', 'store_name': 'Milton Store', 'location': 'West Marion', 'manager': 'Dorothy Parker'}, {'store_id': 'STORE1097', 'store_name': 'Burlington Store', 'location': 'West Richmond', 'manager': 'John Jones'}  ... displaying 10 of 534 total bound parameter sets ...  {'store_id': 'STORE1622', 'store_name': 'Franklin Store', 'location': 'East Arlingtontown', 'manager': 'John Jones'}, {'store_id': 'STORE1623', 'store_name': 'Clayton Store', 'location': 'West Franklin', 'manager': 'Carol Wright'}]]
(Background on this error at: https://sqlalche.me/e/20/gkpj)",2025-08-22 22:40:56.650964
STORE1598,Troy Store,West Lancaster,Nancy Martinez,"Database insertion failed: (pymysql.err.IntegrityError) (1062, ""Duplicate entry 'STORE1090' for key 'dimstore.store_id'"")
[SQL: INSERT INTO dimstore (store_id, store_name, location, manager) VALUES (%(store_id)s, %(store_name)s, %(location)s, %(manager)s)]
[parameters: [{'store_id': 'STORE1090', 'store_name': 'Oxford Store', 'location': 'East Greenwood', 'manager': 'Jennifer Garcia'}, {'store_id': 'STORE1091', 'store_name': 'Salem Store', 'location': 'East Newport', 'manager': 'George Turner'}, {'store_id': 'STORE1092', 'store_name': 'Chester Store', 'location': 'West Fairview', 'manager': 'Richard Taylor'}, {'store_id': 'STORE1093', 'store_name': 'Manchester Store', 'location': 'East Jackson', 'manager': 'Anthony Lee'}, {'store_id': 'STORE1094', 'store_name': 'Franklin Store', 'location': 'West Washington', 'manager': 'Christopher Garcia'}, {'store_id': 'STORE1095', 'store_name': 'Fairview Store', 'location': 'East Bristol', 'manager': 'Lisa Edwards'}, {'store_id': 'STORE1096', 'store_name': 'Milton Store', 'location': 'West Marion', 'manager': 'Dorothy Parker'}, {'store_id': 'STORE1097', 'store_name': 'Burlington Store', 'location': 'West Richmond', 'manager': 'John Jones'}  ... displaying 10 of 534 total bound parameter sets ...  {'store_id': 'STORE1622', 'store_name': 'Franklin Store', 'location': 'East Arlingtontown', 'manager': 'John Jones'}, {'store_id': 'STORE1623', 'store_name': 'Clayton Store', 'location': 'West Franklin', 'manager': 'Carol Wright'}]]
(Background on this error at: https://sqlalche.me/e/20/gkpj)",2025-08-22 22:40:56.650964
STORE1599,Newport Store,East Springfield,Linda Davis,"Database insertion failed: (pymysql.err.IntegrityError) (1062, ""Duplicate entry 'STORE1090' for key 'dimstore.store_id'"")
[SQL: INSERT INTO dimstore (store_id, store_name, location, manager) VALUES (%(store_id)s, %(store_name)s, %(location)s, %(manager)s)]
[parameters: [{'store_id': 'STORE1090', 'store_name': 'Oxford Store', 'location': 'East Greenwood', 'manager': 'Jennifer Garcia'}, {'store_id': 'STORE1091', 'store_name': 'Salem Store', 'location': 'East Newport', 'manager': 'George Turner'}, {'store_id': 'STORE1092', 'store_name': 'Chester Store', 'location': 'West Fairview', 'manager': 'Richard Taylor'}, {'store_id': 'STORE1093', 'store_name': 'Manchester Store', 'location': 'East Jackson', 'manager': 'Anthony Lee'}, {'store_id': 'STORE1094', 'store_name': 'Franklin Store', 'location': 'West Washington', 'manager': 'Christopher Garcia'}, {'store_id': 'STORE1095', 'store_name': 'Fairview Store', 'location': 'East Bristol', 'manager': 'Lisa Edwards'}, {'store_id': 'STORE1096', 'store_name': 'Milton Store', 'location': 'West Marion', 'manager': 'Dorothy Parker'}, {'store_id': 'STORE1097', 'store_name': 'Burlington Store', 'location': 'West Richmond', 'manager': 'John Jones'}  ... displaying 10 of 534 total bound parameter sets ...  {'store_id': 'STORE1622', 'store_name': 'Franklin Store', 'location': 'East Arlingtontown', 'manager': 'John Jones'}, {'store_id': 'STORE1623', 'store_name': 'Clayton Store', 'location': 'West Franklin', 'manager': 'Carol Wright'}]]
(Background on this error at: https://sqlalche.me/e/20/gkpj)",2025-08-22 22:40:56.650964
STORE1600,Madison Store,East Georgetowntown,Anthony Lee,"Database insertion failed: (pymysql.err.IntegrityError) (1062, ""Duplicate entry 'STORE1090' for key 'dimstore.store_id'"")
[SQL: INSERT INTO dimstore (store_id, store_name, location, manager) VALUES (%(store_id)s, %(store_name)s, %(location)s, %(manager)s)]
[parameters: [{'store_id': 'STORE1090', 'store_name': 'Oxford Store', 'location': 'East Greenwood', 'manager': 'Jennifer Garcia'}, {'store_id': 'STORE1091', 'store_name': 'Salem Store', 'location': 'East Newport', 'manager': 'George Turner'}, {'store_id': 'STORE1092', 'store_name': 'Chester Store', 'location': 'West Fairview', 'manager': 'Richard Taylor'}, {'store_id': 'STORE1093', 'store_name': 'Manchester Store', 'location': 'East Jackson', 'manager': 'Anthony Lee'}, {'store_id': 'STORE1094', 'store_name': 'Franklin Store', 'location': 'West Washington', 'manager': 'Christopher Garcia'}, {'store_id': 'STORE1095', 'store_name': 'Fairview Store', 'location': 'East Bristol', 'manager': 'Lisa Edwards'}, {'store_id': 'STORE1096', 'store_name': 'Milton Store', 'location': 'West Marion', 'manager': 'Dorothy Parker'}, {'store_id': 'STORE1097', 'store_name': 'Burlington Store', 'location': 'West Richmond', 'manager': 'John Jones'}  ... displaying 10 of 534 total bound parameter sets ...  {'store_id': 'STORE1622', 'store_name': 'Franklin Store', 'location': 'East Arlingtontown', 'manager': 'John Jones'}, {'store_id': 'STORE1623', 'store_name': 'Clayton Store', 'location': 'West Franklin', 'manager': 'Carol Wright'}]]
(Background on this error at: https://sqlalche.me/e/20/gkpj)",2025-08-22 22:40:56.650964
STORE1601,Chester Store,East Clintontown,Daniel Robinson,"Database insertion failed: (pymysql.err.IntegrityError) (1062, ""Duplicate entry 'STORE1090' for key 'dimstore.store_id'"")
[SQL: INSERT INTO dimstore (store_id, store_name, location, manager) VALUES (%(store_id)s, %(store_name)s, %(location)s, %(manager)s)]
[parameters: [{'store_id': 'STORE1090', 'store_name': 'Oxford Store', 'location': 'East Greenwood', 'manager': 'Jennifer Garcia'}, {'store_id': 'STORE1091', 'store_name': 'Salem Store', 'location': 'East Newport', 'manager': 'George Turner'}, {'store_id': 'STORE1092', 'store_name': 'Chester Store', 'location': 'West Fairview', 'manager': 'Richard Taylor'}, {'store_id': 'STORE1093', 'store_name': 'Manchester Store', 'location': 'East Jackson', 'manager': 'Anthony Lee'}, {'store_id': 'STORE1094', 'store_name': 'Franklin Store', 'location': 'West Washington', 'manager': 'Christopher Garcia'}, {'store_id': 'STORE1095', 'store_name': 'Fairview Store', 'location': 'East Bristol', 'manager': 'Lisa Edwards'}, {'store_id': 'STORE1096', 'store_name': 'Milton Store', 'location': 'West Marion', 'manager': 'Dorothy Parker'}, {'store_id': 'STORE1097', 'store_name': 'Burlington Store', 'location': 'West Richmond', 'manager': 'John Jones'}  ... displaying 10 of 534 total bound parameter sets ...  {'store_id': 'STORE1622', 'store_name': 'Franklin Store', 'location': 'East Arlingtontown', 'manager': 'John Jones'}, {'store_id': 'STORE1623', 'store_name': 'Clayton Store', 'location': 'West Franklin', 'manager': 'Carol Wright'}]]
(Background on this error at: https://sqlalche.me/e/20/gkpj)",2025-08-22 22:40:56.650964
STORE1602,Richmond Store,West Wayne,Joseph Jackson,"Database insertion failed: (pymysql.err.IntegrityError) (1062, ""Duplicate entry 'STORE1090' for key 'dimstore.store_id'"")
[SQL: INSERT INTO dimstore (store_id, store_name, location, manager) VALUES (%(store_id)s, %(store_name)s, %(location)s, %(manager)s)]
[parameters: [{'store_id': 'STORE1090', 'store_name': 'Oxford Store', 'location': 'East Greenwood', 'manager': 'Jennifer Garcia'}, {'store_id': 'STORE1091', 'store_name': 'Salem Store', 'location': 'East Newport', 'manager': 'George Turner'}, {'store_id': 'STORE1092', 'store_name': 'Chester Store', 'location': 'West Fairview', 'manager': 'Richard Taylor'}, {'store_id': 'STORE1093', 'store_name': 'Manchester Store', 'location': 'East Jackson', 'manager': 'Anthony Lee'}, {'store_id': 'STORE1094', 'store_name': 'Franklin Store', 'location': 'West Washington', 'manager': 'Christopher Garcia'}, {'store_id': 'STORE1095', 'store_name': 'Fairview Store', 'location': 'East Bristol', 'manager': 'Lisa Edwards'}, {'store_id': 'STORE1096', 'store_name': 'Milton Store', 'location': 'West Marion', 'manager': 'Dorothy Parker'}, {'store_id': 'STORE1097', 'store_name': 'Burlington Store', 'location': 'West Richmond', 'manager': 'John Jones'}  ... displaying 10 of 534 total bound parameter sets ...  {'store_id': 'STORE1622', 'store_name': 'Franklin Store', 'location': 'East Arlingtontown', 'manager': 'John Jones'}, {'store_id': 'STORE1623', 'store_name': 'Clayton Store', 'location': 'West Franklin', 'manager': 'Carol Wright'}]]
(Background on this error at: https://sqlalche.me/e/20/gkpj)",2025-08-22 22:40:56.650964
STORE1603,Wayne Store,West Clinton,Deborah Phillips,"Database insertion failed: (pymysql.err.IntegrityError) (1062, ""Duplicate entry 'STORE1090' for key 'dimstore.store_id'"")
[SQL: INSERT INTO dimstore (store_id, store_name, location, manager) VALUES (%(store_id)s, %(store_name)s, %(location)s, %(manager)s)]
[parameters: [{'store_id': 'STORE1090', 'store_name': 'Oxford Store', 'location': 'East Greenwood', 'manager': 'Jennifer Garcia'}, {'store_id': 'STORE1091', 'store_name': 'Salem Store', 'location': 'East Newport', 'manager': 'George Turner'}, {'store_id': 'STORE1092', 'store_name': 'Chester Store', 'location': 'West Fairview', 'manager': 'Richard Taylor'}, {'store_id': 'STORE1093', 'store_name': 'Manchester Store', 'location': 'East Jackson', 'manager': 'Anthony Lee'}, {'store_id': 'STORE1094', 'store_name': 'Franklin Store', 'location': 'West Washington', 'manager': 'Christopher Garcia'}, {'store_id': 'STORE1095', 'store_name': 'Fairview Store', 'location': 'East Bristol', 'manager': 'Lisa Edwards'}, {'store_id': 'STORE1096', 'store_name': 'Milton Store', 'location': 'West Marion', 'manager': 'Dorothy Parker'}, {'store_id': 'STORE1097', 'store_name': 'Burlington Store', 'location': 'West Richmond', 'manager': 'John Jones'}  ... displaying 10 of 534 total bound parameter sets ...  {'store_id': 'STORE1622', 'store_name': 'Franklin Store', 'location': 'East Arlingtontown', 'manager': 'John Jones'}, {'store_id': 'STORE1623', 'store_name': 'Clayton Store', 'location': 'West Franklin', 'manager': 'Carol Wright'}]]
(Background on this error at: https://sqlalche.me/e/20/gkpj)",2025-08-22 22:40:56.650964
STORE1604,Springfield Store,East Richmondtown,Nancy Martinez,"Database insertion failed: (pymysql.err.IntegrityError) (1062, ""Duplicate entry 'STORE1090' for key 'dimstore.store_id'"")
[SQL: INSERT INTO dimstore (store_id, store_name, location, manager) VALUES (%(store_id)s, %(store_name)s, %(location)s, %(manager)s)]
[parameters: [{'store_id': 'STORE1090', 'store_name': 'Oxford Store', 'location': 'East Greenwood', 'manager': 'Jennifer Garcia'}, {'store_id': 'STORE1091', 'store_name': 'Salem Store', 'location': 'East Newport', 'manager': 'George Turner'}, {'store_id': 'STORE1092', 'store_name': 'Chester Store', 'location': 'West Fairview', 'manager': 'Richard Taylor'}, {'store_id': 'STORE1093', 'store_name': 'Manchester Store', 'location': 'East Jackson', 'manager': 'Anthony Lee'}, {'store_id': 'STORE1094', 'store_name': 'Franklin Store', 'location': 'West Washington', 'manager': 'Christopher Garcia'}, {'store_id': 'STORE1095', 'store_name': 'Fairview Store', 'location': 'East Bristol', 'manager': 'Lisa Edwards'}, {'store_id': 'STORE1096', 'store_name': 'Milton Store', 'location': 'West Marion', 'manager': 'Dorothy Parker'}, {'store_id': 'STORE1097', 'store_name': 'Burlington Store', 'location': 'West Richmond', 'manager': 'John Jones'}  ... displaying 10 of 534 total bound parameter sets ...  {'store_id': 'STORE1622', 'store_name': 'Franklin Store', 'location': 'East Arlingtontown', 'manager': 'John Jones'}, {'store_id': 'STORE1623', 'store_name': 'Clayton Store', 'location': 'West Franklin', 'manager': 'Carol Wright'}]]
(Background on this error at: https://sqlalche.me/e/20/gkpj)",2025-08-22 22:40:56.650964
STORE1605,Lancaster Store,West Franklintown,David Wilson,"Database insertion failed: (pymysql.err.IntegrityError) (1062, ""Duplicate entry 'STORE1090' for key 'dimstore.store_id'"")
[SQL: INSERT INTO dimstore (store_id, store_name, location, manager) VALUES (%(store_id)s, %(store_name)s, %(location)s, %(manager)s)]
[parameters: [{'store_id': 'STORE1090', 'store_name': 'Oxford Store', 'location': 'East Greenwood', 'manager': 'Jennifer Garcia'}, {'store_id': 'STORE1091', 'store_name': 'Salem Store', 'location': 'East Newport', 'manager': 'George Turner'}, {'store_id': 'STORE1092', 'store_name': 'Chester Store', 'location': 'West Fairview', 'manager': 'Richard Taylor'}, {'store_id': 'STORE1093', 'store_name': 'Manchester Store', 'location': 'East Jackson', 'manager': 'Anthony Lee'}, {'store_id': 'STORE1094', 'store_name': 'Franklin Store', 'location': 'West Washington', 'manager': 'Christopher Garcia'}, {'store_id': 'STORE1095', 'store_name': 'Fairview Store', 'location': 'East Bristol', 'manager': 'Lisa Edwards'}, {'store_id': 'STORE1096', 'store_name': 'Milton Store', 'location': 'West Marion', 'manager': 'Dorothy Parker'}, {'store_id': 'STORE1097', 'store_name': 'Burlington Store', 'location': 'West Richmond', 'manager': 'John Jones'}  ... displaying 10 of 534 total bound parameter sets ...  {'store_id': 'STORE1622', 'store_name': 'Franklin Store', 'location': 'East Arlingtontown', 'manager': 'John Jones'}, {'store_id': 'STORE1623', 'store_name': 'Clayton Store', 'location': 'West Franklin', 'manager': 'Carol Wright'}]]
(Background on this error at: https://sqlalche.me/e/20/gkpj)",2025-08-22 22:40:56.650964
STORE1606,Bristol Store,West Madisontown,Deborah Phillips,"Database insertion failed: (pymysql.err.IntegrityError) (1062, ""Duplicate entry 'STORE1090' for key 'dimstore.store_id'"")
[SQL: INSERT INTO dimstore (store_id, store_name, location, manager) VALUES (%(store_id)s, %(store_name)s, %(location)s, %(manager)s)]
[parameters: [{'store_id': 'STORE1090', 'store_name': 'Oxford Store', 'location': 'East Greenwood', 'manager': 'Jennifer Garcia'}, {'store_id': 'STORE1091', 'store_name': 'Salem Store', 'location': 'East Newport', 'manager': 'George Turner'}, {'store_id': 'STORE1092', 'store_name': 'Chester Store', 'location': 'West Fairview', 'manager': 'Richard Taylor'}, {'store_id': 'STORE1093', 'store_name': 'Manchester Store', 'location': 'East Jackson', 'manager': 'Anthony Lee'}, {'store_id': 'STORE1094', 'store_name': 'Franklin Store', 'location': 'West Washington', 'manager': 'Christopher Garcia'}, {'store_id': 'STORE1095', 'store_name': 'Fairview Store', 'location': 'East Bristol', 'manager': 'Lisa Edwards'}, {'store_id': 'STORE1096', 'store_name': 'Milton Store', 'location': 'West Marion', 'manager': 'Dorothy Parker'}, {'store_id': 'STORE1097', 'store_name': 'Burlington Store', 'location': 'West Richmond', 'manager': 'John Jones'}  ... displaying 10 of 534 total bound parameter sets ...  {'store_id': 'STORE1622', 'store_name': 'Franklin Store', 'location': 'East Arlingtontown', 'manager': 'John Jones'}, {'store_id': 'STORE1623', 'store_name': 'Clayton Store', 'location': 'West Franklin', 'manager': 'Carol Wright'}]]
(Background on this error at: https://sqlalche.me/e/20/gkpj)",2025-08-22 22:40:56.650964
STORE1607,Wayne Store,West Waynetown,Kenneth Gonzalez,"Database insertion failed: (pymysql.err.IntegrityError) (1062, ""Duplicate entry 'STORE1090' for key 'dimstore.store_id'"")
[SQL: INSERT INTO dimstore (store_id, store_name, location, manager) VALUES (%(store_id)s, %(store_name)s, %(location)s, %(manager)s)]
[parameters: [{'store_id': 'STORE1090', 'store_name': 'Oxford Store', 'location': 'East Greenwood', 'manager': 'Jennifer Garcia'}, {'store_id': 'STORE1091', 'store_name': 'Salem Store', 'location': 'East Newport', 'manager': 'George Turner'}, {'store_id': 'STORE1092', 'store_name': 'Chester Store', 'location': 'West Fairview', 'manager': 'Richard Taylor'}, {'store_id': 'STORE1093', 'store_name': 'Manchester Store', 'location': 'East Jackson', 'manager': 'Anthony Lee'}, {'store_id': 'STORE1094', 'store_name': 'Franklin Store', 'location': 'West Washington', 'manager': 'Christopher Garcia'}, {'store_id': 'STORE1095', 'store_name': 'Fairview Store', 'location': 'East Bristol', 'manager': 'Lisa Edwards'}, {'store_id': 'STORE1096', 'store_name': 'Milton Store', 'location': 'West Marion', 'manager': 'Dorothy Parker'}, {'store_id': 'STORE1097', 'store_name': 'Burlington Store', 'location': 'West Richmond', 'manager': 'John Jones'}  ... displaying 10 of 534 total bound parameter sets ...  {'store_id': 'STORE1622', 'store_name': 'Franklin Store', 'location': 'East Arlingtontown', 'manager': 'John Jones'}, {'store_id': 'STORE1623', 'store_name': 'Clayton Store', 'location': 'West Franklin', 'manager': 'Carol Wright'}]]
(Background on this error at: https://sqlalche.me/e/20/gkpj)",2025-08-22 22:40:56.650964
STORE1608,Arlington Store,West Miltontown,Kenneth Gonzalez,"Database insertion failed: (pymysql.err.IntegrityError) (1062, ""Duplicate entry 'STORE1090' for key 'dimstore.store_id'"")
[SQL: INSERT INTO dimstore (store_id, store_name, location, manager) VALUES (%(store_id)s, %(store_name)s, %(location)s, %(manager)s)]
[parameters: [{'store_id': 'STORE1090', 'store_name': 'Oxford Store', 'location': 'East Greenwood', 'manager': 'Jennifer Garcia'}, {'store_id': 'STORE1091', 'store_name': 'Salem Store', 'location': 'East Newport', 'manager': 'George Turner'}, {'store_id': 'STORE1092', 'store_name': 'Chester Store', 'location': 'West Fairview', 'manager': 'Richard Taylor'}, {'store_id': 'STORE1093', 'store_name': 'Manchester Store', 'location': 'East Jackson', 'manager': 'Anthony Lee'}, {'store_id': 'STORE1094', 'store_name': 'Franklin Store', 'location': 'West Washington', 'manager': 'Christopher Garcia'}, {'store_id': 'STORE1095', 'store_name': 'Fairview Store', 'location': 'East Bristol', 'manager': 'Lisa Edwards'}, {'store_id': 'STORE1096', 'store_name': 'Milton Store', 'location': 'West Marion', 'manager': 'Dorothy Parker'}, {'store_id': 'STORE1097', 'store_name': 'Burlington Store', 'location': 'West Richmond', 'manager': 'John Jones'}  ... displaying 10 of 534 total bound parameter sets ...  {'store_id': 'STORE1622', 'store_name': 'Franklin Store', 'location': 'East Arlingtontown', 'manager': 'John Jones'}, {'store_id': 'STORE1623', 'store_name': 'Clayton Store', 'location': 'West Franklin', 'manager': 'Carol Wright'}]]
(Background on this error at: https://sqlalche.me/e/20/gkpj)",2025-08-22 22:40:56.650964
STORE1609,Franklin Store,West Franklin,Dorothy Parker,"Database insertion failed: (pymysql.err.IntegrityError) (1062, ""Duplicate entry 'STORE1090' for key 'dimstore.store_id'"")
[SQL: INSERT INTO dimstore (store_id, store_name, location, manager) VALUES (%(store_id)s, %(store_name)s, %(location)s, %(manager)s)]
[parameters: [{'store_id': 'STORE1090', 'store_name': 'Oxford Store', 'location': 'East Greenwood', 'manager': 'Jennifer Garcia'}, {'store_id': 'STORE1091', 'store_name': 'Salem Store', 'location': 'East Newport', 'manager': 'George Turner'}, {'store_id': 'STORE1092', 'store_name': 'Chester Store', 'location': 'West Fairview', 'manager': 'Richard Taylor'}, {'store_id': 'STORE1093', 'store_name': 'Manchester Store', 'location': 'East Jackson', 'manager': 'Anthony Lee'}, {'store_id': 'STORE1094', 'store_name': 'Franklin Store', 'location': 'West Washington', 'manager': 'Christopher Garcia'}, {'store_id': 'STORE1095', 'store_name': 'Fairview Store', 'location': 'East Bristol', 'manager': 'Lisa Edwards'}, {'store_id': 'STORE1096', 'store_name': 'Milton Store', 'location': 'West Marion', 'manager': 'Dorothy Parker'}, {'store_id': 'STORE1097', 'store_name': 'Burlington Store', 'location': 'West Richmond', 'manager': 'John Jones'}  ... displaying 10 of 534 total bound parameter sets ...  {'store_id': 'STORE1622', 'store_name': 'Franklin Store', 'location': 'East Arlingtontown', 'manager': 'John Jones'}, {'store_id': 'STORE1623', 'store_name': 'Clayton Store', 'location': 'West Franklin', 'manager': 'Carol Wright'}]]
(Background on this error at: https://sqlalche.me/e/20/gkpj)",2025-08-22 22:40:56.650964
STORE1610,Dover Store,West Riverside,Betty Lewis,"Database insertion failed: (pymysql.err.IntegrityError) (1062, ""Duplicate entry 'STORE1090' for key 'dimstore.store_id'"")
[SQL: INSERT INTO dimstore (store_id, store_name, location, manager) VALUES (%(store_id)s, %(store_name)s, %(location)s, %(manager)s)]
[parameters: [{'store_id': 'STORE1090', 'store_name': 'Oxford Store', 'location': 'East Greenwood', 'manager': 'Jennifer Garcia'}, {'store_id': 'STORE1091', 'store_name': 'Salem Store', 'location': 'East Newport', 'manager': 'George Turner'}, {'store_id': 'STORE1092', 'store_name': 'Chester Store', 'location': 'West Fairview', 'manager': 'Richard Taylor'}, {'store_id': 'STORE1093', 'store_name': 'Manchester Store', 'location': 'East Jackson', 'manager': 'Anthony Lee'}, {'store_id': 'STORE1094', 'store_name': 'Franklin Store', 'location': 'West Washington', 'manager': 'Christopher Garcia'}, {'store_id': 'STORE1095', 'store_name': 'Fairview Store', 'location': 'East Bristol', 'manager': 'Lisa Edwards'}, {'store_id': 'STORE1096', 'store_name': 'Milton Store', 'location': 'West Marion', 'manager': 'Dorothy Parker'}, {'store_id': 'STORE1097', 'store_name': 'Burlington Store', 'location': 'West Richmond', 'manager': 'John Jones'}  ... displaying 10 of 534 total bound parameter sets ...  {'store_id': 'STORE1622', 'store_name': 'Franklin Store', 'location': 'East Arlingtontown', 'manager': 'John Jones'}, {'store_id': 'STORE1623', 'store_name': 'Clayton Store', 'location': 'West Franklin', 'manager': 'Carol Wright'}]]
(Background on this error at: https://sqlalche.me/e/20/gkpj)",2025-08-22 22:40:56.650964
STORE1611,Salem Store,East Jackson,Linda Davis,"Database insertion failed: (pymysql.err.IntegrityError) (1062, ""Duplicate entry 'STORE1090' for key 'dimstore.store_id'"")
[SQL: INSERT INTO dimstore (store_id, store_name, location, manager) VALUES (%(store_id)s, %(store_name)s, %(location)s, %(manager)s)]
[parameters: [{'store_id': 'STORE1090', 'store_name': 'Oxford Store', 'location': 'East Greenwood', 'manager': 'Jennifer Garcia'}, {'store_id': 'STORE1091', 'store_name': 'Salem Store', 'location': 'East Newport', 'manager': 'George Turner'}, {'store_id': 'STORE1092', 'store_name': 'Chester Store', 'location': 'West Fairview', 'manager': 'Richard Taylor'}, {'store_id': 'STORE1093', 'store_name': 'Manchester Store', 'location': 'East Jackson', 'manager': 'Anthony Lee'}, {'store_id': 'STORE1094', 'store_name': 'Franklin Store', 'location': 'West Washington', 'manager': 'Christopher Garcia'}, {'store_id': 'STORE1095', 'store_name': 'Fairview Store', 'location': 'East Bristol', 'manager': 'Lisa Edwards'}, {'store_id': 'STORE1096', 'store_name': 'Milton Store', 'location': 'West Marion', 'manager': 'Dorothy Parker'}, {'store_id': 'STORE1097', 'store_name': 'Burlington Store', 'location': 'West Richmond', 'manager': 'John Jones'}  ... displaying 10 of 534 total bound parameter sets ...  {'store_id': 'STORE1622', 'store_name': 'Franklin Store', 'location': 'East Arlingtontown', 'manager': 'John Jones'}, {'store_id': 'STORE1623', 'store_name': 'Clayton Store', 'location': 'West Franklin', 'manager': 'Carol Wright'}]]
(Background on this error at: https://sqlalche.me/e/20/gkpj)",2025-08-22 22:40:56.650964
STORE1612,Franklin Store,West Lancastertown,Michael Miller,"Database insertion failed: (pymysql.err.IntegrityError) (1062, ""Duplicate entry 'STORE1090' for key 'dimstore.store_id'"")
[SQL: INSERT INTO dimstore (store_id, store_name, location, manager) VALUES (%(store_id)s, %(store_name)s, %(location)s, %(manager)s)]
[parameters: [{'store_id': 'STORE1090', 'store_name': 'Oxford Store', 'location': 'East Greenwood', 'manager': 'Jennifer Garcia'}, {'store_id': 'STORE1091', 'store_name': 'Salem Store', 'location': 'East Newport', 'manager': 'George Turner'}, {'store_id': 'STORE1092', 'store_name': 'Chester Store', 'location': 'West Fairview', 'manager': 'Richard Taylor'}, {'store_id': 'STORE1093', 'store_name': 'Manchester Store', 'location': 'East Jackson', 'manager': 'Anthony Lee'}, {'store_id': 'STORE1094', 'store_name': 'Franklin Store', 'location': 'West Washington', 'manager': 'Christopher Garcia'}, {'store_id': 'STORE1095', 'store_name': 'Fairview Store', 'location': 'East Bristol', 'manager': 'Lisa Edwards'}, {'store_id': 'STORE1096', 'store_name': 'Milton Store', 'location': 'West Marion', 'manager': 'Dorothy Parker'}, {'store_id': 'STORE1097', 'store_name': 'Burlington Store', 'location': 'West Richmond', 'manager': 'John Jones'}  ... displaying 10 of 534 total bound parameter sets ...  {'store_id': 'STORE1622', 'store_name': 'Franklin Store', 'location': 'East Arlingtontown', 'manager': 'John Jones'}, {'store_id': 'STORE1623', 'store_name': 'Clayton Store', 'location': 'West Franklin', 'manager': 'Carol Wright'}]]
(Background on this error at: https://sqlalche.me/e/20/gkpj)",2025-08-22 22:40:56.650964
STORE1613,Newport Store,East Bristol,Sharon Green,"Database insertion failed: (pymysql.err.IntegrityError) (1062, ""Duplicate entry 'STORE1090' for key 'dimstore.store_id'"")
[SQL: INSERT INTO dimstore (store_id, store_name, location, manager) VALUES (%(store_id)s, %(store_name)s, %(location)s, %(manager)s)]
[parameters: [{'store_id': 'STORE1090', 'store_name': 'Oxford Store', 'location': 'East Greenwood', 'manager': 'Jennifer Garcia'}, {'store_id': 'STORE1091', 'store_name': 'Salem Store', 'location': 'East Newport', 'manager': 'George Turner'}, {'store_id': 'STORE1092', 'store_name': 'Chester Store', 'location': 'West Fairview', 'manager': 'Richard Taylor'}, {'store_id': 'STORE1093', 'store_name': 'Manchester Store', 'location': 'East Jackson', 'manager': 'Anthony Lee'}, {'store_id': 'STORE1094', 'store_name': 'Franklin Store', 'location': 'West Washington', 'manager': 'Christopher Garcia'}, {'store_id': 'STORE1095', 'store_name': 'Fairview Store', 'location': 'East Bristol', 'manager': 'Lisa Edwards'}, {'store_id': 'STORE1096', 'store_name': 'Milton Store', 'location': 'West Marion', 'manager': 'Dorothy Parker'}, {'store_id': 'STORE1097', 'store_name': 'Burlington Store', 'location': 'West Richmond', 'manager': 'John Jones'}  ... displaying 10 of 534 total bound parameter sets ...  {'store_id': 'STORE1622', 'store_name': 'Franklin Store', 'location': 'East Arlingtontown', 'manager': 'John Jones'}, {'store_id': 'STORE1623', 'store_name': 'Clayton Store', 'location': 'West Franklin', 'manager': 'Carol Wright'}]]
(Background on this error at: https://sqlalche.me/e/20/gkpj)",2025-08-22 22:40:56.650964
STORE1614,Chester Store,East Troytown,William Rodriguez,"Database insertion failed: (pymysql.err.IntegrityError) (1062, ""Duplicate entry 'STORE1090' for key 'dimstore.store_id'"")
[SQL: INSERT INTO dimstore (store_id, store_name, location, manager) VALUES (%(store_id)s, %(store_name)s, %(location)s, %(manager)s)]
[parameters: [{'store_id': 'STORE1090', 'store_name': 'Oxford Store', 'location': 'East Greenwood', 'manager': 'Jennifer Garcia'}, {'store_id': 'STORE1091', 'store_name': 'Salem Store', 'location': 'East Newport', 'manager': 'George Turner'}, {'store_id': 'STORE1092', 'store_name': 'Chester Store', 'location': 'West Fairview', 'manager': 'Richard Taylor'}, {'store_id': 'STORE1093', 'store_name': 'Manchester Store', 'location': 'East Jackson', 'manager': 'Anthony Lee'}, {'store_id': 'STORE1094', 'store_name': 'Franklin Store', 'location': 'West Washington', 'manager': 'Christopher Garcia'}, {'store_id': 'STORE1095', 'store_name': 'Fairview Store', 'location': 'East Bristol', 'manager': 'Lisa Edwards'}, {'store_id': 'STORE1096', 'store_name': 'Milton Store', 'location': 'West Marion', 'manager': 'Dorothy Parker'}, {'store_id': 'STORE1097', 'store_name': 'Burlington Store', 'location': 'West Richmond', 'manager': 'John Jones'}  ... displaying 10 of 534 total bound parameter sets ...  {'store_id': 'STORE1622', 'store_name': 'Franklin Store', 'location': 'East Arlingtontown', 'manager': 'John Jones'}, {'store_id': 'STORE1623', 'store_name': 'Clayton Store', 'location': 'West Franklin', 'manager': 'Carol Wright'}]]
(Background on this error at: https://sqlalche.me/e/20/gkpj)",2025-08-22 22:40:56.650964
STORE1615,Greenwood Store,East Greenwoodtown,Lisa Edwards,"Database insertion failed: (pymysql.err.IntegrityError) (1062, ""Duplicate entry 'STORE1090' for key 'dimstore.store_id'"")
[SQL: INSERT INTO dimstore (store_id, store_name, location, manager) VALUES (%(store_id)s, %(store_name)s, %(location)s, %(manager)s)]
[parameters: [{'store_id': 'STORE1090', 'store_name': 'Oxford Store', 'location': 'East Greenwood', 'manager': 'Jennifer Garcia'}, {'store_id': 'STORE1091', 'store_name': 'Salem Store', 'location': 'East Newport', 'manager': 'George Turner'}, {'store_id': 'STORE1092', 'store_name': 'Chester Store', 'location': 'West Fairview', 'manager': 'Richard Taylor'}, {'store_id': 'STORE1093', 'store_name': 'Manchester Store', 'location': 'East Jackson', 'manager': 'Anthony Lee'}, {'store_id': 'STORE1094', 'store_name': 'Franklin Store', 'location': 'West Washington', 'manager': 'Christopher Garcia'}, {'store_id': 'STORE1095', 'store_name': 'Fairview Store', 'location': 'East Bristol', 'manager': 'Lisa Edwards'}, {'store_id': 'STORE1096', 'store_name': 'Milton Store', 'location': 'West Marion', 'manager': 'Dorothy Parker'}, {'store_id': 'STORE1097', 'store_name': 'Burlington Store', 'location': 'West Richmond', 'manager': 'John Jones'}  ... displaying 10 of 534 total bound parameter sets ...  {'store_id': 'STORE1622', 'store_name': 'Franklin Store', 'location': 'East Arlingtontown', 'manager': 'John Jones'}, {'store_id': 'STORE1623', 'store_name': 'Clayton Store', 'location': 'West Franklin', 'manager': 'Carol Wright'}]]
(Background on this error at: https://sqlalche.me/e/20/gkpj)",2025-08-22 22:40:56.650964
STORE1616,Manchester Store,West Ashlandtown,Ronald Evans,"Database insertion failed: (pymysql.err.IntegrityError) (1062, ""Duplicate entry 'STORE1090' for key 'dimstore.store_id'"")
[SQL: INSERT INTO dimstore (store_id, store_name, location, manager) VALUES (%(store_id)s, %(store_name)s, %(location)s, %(manager)s)]
[parameters: [{'store_id': 'STORE1090', 'store_name': 'Oxford Store', 'location': 'East Greenwood', 'manager': 'Jennifer Garcia'}, {'store_id': 'STORE1091', 'store_name': 'Salem Store', 'location': 'East Newport', 'manager': 'George Turner'}, {'store_id': 'STORE1092', 'store_name': 'Chester Store', 'location': 'West Fairview', 'manager': 'Richard Taylor'}, {'store_id': 'STORE1093', 'store_name': 'Manchester Store', 'location': 'East Jackson', 'manager': 'Anthony Lee'}, {'store_id': 'STORE1094', 'store_name': 'Franklin Store', 'location': 'West Washington', 'manager': 'Christopher Garcia'}, {'store_id': 'STORE1095', 'store_name': 'Fairview Store', 'location': 'East Bristol', 'manager': 'Lisa Edwards'}, {'store_id': 'STORE1096', 'store_name': 'Milton Store', 'location': 'West Marion', 'manager': 'Dorothy Parker'}, {'store_id': 'STORE1097', 'store_name': 'Burlington Store', 'location': 'West Richmond', 'manager': 'John Jones'}  ... displaying 10 of 534 total bound parameter sets ...  {'store_id': 'STORE1622', 'store_name': 'Franklin Store', 'location': 'East Arlingtontown', 'manager': 'John Jones'}, {'store_id': 'STORE1623', 'store_name': 'Clayton Store', 'location': 'West Franklin', 'manager': 'Carol Wright'}]]
(Background on this error at: https://sqlalche.me/e/20/gkpj)",2025-08-22 22:40:56.650964
STORE1617,Riverside Store,West Dover,Jessica White,"Database insertion failed: (pymysql.err.IntegrityError) (1062, ""Duplicate entry 'STORE1090' for key 'dimstore.store_id'"")
[SQL: INSERT INTO dimstore (store_id, store_name, location, manager) VALUES (%(store_id)s, %(store_name)s, %(location)s, %(manager)s)]
[parameters: [{'store_id': 'STORE1090', 'store_name': 'Oxford Store', 'location': 'East Greenwood', 'manager': 'Jennifer Garcia'}, {'store_id': 'STORE1091', 'store_name': 'Salem Store', 'location': 'East Newport', 'manager': 'George Turner'}, {'store_id': 'STORE1092', 'store_name': 'Chester Store', 'location': 'West Fairview', 'manager': 'Richard Taylor'}, {'store_id': 'STORE1093', 'store_name': 'Manchester Store', 'location': 'East Jackson', 'manager': 'Anthony Lee'}, {'store_id': 'STORE1094', 'store_name': 'Franklin Store', 'location': 'West Washington', 'manager': 'Christopher Garcia'}, {'store_id': 'STORE1095', 'store_name': 'Fairview Store', 'location': 'East Bristol', 'manager': 'Lisa Edwards'}, {'store_id': 'STORE1096', 'store_name': 'Milton Store', 'location': 'West Marion', 'manager': 'Dorothy Parker'}, {'store_id': 'STORE1097', 'store_name': 'Burlington Store', 'location': 'West Richmond', 'manager': 'John Jones'}  ... displaying 10 of 534 total bound parameter sets ...  {'store_id': 'STORE1622', 'store_name': 'Franklin Store', 'location': 'East Arlingtontown', 'manager': 'John Jones'}, {'store_id': 'STORE1623', 'store_name': 'Clayton Store', 'location': 'West Franklin', 'manager': 'Carol Wright'}]]
(Background on this error at: https://sqlalche.me/e/20/gkpj)",2025-08-22 22:40:56.650964
STORE1618,Riverside Store,West Clayton,Susan Thomas,"Database insertion failed: (pymysql.err.IntegrityError) (1062, ""Duplicate entry 'STORE1090' for key 'dimstore.store_id'"")
[SQL: INSERT INTO dimstore (store_id, store_name, location, manager) VALUES (%(store_id)s, %(store_name)s, %(location)s, %(manager)s)]
[parameters: [{'store_id': 'STORE1090', 'store_name': 'Oxford Store', 'location': 'East Greenwood', 'manager': 'Jennifer Garcia'}, {'store_id': 'STORE1091', 'store_name': 'Salem Store', 'location': 'East Newport', 'manager': 'George Turner'}, {'store_id': 'STORE1092', 'store_name': 'Chester Store', 'location': 'West Fairview', 'manager': 'Richard Taylor'}, {'store_id': 'STORE1093', 'store_name': 'Manchester Store', 'location': 'East Jackson', 'manager': 'Anthony Lee'}, {'store_id': 'STORE1094', 'store_name': 'Franklin Store', 'location': 'West Washington', 'manager': 'Christopher Garcia'}, {'store_id': 'STORE1095', 'store_name': 'Fairview Store', 'location': 'East Bristol', 'manager': 'Lisa Edwards'}, {'store_id': 'STORE1096', 'store_name': 'Milton Store', 'location': 'West Marion', 'manager': 'Dorothy Parker'}, {'store_id': 'STORE1097', 'store_name': 'Burlington Store', 'location': 'West Richmond', 'manager': 'John Jones'}  ... displaying 10 of 534 total bound parameter sets ...  {'store_id': 'STORE1622', 'store_name': 'Franklin Store', 'location': 'East Arlingtontown', 'manager': 'John Jones'}, {'store_id': 'STORE1623', 'store_name': 'Clayton Store', 'location': 'West Franklin', 'manager': 'Carol Wright'}]]
(Background on this error at: https://sqlalche.me/e/20/gkpj)",2025-08-22 22:40:56.650964
STORE1619,Marion Store,West Burlington,Daniel Robinson,"Database insertion failed: (pymysql.err.IntegrityError) (1062, ""Duplicate entry 'STORE1090' for key 'dimstore.store_id'"")
[SQL: INSERT INTO dimstore (store_id, store_name, location, manager) VALUES (%(store_id)s, %(store_name)s, %(location)s, %(manager)s)]
[parameters: [{'store_id': 'STORE1090', 'store_name': 'Oxford Store', 'location': 'East Greenwood', 'manager': 'Jennifer Garcia'}, {'store_id': 'STORE1091', 'store_name': 'Salem Store', 'location': 'East Newport', 'manager': 'George Turner'}, {'store_id': 'STORE1092', 'store_name': 'Chester Store', 'location': 'West Fairview', 'manager': 'Richard Taylor'}, {'store_id': 'STORE1093', 'store_name': 'Manchester Store', 'location': 'East Jackson', 'manager': 'Anthony Lee'}, {'store_id': 'STORE1094', 'store_name': 'Franklin Store', 'location': 'West Washington', 'manager': 'Christopher Garcia'}, {'store_id': 'STORE1095', 'store_name': 'Fairview Store', 'location': 'East Bristol', 'manager': 'Lisa Edwards'}, {'store_id': 'STORE1096', 'store_name': 'Milton Store', 'location': 'West Marion', 'manager': 'Dorothy Parker'}, {'store_id': 'STORE1097', 'store_name': 'Burlington Store', 'location': 'West Richmond', 'manager': 'John Jones'}  ... displaying 10 of 534 total bound parameter sets ...  {'store_id': 'STORE1622', 'store_name': 'Franklin Store', 'location': 'East Arlingtontown', 'manager': 'John Jones'}, {'store_id': 'STORE1623', 'store_name': 'Clayton Store', 'location': 'West Franklin', 'manager': 'Carol Wright'}]]
(Background on this error at: https://sqlalche.me/e/20/gkpj)",2025-08-22 22:40:56.650964
STORE1620,Clinton Store,East Arlington,Ruth Hill,"Database insertion failed: (pymysql.err.IntegrityError) (1062, ""Duplicate entry 'STORE1090' for key 'dimstore.store_id'"")
[SQL: INSERT INTO dimstore (store_id, store_name, location, manager) VALUES (%(store_id)s, %(store_name)s, %(location)s, %(manager)s)]
[parameters: [{'store_id': 'STORE1090', 'store_name': 'Oxford Store', 'location': 'East Greenwood', 'manager': 'Jennifer Garcia'}, {'store_id': 'STORE1091', 'store_name': 'Salem Store', 'location': 'East Newport', 'manager': 'George Turner'}, {'store_id': 'STORE1092', 'store_name': 'Chester Store', 'location': 'West Fairview', 'manager': 'Richard Taylor'}, {'store_id': 'STORE1093', 'store_name': 'Manchester Store', 'location': 'East Jackson', 'manager': 'Anthony Lee'}, {'store_id': 'STORE1094', 'store_name': 'Franklin Store', 'location': 'West Washington', 'manager': 'Christopher Garcia'}, {'store_id': 'STORE1095', 'store_name': 'Fairview Store', 'location': 'East Bristol', 'manager': 'Lisa Edwards'}, {'store_id': 'STORE1096', 'store_name': 'Milton Store', 'location': 'West Marion', 'manager': 'Dorothy Parker'}, {'store_id': 'STORE1097', 'store_name': 'Burlington Store', 'location': 'West Richmond', 'manager': 'John Jones'}  ... displaying 10 of 534 total bound parameter sets ...  {'store_id': 'STORE1622', 'store_name': 'Franklin Store', 'location': 'East Arlingtontown', 'manager': 'John Jones'}, {'store_id': 'STORE1623', 'store_name': 'Clayton Store', 'location': 'West Franklin', 'manager': 'Carol Wright'}]]
(Background on this error at: https://sqlalche.me/e/20/gkpj)",2025-08-22 22:40:56.650964
STORE1621,Kingston Store,East Springfieldtown,Jennifer Garcia,"Database insertion failed: (pymysql.err.IntegrityError) (1062, ""Duplicate entry 'STORE1090' for key 'dimstore.store_id'"")
[SQL: INSERT INTO dimstore (store_id, store_name, location, manager) VALUES (%(store_id)s, %(store_name)s, %(location)s, %(manager)s)]
[parameters: [{'store_id': 'STORE1090', 'store_name': 'Oxford Store', 'location': 'East Greenwood', 'manager': 'Jennifer Garcia'}, {'store_id': 'STORE1091', 'store_name': 'Salem Store', 'location': 'East Newport', 'manager': 'George Turner'}, {'store_id': 'STORE1092', 'store_name': 'Chester Store', 'location': 'West Fairview', 'manager': 'Richard Taylor'}, {'store_id': 'STORE1093', 'store_name': 'Manchester Store', 'location': 'East Jackson', 'manager': 'Anthony Lee'}, {'store_id': 'STORE1094', 'store_name': 'Franklin Store', 'location': 'West Washington', 'manager': 'Christopher Garcia'}, {'store_id': 'STORE1095', 'store_name': 'Fairview Store', 'location': 'East Bristol', 'manager': 'Lisa Edwards'}, {'store_id': 'STORE1096', 'store_name': 'Milton Store', 'location': 'West Marion', 'manager': 'Dorothy Parker'}, {'store_id': 'STORE1097', 'store_name': 'Burlington Store', 'location': 'West Richmond', 'manager': 'John Jones'}  ... displaying 10 of 534 total bound parameter sets ...  {'store_id': 'STORE1622', 'store_name': 'Franklin Store', 'location': 'East Arlingtontown', 'manager': 'John Jones'}, {'store_id': 'STORE1623', 'store_name': 'Clayton Store', 'location': 'West Franklin', 'manager': 'Carol Wright'}]]
(Background on this error at: https://sqlalche.me/e/20/gkpj)",2025-08-22 22:40:56.650964
STORE1622,Franklin Store,East Arlingtontown,John Jones,"Database insertion failed: (pymysql.err.IntegrityError) (1062, ""Duplicate entry 'STORE1090' for key 'dimstore.store_id'"")
[SQL: INSERT INTO dimstore (store_id, store_name, location, manager) VALUES (%(store_id)s, %(store_name)s, %(location)s, %(manager)s)]
[parameters: [{'store_id': 'STORE1090', 'store_name': 'Oxford Store', 'location': 'East Greenwood', 'manager': 'Jennifer Garcia'}, {'store_id': 'STORE1091', 'store_name': 'Salem Store', 'location': 'East Newport', 'manager': 'George Turner'}, {'store_id': 'STORE1092', 'store_name': 'Chester Store', 'location': 'West Fairview', 'manager': 'Richard Taylor'}, {'store_id': 'STORE1093', 'store_name': 'Manchester Store', 'location': 'East Jackson', 'manager': 'Anthony Lee'}, {'store_id': 'STORE1094', 'store_name': 'Franklin Store', 'location': 'West Washington', 'manager': 'Christopher Garcia'}, {'store_id': 'STORE1095', 'store_name': 'Fairview Store', 'location': 'East Bristol', 'manager': 'Lisa Edwards'}, {'store_id': 'STORE1096', 'store_name': 'Milton Store', 'location': 'West Marion', 'manager': 'Dorothy Parker'}, {'store_id': 'STORE1097', 'store_name': 'Burlington Store', 'location': 'West Richmond', 'manager': 'John Jones'}  ... displaying 10 of 534 total bound parameter sets ...  {'store_id': 'STORE1622', 'store_name': 'Franklin Store', 'location': 'East Arlingtontown', 'manager': 'John Jones'}, {'store_id': 'STORE1623', 'store_name': 'Clayton Store', 'location': 'West Franklin', 'manager': 'Carol Wright'}]]
(Background on this error at: https://sqlalche.me/e/20/gkpj)",2025-08-22 22:40:56.650964
STORE1623,Clayton Store,West Franklin,Carol Wright,"Database insertion failed: (pymysql.err.IntegrityError) (1062, ""Duplicate entry 'STORE1090' for key 'dimstore.store_id'"")
[SQL: INSERT INTO dimstore (store_id, store_name, location, manager) VALUES (%(store_id)s, %(store_name)s, %(location)s, %(manager)s)]
[parameters: [{'store_id': 'STORE1090', 'store_name': 'Oxford Store', 'location': 'East Greenwood', 'manager': 'Jennifer Garcia'}, {'store_id': 'STORE1091', 'store_name': 'Salem Store', 'location': 'East Newport', 'manager': 'George Turner'}, {'store_id': 'STORE1092', 'store_name': 'Chester Store', 'location': 'West Fairview', 'manager': 'Richard Taylor'}, {'store_id': 'STORE1093', 'store_name': 'Manchester Store', 'location': 'East Jackson', 'manager': 'Anthony Lee'}, {'store_id': 'STORE1094', 'store_name': 'Franklin Store', 'location': 'West Washington', 'manager': 'Christopher Garcia'}, {'store_id': 'STORE1095', 'store_name': 'Fairview Store', 'location': 'East Bristol', 'manager': 'Lisa Edwards'}, {'store_id': 'STORE1096', 'store_name': 'Milton Store', 'location': 'West Marion', 'manager': 'Dorothy Parker'}, {'store_id': 'STORE1097', 'store_name': 'Burlington Store', 'location': 'West Richmond', 'manager': 'John Jones'}  ... displaying 10 of 534 total bound parameter sets ...  {'store_id': 'STORE1622', 'store_name': 'Franklin Store', 'location': 'East Arlingtontown', 'manager': 'John Jones'}, {'store_id': 'STORE1623', 'store_name': 'Clayton Store', 'location': 'West Franklin', 'manager': 'Carol Wright'}]]
(Background on this error at: https://sqlalche.me/e/20/gkpj)",2025-08-22 22:40:56.650964
