store_id,store_name,location,manager,rejection_reason,rejection_timestamp
STORE513,Clinton Store,East Richmond,Daniel Robinson,"Database insertion failed: (pymysql.err.IntegrityError) (1062, ""Duplicate entry 'STORE513' for key 'dimstore.store_id'"")
[SQL: INSERT INTO dimstore (store_id, store_name, location, manager) VALUES (%(store_id)s, %(store_name)s, %(location)s, %(manager)s)]
[parameters: [{'store_id': 'STORE513', 'store_name': 'Clinton Store', 'location': 'East Richmond', 'manager': 'Daniel Robinson'}, {'store_id': 'STORE514', 'store_name': 'Riverside Store', 'location': 'East Burlington', 'manager': 'James Smith'}, {'store_id': 'STORE515', 'store_name': 'Burlington Store', 'location': 'West Jacksontown', 'manager': 'Kimberly Roberts'}, {'store_id': 'STORE516', 'store_name': 'Clayton Store', 'location': 'East Fairview', 'manager': 'Betty Lewis'}, {'store_id': 'STORE517', 'store_name': 'Greenwood Store', 'location': 'East Salem', 'manager': 'Kevin Carter'}, {'store_id': 'STORE518', 'store_name': 'Dover Store', 'location': 'East Burlington', 'manager': 'Helen Walker'}, {'store_id': 'STORE519', 'store_name': 'Georgetown Store', 'location': 'East Franklin', 'manager': 'Christopher Garcia'}, {'store_id': 'STORE520', 'store_name': 'Burlington Store', 'location': 'East Waynetown', 'manager': 'Jennifer Garcia'}  ... displaying 10 of 380 total bound parameter sets ...  {'store_id': 'STORE998', 'store_name': 'Richmond Store', 'location': 'West Marion', 'manager': 'Steven King'}, {'store_id': 'STORE999', 'store_name': 'Troy Store', 'location': 'East Hudson', 'manager': 'Matthew Rodriguez'}]]
(Background on this error at: https://sqlalche.me/e/20/gkpj)",2025-08-22 14:42:38.977835
STORE514,Riverside Store,East Burlington,James Smith,"Database insertion failed: (pymysql.err.IntegrityError) (1062, ""Duplicate entry 'STORE513' for key 'dimstore.store_id'"")
[SQL: INSERT INTO dimstore (store_id, store_name, location, manager) VALUES (%(store_id)s, %(store_name)s, %(location)s, %(manager)s)]
[parameters: [{'store_id': 'STORE513', 'store_name': 'Clinton Store', 'location': 'East Richmond', 'manager': 'Daniel Robinson'}, {'store_id': 'STORE514', 'store_name': 'Riverside Store', 'location': 'East Burlington', 'manager': 'James Smith'}, {'store_id': 'STORE515', 'store_name': 'Burlington Store', 'location': 'West Jacksontown', 'manager': 'Kimberly Roberts'}, {'store_id': 'STORE516', 'store_name': 'Clayton Store', 'location': 'East Fairview', 'manager': 'Betty Lewis'}, {'store_id': 'STORE517', 'store_name': 'Greenwood Store', 'location': 'East Salem', 'manager': 'Kevin Carter'}, {'store_id': 'STORE518', 'store_name': 'Dover Store', 'location': 'East Burlington', 'manager': 'Helen Walker'}, {'store_id': 'STORE519', 'store_name': 'Georgetown Store', 'location': 'East Franklin', 'manager': 'Christopher Garcia'}, {'store_id': 'STORE520', 'store_name': 'Burlington Store', 'location': 'East Waynetown', 'manager': 'Jennifer Garcia'}  ... displaying 10 of 380 total bound parameter sets ...  {'store_id': 'STORE998', 'store_name': 'Richmond Store', 'location': 'West Marion', 'manager': 'Steven King'}, {'store_id': 'STORE999', 'store_name': 'Troy Store', 'location': 'East Hudson', 'manager': 'Matthew Rodriguez'}]]
(Background on this error at: https://sqlalche.me/e/20/gkpj)",2025-08-22 14:42:38.977835
STORE515,Burlington Store,West Jacksontown,Kimberly Roberts,"Database insertion failed: (pymysql.err.IntegrityError) (1062, ""Duplicate entry 'STORE513' for key 'dimstore.store_id'"")
[SQL: INSERT INTO dimstore (store_id, store_name, location, manager) VALUES (%(store_id)s, %(store_name)s, %(location)s, %(manager)s)]
[parameters: [{'store_id': 'STORE513', 'store_name': 'Clinton Store', 'location': 'East Richmond', 'manager': 'Daniel Robinson'}, {'store_id': 'STORE514', 'store_name': 'Riverside Store', 'location': 'East Burlington', 'manager': 'James Smith'}, {'store_id': 'STORE515', 'store_name': 'Burlington Store', 'location': 'West Jacksontown', 'manager': 'Kimberly Roberts'}, {'store_id': 'STORE516', 'store_name': 'Clayton Store', 'location': 'East Fairview', 'manager': 'Betty Lewis'}, {'store_id': 'STORE517', 'store_name': 'Greenwood Store', 'location': 'East Salem', 'manager': 'Kevin Carter'}, {'store_id': 'STORE518', 'store_name': 'Dover Store', 'location': 'East Burlington', 'manager': 'Helen Walker'}, {'store_id': 'STORE519', 'store_name': 'Georgetown Store', 'location': 'East Franklin', 'manager': 'Christopher Garcia'}, {'store_id': 'STORE520', 'store_name': 'Burlington Store', 'location': 'East Waynetown', 'manager': 'Jennifer Garcia'}  ... displaying 10 of 380 total bound parameter sets ...  {'store_id': 'STORE998', 'store_name': 'Richmond Store', 'location': 'West Marion', 'manager': 'Steven King'}, {'store_id': 'STORE999', 'store_name': 'Troy Store', 'location': 'East Hudson', 'manager': 'Matthew Rodriguez'}]]
(Background on this error at: https://sqlalche.me/e/20/gkpj)",2025-08-22 14:42:38.977835
STORE516,Clayton Store,East Fairview,Betty Lewis,"Database insertion failed: (pymysql.err.IntegrityError) (1062, ""Duplicate entry 'STORE513' for key 'dimstore.store_id'"")
[SQL: INSERT INTO dimstore (store_id, store_name, location, manager) VALUES (%(store_id)s, %(store_name)s, %(location)s, %(manager)s)]
[parameters: [{'store_id': 'STORE513', 'store_name': 'Clinton Store', 'location': 'East Richmond', 'manager': 'Daniel Robinson'}, {'store_id': 'STORE514', 'store_name': 'Riverside Store', 'location': 'East Burlington', 'manager': 'James Smith'}, {'store_id': 'STORE515', 'store_name': 'Burlington Store', 'location': 'West Jacksontown', 'manager': 'Kimberly Roberts'}, {'store_id': 'STORE516', 'store_name': 'Clayton Store', 'location': 'East Fairview', 'manager': 'Betty Lewis'}, {'store_id': 'STORE517', 'store_name': 'Greenwood Store', 'location': 'East Salem', 'manager': 'Kevin Carter'}, {'store_id': 'STORE518', 'store_name': 'Dover Store', 'location': 'East Burlington', 'manager': 'Helen Walker'}, {'store_id': 'STORE519', 'store_name': 'Georgetown Store', 'location': 'East Franklin', 'manager': 'Christopher Garcia'}, {'store_id': 'STORE520', 'store_name': 'Burlington Store', 'location': 'East Waynetown', 'manager': 'Jennifer Garcia'}  ... displaying 10 of 380 total bound parameter sets ...  {'store_id': 'STORE998', 'store_name': 'Richmond Store', 'location': 'West Marion', 'manager': 'Steven King'}, {'store_id': 'STORE999', 'store_name': 'Troy Store', 'location': 'East Hudson', 'manager': 'Matthew Rodriguez'}]]
(Background on this error at: https://sqlalche.me/e/20/gkpj)",2025-08-22 14:42:38.977835
STORE517,Greenwood Store,East Salem,Kevin Carter,"Database insertion failed: (pymysql.err.IntegrityError) (1062, ""Duplicate entry 'STORE513' for key 'dimstore.store_id'"")
[SQL: INSERT INTO dimstore (store_id, store_name, location, manager) VALUES (%(store_id)s, %(store_name)s, %(location)s, %(manager)s)]
[parameters: [{'store_id': 'STORE513', 'store_name': 'Clinton Store', 'location': 'East Richmond', 'manager': 'Daniel Robinson'}, {'store_id': 'STORE514', 'store_name': 'Riverside Store', 'location': 'East Burlington', 'manager': 'James Smith'}, {'store_id': 'STORE515', 'store_name': 'Burlington Store', 'location': 'West Jacksontown', 'manager': 'Kimberly Roberts'}, {'store_id': 'STORE516', 'store_name': 'Clayton Store', 'location': 'East Fairview', 'manager': 'Betty Lewis'}, {'store_id': 'STORE517', 'store_name': 'Greenwood Store', 'location': 'East Salem', 'manager': 'Kevin Carter'}, {'store_id': 'STORE518', 'store_name': 'Dover Store', 'location': 'East Burlington', 'manager': 'Helen Walker'}, {'store_id': 'STORE519', 'store_name': 'Georgetown Store', 'location': 'East Franklin', 'manager': 'Christopher Garcia'}, {'store_id': 'STORE520', 'store_name': 'Burlington Store', 'location': 'East Waynetown', 'manager': 'Jennifer Garcia'}  ... displaying 10 of 380 total bound parameter sets ...  {'store_id': 'STORE998', 'store_name': 'Richmond Store', 'location': 'West Marion', 'manager': 'Steven King'}, {'store_id': 'STORE999', 'store_name': 'Troy Store', 'location': 'East Hudson', 'manager': 'Matthew Rodriguez'}]]
(Background on this error at: https://sqlalche.me/e/20/gkpj)",2025-08-22 14:42:38.977835
STORE518,Dover Store,East Burlington,Helen Walker,"Database insertion failed: (pymysql.err.IntegrityError) (1062, ""Duplicate entry 'STORE513' for key 'dimstore.store_id'"")
[SQL: INSERT INTO dimstore (store_id, store_name, location, manager) VALUES (%(store_id)s, %(store_name)s, %(location)s, %(manager)s)]
[parameters: [{'store_id': 'STORE513', 'store_name': 'Clinton Store', 'location': 'East Richmond', 'manager': 'Daniel Robinson'}, {'store_id': 'STORE514', 'store_name': 'Riverside Store', 'location': 'East Burlington', 'manager': 'James Smith'}, {'store_id': 'STORE515', 'store_name': 'Burlington Store', 'location': 'West Jacksontown', 'manager': 'Kimberly Roberts'}, {'store_id': 'STORE516', 'store_name': 'Clayton Store', 'location': 'East Fairview', 'manager': 'Betty Lewis'}, {'store_id': 'STORE517', 'store_name': 'Greenwood Store', 'location': 'East Salem', 'manager': 'Kevin Carter'}, {'store_id': 'STORE518', 'store_name': 'Dover Store', 'location': 'East Burlington', 'manager': 'Helen Walker'}, {'store_id': 'STORE519', 'store_name': 'Georgetown Store', 'location': 'East Franklin', 'manager': 'Christopher Garcia'}, {'store_id': 'STORE520', 'store_name': 'Burlington Store', 'location': 'East Waynetown', 'manager': 'Jennifer Garcia'}  ... displaying 10 of 380 total bound parameter sets ...  {'store_id': 'STORE998', 'store_name': 'Richmond Store', 'location': 'West Marion', 'manager': 'Steven King'}, {'store_id': 'STORE999', 'store_name': 'Troy Store', 'location': 'East Hudson', 'manager': 'Matthew Rodriguez'}]]
(Background on this error at: https://sqlalche.me/e/20/gkpj)",2025-08-22 14:42:38.977835
STORE519,Georgetown Store,East Franklin,Christopher Garcia,"Database insertion failed: (pymysql.err.IntegrityError) (1062, ""Duplicate entry 'STORE513' for key 'dimstore.store_id'"")
[SQL: INSERT INTO dimstore (store_id, store_name, location, manager) VALUES (%(store_id)s, %(store_name)s, %(location)s, %(manager)s)]
[parameters: [{'store_id': 'STORE513', 'store_name': 'Clinton Store', 'location': 'East Richmond', 'manager': 'Daniel Robinson'}, {'store_id': 'STORE514', 'store_name': 'Riverside Store', 'location': 'East Burlington', 'manager': 'James Smith'}, {'store_id': 'STORE515', 'store_name': 'Burlington Store', 'location': 'West Jacksontown', 'manager': 'Kimberly Roberts'}, {'store_id': 'STORE516', 'store_name': 'Clayton Store', 'location': 'East Fairview', 'manager': 'Betty Lewis'}, {'store_id': 'STORE517', 'store_name': 'Greenwood Store', 'location': 'East Salem', 'manager': 'Kevin Carter'}, {'store_id': 'STORE518', 'store_name': 'Dover Store', 'location': 'East Burlington', 'manager': 'Helen Walker'}, {'store_id': 'STORE519', 'store_name': 'Georgetown Store', 'location': 'East Franklin', 'manager': 'Christopher Garcia'}, {'store_id': 'STORE520', 'store_name': 'Burlington Store', 'location': 'East Waynetown', 'manager': 'Jennifer Garcia'}  ... displaying 10 of 380 total bound parameter sets ...  {'store_id': 'STORE998', 'store_name': 'Richmond Store', 'location': 'West Marion', 'manager': 'Steven King'}, {'store_id': 'STORE999', 'store_name': 'Troy Store', 'location': 'East Hudson', 'manager': 'Matthew Rodriguez'}]]
(Background on this error at: https://sqlalche.me/e/20/gkpj)",2025-08-22 14:42:38.977835
STORE520,Burlington Store,East Waynetown,Jennifer Garcia,"Database insertion failed: (pymysql.err.IntegrityError) (1062, ""Duplicate entry 'STORE513' for key 'dimstore.store_id'"")
[SQL: INSERT INTO dimstore (store_id, store_name, location, manager) VALUES (%(store_id)s, %(store_name)s, %(location)s, %(manager)s)]
[parameters: [{'store_id': 'STORE513', 'store_name': 'Clinton Store', 'location': 'East Richmond', 'manager': 'Daniel Robinson'}, {'store_id': 'STORE514', 'store_name': 'Riverside Store', 'location': 'East Burlington', 'manager': 'James Smith'}, {'store_id': 'STORE515', 'store_name': 'Burlington Store', 'location': 'West Jacksontown', 'manager': 'Kimberly Roberts'}, {'store_id': 'STORE516', 'store_name': 'Clayton Store', 'location': 'East Fairview', 'manager': 'Betty Lewis'}, {'store_id': 'STORE517', 'store_name': 'Greenwood Store', 'location': 'East Salem', 'manager': 'Kevin Carter'}, {'store_id': 'STORE518', 'store_name': 'Dover Store', 'location': 'East Burlington', 'manager': 'Helen Walker'}, {'store_id': 'STORE519', 'store_name': 'Georgetown Store', 'location': 'East Franklin', 'manager': 'Christopher Garcia'}, {'store_id': 'STORE520', 'store_name': 'Burlington Store', 'location': 'East Waynetown', 'manager': 'Jennifer Garcia'}  ... displaying 10 of 380 total bound parameter sets ...  {'store_id': 'STORE998', 'store_name': 'Richmond Store', 'location': 'West Marion', 'manager': 'Steven King'}, {'store_id': 'STORE999', 'store_name': 'Troy Store', 'location': 'East Hudson', 'manager': 'Matthew Rodriguez'}]]
(Background on this error at: https://sqlalche.me/e/20/gkpj)",2025-08-22 14:42:38.977835
STORE521,Clinton Store,West Lancaster,Betty Lewis,"Database insertion failed: (pymysql.err.IntegrityError) (1062, ""Duplicate entry 'STORE513' for key 'dimstore.store_id'"")
[SQL: INSERT INTO dimstore (store_id, store_name, location, manager) VALUES (%(store_id)s, %(store_name)s, %(location)s, %(manager)s)]
[parameters: [{'store_id': 'STORE513', 'store_name': 'Clinton Store', 'location': 'East Richmond', 'manager': 'Daniel Robinson'}, {'store_id': 'STORE514', 'store_name': 'Riverside Store', 'location': 'East Burlington', 'manager': 'James Smith'}, {'store_id': 'STORE515', 'store_name': 'Burlington Store', 'location': 'West Jacksontown', 'manager': 'Kimberly Roberts'}, {'store_id': 'STORE516', 'store_name': 'Clayton Store', 'location': 'East Fairview', 'manager': 'Betty Lewis'}, {'store_id': 'STORE517', 'store_name': 'Greenwood Store', 'location': 'East Salem', 'manager': 'Kevin Carter'}, {'store_id': 'STORE518', 'store_name': 'Dover Store', 'location': 'East Burlington', 'manager': 'Helen Walker'}, {'store_id': 'STORE519', 'store_name': 'Georgetown Store', 'location': 'East Franklin', 'manager': 'Christopher Garcia'}, {'store_id': 'STORE520', 'store_name': 'Burlington Store', 'location': 'East Waynetown', 'manager': 'Jennifer Garcia'}  ... displaying 10 of 380 total bound parameter sets ...  {'store_id': 'STORE998', 'store_name': 'Richmond Store', 'location': 'West Marion', 'manager': 'Steven King'}, {'store_id': 'STORE999', 'store_name': 'Troy Store', 'location': 'East Hudson', 'manager': 'Matthew Rodriguez'}]]
(Background on this error at: https://sqlalche.me/e/20/gkpj)",2025-08-22 14:42:38.977835
STORE522,Wayne Store,East Milton,Deborah Phillips,"Database insertion failed: (pymysql.err.IntegrityError) (1062, ""Duplicate entry 'STORE513' for key 'dimstore.store_id'"")
[SQL: INSERT INTO dimstore (store_id, store_name, location, manager) VALUES (%(store_id)s, %(store_name)s, %(location)s, %(manager)s)]
[parameters: [{'store_id': 'STORE513', 'store_name': 'Clinton Store', 'location': 'East Richmond', 'manager': 'Daniel Robinson'}, {'store_id': 'STORE514', 'store_name': 'Riverside Store', 'location': 'East Burlington', 'manager': 'James Smith'}, {'store_id': 'STORE515', 'store_name': 'Burlington Store', 'location': 'West Jacksontown', 'manager': 'Kimberly Roberts'}, {'store_id': 'STORE516', 'store_name': 'Clayton Store', 'location': 'East Fairview', 'manager': 'Betty Lewis'}, {'store_id': 'STORE517', 'store_name': 'Greenwood Store', 'location': 'East Salem', 'manager': 'Kevin Carter'}, {'store_id': 'STORE518', 'store_name': 'Dover Store', 'location': 'East Burlington', 'manager': 'Helen Walker'}, {'store_id': 'STORE519', 'store_name': 'Georgetown Store', 'location': 'East Franklin', 'manager': 'Christopher Garcia'}, {'store_id': 'STORE520', 'store_name': 'Burlington Store', 'location': 'East Waynetown', 'manager': 'Jennifer Garcia'}  ... displaying 10 of 380 total bound parameter sets ...  {'store_id': 'STORE998', 'store_name': 'Richmond Store', 'location': 'West Marion', 'manager': 'Steven King'}, {'store_id': 'STORE999', 'store_name': 'Troy Store', 'location': 'East Hudson', 'manager': 'Matthew Rodriguez'}]]
(Background on this error at: https://sqlalche.me/e/20/gkpj)",2025-08-22 14:42:38.977835
STORE523,Marion Store,East Greenwood,John Jones,"Database insertion failed: (pymysql.err.IntegrityError) (1062, ""Duplicate entry 'STORE513' for key 'dimstore.store_id'"")
[SQL: INSERT INTO dimstore (store_id, store_name, location, manager) VALUES (%(store_id)s, %(store_name)s, %(location)s, %(manager)s)]
[parameters: [{'store_id': 'STORE513', 'store_name': 'Clinton Store', 'location': 'East Richmond', 'manager': 'Daniel Robinson'}, {'store_id': 'STORE514', 'store_name': 'Riverside Store', 'location': 'East Burlington', 'manager': 'James Smith'}, {'store_id': 'STORE515', 'store_name': 'Burlington Store', 'location': 'West Jacksontown', 'manager': 'Kimberly Roberts'}, {'store_id': 'STORE516', 'store_name': 'Clayton Store', 'location': 'East Fairview', 'manager': 'Betty Lewis'}, {'store_id': 'STORE517', 'store_name': 'Greenwood Store', 'location': 'East Salem', 'manager': 'Kevin Carter'}, {'store_id': 'STORE518', 'store_name': 'Dover Store', 'location': 'East Burlington', 'manager': 'Helen Walker'}, {'store_id': 'STORE519', 'store_name': 'Georgetown Store', 'location': 'East Franklin', 'manager': 'Christopher Garcia'}, {'store_id': 'STORE520', 'store_name': 'Burlington Store', 'location': 'East Waynetown', 'manager': 'Jennifer Garcia'}  ... displaying 10 of 380 total bound parameter sets ...  {'store_id': 'STORE998', 'store_name': 'Richmond Store', 'location': 'West Marion', 'manager': 'Steven King'}, {'store_id': 'STORE999', 'store_name': 'Troy Store', 'location': 'East Hudson', 'manager': 'Matthew Rodriguez'}]]
(Background on this error at: https://sqlalche.me/e/20/gkpj)",2025-08-22 14:42:38.977835
STORE524,Lancaster Store,East Clayton,Ronald Evans,"Database insertion failed: (pymysql.err.IntegrityError) (1062, ""Duplicate entry 'STORE513' for key 'dimstore.store_id'"")
[SQL: INSERT INTO dimstore (store_id, store_name, location, manager) VALUES (%(store_id)s, %(store_name)s, %(location)s, %(manager)s)]
[parameters: [{'store_id': 'STORE513', 'store_name': 'Clinton Store', 'location': 'East Richmond', 'manager': 'Daniel Robinson'}, {'store_id': 'STORE514', 'store_name': 'Riverside Store', 'location': 'East Burlington', 'manager': 'James Smith'}, {'store_id': 'STORE515', 'store_name': 'Burlington Store', 'location': 'West Jacksontown', 'manager': 'Kimberly Roberts'}, {'store_id': 'STORE516', 'store_name': 'Clayton Store', 'location': 'East Fairview', 'manager': 'Betty Lewis'}, {'store_id': 'STORE517', 'store_name': 'Greenwood Store', 'location': 'East Salem', 'manager': 'Kevin Carter'}, {'store_id': 'STORE518', 'store_name': 'Dover Store', 'location': 'East Burlington', 'manager': 'Helen Walker'}, {'store_id': 'STORE519', 'store_name': 'Georgetown Store', 'location': 'East Franklin', 'manager': 'Christopher Garcia'}, {'store_id': 'STORE520', 'store_name': 'Burlington Store', 'location': 'East Waynetown', 'manager': 'Jennifer Garcia'}  ... displaying 10 of 380 total bound parameter sets ...  {'store_id': 'STORE998', 'store_name': 'Richmond Store', 'location': 'West Marion', 'manager': 'Steven King'}, {'store_id': 'STORE999', 'store_name': 'Troy Store', 'location': 'East Hudson', 'manager': 'Matthew Rodriguez'}]]
(Background on this error at: https://sqlalche.me/e/20/gkpj)",2025-08-22 14:42:38.977835
STORE525,Georgetown Store,East Bristol,Thomas Harris,"Database insertion failed: (pymysql.err.IntegrityError) (1062, ""Duplicate entry 'STORE513' for key 'dimstore.store_id'"")
[SQL: INSERT INTO dimstore (store_id, store_name, location, manager) VALUES (%(store_id)s, %(store_name)s, %(location)s, %(manager)s)]
[parameters: [{'store_id': 'STORE513', 'store_name': 'Clinton Store', 'location': 'East Richmond', 'manager': 'Daniel Robinson'}, {'store_id': 'STORE514', 'store_name': 'Riverside Store', 'location': 'East Burlington', 'manager': 'James Smith'}, {'store_id': 'STORE515', 'store_name': 'Burlington Store', 'location': 'West Jacksontown', 'manager': 'Kimberly Roberts'}, {'store_id': 'STORE516', 'store_name': 'Clayton Store', 'location': 'East Fairview', 'manager': 'Betty Lewis'}, {'store_id': 'STORE517', 'store_name': 'Greenwood Store', 'location': 'East Salem', 'manager': 'Kevin Carter'}, {'store_id': 'STORE518', 'store_name': 'Dover Store', 'location': 'East Burlington', 'manager': 'Helen Walker'}, {'store_id': 'STORE519', 'store_name': 'Georgetown Store', 'location': 'East Franklin', 'manager': 'Christopher Garcia'}, {'store_id': 'STORE520', 'store_name': 'Burlington Store', 'location': 'East Waynetown', 'manager': 'Jennifer Garcia'}  ... displaying 10 of 380 total bound parameter sets ...  {'store_id': 'STORE998', 'store_name': 'Richmond Store', 'location': 'West Marion', 'manager': 'Steven King'}, {'store_id': 'STORE999', 'store_name': 'Troy Store', 'location': 'East Hudson', 'manager': 'Matthew Rodriguez'}]]
(Background on this error at: https://sqlalche.me/e/20/gkpj)",2025-08-22 14:42:38.977835
STORE526,Newport Store,West Riverside,Linda Davis,"Database insertion failed: (pymysql.err.IntegrityError) (1062, ""Duplicate entry 'STORE513' for key 'dimstore.store_id'"")
[SQL: INSERT INTO dimstore (store_id, store_name, location, manager) VALUES (%(store_id)s, %(store_name)s, %(location)s, %(manager)s)]
[parameters: [{'store_id': 'STORE513', 'store_name': 'Clinton Store', 'location': 'East Richmond', 'manager': 'Daniel Robinson'}, {'store_id': 'STORE514', 'store_name': 'Riverside Store', 'location': 'East Burlington', 'manager': 'James Smith'}, {'store_id': 'STORE515', 'store_name': 'Burlington Store', 'location': 'West Jacksontown', 'manager': 'Kimberly Roberts'}, {'store_id': 'STORE516', 'store_name': 'Clayton Store', 'location': 'East Fairview', 'manager': 'Betty Lewis'}, {'store_id': 'STORE517', 'store_name': 'Greenwood Store', 'location': 'East Salem', 'manager': 'Kevin Carter'}, {'store_id': 'STORE518', 'store_name': 'Dover Store', 'location': 'East Burlington', 'manager': 'Helen Walker'}, {'store_id': 'STORE519', 'store_name': 'Georgetown Store', 'location': 'East Franklin', 'manager': 'Christopher Garcia'}, {'store_id': 'STORE520', 'store_name': 'Burlington Store', 'location': 'East Waynetown', 'manager': 'Jennifer Garcia'}  ... displaying 10 of 380 total bound parameter sets ...  {'store_id': 'STORE998', 'store_name': 'Richmond Store', 'location': 'West Marion', 'manager': 'Steven King'}, {'store_id': 'STORE999', 'store_name': 'Troy Store', 'location': 'East Hudson', 'manager': 'Matthew Rodriguez'}]]
(Background on this error at: https://sqlalche.me/e/20/gkpj)",2025-08-22 14:42:38.977835
STORE527,Bristol Store,East Bristoltown,Lisa Edwards,"Database insertion failed: (pymysql.err.IntegrityError) (1062, ""Duplicate entry 'STORE513' for key 'dimstore.store_id'"")
[SQL: INSERT INTO dimstore (store_id, store_name, location, manager) VALUES (%(store_id)s, %(store_name)s, %(location)s, %(manager)s)]
[parameters: [{'store_id': 'STORE513', 'store_name': 'Clinton Store', 'location': 'East Richmond', 'manager': 'Daniel Robinson'}, {'store_id': 'STORE514', 'store_name': 'Riverside Store', 'location': 'East Burlington', 'manager': 'James Smith'}, {'store_id': 'STORE515', 'store_name': 'Burlington Store', 'location': 'West Jacksontown', 'manager': 'Kimberly Roberts'}, {'store_id': 'STORE516', 'store_name': 'Clayton Store', 'location': 'East Fairview', 'manager': 'Betty Lewis'}, {'store_id': 'STORE517', 'store_name': 'Greenwood Store', 'location': 'East Salem', 'manager': 'Kevin Carter'}, {'store_id': 'STORE518', 'store_name': 'Dover Store', 'location': 'East Burlington', 'manager': 'Helen Walker'}, {'store_id': 'STORE519', 'store_name': 'Georgetown Store', 'location': 'East Franklin', 'manager': 'Christopher Garcia'}, {'store_id': 'STORE520', 'store_name': 'Burlington Store', 'location': 'East Waynetown', 'manager': 'Jennifer Garcia'}  ... displaying 10 of 380 total bound parameter sets ...  {'store_id': 'STORE998', 'store_name': 'Richmond Store', 'location': 'West Marion', 'manager': 'Steven King'}, {'store_id': 'STORE999', 'store_name': 'Troy Store', 'location': 'East Hudson', 'manager': 'Matthew Rodriguez'}]]
(Background on this error at: https://sqlalche.me/e/20/gkpj)",2025-08-22 14:42:38.977835
STORE528,Manchester Store,East Wayne,Linda Davis,"Database insertion failed: (pymysql.err.IntegrityError) (1062, ""Duplicate entry 'STORE513' for key 'dimstore.store_id'"")
[SQL: INSERT INTO dimstore (store_id, store_name, location, manager) VALUES (%(store_id)s, %(store_name)s, %(location)s, %(manager)s)]
[parameters: [{'store_id': 'STORE513', 'store_name': 'Clinton Store', 'location': 'East Richmond', 'manager': 'Daniel Robinson'}, {'store_id': 'STORE514', 'store_name': 'Riverside Store', 'location': 'East Burlington', 'manager': 'James Smith'}, {'store_id': 'STORE515', 'store_name': 'Burlington Store', 'location': 'West Jacksontown', 'manager': 'Kimberly Roberts'}, {'store_id': 'STORE516', 'store_name': 'Clayton Store', 'location': 'East Fairview', 'manager': 'Betty Lewis'}, {'store_id': 'STORE517', 'store_name': 'Greenwood Store', 'location': 'East Salem', 'manager': 'Kevin Carter'}, {'store_id': 'STORE518', 'store_name': 'Dover Store', 'location': 'East Burlington', 'manager': 'Helen Walker'}, {'store_id': 'STORE519', 'store_name': 'Georgetown Store', 'location': 'East Franklin', 'manager': 'Christopher Garcia'}, {'store_id': 'STORE520', 'store_name': 'Burlington Store', 'location': 'East Waynetown', 'manager': 'Jennifer Garcia'}  ... displaying 10 of 380 total bound parameter sets ...  {'store_id': 'STORE998', 'store_name': 'Richmond Store', 'location': 'West Marion', 'manager': 'Steven King'}, {'store_id': 'STORE999', 'store_name': 'Troy Store', 'location': 'East Hudson', 'manager': 'Matthew Rodriguez'}]]
(Background on this error at: https://sqlalche.me/e/20/gkpj)",2025-08-22 14:42:38.977835
STORE529,Fairview Store,West Clayton,Donna Hernandez,"Database insertion failed: (pymysql.err.IntegrityError) (1062, ""Duplicate entry 'STORE513' for key 'dimstore.store_id'"")
[SQL: INSERT INTO dimstore (store_id, store_name, location, manager) VALUES (%(store_id)s, %(store_name)s, %(location)s, %(manager)s)]
[parameters: [{'store_id': 'STORE513', 'store_name': 'Clinton Store', 'location': 'East Richmond', 'manager': 'Daniel Robinson'}, {'store_id': 'STORE514', 'store_name': 'Riverside Store', 'location': 'East Burlington', 'manager': 'James Smith'}, {'store_id': 'STORE515', 'store_name': 'Burlington Store', 'location': 'West Jacksontown', 'manager': 'Kimberly Roberts'}, {'store_id': 'STORE516', 'store_name': 'Clayton Store', 'location': 'East Fairview', 'manager': 'Betty Lewis'}, {'store_id': 'STORE517', 'store_name': 'Greenwood Store', 'location': 'East Salem', 'manager': 'Kevin Carter'}, {'store_id': 'STORE518', 'store_name': 'Dover Store', 'location': 'East Burlington', 'manager': 'Helen Walker'}, {'store_id': 'STORE519', 'store_name': 'Georgetown Store', 'location': 'East Franklin', 'manager': 'Christopher Garcia'}, {'store_id': 'STORE520', 'store_name': 'Burlington Store', 'location': 'East Waynetown', 'manager': 'Jennifer Garcia'}  ... displaying 10 of 380 total bound parameter sets ...  {'store_id': 'STORE998', 'store_name': 'Richmond Store', 'location': 'West Marion', 'manager': 'Steven King'}, {'store_id': 'STORE999', 'store_name': 'Troy Store', 'location': 'East Hudson', 'manager': 'Matthew Rodriguez'}]]
(Background on this error at: https://sqlalche.me/e/20/gkpj)",2025-08-22 14:42:38.977835
STORE530,Bristol Store,West Arlington,William Rodriguez,"Database insertion failed: (pymysql.err.IntegrityError) (1062, ""Duplicate entry 'STORE513' for key 'dimstore.store_id'"")
[SQL: INSERT INTO dimstore (store_id, store_name, location, manager) VALUES (%(store_id)s, %(store_name)s, %(location)s, %(manager)s)]
[parameters: [{'store_id': 'STORE513', 'store_name': 'Clinton Store', 'location': 'East Richmond', 'manager': 'Daniel Robinson'}, {'store_id': 'STORE514', 'store_name': 'Riverside Store', 'location': 'East Burlington', 'manager': 'James Smith'}, {'store_id': 'STORE515', 'store_name': 'Burlington Store', 'location': 'West Jacksontown', 'manager': 'Kimberly Roberts'}, {'store_id': 'STORE516', 'store_name': 'Clayton Store', 'location': 'East Fairview', 'manager': 'Betty Lewis'}, {'store_id': 'STORE517', 'store_name': 'Greenwood Store', 'location': 'East Salem', 'manager': 'Kevin Carter'}, {'store_id': 'STORE518', 'store_name': 'Dover Store', 'location': 'East Burlington', 'manager': 'Helen Walker'}, {'store_id': 'STORE519', 'store_name': 'Georgetown Store', 'location': 'East Franklin', 'manager': 'Christopher Garcia'}, {'store_id': 'STORE520', 'store_name': 'Burlington Store', 'location': 'East Waynetown', 'manager': 'Jennifer Garcia'}  ... displaying 10 of 380 total bound parameter sets ...  {'store_id': 'STORE998', 'store_name': 'Richmond Store', 'location': 'West Marion', 'manager': 'Steven King'}, {'store_id': 'STORE999', 'store_name': 'Troy Store', 'location': 'East Hudson', 'manager': 'Matthew Rodriguez'}]]
(Background on this error at: https://sqlalche.me/e/20/gkpj)",2025-08-22 14:42:38.977835
STORE531,Riverside Store,East Oxford,Christopher Garcia,"Database insertion failed: (pymysql.err.IntegrityError) (1062, ""Duplicate entry 'STORE513' for key 'dimstore.store_id'"")
[SQL: INSERT INTO dimstore (store_id, store_name, location, manager) VALUES (%(store_id)s, %(store_name)s, %(location)s, %(manager)s)]
[parameters: [{'store_id': 'STORE513', 'store_name': 'Clinton Store', 'location': 'East Richmond', 'manager': 'Daniel Robinson'}, {'store_id': 'STORE514', 'store_name': 'Riverside Store', 'location': 'East Burlington', 'manager': 'James Smith'}, {'store_id': 'STORE515', 'store_name': 'Burlington Store', 'location': 'West Jacksontown', 'manager': 'Kimberly Roberts'}, {'store_id': 'STORE516', 'store_name': 'Clayton Store', 'location': 'East Fairview', 'manager': 'Betty Lewis'}, {'store_id': 'STORE517', 'store_name': 'Greenwood Store', 'location': 'East Salem', 'manager': 'Kevin Carter'}, {'store_id': 'STORE518', 'store_name': 'Dover Store', 'location': 'East Burlington', 'manager': 'Helen Walker'}, {'store_id': 'STORE519', 'store_name': 'Georgetown Store', 'location': 'East Franklin', 'manager': 'Christopher Garcia'}, {'store_id': 'STORE520', 'store_name': 'Burlington Store', 'location': 'East Waynetown', 'manager': 'Jennifer Garcia'}  ... displaying 10 of 380 total bound parameter sets ...  {'store_id': 'STORE998', 'store_name': 'Richmond Store', 'location': 'West Marion', 'manager': 'Steven King'}, {'store_id': 'STORE999', 'store_name': 'Troy Store', 'location': 'East Hudson', 'manager': 'Matthew Rodriguez'}]]
(Background on this error at: https://sqlalche.me/e/20/gkpj)",2025-08-22 14:42:38.977835
STORE532,Springfield Store,East Newport,Jessica White,"Database insertion failed: (pymysql.err.IntegrityError) (1062, ""Duplicate entry 'STORE513' for key 'dimstore.store_id'"")
[SQL: INSERT INTO dimstore (store_id, store_name, location, manager) VALUES (%(store_id)s, %(store_name)s, %(location)s, %(manager)s)]
[parameters: [{'store_id': 'STORE513', 'store_name': 'Clinton Store', 'location': 'East Richmond', 'manager': 'Daniel Robinson'}, {'store_id': 'STORE514', 'store_name': 'Riverside Store', 'location': 'East Burlington', 'manager': 'James Smith'}, {'store_id': 'STORE515', 'store_name': 'Burlington Store', 'location': 'West Jacksontown', 'manager': 'Kimberly Roberts'}, {'store_id': 'STORE516', 'store_name': 'Clayton Store', 'location': 'East Fairview', 'manager': 'Betty Lewis'}, {'store_id': 'STORE517', 'store_name': 'Greenwood Store', 'location': 'East Salem', 'manager': 'Kevin Carter'}, {'store_id': 'STORE518', 'store_name': 'Dover Store', 'location': 'East Burlington', 'manager': 'Helen Walker'}, {'store_id': 'STORE519', 'store_name': 'Georgetown Store', 'location': 'East Franklin', 'manager': 'Christopher Garcia'}, {'store_id': 'STORE520', 'store_name': 'Burlington Store', 'location': 'East Waynetown', 'manager': 'Jennifer Garcia'}  ... displaying 10 of 380 total bound parameter sets ...  {'store_id': 'STORE998', 'store_name': 'Richmond Store', 'location': 'West Marion', 'manager': 'Steven King'}, {'store_id': 'STORE999', 'store_name': 'Troy Store', 'location': 'East Hudson', 'manager': 'Matthew Rodriguez'}]]
(Background on this error at: https://sqlalche.me/e/20/gkpj)",2025-08-22 14:42:38.977835
STORE533,Troy Store,West Marion,Ruth Hill,"Database insertion failed: (pymysql.err.IntegrityError) (1062, ""Duplicate entry 'STORE513' for key 'dimstore.store_id'"")
[SQL: INSERT INTO dimstore (store_id, store_name, location, manager) VALUES (%(store_id)s, %(store_name)s, %(location)s, %(manager)s)]
[parameters: [{'store_id': 'STORE513', 'store_name': 'Clinton Store', 'location': 'East Richmond', 'manager': 'Daniel Robinson'}, {'store_id': 'STORE514', 'store_name': 'Riverside Store', 'location': 'East Burlington', 'manager': 'James Smith'}, {'store_id': 'STORE515', 'store_name': 'Burlington Store', 'location': 'West Jacksontown', 'manager': 'Kimberly Roberts'}, {'store_id': 'STORE516', 'store_name': 'Clayton Store', 'location': 'East Fairview', 'manager': 'Betty Lewis'}, {'store_id': 'STORE517', 'store_name': 'Greenwood Store', 'location': 'East Salem', 'manager': 'Kevin Carter'}, {'store_id': 'STORE518', 'store_name': 'Dover Store', 'location': 'East Burlington', 'manager': 'Helen Walker'}, {'store_id': 'STORE519', 'store_name': 'Georgetown Store', 'location': 'East Franklin', 'manager': 'Christopher Garcia'}, {'store_id': 'STORE520', 'store_name': 'Burlington Store', 'location': 'East Waynetown', 'manager': 'Jennifer Garcia'}  ... displaying 10 of 380 total bound parameter sets ...  {'store_id': 'STORE998', 'store_name': 'Richmond Store', 'location': 'West Marion', 'manager': 'Steven King'}, {'store_id': 'STORE999', 'store_name': 'Troy Store', 'location': 'East Hudson', 'manager': 'Matthew Rodriguez'}]]
(Background on this error at: https://sqlalche.me/e/20/gkpj)",2025-08-22 14:42:38.977835
STORE534,Dover Store,West Springfield,James Smith,"Database insertion failed: (pymysql.err.IntegrityError) (1062, ""Duplicate entry 'STORE513' for key 'dimstore.store_id'"")
[SQL: INSERT INTO dimstore (store_id, store_name, location, manager) VALUES (%(store_id)s, %(store_name)s, %(location)s, %(manager)s)]
[parameters: [{'store_id': 'STORE513', 'store_name': 'Clinton Store', 'location': 'East Richmond', 'manager': 'Daniel Robinson'}, {'store_id': 'STORE514', 'store_name': 'Riverside Store', 'location': 'East Burlington', 'manager': 'James Smith'}, {'store_id': 'STORE515', 'store_name': 'Burlington Store', 'location': 'West Jacksontown', 'manager': 'Kimberly Roberts'}, {'store_id': 'STORE516', 'store_name': 'Clayton Store', 'location': 'East Fairview', 'manager': 'Betty Lewis'}, {'store_id': 'STORE517', 'store_name': 'Greenwood Store', 'location': 'East Salem', 'manager': 'Kevin Carter'}, {'store_id': 'STORE518', 'store_name': 'Dover Store', 'location': 'East Burlington', 'manager': 'Helen Walker'}, {'store_id': 'STORE519', 'store_name': 'Georgetown Store', 'location': 'East Franklin', 'manager': 'Christopher Garcia'}, {'store_id': 'STORE520', 'store_name': 'Burlington Store', 'location': 'East Waynetown', 'manager': 'Jennifer Garcia'}  ... displaying 10 of 380 total bound parameter sets ...  {'store_id': 'STORE998', 'store_name': 'Richmond Store', 'location': 'West Marion', 'manager': 'Steven King'}, {'store_id': 'STORE999', 'store_name': 'Troy Store', 'location': 'East Hudson', 'manager': 'Matthew Rodriguez'}]]
(Background on this error at: https://sqlalche.me/e/20/gkpj)",2025-08-22 14:42:38.977835
STORE535,Jackson Store,East Milton,Thomas Harris,"Database insertion failed: (pymysql.err.IntegrityError) (1062, ""Duplicate entry 'STORE513' for key 'dimstore.store_id'"")
[SQL: INSERT INTO dimstore (store_id, store_name, location, manager) VALUES (%(store_id)s, %(store_name)s, %(location)s, %(manager)s)]
[parameters: [{'store_id': 'STORE513', 'store_name': 'Clinton Store', 'location': 'East Richmond', 'manager': 'Daniel Robinson'}, {'store_id': 'STORE514', 'store_name': 'Riverside Store', 'location': 'East Burlington', 'manager': 'James Smith'}, {'store_id': 'STORE515', 'store_name': 'Burlington Store', 'location': 'West Jacksontown', 'manager': 'Kimberly Roberts'}, {'store_id': 'STORE516', 'store_name': 'Clayton Store', 'location': 'East Fairview', 'manager': 'Betty Lewis'}, {'store_id': 'STORE517', 'store_name': 'Greenwood Store', 'location': 'East Salem', 'manager': 'Kevin Carter'}, {'store_id': 'STORE518', 'store_name': 'Dover Store', 'location': 'East Burlington', 'manager': 'Helen Walker'}, {'store_id': 'STORE519', 'store_name': 'Georgetown Store', 'location': 'East Franklin', 'manager': 'Christopher Garcia'}, {'store_id': 'STORE520', 'store_name': 'Burlington Store', 'location': 'East Waynetown', 'manager': 'Jennifer Garcia'}  ... displaying 10 of 380 total bound parameter sets ...  {'store_id': 'STORE998', 'store_name': 'Richmond Store', 'location': 'West Marion', 'manager': 'Steven King'}, {'store_id': 'STORE999', 'store_name': 'Troy Store', 'location': 'East Hudson', 'manager': 'Matthew Rodriguez'}]]
(Background on this error at: https://sqlalche.me/e/20/gkpj)",2025-08-22 14:42:38.977835
STORE536,Jackson Store,West Richmond,Elizabeth Martinez,"Database insertion failed: (pymysql.err.IntegrityError) (1062, ""Duplicate entry 'STORE513' for key 'dimstore.store_id'"")
[SQL: INSERT INTO dimstore (store_id, store_name, location, manager) VALUES (%(store_id)s, %(store_name)s, %(location)s, %(manager)s)]
[parameters: [{'store_id': 'STORE513', 'store_name': 'Clinton Store', 'location': 'East Richmond', 'manager': 'Daniel Robinson'}, {'store_id': 'STORE514', 'store_name': 'Riverside Store', 'location': 'East Burlington', 'manager': 'James Smith'}, {'store_id': 'STORE515', 'store_name': 'Burlington Store', 'location': 'West Jacksontown', 'manager': 'Kimberly Roberts'}, {'store_id': 'STORE516', 'store_name': 'Clayton Store', 'location': 'East Fairview', 'manager': 'Betty Lewis'}, {'store_id': 'STORE517', 'store_name': 'Greenwood Store', 'location': 'East Salem', 'manager': 'Kevin Carter'}, {'store_id': 'STORE518', 'store_name': 'Dover Store', 'location': 'East Burlington', 'manager': 'Helen Walker'}, {'store_id': 'STORE519', 'store_name': 'Georgetown Store', 'location': 'East Franklin', 'manager': 'Christopher Garcia'}, {'store_id': 'STORE520', 'store_name': 'Burlington Store', 'location': 'East Waynetown', 'manager': 'Jennifer Garcia'}  ... displaying 10 of 380 total bound parameter sets ...  {'store_id': 'STORE998', 'store_name': 'Richmond Store', 'location': 'West Marion', 'manager': 'Steven King'}, {'store_id': 'STORE999', 'store_name': 'Troy Store', 'location': 'East Hudson', 'manager': 'Matthew Rodriguez'}]]
(Background on this error at: https://sqlalche.me/e/20/gkpj)",2025-08-22 14:42:38.977835
STORE537,Manchester Store,West Madisontown,Emily Mitchell,"Database insertion failed: (pymysql.err.IntegrityError) (1062, ""Duplicate entry 'STORE513' for key 'dimstore.store_id'"")
[SQL: INSERT INTO dimstore (store_id, store_name, location, manager) VALUES (%(store_id)s, %(store_name)s, %(location)s, %(manager)s)]
[parameters: [{'store_id': 'STORE513', 'store_name': 'Clinton Store', 'location': 'East Richmond', 'manager': 'Daniel Robinson'}, {'store_id': 'STORE514', 'store_name': 'Riverside Store', 'location': 'East Burlington', 'manager': 'James Smith'}, {'store_id': 'STORE515', 'store_name': 'Burlington Store', 'location': 'West Jacksontown', 'manager': 'Kimberly Roberts'}, {'store_id': 'STORE516', 'store_name': 'Clayton Store', 'location': 'East Fairview', 'manager': 'Betty Lewis'}, {'store_id': 'STORE517', 'store_name': 'Greenwood Store', 'location': 'East Salem', 'manager': 'Kevin Carter'}, {'store_id': 'STORE518', 'store_name': 'Dover Store', 'location': 'East Burlington', 'manager': 'Helen Walker'}, {'store_id': 'STORE519', 'store_name': 'Georgetown Store', 'location': 'East Franklin', 'manager': 'Christopher Garcia'}, {'store_id': 'STORE520', 'store_name': 'Burlington Store', 'location': 'East Waynetown', 'manager': 'Jennifer Garcia'}  ... displaying 10 of 380 total bound parameter sets ...  {'store_id': 'STORE998', 'store_name': 'Richmond Store', 'location': 'West Marion', 'manager': 'Steven King'}, {'store_id': 'STORE999', 'store_name': 'Troy Store', 'location': 'East Hudson', 'manager': 'Matthew Rodriguez'}]]
(Background on this error at: https://sqlalche.me/e/20/gkpj)",2025-08-22 14:42:38.977835
STORE538,Troy Store,West Clinton,Michelle Baker,"Database insertion failed: (pymysql.err.IntegrityError) (1062, ""Duplicate entry 'STORE513' for key 'dimstore.store_id'"")
[SQL: INSERT INTO dimstore (store_id, store_name, location, manager) VALUES (%(store_id)s, %(store_name)s, %(location)s, %(manager)s)]
[parameters: [{'store_id': 'STORE513', 'store_name': 'Clinton Store', 'location': 'East Richmond', 'manager': 'Daniel Robinson'}, {'store_id': 'STORE514', 'store_name': 'Riverside Store', 'location': 'East Burlington', 'manager': 'James Smith'}, {'store_id': 'STORE515', 'store_name': 'Burlington Store', 'location': 'West Jacksontown', 'manager': 'Kimberly Roberts'}, {'store_id': 'STORE516', 'store_name': 'Clayton Store', 'location': 'East Fairview', 'manager': 'Betty Lewis'}, {'store_id': 'STORE517', 'store_name': 'Greenwood Store', 'location': 'East Salem', 'manager': 'Kevin Carter'}, {'store_id': 'STORE518', 'store_name': 'Dover Store', 'location': 'East Burlington', 'manager': 'Helen Walker'}, {'store_id': 'STORE519', 'store_name': 'Georgetown Store', 'location': 'East Franklin', 'manager': 'Christopher Garcia'}, {'store_id': 'STORE520', 'store_name': 'Burlington Store', 'location': 'East Waynetown', 'manager': 'Jennifer Garcia'}  ... displaying 10 of 380 total bound parameter sets ...  {'store_id': 'STORE998', 'store_name': 'Richmond Store', 'location': 'West Marion', 'manager': 'Steven King'}, {'store_id': 'STORE999', 'store_name': 'Troy Store', 'location': 'East Hudson', 'manager': 'Matthew Rodriguez'}]]
(Background on this error at: https://sqlalche.me/e/20/gkpj)",2025-08-22 14:42:38.977835
STORE539,Manchester Store,East Hudson,Carol Wright,"Database insertion failed: (pymysql.err.IntegrityError) (1062, ""Duplicate entry 'STORE513' for key 'dimstore.store_id'"")
[SQL: INSERT INTO dimstore (store_id, store_name, location, manager) VALUES (%(store_id)s, %(store_name)s, %(location)s, %(manager)s)]
[parameters: [{'store_id': 'STORE513', 'store_name': 'Clinton Store', 'location': 'East Richmond', 'manager': 'Daniel Robinson'}, {'store_id': 'STORE514', 'store_name': 'Riverside Store', 'location': 'East Burlington', 'manager': 'James Smith'}, {'store_id': 'STORE515', 'store_name': 'Burlington Store', 'location': 'West Jacksontown', 'manager': 'Kimberly Roberts'}, {'store_id': 'STORE516', 'store_name': 'Clayton Store', 'location': 'East Fairview', 'manager': 'Betty Lewis'}, {'store_id': 'STORE517', 'store_name': 'Greenwood Store', 'location': 'East Salem', 'manager': 'Kevin Carter'}, {'store_id': 'STORE518', 'store_name': 'Dover Store', 'location': 'East Burlington', 'manager': 'Helen Walker'}, {'store_id': 'STORE519', 'store_name': 'Georgetown Store', 'location': 'East Franklin', 'manager': 'Christopher Garcia'}, {'store_id': 'STORE520', 'store_name': 'Burlington Store', 'location': 'East Waynetown', 'manager': 'Jennifer Garcia'}  ... displaying 10 of 380 total bound parameter sets ...  {'store_id': 'STORE998', 'store_name': 'Richmond Store', 'location': 'West Marion', 'manager': 'Steven King'}, {'store_id': 'STORE999', 'store_name': 'Troy Store', 'location': 'East Hudson', 'manager': 'Matthew Rodriguez'}]]
(Background on this error at: https://sqlalche.me/e/20/gkpj)",2025-08-22 14:42:38.977835
STORE540,Oxford Store,East Fairview,Richard Taylor,"Database insertion failed: (pymysql.err.IntegrityError) (1062, ""Duplicate entry 'STORE513' for key 'dimstore.store_id'"")
[SQL: INSERT INTO dimstore (store_id, store_name, location, manager) VALUES (%(store_id)s, %(store_name)s, %(location)s, %(manager)s)]
[parameters: [{'store_id': 'STORE513', 'store_name': 'Clinton Store', 'location': 'East Richmond', 'manager': 'Daniel Robinson'}, {'store_id': 'STORE514', 'store_name': 'Riverside Store', 'location': 'East Burlington', 'manager': 'James Smith'}, {'store_id': 'STORE515', 'store_name': 'Burlington Store', 'location': 'West Jacksontown', 'manager': 'Kimberly Roberts'}, {'store_id': 'STORE516', 'store_name': 'Clayton Store', 'location': 'East Fairview', 'manager': 'Betty Lewis'}, {'store_id': 'STORE517', 'store_name': 'Greenwood Store', 'location': 'East Salem', 'manager': 'Kevin Carter'}, {'store_id': 'STORE518', 'store_name': 'Dover Store', 'location': 'East Burlington', 'manager': 'Helen Walker'}, {'store_id': 'STORE519', 'store_name': 'Georgetown Store', 'location': 'East Franklin', 'manager': 'Christopher Garcia'}, {'store_id': 'STORE520', 'store_name': 'Burlington Store', 'location': 'East Waynetown', 'manager': 'Jennifer Garcia'}  ... displaying 10 of 380 total bound parameter sets ...  {'store_id': 'STORE998', 'store_name': 'Richmond Store', 'location': 'West Marion', 'manager': 'Steven King'}, {'store_id': 'STORE999', 'store_name': 'Troy Store', 'location': 'East Hudson', 'manager': 'Matthew Rodriguez'}]]
(Background on this error at: https://sqlalche.me/e/20/gkpj)",2025-08-22 14:42:38.977835
STORE541,Oxford Store,West Jacksontown,Daniel Robinson,"Database insertion failed: (pymysql.err.IntegrityError) (1062, ""Duplicate entry 'STORE513' for key 'dimstore.store_id'"")
[SQL: INSERT INTO dimstore (store_id, store_name, location, manager) VALUES (%(store_id)s, %(store_name)s, %(location)s, %(manager)s)]
[parameters: [{'store_id': 'STORE513', 'store_name': 'Clinton Store', 'location': 'East Richmond', 'manager': 'Daniel Robinson'}, {'store_id': 'STORE514', 'store_name': 'Riverside Store', 'location': 'East Burlington', 'manager': 'James Smith'}, {'store_id': 'STORE515', 'store_name': 'Burlington Store', 'location': 'West Jacksontown', 'manager': 'Kimberly Roberts'}, {'store_id': 'STORE516', 'store_name': 'Clayton Store', 'location': 'East Fairview', 'manager': 'Betty Lewis'}, {'store_id': 'STORE517', 'store_name': 'Greenwood Store', 'location': 'East Salem', 'manager': 'Kevin Carter'}, {'store_id': 'STORE518', 'store_name': 'Dover Store', 'location': 'East Burlington', 'manager': 'Helen Walker'}, {'store_id': 'STORE519', 'store_name': 'Georgetown Store', 'location': 'East Franklin', 'manager': 'Christopher Garcia'}, {'store_id': 'STORE520', 'store_name': 'Burlington Store', 'location': 'East Waynetown', 'manager': 'Jennifer Garcia'}  ... displaying 10 of 380 total bound parameter sets ...  {'store_id': 'STORE998', 'store_name': 'Richmond Store', 'location': 'West Marion', 'manager': 'Steven King'}, {'store_id': 'STORE999', 'store_name': 'Troy Store', 'location': 'East Hudson', 'manager': 'Matthew Rodriguez'}]]
(Background on this error at: https://sqlalche.me/e/20/gkpj)",2025-08-22 14:42:38.977835
STORE542,Marion Store,East Greenwood,Sharon Green,"Database insertion failed: (pymysql.err.IntegrityError) (1062, ""Duplicate entry 'STORE513' for key 'dimstore.store_id'"")
[SQL: INSERT INTO dimstore (store_id, store_name, location, manager) VALUES (%(store_id)s, %(store_name)s, %(location)s, %(manager)s)]
[parameters: [{'store_id': 'STORE513', 'store_name': 'Clinton Store', 'location': 'East Richmond', 'manager': 'Daniel Robinson'}, {'store_id': 'STORE514', 'store_name': 'Riverside Store', 'location': 'East Burlington', 'manager': 'James Smith'}, {'store_id': 'STORE515', 'store_name': 'Burlington Store', 'location': 'West Jacksontown', 'manager': 'Kimberly Roberts'}, {'store_id': 'STORE516', 'store_name': 'Clayton Store', 'location': 'East Fairview', 'manager': 'Betty Lewis'}, {'store_id': 'STORE517', 'store_name': 'Greenwood Store', 'location': 'East Salem', 'manager': 'Kevin Carter'}, {'store_id': 'STORE518', 'store_name': 'Dover Store', 'location': 'East Burlington', 'manager': 'Helen Walker'}, {'store_id': 'STORE519', 'store_name': 'Georgetown Store', 'location': 'East Franklin', 'manager': 'Christopher Garcia'}, {'store_id': 'STORE520', 'store_name': 'Burlington Store', 'location': 'East Waynetown', 'manager': 'Jennifer Garcia'}  ... displaying 10 of 380 total bound parameter sets ...  {'store_id': 'STORE998', 'store_name': 'Richmond Store', 'location': 'West Marion', 'manager': 'Steven King'}, {'store_id': 'STORE999', 'store_name': 'Troy Store', 'location': 'East Hudson', 'manager': 'Matthew Rodriguez'}]]
(Background on this error at: https://sqlalche.me/e/20/gkpj)",2025-08-22 14:42:38.977835
STORE543,Troy Store,West Auburntown,Kenneth Gonzalez,"Database insertion failed: (pymysql.err.IntegrityError) (1062, ""Duplicate entry 'STORE513' for key 'dimstore.store_id'"")
[SQL: INSERT INTO dimstore (store_id, store_name, location, manager) VALUES (%(store_id)s, %(store_name)s, %(location)s, %(manager)s)]
[parameters: [{'store_id': 'STORE513', 'store_name': 'Clinton Store', 'location': 'East Richmond', 'manager': 'Daniel Robinson'}, {'store_id': 'STORE514', 'store_name': 'Riverside Store', 'location': 'East Burlington', 'manager': 'James Smith'}, {'store_id': 'STORE515', 'store_name': 'Burlington Store', 'location': 'West Jacksontown', 'manager': 'Kimberly Roberts'}, {'store_id': 'STORE516', 'store_name': 'Clayton Store', 'location': 'East Fairview', 'manager': 'Betty Lewis'}, {'store_id': 'STORE517', 'store_name': 'Greenwood Store', 'location': 'East Salem', 'manager': 'Kevin Carter'}, {'store_id': 'STORE518', 'store_name': 'Dover Store', 'location': 'East Burlington', 'manager': 'Helen Walker'}, {'store_id': 'STORE519', 'store_name': 'Georgetown Store', 'location': 'East Franklin', 'manager': 'Christopher Garcia'}, {'store_id': 'STORE520', 'store_name': 'Burlington Store', 'location': 'East Waynetown', 'manager': 'Jennifer Garcia'}  ... displaying 10 of 380 total bound parameter sets ...  {'store_id': 'STORE998', 'store_name': 'Richmond Store', 'location': 'West Marion', 'manager': 'Steven King'}, {'store_id': 'STORE999', 'store_name': 'Troy Store', 'location': 'East Hudson', 'manager': 'Matthew Rodriguez'}]]
(Background on this error at: https://sqlalche.me/e/20/gkpj)",2025-08-22 14:42:38.977835
STORE544,Auburn Store,East Richmond,Edward Campbell,"Database insertion failed: (pymysql.err.IntegrityError) (1062, ""Duplicate entry 'STORE513' for key 'dimstore.store_id'"")
[SQL: INSERT INTO dimstore (store_id, store_name, location, manager) VALUES (%(store_id)s, %(store_name)s, %(location)s, %(manager)s)]
[parameters: [{'store_id': 'STORE513', 'store_name': 'Clinton Store', 'location': 'East Richmond', 'manager': 'Daniel Robinson'}, {'store_id': 'STORE514', 'store_name': 'Riverside Store', 'location': 'East Burlington', 'manager': 'James Smith'}, {'store_id': 'STORE515', 'store_name': 'Burlington Store', 'location': 'West Jacksontown', 'manager': 'Kimberly Roberts'}, {'store_id': 'STORE516', 'store_name': 'Clayton Store', 'location': 'East Fairview', 'manager': 'Betty Lewis'}, {'store_id': 'STORE517', 'store_name': 'Greenwood Store', 'location': 'East Salem', 'manager': 'Kevin Carter'}, {'store_id': 'STORE518', 'store_name': 'Dover Store', 'location': 'East Burlington', 'manager': 'Helen Walker'}, {'store_id': 'STORE519', 'store_name': 'Georgetown Store', 'location': 'East Franklin', 'manager': 'Christopher Garcia'}, {'store_id': 'STORE520', 'store_name': 'Burlington Store', 'location': 'East Waynetown', 'manager': 'Jennifer Garcia'}  ... displaying 10 of 380 total bound parameter sets ...  {'store_id': 'STORE998', 'store_name': 'Richmond Store', 'location': 'West Marion', 'manager': 'Steven King'}, {'store_id': 'STORE999', 'store_name': 'Troy Store', 'location': 'East Hudson', 'manager': 'Matthew Rodriguez'}]]
(Background on this error at: https://sqlalche.me/e/20/gkpj)",2025-08-22 14:42:38.977835
STORE545,Fairview Store,East Wayne,Donna Hernandez,"Database insertion failed: (pymysql.err.IntegrityError) (1062, ""Duplicate entry 'STORE513' for key 'dimstore.store_id'"")
[SQL: INSERT INTO dimstore (store_id, store_name, location, manager) VALUES (%(store_id)s, %(store_name)s, %(location)s, %(manager)s)]
[parameters: [{'store_id': 'STORE513', 'store_name': 'Clinton Store', 'location': 'East Richmond', 'manager': 'Daniel Robinson'}, {'store_id': 'STORE514', 'store_name': 'Riverside Store', 'location': 'East Burlington', 'manager': 'James Smith'}, {'store_id': 'STORE515', 'store_name': 'Burlington Store', 'location': 'West Jacksontown', 'manager': 'Kimberly Roberts'}, {'store_id': 'STORE516', 'store_name': 'Clayton Store', 'location': 'East Fairview', 'manager': 'Betty Lewis'}, {'store_id': 'STORE517', 'store_name': 'Greenwood Store', 'location': 'East Salem', 'manager': 'Kevin Carter'}, {'store_id': 'STORE518', 'store_name': 'Dover Store', 'location': 'East Burlington', 'manager': 'Helen Walker'}, {'store_id': 'STORE519', 'store_name': 'Georgetown Store', 'location': 'East Franklin', 'manager': 'Christopher Garcia'}, {'store_id': 'STORE520', 'store_name': 'Burlington Store', 'location': 'East Waynetown', 'manager': 'Jennifer Garcia'}  ... displaying 10 of 380 total bound parameter sets ...  {'store_id': 'STORE998', 'store_name': 'Richmond Store', 'location': 'West Marion', 'manager': 'Steven King'}, {'store_id': 'STORE999', 'store_name': 'Troy Store', 'location': 'East Hudson', 'manager': 'Matthew Rodriguez'}]]
(Background on this error at: https://sqlalche.me/e/20/gkpj)",2025-08-22 14:42:38.977835
STORE546,Hudson Store,East Georgetown,Dorothy Parker,"Database insertion failed: (pymysql.err.IntegrityError) (1062, ""Duplicate entry 'STORE513' for key 'dimstore.store_id'"")
[SQL: INSERT INTO dimstore (store_id, store_name, location, manager) VALUES (%(store_id)s, %(store_name)s, %(location)s, %(manager)s)]
[parameters: [{'store_id': 'STORE513', 'store_name': 'Clinton Store', 'location': 'East Richmond', 'manager': 'Daniel Robinson'}, {'store_id': 'STORE514', 'store_name': 'Riverside Store', 'location': 'East Burlington', 'manager': 'James Smith'}, {'store_id': 'STORE515', 'store_name': 'Burlington Store', 'location': 'West Jacksontown', 'manager': 'Kimberly Roberts'}, {'store_id': 'STORE516', 'store_name': 'Clayton Store', 'location': 'East Fairview', 'manager': 'Betty Lewis'}, {'store_id': 'STORE517', 'store_name': 'Greenwood Store', 'location': 'East Salem', 'manager': 'Kevin Carter'}, {'store_id': 'STORE518', 'store_name': 'Dover Store', 'location': 'East Burlington', 'manager': 'Helen Walker'}, {'store_id': 'STORE519', 'store_name': 'Georgetown Store', 'location': 'East Franklin', 'manager': 'Christopher Garcia'}, {'store_id': 'STORE520', 'store_name': 'Burlington Store', 'location': 'East Waynetown', 'manager': 'Jennifer Garcia'}  ... displaying 10 of 380 total bound parameter sets ...  {'store_id': 'STORE998', 'store_name': 'Richmond Store', 'location': 'West Marion', 'manager': 'Steven King'}, {'store_id': 'STORE999', 'store_name': 'Troy Store', 'location': 'East Hudson', 'manager': 'Matthew Rodriguez'}]]
(Background on this error at: https://sqlalche.me/e/20/gkpj)",2025-08-22 14:42:38.977835
STORE547,Chester Store,West Franklin,Barbara Anderson,"Database insertion failed: (pymysql.err.IntegrityError) (1062, ""Duplicate entry 'STORE513' for key 'dimstore.store_id'"")
[SQL: INSERT INTO dimstore (store_id, store_name, location, manager) VALUES (%(store_id)s, %(store_name)s, %(location)s, %(manager)s)]
[parameters: [{'store_id': 'STORE513', 'store_name': 'Clinton Store', 'location': 'East Richmond', 'manager': 'Daniel Robinson'}, {'store_id': 'STORE514', 'store_name': 'Riverside Store', 'location': 'East Burlington', 'manager': 'James Smith'}, {'store_id': 'STORE515', 'store_name': 'Burlington Store', 'location': 'West Jacksontown', 'manager': 'Kimberly Roberts'}, {'store_id': 'STORE516', 'store_name': 'Clayton Store', 'location': 'East Fairview', 'manager': 'Betty Lewis'}, {'store_id': 'STORE517', 'store_name': 'Greenwood Store', 'location': 'East Salem', 'manager': 'Kevin Carter'}, {'store_id': 'STORE518', 'store_name': 'Dover Store', 'location': 'East Burlington', 'manager': 'Helen Walker'}, {'store_id': 'STORE519', 'store_name': 'Georgetown Store', 'location': 'East Franklin', 'manager': 'Christopher Garcia'}, {'store_id': 'STORE520', 'store_name': 'Burlington Store', 'location': 'East Waynetown', 'manager': 'Jennifer Garcia'}  ... displaying 10 of 380 total bound parameter sets ...  {'store_id': 'STORE998', 'store_name': 'Richmond Store', 'location': 'West Marion', 'manager': 'Steven King'}, {'store_id': 'STORE999', 'store_name': 'Troy Store', 'location': 'East Hudson', 'manager': 'Matthew Rodriguez'}]]
(Background on this error at: https://sqlalche.me/e/20/gkpj)",2025-08-22 14:42:38.977835
STORE548,Washington Store,East Burlington,Carol Wright,"Database insertion failed: (pymysql.err.IntegrityError) (1062, ""Duplicate entry 'STORE513' for key 'dimstore.store_id'"")
[SQL: INSERT INTO dimstore (store_id, store_name, location, manager) VALUES (%(store_id)s, %(store_name)s, %(location)s, %(manager)s)]
[parameters: [{'store_id': 'STORE513', 'store_name': 'Clinton Store', 'location': 'East Richmond', 'manager': 'Daniel Robinson'}, {'store_id': 'STORE514', 'store_name': 'Riverside Store', 'location': 'East Burlington', 'manager': 'James Smith'}, {'store_id': 'STORE515', 'store_name': 'Burlington Store', 'location': 'West Jacksontown', 'manager': 'Kimberly Roberts'}, {'store_id': 'STORE516', 'store_name': 'Clayton Store', 'location': 'East Fairview', 'manager': 'Betty Lewis'}, {'store_id': 'STORE517', 'store_name': 'Greenwood Store', 'location': 'East Salem', 'manager': 'Kevin Carter'}, {'store_id': 'STORE518', 'store_name': 'Dover Store', 'location': 'East Burlington', 'manager': 'Helen Walker'}, {'store_id': 'STORE519', 'store_name': 'Georgetown Store', 'location': 'East Franklin', 'manager': 'Christopher Garcia'}, {'store_id': 'STORE520', 'store_name': 'Burlington Store', 'location': 'East Waynetown', 'manager': 'Jennifer Garcia'}  ... displaying 10 of 380 total bound parameter sets ...  {'store_id': 'STORE998', 'store_name': 'Richmond Store', 'location': 'West Marion', 'manager': 'Steven King'}, {'store_id': 'STORE999', 'store_name': 'Troy Store', 'location': 'East Hudson', 'manager': 'Matthew Rodriguez'}]]
(Background on this error at: https://sqlalche.me/e/20/gkpj)",2025-08-22 14:42:38.977835
STORE549,Washington Store,East Madison,Sarah Martin,"Database insertion failed: (pymysql.err.IntegrityError) (1062, ""Duplicate entry 'STORE513' for key 'dimstore.store_id'"")
[SQL: INSERT INTO dimstore (store_id, store_name, location, manager) VALUES (%(store_id)s, %(store_name)s, %(location)s, %(manager)s)]
[parameters: [{'store_id': 'STORE513', 'store_name': 'Clinton Store', 'location': 'East Richmond', 'manager': 'Daniel Robinson'}, {'store_id': 'STORE514', 'store_name': 'Riverside Store', 'location': 'East Burlington', 'manager': 'James Smith'}, {'store_id': 'STORE515', 'store_name': 'Burlington Store', 'location': 'West Jacksontown', 'manager': 'Kimberly Roberts'}, {'store_id': 'STORE516', 'store_name': 'Clayton Store', 'location': 'East Fairview', 'manager': 'Betty Lewis'}, {'store_id': 'STORE517', 'store_name': 'Greenwood Store', 'location': 'East Salem', 'manager': 'Kevin Carter'}, {'store_id': 'STORE518', 'store_name': 'Dover Store', 'location': 'East Burlington', 'manager': 'Helen Walker'}, {'store_id': 'STORE519', 'store_name': 'Georgetown Store', 'location': 'East Franklin', 'manager': 'Christopher Garcia'}, {'store_id': 'STORE520', 'store_name': 'Burlington Store', 'location': 'East Waynetown', 'manager': 'Jennifer Garcia'}  ... displaying 10 of 380 total bound parameter sets ...  {'store_id': 'STORE998', 'store_name': 'Richmond Store', 'location': 'West Marion', 'manager': 'Steven King'}, {'store_id': 'STORE999', 'store_name': 'Troy Store', 'location': 'East Hudson', 'manager': 'Matthew Rodriguez'}]]
(Background on this error at: https://sqlalche.me/e/20/gkpj)",2025-08-22 14:42:38.977835
STORE550,Burlington Store,East Salemtown,Daniel Robinson,"Database insertion failed: (pymysql.err.IntegrityError) (1062, ""Duplicate entry 'STORE513' for key 'dimstore.store_id'"")
[SQL: INSERT INTO dimstore (store_id, store_name, location, manager) VALUES (%(store_id)s, %(store_name)s, %(location)s, %(manager)s)]
[parameters: [{'store_id': 'STORE513', 'store_name': 'Clinton Store', 'location': 'East Richmond', 'manager': 'Daniel Robinson'}, {'store_id': 'STORE514', 'store_name': 'Riverside Store', 'location': 'East Burlington', 'manager': 'James Smith'}, {'store_id': 'STORE515', 'store_name': 'Burlington Store', 'location': 'West Jacksontown', 'manager': 'Kimberly Roberts'}, {'store_id': 'STORE516', 'store_name': 'Clayton Store', 'location': 'East Fairview', 'manager': 'Betty Lewis'}, {'store_id': 'STORE517', 'store_name': 'Greenwood Store', 'location': 'East Salem', 'manager': 'Kevin Carter'}, {'store_id': 'STORE518', 'store_name': 'Dover Store', 'location': 'East Burlington', 'manager': 'Helen Walker'}, {'store_id': 'STORE519', 'store_name': 'Georgetown Store', 'location': 'East Franklin', 'manager': 'Christopher Garcia'}, {'store_id': 'STORE520', 'store_name': 'Burlington Store', 'location': 'East Waynetown', 'manager': 'Jennifer Garcia'}  ... displaying 10 of 380 total bound parameter sets ...  {'store_id': 'STORE998', 'store_name': 'Richmond Store', 'location': 'West Marion', 'manager': 'Steven King'}, {'store_id': 'STORE999', 'store_name': 'Troy Store', 'location': 'East Hudson', 'manager': 'Matthew Rodriguez'}]]
(Background on this error at: https://sqlalche.me/e/20/gkpj)",2025-08-22 14:42:38.977835
STORE551,Marion Store,West Kingston,Ronald Evans,"Database insertion failed: (pymysql.err.IntegrityError) (1062, ""Duplicate entry 'STORE513' for key 'dimstore.store_id'"")
[SQL: INSERT INTO dimstore (store_id, store_name, location, manager) VALUES (%(store_id)s, %(store_name)s, %(location)s, %(manager)s)]
[parameters: [{'store_id': 'STORE513', 'store_name': 'Clinton Store', 'location': 'East Richmond', 'manager': 'Daniel Robinson'}, {'store_id': 'STORE514', 'store_name': 'Riverside Store', 'location': 'East Burlington', 'manager': 'James Smith'}, {'store_id': 'STORE515', 'store_name': 'Burlington Store', 'location': 'West Jacksontown', 'manager': 'Kimberly Roberts'}, {'store_id': 'STORE516', 'store_name': 'Clayton Store', 'location': 'East Fairview', 'manager': 'Betty Lewis'}, {'store_id': 'STORE517', 'store_name': 'Greenwood Store', 'location': 'East Salem', 'manager': 'Kevin Carter'}, {'store_id': 'STORE518', 'store_name': 'Dover Store', 'location': 'East Burlington', 'manager': 'Helen Walker'}, {'store_id': 'STORE519', 'store_name': 'Georgetown Store', 'location': 'East Franklin', 'manager': 'Christopher Garcia'}, {'store_id': 'STORE520', 'store_name': 'Burlington Store', 'location': 'East Waynetown', 'manager': 'Jennifer Garcia'}  ... displaying 10 of 380 total bound parameter sets ...  {'store_id': 'STORE998', 'store_name': 'Richmond Store', 'location': 'West Marion', 'manager': 'Steven King'}, {'store_id': 'STORE999', 'store_name': 'Troy Store', 'location': 'East Hudson', 'manager': 'Matthew Rodriguez'}]]
(Background on this error at: https://sqlalche.me/e/20/gkpj)",2025-08-22 14:42:38.977835
STORE552,Auburn Store,East Arlingtontown,Matthew Rodriguez,"Database insertion failed: (pymysql.err.IntegrityError) (1062, ""Duplicate entry 'STORE513' for key 'dimstore.store_id'"")
[SQL: INSERT INTO dimstore (store_id, store_name, location, manager) VALUES (%(store_id)s, %(store_name)s, %(location)s, %(manager)s)]
[parameters: [{'store_id': 'STORE513', 'store_name': 'Clinton Store', 'location': 'East Richmond', 'manager': 'Daniel Robinson'}, {'store_id': 'STORE514', 'store_name': 'Riverside Store', 'location': 'East Burlington', 'manager': 'James Smith'}, {'store_id': 'STORE515', 'store_name': 'Burlington Store', 'location': 'West Jacksontown', 'manager': 'Kimberly Roberts'}, {'store_id': 'STORE516', 'store_name': 'Clayton Store', 'location': 'East Fairview', 'manager': 'Betty Lewis'}, {'store_id': 'STORE517', 'store_name': 'Greenwood Store', 'location': 'East Salem', 'manager': 'Kevin Carter'}, {'store_id': 'STORE518', 'store_name': 'Dover Store', 'location': 'East Burlington', 'manager': 'Helen Walker'}, {'store_id': 'STORE519', 'store_name': 'Georgetown Store', 'location': 'East Franklin', 'manager': 'Christopher Garcia'}, {'store_id': 'STORE520', 'store_name': 'Burlington Store', 'location': 'East Waynetown', 'manager': 'Jennifer Garcia'}  ... displaying 10 of 380 total bound parameter sets ...  {'store_id': 'STORE998', 'store_name': 'Richmond Store', 'location': 'West Marion', 'manager': 'Steven King'}, {'store_id': 'STORE999', 'store_name': 'Troy Store', 'location': 'East Hudson', 'manager': 'Matthew Rodriguez'}]]
(Background on this error at: https://sqlalche.me/e/20/gkpj)",2025-08-22 14:42:38.977835
STORE553,Bristol Store,East Lancaster,Carol Wright,"Database insertion failed: (pymysql.err.IntegrityError) (1062, ""Duplicate entry 'STORE513' for key 'dimstore.store_id'"")
[SQL: INSERT INTO dimstore (store_id, store_name, location, manager) VALUES (%(store_id)s, %(store_name)s, %(location)s, %(manager)s)]
[parameters: [{'store_id': 'STORE513', 'store_name': 'Clinton Store', 'location': 'East Richmond', 'manager': 'Daniel Robinson'}, {'store_id': 'STORE514', 'store_name': 'Riverside Store', 'location': 'East Burlington', 'manager': 'James Smith'}, {'store_id': 'STORE515', 'store_name': 'Burlington Store', 'location': 'West Jacksontown', 'manager': 'Kimberly Roberts'}, {'store_id': 'STORE516', 'store_name': 'Clayton Store', 'location': 'East Fairview', 'manager': 'Betty Lewis'}, {'store_id': 'STORE517', 'store_name': 'Greenwood Store', 'location': 'East Salem', 'manager': 'Kevin Carter'}, {'store_id': 'STORE518', 'store_name': 'Dover Store', 'location': 'East Burlington', 'manager': 'Helen Walker'}, {'store_id': 'STORE519', 'store_name': 'Georgetown Store', 'location': 'East Franklin', 'manager': 'Christopher Garcia'}, {'store_id': 'STORE520', 'store_name': 'Burlington Store', 'location': 'East Waynetown', 'manager': 'Jennifer Garcia'}  ... displaying 10 of 380 total bound parameter sets ...  {'store_id': 'STORE998', 'store_name': 'Richmond Store', 'location': 'West Marion', 'manager': 'Steven King'}, {'store_id': 'STORE999', 'store_name': 'Troy Store', 'location': 'East Hudson', 'manager': 'Matthew Rodriguez'}]]
(Background on this error at: https://sqlalche.me/e/20/gkpj)",2025-08-22 14:42:38.977835
STORE554,Marion Store,West Madison,Joshua Adams,"Database insertion failed: (pymysql.err.IntegrityError) (1062, ""Duplicate entry 'STORE513' for key 'dimstore.store_id'"")
[SQL: INSERT INTO dimstore (store_id, store_name, location, manager) VALUES (%(store_id)s, %(store_name)s, %(location)s, %(manager)s)]
[parameters: [{'store_id': 'STORE513', 'store_name': 'Clinton Store', 'location': 'East Richmond', 'manager': 'Daniel Robinson'}, {'store_id': 'STORE514', 'store_name': 'Riverside Store', 'location': 'East Burlington', 'manager': 'James Smith'}, {'store_id': 'STORE515', 'store_name': 'Burlington Store', 'location': 'West Jacksontown', 'manager': 'Kimberly Roberts'}, {'store_id': 'STORE516', 'store_name': 'Clayton Store', 'location': 'East Fairview', 'manager': 'Betty Lewis'}, {'store_id': 'STORE517', 'store_name': 'Greenwood Store', 'location': 'East Salem', 'manager': 'Kevin Carter'}, {'store_id': 'STORE518', 'store_name': 'Dover Store', 'location': 'East Burlington', 'manager': 'Helen Walker'}, {'store_id': 'STORE519', 'store_name': 'Georgetown Store', 'location': 'East Franklin', 'manager': 'Christopher Garcia'}, {'store_id': 'STORE520', 'store_name': 'Burlington Store', 'location': 'East Waynetown', 'manager': 'Jennifer Garcia'}  ... displaying 10 of 380 total bound parameter sets ...  {'store_id': 'STORE998', 'store_name': 'Richmond Store', 'location': 'West Marion', 'manager': 'Steven King'}, {'store_id': 'STORE999', 'store_name': 'Troy Store', 'location': 'East Hudson', 'manager': 'Matthew Rodriguez'}]]
(Background on this error at: https://sqlalche.me/e/20/gkpj)",2025-08-22 14:42:38.977835
STORE555,Marion Store,West Salem,Elizabeth Martinez,"Database insertion failed: (pymysql.err.IntegrityError) (1062, ""Duplicate entry 'STORE513' for key 'dimstore.store_id'"")
[SQL: INSERT INTO dimstore (store_id, store_name, location, manager) VALUES (%(store_id)s, %(store_name)s, %(location)s, %(manager)s)]
[parameters: [{'store_id': 'STORE513', 'store_name': 'Clinton Store', 'location': 'East Richmond', 'manager': 'Daniel Robinson'}, {'store_id': 'STORE514', 'store_name': 'Riverside Store', 'location': 'East Burlington', 'manager': 'James Smith'}, {'store_id': 'STORE515', 'store_name': 'Burlington Store', 'location': 'West Jacksontown', 'manager': 'Kimberly Roberts'}, {'store_id': 'STORE516', 'store_name': 'Clayton Store', 'location': 'East Fairview', 'manager': 'Betty Lewis'}, {'store_id': 'STORE517', 'store_name': 'Greenwood Store', 'location': 'East Salem', 'manager': 'Kevin Carter'}, {'store_id': 'STORE518', 'store_name': 'Dover Store', 'location': 'East Burlington', 'manager': 'Helen Walker'}, {'store_id': 'STORE519', 'store_name': 'Georgetown Store', 'location': 'East Franklin', 'manager': 'Christopher Garcia'}, {'store_id': 'STORE520', 'store_name': 'Burlington Store', 'location': 'East Waynetown', 'manager': 'Jennifer Garcia'}  ... displaying 10 of 380 total bound parameter sets ...  {'store_id': 'STORE998', 'store_name': 'Richmond Store', 'location': 'West Marion', 'manager': 'Steven King'}, {'store_id': 'STORE999', 'store_name': 'Troy Store', 'location': 'East Hudson', 'manager': 'Matthew Rodriguez'}]]
(Background on this error at: https://sqlalche.me/e/20/gkpj)",2025-08-22 14:42:38.977835
STORE556,Clayton Store,East Salem,Linda Davis,"Database insertion failed: (pymysql.err.IntegrityError) (1062, ""Duplicate entry 'STORE513' for key 'dimstore.store_id'"")
[SQL: INSERT INTO dimstore (store_id, store_name, location, manager) VALUES (%(store_id)s, %(store_name)s, %(location)s, %(manager)s)]
[parameters: [{'store_id': 'STORE513', 'store_name': 'Clinton Store', 'location': 'East Richmond', 'manager': 'Daniel Robinson'}, {'store_id': 'STORE514', 'store_name': 'Riverside Store', 'location': 'East Burlington', 'manager': 'James Smith'}, {'store_id': 'STORE515', 'store_name': 'Burlington Store', 'location': 'West Jacksontown', 'manager': 'Kimberly Roberts'}, {'store_id': 'STORE516', 'store_name': 'Clayton Store', 'location': 'East Fairview', 'manager': 'Betty Lewis'}, {'store_id': 'STORE517', 'store_name': 'Greenwood Store', 'location': 'East Salem', 'manager': 'Kevin Carter'}, {'store_id': 'STORE518', 'store_name': 'Dover Store', 'location': 'East Burlington', 'manager': 'Helen Walker'}, {'store_id': 'STORE519', 'store_name': 'Georgetown Store', 'location': 'East Franklin', 'manager': 'Christopher Garcia'}, {'store_id': 'STORE520', 'store_name': 'Burlington Store', 'location': 'East Waynetown', 'manager': 'Jennifer Garcia'}  ... displaying 10 of 380 total bound parameter sets ...  {'store_id': 'STORE998', 'store_name': 'Richmond Store', 'location': 'West Marion', 'manager': 'Steven King'}, {'store_id': 'STORE999', 'store_name': 'Troy Store', 'location': 'East Hudson', 'manager': 'Matthew Rodriguez'}]]
(Background on this error at: https://sqlalche.me/e/20/gkpj)",2025-08-22 14:42:38.977835
STORE557,Wayne Store,East Manchester,Laura Nelson,"Database insertion failed: (pymysql.err.IntegrityError) (1062, ""Duplicate entry 'STORE513' for key 'dimstore.store_id'"")
[SQL: INSERT INTO dimstore (store_id, store_name, location, manager) VALUES (%(store_id)s, %(store_name)s, %(location)s, %(manager)s)]
[parameters: [{'store_id': 'STORE513', 'store_name': 'Clinton Store', 'location': 'East Richmond', 'manager': 'Daniel Robinson'}, {'store_id': 'STORE514', 'store_name': 'Riverside Store', 'location': 'East Burlington', 'manager': 'James Smith'}, {'store_id': 'STORE515', 'store_name': 'Burlington Store', 'location': 'West Jacksontown', 'manager': 'Kimberly Roberts'}, {'store_id': 'STORE516', 'store_name': 'Clayton Store', 'location': 'East Fairview', 'manager': 'Betty Lewis'}, {'store_id': 'STORE517', 'store_name': 'Greenwood Store', 'location': 'East Salem', 'manager': 'Kevin Carter'}, {'store_id': 'STORE518', 'store_name': 'Dover Store', 'location': 'East Burlington', 'manager': 'Helen Walker'}, {'store_id': 'STORE519', 'store_name': 'Georgetown Store', 'location': 'East Franklin', 'manager': 'Christopher Garcia'}, {'store_id': 'STORE520', 'store_name': 'Burlington Store', 'location': 'East Waynetown', 'manager': 'Jennifer Garcia'}  ... displaying 10 of 380 total bound parameter sets ...  {'store_id': 'STORE998', 'store_name': 'Richmond Store', 'location': 'West Marion', 'manager': 'Steven King'}, {'store_id': 'STORE999', 'store_name': 'Troy Store', 'location': 'East Hudson', 'manager': 'Matthew Rodriguez'}]]
(Background on this error at: https://sqlalche.me/e/20/gkpj)",2025-08-22 14:42:38.977835
STORE558,Clayton Store,West Clayton,Edward Campbell,"Database insertion failed: (pymysql.err.IntegrityError) (1062, ""Duplicate entry 'STORE513' for key 'dimstore.store_id'"")
[SQL: INSERT INTO dimstore (store_id, store_name, location, manager) VALUES (%(store_id)s, %(store_name)s, %(location)s, %(manager)s)]
[parameters: [{'store_id': 'STORE513', 'store_name': 'Clinton Store', 'location': 'East Richmond', 'manager': 'Daniel Robinson'}, {'store_id': 'STORE514', 'store_name': 'Riverside Store', 'location': 'East Burlington', 'manager': 'James Smith'}, {'store_id': 'STORE515', 'store_name': 'Burlington Store', 'location': 'West Jacksontown', 'manager': 'Kimberly Roberts'}, {'store_id': 'STORE516', 'store_name': 'Clayton Store', 'location': 'East Fairview', 'manager': 'Betty Lewis'}, {'store_id': 'STORE517', 'store_name': 'Greenwood Store', 'location': 'East Salem', 'manager': 'Kevin Carter'}, {'store_id': 'STORE518', 'store_name': 'Dover Store', 'location': 'East Burlington', 'manager': 'Helen Walker'}, {'store_id': 'STORE519', 'store_name': 'Georgetown Store', 'location': 'East Franklin', 'manager': 'Christopher Garcia'}, {'store_id': 'STORE520', 'store_name': 'Burlington Store', 'location': 'East Waynetown', 'manager': 'Jennifer Garcia'}  ... displaying 10 of 380 total bound parameter sets ...  {'store_id': 'STORE998', 'store_name': 'Richmond Store', 'location': 'West Marion', 'manager': 'Steven King'}, {'store_id': 'STORE999', 'store_name': 'Troy Store', 'location': 'East Hudson', 'manager': 'Matthew Rodriguez'}]]
(Background on this error at: https://sqlalche.me/e/20/gkpj)",2025-08-22 14:42:38.977835
STORE559,Clinton Store,East Wayne,Richard Taylor,"Database insertion failed: (pymysql.err.IntegrityError) (1062, ""Duplicate entry 'STORE513' for key 'dimstore.store_id'"")
[SQL: INSERT INTO dimstore (store_id, store_name, location, manager) VALUES (%(store_id)s, %(store_name)s, %(location)s, %(manager)s)]
[parameters: [{'store_id': 'STORE513', 'store_name': 'Clinton Store', 'location': 'East Richmond', 'manager': 'Daniel Robinson'}, {'store_id': 'STORE514', 'store_name': 'Riverside Store', 'location': 'East Burlington', 'manager': 'James Smith'}, {'store_id': 'STORE515', 'store_name': 'Burlington Store', 'location': 'West Jacksontown', 'manager': 'Kimberly Roberts'}, {'store_id': 'STORE516', 'store_name': 'Clayton Store', 'location': 'East Fairview', 'manager': 'Betty Lewis'}, {'store_id': 'STORE517', 'store_name': 'Greenwood Store', 'location': 'East Salem', 'manager': 'Kevin Carter'}, {'store_id': 'STORE518', 'store_name': 'Dover Store', 'location': 'East Burlington', 'manager': 'Helen Walker'}, {'store_id': 'STORE519', 'store_name': 'Georgetown Store', 'location': 'East Franklin', 'manager': 'Christopher Garcia'}, {'store_id': 'STORE520', 'store_name': 'Burlington Store', 'location': 'East Waynetown', 'manager': 'Jennifer Garcia'}  ... displaying 10 of 380 total bound parameter sets ...  {'store_id': 'STORE998', 'store_name': 'Richmond Store', 'location': 'West Marion', 'manager': 'Steven King'}, {'store_id': 'STORE999', 'store_name': 'Troy Store', 'location': 'East Hudson', 'manager': 'Matthew Rodriguez'}]]
(Background on this error at: https://sqlalche.me/e/20/gkpj)",2025-08-22 14:42:38.977835
STORE560,Springfield Store,East Burlington,Steven King,"Database insertion failed: (pymysql.err.IntegrityError) (1062, ""Duplicate entry 'STORE513' for key 'dimstore.store_id'"")
[SQL: INSERT INTO dimstore (store_id, store_name, location, manager) VALUES (%(store_id)s, %(store_name)s, %(location)s, %(manager)s)]
[parameters: [{'store_id': 'STORE513', 'store_name': 'Clinton Store', 'location': 'East Richmond', 'manager': 'Daniel Robinson'}, {'store_id': 'STORE514', 'store_name': 'Riverside Store', 'location': 'East Burlington', 'manager': 'James Smith'}, {'store_id': 'STORE515', 'store_name': 'Burlington Store', 'location': 'West Jacksontown', 'manager': 'Kimberly Roberts'}, {'store_id': 'STORE516', 'store_name': 'Clayton Store', 'location': 'East Fairview', 'manager': 'Betty Lewis'}, {'store_id': 'STORE517', 'store_name': 'Greenwood Store', 'location': 'East Salem', 'manager': 'Kevin Carter'}, {'store_id': 'STORE518', 'store_name': 'Dover Store', 'location': 'East Burlington', 'manager': 'Helen Walker'}, {'store_id': 'STORE519', 'store_name': 'Georgetown Store', 'location': 'East Franklin', 'manager': 'Christopher Garcia'}, {'store_id': 'STORE520', 'store_name': 'Burlington Store', 'location': 'East Waynetown', 'manager': 'Jennifer Garcia'}  ... displaying 10 of 380 total bound parameter sets ...  {'store_id': 'STORE998', 'store_name': 'Richmond Store', 'location': 'West Marion', 'manager': 'Steven King'}, {'store_id': 'STORE999', 'store_name': 'Troy Store', 'location': 'East Hudson', 'manager': 'Matthew Rodriguez'}]]
(Background on this error at: https://sqlalche.me/e/20/gkpj)",2025-08-22 14:42:38.977835
STORE561,Hudson Store,West Madison,Matthew Rodriguez,"Database insertion failed: (pymysql.err.IntegrityError) (1062, ""Duplicate entry 'STORE513' for key 'dimstore.store_id'"")
[SQL: INSERT INTO dimstore (store_id, store_name, location, manager) VALUES (%(store_id)s, %(store_name)s, %(location)s, %(manager)s)]
[parameters: [{'store_id': 'STORE513', 'store_name': 'Clinton Store', 'location': 'East Richmond', 'manager': 'Daniel Robinson'}, {'store_id': 'STORE514', 'store_name': 'Riverside Store', 'location': 'East Burlington', 'manager': 'James Smith'}, {'store_id': 'STORE515', 'store_name': 'Burlington Store', 'location': 'West Jacksontown', 'manager': 'Kimberly Roberts'}, {'store_id': 'STORE516', 'store_name': 'Clayton Store', 'location': 'East Fairview', 'manager': 'Betty Lewis'}, {'store_id': 'STORE517', 'store_name': 'Greenwood Store', 'location': 'East Salem', 'manager': 'Kevin Carter'}, {'store_id': 'STORE518', 'store_name': 'Dover Store', 'location': 'East Burlington', 'manager': 'Helen Walker'}, {'store_id': 'STORE519', 'store_name': 'Georgetown Store', 'location': 'East Franklin', 'manager': 'Christopher Garcia'}, {'store_id': 'STORE520', 'store_name': 'Burlington Store', 'location': 'East Waynetown', 'manager': 'Jennifer Garcia'}  ... displaying 10 of 380 total bound parameter sets ...  {'store_id': 'STORE998', 'store_name': 'Richmond Store', 'location': 'West Marion', 'manager': 'Steven King'}, {'store_id': 'STORE999', 'store_name': 'Troy Store', 'location': 'East Hudson', 'manager': 'Matthew Rodriguez'}]]
(Background on this error at: https://sqlalche.me/e/20/gkpj)",2025-08-22 14:42:38.977835
STORE562,Georgetown Store,West Chester,Mark Hall,"Database insertion failed: (pymysql.err.IntegrityError) (1062, ""Duplicate entry 'STORE513' for key 'dimstore.store_id'"")
[SQL: INSERT INTO dimstore (store_id, store_name, location, manager) VALUES (%(store_id)s, %(store_name)s, %(location)s, %(manager)s)]
[parameters: [{'store_id': 'STORE513', 'store_name': 'Clinton Store', 'location': 'East Richmond', 'manager': 'Daniel Robinson'}, {'store_id': 'STORE514', 'store_name': 'Riverside Store', 'location': 'East Burlington', 'manager': 'James Smith'}, {'store_id': 'STORE515', 'store_name': 'Burlington Store', 'location': 'West Jacksontown', 'manager': 'Kimberly Roberts'}, {'store_id': 'STORE516', 'store_name': 'Clayton Store', 'location': 'East Fairview', 'manager': 'Betty Lewis'}, {'store_id': 'STORE517', 'store_name': 'Greenwood Store', 'location': 'East Salem', 'manager': 'Kevin Carter'}, {'store_id': 'STORE518', 'store_name': 'Dover Store', 'location': 'East Burlington', 'manager': 'Helen Walker'}, {'store_id': 'STORE519', 'store_name': 'Georgetown Store', 'location': 'East Franklin', 'manager': 'Christopher Garcia'}, {'store_id': 'STORE520', 'store_name': 'Burlington Store', 'location': 'East Waynetown', 'manager': 'Jennifer Garcia'}  ... displaying 10 of 380 total bound parameter sets ...  {'store_id': 'STORE998', 'store_name': 'Richmond Store', 'location': 'West Marion', 'manager': 'Steven King'}, {'store_id': 'STORE999', 'store_name': 'Troy Store', 'location': 'East Hudson', 'manager': 'Matthew Rodriguez'}]]
(Background on this error at: https://sqlalche.me/e/20/gkpj)",2025-08-22 14:42:38.977835
STORE563,Wayne Store,East Ashland,Paul Lopez,"Database insertion failed: (pymysql.err.IntegrityError) (1062, ""Duplicate entry 'STORE513' for key 'dimstore.store_id'"")
[SQL: INSERT INTO dimstore (store_id, store_name, location, manager) VALUES (%(store_id)s, %(store_name)s, %(location)s, %(manager)s)]
[parameters: [{'store_id': 'STORE513', 'store_name': 'Clinton Store', 'location': 'East Richmond', 'manager': 'Daniel Robinson'}, {'store_id': 'STORE514', 'store_name': 'Riverside Store', 'location': 'East Burlington', 'manager': 'James Smith'}, {'store_id': 'STORE515', 'store_name': 'Burlington Store', 'location': 'West Jacksontown', 'manager': 'Kimberly Roberts'}, {'store_id': 'STORE516', 'store_name': 'Clayton Store', 'location': 'East Fairview', 'manager': 'Betty Lewis'}, {'store_id': 'STORE517', 'store_name': 'Greenwood Store', 'location': 'East Salem', 'manager': 'Kevin Carter'}, {'store_id': 'STORE518', 'store_name': 'Dover Store', 'location': 'East Burlington', 'manager': 'Helen Walker'}, {'store_id': 'STORE519', 'store_name': 'Georgetown Store', 'location': 'East Franklin', 'manager': 'Christopher Garcia'}, {'store_id': 'STORE520', 'store_name': 'Burlington Store', 'location': 'East Waynetown', 'manager': 'Jennifer Garcia'}  ... displaying 10 of 380 total bound parameter sets ...  {'store_id': 'STORE998', 'store_name': 'Richmond Store', 'location': 'West Marion', 'manager': 'Steven King'}, {'store_id': 'STORE999', 'store_name': 'Troy Store', 'location': 'East Hudson', 'manager': 'Matthew Rodriguez'}]]
(Background on this error at: https://sqlalche.me/e/20/gkpj)",2025-08-22 14:42:38.977835
STORE564,Milton Store,East Clayton,Sandra Allen,"Database insertion failed: (pymysql.err.IntegrityError) (1062, ""Duplicate entry 'STORE513' for key 'dimstore.store_id'"")
[SQL: INSERT INTO dimstore (store_id, store_name, location, manager) VALUES (%(store_id)s, %(store_name)s, %(location)s, %(manager)s)]
[parameters: [{'store_id': 'STORE513', 'store_name': 'Clinton Store', 'location': 'East Richmond', 'manager': 'Daniel Robinson'}, {'store_id': 'STORE514', 'store_name': 'Riverside Store', 'location': 'East Burlington', 'manager': 'James Smith'}, {'store_id': 'STORE515', 'store_name': 'Burlington Store', 'location': 'West Jacksontown', 'manager': 'Kimberly Roberts'}, {'store_id': 'STORE516', 'store_name': 'Clayton Store', 'location': 'East Fairview', 'manager': 'Betty Lewis'}, {'store_id': 'STORE517', 'store_name': 'Greenwood Store', 'location': 'East Salem', 'manager': 'Kevin Carter'}, {'store_id': 'STORE518', 'store_name': 'Dover Store', 'location': 'East Burlington', 'manager': 'Helen Walker'}, {'store_id': 'STORE519', 'store_name': 'Georgetown Store', 'location': 'East Franklin', 'manager': 'Christopher Garcia'}, {'store_id': 'STORE520', 'store_name': 'Burlington Store', 'location': 'East Waynetown', 'manager': 'Jennifer Garcia'}  ... displaying 10 of 380 total bound parameter sets ...  {'store_id': 'STORE998', 'store_name': 'Richmond Store', 'location': 'West Marion', 'manager': 'Steven King'}, {'store_id': 'STORE999', 'store_name': 'Troy Store', 'location': 'East Hudson', 'manager': 'Matthew Rodriguez'}]]
(Background on this error at: https://sqlalche.me/e/20/gkpj)",2025-08-22 14:42:38.977835
STORE565,Troy Store,East Lancaster,Nancy Martinez,"Database insertion failed: (pymysql.err.IntegrityError) (1062, ""Duplicate entry 'STORE513' for key 'dimstore.store_id'"")
[SQL: INSERT INTO dimstore (store_id, store_name, location, manager) VALUES (%(store_id)s, %(store_name)s, %(location)s, %(manager)s)]
[parameters: [{'store_id': 'STORE513', 'store_name': 'Clinton Store', 'location': 'East Richmond', 'manager': 'Daniel Robinson'}, {'store_id': 'STORE514', 'store_name': 'Riverside Store', 'location': 'East Burlington', 'manager': 'James Smith'}, {'store_id': 'STORE515', 'store_name': 'Burlington Store', 'location': 'West Jacksontown', 'manager': 'Kimberly Roberts'}, {'store_id': 'STORE516', 'store_name': 'Clayton Store', 'location': 'East Fairview', 'manager': 'Betty Lewis'}, {'store_id': 'STORE517', 'store_name': 'Greenwood Store', 'location': 'East Salem', 'manager': 'Kevin Carter'}, {'store_id': 'STORE518', 'store_name': 'Dover Store', 'location': 'East Burlington', 'manager': 'Helen Walker'}, {'store_id': 'STORE519', 'store_name': 'Georgetown Store', 'location': 'East Franklin', 'manager': 'Christopher Garcia'}, {'store_id': 'STORE520', 'store_name': 'Burlington Store', 'location': 'East Waynetown', 'manager': 'Jennifer Garcia'}  ... displaying 10 of 380 total bound parameter sets ...  {'store_id': 'STORE998', 'store_name': 'Richmond Store', 'location': 'West Marion', 'manager': 'Steven King'}, {'store_id': 'STORE999', 'store_name': 'Troy Store', 'location': 'East Hudson', 'manager': 'Matthew Rodriguez'}]]
(Background on this error at: https://sqlalche.me/e/20/gkpj)",2025-08-22 14:42:38.977835
STORE566,Ashland Store,West Troy,Kenneth Gonzalez,"Database insertion failed: (pymysql.err.IntegrityError) (1062, ""Duplicate entry 'STORE513' for key 'dimstore.store_id'"")
[SQL: INSERT INTO dimstore (store_id, store_name, location, manager) VALUES (%(store_id)s, %(store_name)s, %(location)s, %(manager)s)]
[parameters: [{'store_id': 'STORE513', 'store_name': 'Clinton Store', 'location': 'East Richmond', 'manager': 'Daniel Robinson'}, {'store_id': 'STORE514', 'store_name': 'Riverside Store', 'location': 'East Burlington', 'manager': 'James Smith'}, {'store_id': 'STORE515', 'store_name': 'Burlington Store', 'location': 'West Jacksontown', 'manager': 'Kimberly Roberts'}, {'store_id': 'STORE516', 'store_name': 'Clayton Store', 'location': 'East Fairview', 'manager': 'Betty Lewis'}, {'store_id': 'STORE517', 'store_name': 'Greenwood Store', 'location': 'East Salem', 'manager': 'Kevin Carter'}, {'store_id': 'STORE518', 'store_name': 'Dover Store', 'location': 'East Burlington', 'manager': 'Helen Walker'}, {'store_id': 'STORE519', 'store_name': 'Georgetown Store', 'location': 'East Franklin', 'manager': 'Christopher Garcia'}, {'store_id': 'STORE520', 'store_name': 'Burlington Store', 'location': 'East Waynetown', 'manager': 'Jennifer Garcia'}  ... displaying 10 of 380 total bound parameter sets ...  {'store_id': 'STORE998', 'store_name': 'Richmond Store', 'location': 'West Marion', 'manager': 'Steven King'}, {'store_id': 'STORE999', 'store_name': 'Troy Store', 'location': 'East Hudson', 'manager': 'Matthew Rodriguez'}]]
(Background on this error at: https://sqlalche.me/e/20/gkpj)",2025-08-22 14:42:38.977835
STORE567,Clinton Store,West Ashland,Andrew Scott,"Database insertion failed: (pymysql.err.IntegrityError) (1062, ""Duplicate entry 'STORE513' for key 'dimstore.store_id'"")
[SQL: INSERT INTO dimstore (store_id, store_name, location, manager) VALUES (%(store_id)s, %(store_name)s, %(location)s, %(manager)s)]
[parameters: [{'store_id': 'STORE513', 'store_name': 'Clinton Store', 'location': 'East Richmond', 'manager': 'Daniel Robinson'}, {'store_id': 'STORE514', 'store_name': 'Riverside Store', 'location': 'East Burlington', 'manager': 'James Smith'}, {'store_id': 'STORE515', 'store_name': 'Burlington Store', 'location': 'West Jacksontown', 'manager': 'Kimberly Roberts'}, {'store_id': 'STORE516', 'store_name': 'Clayton Store', 'location': 'East Fairview', 'manager': 'Betty Lewis'}, {'store_id': 'STORE517', 'store_name': 'Greenwood Store', 'location': 'East Salem', 'manager': 'Kevin Carter'}, {'store_id': 'STORE518', 'store_name': 'Dover Store', 'location': 'East Burlington', 'manager': 'Helen Walker'}, {'store_id': 'STORE519', 'store_name': 'Georgetown Store', 'location': 'East Franklin', 'manager': 'Christopher Garcia'}, {'store_id': 'STORE520', 'store_name': 'Burlington Store', 'location': 'East Waynetown', 'manager': 'Jennifer Garcia'}  ... displaying 10 of 380 total bound parameter sets ...  {'store_id': 'STORE998', 'store_name': 'Richmond Store', 'location': 'West Marion', 'manager': 'Steven King'}, {'store_id': 'STORE999', 'store_name': 'Troy Store', 'location': 'East Hudson', 'manager': 'Matthew Rodriguez'}]]
(Background on this error at: https://sqlalche.me/e/20/gkpj)",2025-08-22 14:42:38.977835
STORE568,Burlington Store,West Georgetown,Mark Hall,"Database insertion failed: (pymysql.err.IntegrityError) (1062, ""Duplicate entry 'STORE513' for key 'dimstore.store_id'"")
[SQL: INSERT INTO dimstore (store_id, store_name, location, manager) VALUES (%(store_id)s, %(store_name)s, %(location)s, %(manager)s)]
[parameters: [{'store_id': 'STORE513', 'store_name': 'Clinton Store', 'location': 'East Richmond', 'manager': 'Daniel Robinson'}, {'store_id': 'STORE514', 'store_name': 'Riverside Store', 'location': 'East Burlington', 'manager': 'James Smith'}, {'store_id': 'STORE515', 'store_name': 'Burlington Store', 'location': 'West Jacksontown', 'manager': 'Kimberly Roberts'}, {'store_id': 'STORE516', 'store_name': 'Clayton Store', 'location': 'East Fairview', 'manager': 'Betty Lewis'}, {'store_id': 'STORE517', 'store_name': 'Greenwood Store', 'location': 'East Salem', 'manager': 'Kevin Carter'}, {'store_id': 'STORE518', 'store_name': 'Dover Store', 'location': 'East Burlington', 'manager': 'Helen Walker'}, {'store_id': 'STORE519', 'store_name': 'Georgetown Store', 'location': 'East Franklin', 'manager': 'Christopher Garcia'}, {'store_id': 'STORE520', 'store_name': 'Burlington Store', 'location': 'East Waynetown', 'manager': 'Jennifer Garcia'}  ... displaying 10 of 380 total bound parameter sets ...  {'store_id': 'STORE998', 'store_name': 'Richmond Store', 'location': 'West Marion', 'manager': 'Steven King'}, {'store_id': 'STORE999', 'store_name': 'Troy Store', 'location': 'East Hudson', 'manager': 'Matthew Rodriguez'}]]
(Background on this error at: https://sqlalche.me/e/20/gkpj)",2025-08-22 14:42:38.977835
STORE569,Springfield Store,East Claytontown,Jennifer Garcia,"Database insertion failed: (pymysql.err.IntegrityError) (1062, ""Duplicate entry 'STORE513' for key 'dimstore.store_id'"")
[SQL: INSERT INTO dimstore (store_id, store_name, location, manager) VALUES (%(store_id)s, %(store_name)s, %(location)s, %(manager)s)]
[parameters: [{'store_id': 'STORE513', 'store_name': 'Clinton Store', 'location': 'East Richmond', 'manager': 'Daniel Robinson'}, {'store_id': 'STORE514', 'store_name': 'Riverside Store', 'location': 'East Burlington', 'manager': 'James Smith'}, {'store_id': 'STORE515', 'store_name': 'Burlington Store', 'location': 'West Jacksontown', 'manager': 'Kimberly Roberts'}, {'store_id': 'STORE516', 'store_name': 'Clayton Store', 'location': 'East Fairview', 'manager': 'Betty Lewis'}, {'store_id': 'STORE517', 'store_name': 'Greenwood Store', 'location': 'East Salem', 'manager': 'Kevin Carter'}, {'store_id': 'STORE518', 'store_name': 'Dover Store', 'location': 'East Burlington', 'manager': 'Helen Walker'}, {'store_id': 'STORE519', 'store_name': 'Georgetown Store', 'location': 'East Franklin', 'manager': 'Christopher Garcia'}, {'store_id': 'STORE520', 'store_name': 'Burlington Store', 'location': 'East Waynetown', 'manager': 'Jennifer Garcia'}  ... displaying 10 of 380 total bound parameter sets ...  {'store_id': 'STORE998', 'store_name': 'Richmond Store', 'location': 'West Marion', 'manager': 'Steven King'}, {'store_id': 'STORE999', 'store_name': 'Troy Store', 'location': 'East Hudson', 'manager': 'Matthew Rodriguez'}]]
(Background on this error at: https://sqlalche.me/e/20/gkpj)",2025-08-22 14:42:38.977835
STORE570,Greenwood Store,East Burlingtontown,Daniel Robinson,"Database insertion failed: (pymysql.err.IntegrityError) (1062, ""Duplicate entry 'STORE513' for key 'dimstore.store_id'"")
[SQL: INSERT INTO dimstore (store_id, store_name, location, manager) VALUES (%(store_id)s, %(store_name)s, %(location)s, %(manager)s)]
[parameters: [{'store_id': 'STORE513', 'store_name': 'Clinton Store', 'location': 'East Richmond', 'manager': 'Daniel Robinson'}, {'store_id': 'STORE514', 'store_name': 'Riverside Store', 'location': 'East Burlington', 'manager': 'James Smith'}, {'store_id': 'STORE515', 'store_name': 'Burlington Store', 'location': 'West Jacksontown', 'manager': 'Kimberly Roberts'}, {'store_id': 'STORE516', 'store_name': 'Clayton Store', 'location': 'East Fairview', 'manager': 'Betty Lewis'}, {'store_id': 'STORE517', 'store_name': 'Greenwood Store', 'location': 'East Salem', 'manager': 'Kevin Carter'}, {'store_id': 'STORE518', 'store_name': 'Dover Store', 'location': 'East Burlington', 'manager': 'Helen Walker'}, {'store_id': 'STORE519', 'store_name': 'Georgetown Store', 'location': 'East Franklin', 'manager': 'Christopher Garcia'}, {'store_id': 'STORE520', 'store_name': 'Burlington Store', 'location': 'East Waynetown', 'manager': 'Jennifer Garcia'}  ... displaying 10 of 380 total bound parameter sets ...  {'store_id': 'STORE998', 'store_name': 'Richmond Store', 'location': 'West Marion', 'manager': 'Steven King'}, {'store_id': 'STORE999', 'store_name': 'Troy Store', 'location': 'East Hudson', 'manager': 'Matthew Rodriguez'}]]
(Background on this error at: https://sqlalche.me/e/20/gkpj)",2025-08-22 14:42:38.977835
STORE571,Dover Store,East Hudson,Thomas Harris,"Database insertion failed: (pymysql.err.IntegrityError) (1062, ""Duplicate entry 'STORE513' for key 'dimstore.store_id'"")
[SQL: INSERT INTO dimstore (store_id, store_name, location, manager) VALUES (%(store_id)s, %(store_name)s, %(location)s, %(manager)s)]
[parameters: [{'store_id': 'STORE513', 'store_name': 'Clinton Store', 'location': 'East Richmond', 'manager': 'Daniel Robinson'}, {'store_id': 'STORE514', 'store_name': 'Riverside Store', 'location': 'East Burlington', 'manager': 'James Smith'}, {'store_id': 'STORE515', 'store_name': 'Burlington Store', 'location': 'West Jacksontown', 'manager': 'Kimberly Roberts'}, {'store_id': 'STORE516', 'store_name': 'Clayton Store', 'location': 'East Fairview', 'manager': 'Betty Lewis'}, {'store_id': 'STORE517', 'store_name': 'Greenwood Store', 'location': 'East Salem', 'manager': 'Kevin Carter'}, {'store_id': 'STORE518', 'store_name': 'Dover Store', 'location': 'East Burlington', 'manager': 'Helen Walker'}, {'store_id': 'STORE519', 'store_name': 'Georgetown Store', 'location': 'East Franklin', 'manager': 'Christopher Garcia'}, {'store_id': 'STORE520', 'store_name': 'Burlington Store', 'location': 'East Waynetown', 'manager': 'Jennifer Garcia'}  ... displaying 10 of 380 total bound parameter sets ...  {'store_id': 'STORE998', 'store_name': 'Richmond Store', 'location': 'West Marion', 'manager': 'Steven King'}, {'store_id': 'STORE999', 'store_name': 'Troy Store', 'location': 'East Hudson', 'manager': 'Matthew Rodriguez'}]]
(Background on this error at: https://sqlalche.me/e/20/gkpj)",2025-08-22 14:42:38.977835
STORE572,Milton Store,West Milton,Andrew Scott,"Database insertion failed: (pymysql.err.IntegrityError) (1062, ""Duplicate entry 'STORE513' for key 'dimstore.store_id'"")
[SQL: INSERT INTO dimstore (store_id, store_name, location, manager) VALUES (%(store_id)s, %(store_name)s, %(location)s, %(manager)s)]
[parameters: [{'store_id': 'STORE513', 'store_name': 'Clinton Store', 'location': 'East Richmond', 'manager': 'Daniel Robinson'}, {'store_id': 'STORE514', 'store_name': 'Riverside Store', 'location': 'East Burlington', 'manager': 'James Smith'}, {'store_id': 'STORE515', 'store_name': 'Burlington Store', 'location': 'West Jacksontown', 'manager': 'Kimberly Roberts'}, {'store_id': 'STORE516', 'store_name': 'Clayton Store', 'location': 'East Fairview', 'manager': 'Betty Lewis'}, {'store_id': 'STORE517', 'store_name': 'Greenwood Store', 'location': 'East Salem', 'manager': 'Kevin Carter'}, {'store_id': 'STORE518', 'store_name': 'Dover Store', 'location': 'East Burlington', 'manager': 'Helen Walker'}, {'store_id': 'STORE519', 'store_name': 'Georgetown Store', 'location': 'East Franklin', 'manager': 'Christopher Garcia'}, {'store_id': 'STORE520', 'store_name': 'Burlington Store', 'location': 'East Waynetown', 'manager': 'Jennifer Garcia'}  ... displaying 10 of 380 total bound parameter sets ...  {'store_id': 'STORE998', 'store_name': 'Richmond Store', 'location': 'West Marion', 'manager': 'Steven King'}, {'store_id': 'STORE999', 'store_name': 'Troy Store', 'location': 'East Hudson', 'manager': 'Matthew Rodriguez'}]]
(Background on this error at: https://sqlalche.me/e/20/gkpj)",2025-08-22 14:42:38.977835
STORE573,Marion Store,East Ashland,Deborah Phillips,"Database insertion failed: (pymysql.err.IntegrityError) (1062, ""Duplicate entry 'STORE513' for key 'dimstore.store_id'"")
[SQL: INSERT INTO dimstore (store_id, store_name, location, manager) VALUES (%(store_id)s, %(store_name)s, %(location)s, %(manager)s)]
[parameters: [{'store_id': 'STORE513', 'store_name': 'Clinton Store', 'location': 'East Richmond', 'manager': 'Daniel Robinson'}, {'store_id': 'STORE514', 'store_name': 'Riverside Store', 'location': 'East Burlington', 'manager': 'James Smith'}, {'store_id': 'STORE515', 'store_name': 'Burlington Store', 'location': 'West Jacksontown', 'manager': 'Kimberly Roberts'}, {'store_id': 'STORE516', 'store_name': 'Clayton Store', 'location': 'East Fairview', 'manager': 'Betty Lewis'}, {'store_id': 'STORE517', 'store_name': 'Greenwood Store', 'location': 'East Salem', 'manager': 'Kevin Carter'}, {'store_id': 'STORE518', 'store_name': 'Dover Store', 'location': 'East Burlington', 'manager': 'Helen Walker'}, {'store_id': 'STORE519', 'store_name': 'Georgetown Store', 'location': 'East Franklin', 'manager': 'Christopher Garcia'}, {'store_id': 'STORE520', 'store_name': 'Burlington Store', 'location': 'East Waynetown', 'manager': 'Jennifer Garcia'}  ... displaying 10 of 380 total bound parameter sets ...  {'store_id': 'STORE998', 'store_name': 'Richmond Store', 'location': 'West Marion', 'manager': 'Steven King'}, {'store_id': 'STORE999', 'store_name': 'Troy Store', 'location': 'East Hudson', 'manager': 'Matthew Rodriguez'}]]
(Background on this error at: https://sqlalche.me/e/20/gkpj)",2025-08-22 14:42:38.977835
STORE574,Madison Store,East Burlington,Laura Nelson,"Database insertion failed: (pymysql.err.IntegrityError) (1062, ""Duplicate entry 'STORE513' for key 'dimstore.store_id'"")
[SQL: INSERT INTO dimstore (store_id, store_name, location, manager) VALUES (%(store_id)s, %(store_name)s, %(location)s, %(manager)s)]
[parameters: [{'store_id': 'STORE513', 'store_name': 'Clinton Store', 'location': 'East Richmond', 'manager': 'Daniel Robinson'}, {'store_id': 'STORE514', 'store_name': 'Riverside Store', 'location': 'East Burlington', 'manager': 'James Smith'}, {'store_id': 'STORE515', 'store_name': 'Burlington Store', 'location': 'West Jacksontown', 'manager': 'Kimberly Roberts'}, {'store_id': 'STORE516', 'store_name': 'Clayton Store', 'location': 'East Fairview', 'manager': 'Betty Lewis'}, {'store_id': 'STORE517', 'store_name': 'Greenwood Store', 'location': 'East Salem', 'manager': 'Kevin Carter'}, {'store_id': 'STORE518', 'store_name': 'Dover Store', 'location': 'East Burlington', 'manager': 'Helen Walker'}, {'store_id': 'STORE519', 'store_name': 'Georgetown Store', 'location': 'East Franklin', 'manager': 'Christopher Garcia'}, {'store_id': 'STORE520', 'store_name': 'Burlington Store', 'location': 'East Waynetown', 'manager': 'Jennifer Garcia'}  ... displaying 10 of 380 total bound parameter sets ...  {'store_id': 'STORE998', 'store_name': 'Richmond Store', 'location': 'West Marion', 'manager': 'Steven King'}, {'store_id': 'STORE999', 'store_name': 'Troy Store', 'location': 'East Hudson', 'manager': 'Matthew Rodriguez'}]]
(Background on this error at: https://sqlalche.me/e/20/gkpj)",2025-08-22 14:42:38.977835
STORE575,Wayne Store,West Richmond,Betty Lewis,"Database insertion failed: (pymysql.err.IntegrityError) (1062, ""Duplicate entry 'STORE513' for key 'dimstore.store_id'"")
[SQL: INSERT INTO dimstore (store_id, store_name, location, manager) VALUES (%(store_id)s, %(store_name)s, %(location)s, %(manager)s)]
[parameters: [{'store_id': 'STORE513', 'store_name': 'Clinton Store', 'location': 'East Richmond', 'manager': 'Daniel Robinson'}, {'store_id': 'STORE514', 'store_name': 'Riverside Store', 'location': 'East Burlington', 'manager': 'James Smith'}, {'store_id': 'STORE515', 'store_name': 'Burlington Store', 'location': 'West Jacksontown', 'manager': 'Kimberly Roberts'}, {'store_id': 'STORE516', 'store_name': 'Clayton Store', 'location': 'East Fairview', 'manager': 'Betty Lewis'}, {'store_id': 'STORE517', 'store_name': 'Greenwood Store', 'location': 'East Salem', 'manager': 'Kevin Carter'}, {'store_id': 'STORE518', 'store_name': 'Dover Store', 'location': 'East Burlington', 'manager': 'Helen Walker'}, {'store_id': 'STORE519', 'store_name': 'Georgetown Store', 'location': 'East Franklin', 'manager': 'Christopher Garcia'}, {'store_id': 'STORE520', 'store_name': 'Burlington Store', 'location': 'East Waynetown', 'manager': 'Jennifer Garcia'}  ... displaying 10 of 380 total bound parameter sets ...  {'store_id': 'STORE998', 'store_name': 'Richmond Store', 'location': 'West Marion', 'manager': 'Steven King'}, {'store_id': 'STORE999', 'store_name': 'Troy Store', 'location': 'East Hudson', 'manager': 'Matthew Rodriguez'}]]
(Background on this error at: https://sqlalche.me/e/20/gkpj)",2025-08-22 14:42:38.977835
STORE576,Clinton Store,East Fairview,Ronald Evans,"Database insertion failed: (pymysql.err.IntegrityError) (1062, ""Duplicate entry 'STORE513' for key 'dimstore.store_id'"")
[SQL: INSERT INTO dimstore (store_id, store_name, location, manager) VALUES (%(store_id)s, %(store_name)s, %(location)s, %(manager)s)]
[parameters: [{'store_id': 'STORE513', 'store_name': 'Clinton Store', 'location': 'East Richmond', 'manager': 'Daniel Robinson'}, {'store_id': 'STORE514', 'store_name': 'Riverside Store', 'location': 'East Burlington', 'manager': 'James Smith'}, {'store_id': 'STORE515', 'store_name': 'Burlington Store', 'location': 'West Jacksontown', 'manager': 'Kimberly Roberts'}, {'store_id': 'STORE516', 'store_name': 'Clayton Store', 'location': 'East Fairview', 'manager': 'Betty Lewis'}, {'store_id': 'STORE517', 'store_name': 'Greenwood Store', 'location': 'East Salem', 'manager': 'Kevin Carter'}, {'store_id': 'STORE518', 'store_name': 'Dover Store', 'location': 'East Burlington', 'manager': 'Helen Walker'}, {'store_id': 'STORE519', 'store_name': 'Georgetown Store', 'location': 'East Franklin', 'manager': 'Christopher Garcia'}, {'store_id': 'STORE520', 'store_name': 'Burlington Store', 'location': 'East Waynetown', 'manager': 'Jennifer Garcia'}  ... displaying 10 of 380 total bound parameter sets ...  {'store_id': 'STORE998', 'store_name': 'Richmond Store', 'location': 'West Marion', 'manager': 'Steven King'}, {'store_id': 'STORE999', 'store_name': 'Troy Store', 'location': 'East Hudson', 'manager': 'Matthew Rodriguez'}]]
(Background on this error at: https://sqlalche.me/e/20/gkpj)",2025-08-22 14:42:38.977835
STORE577,Arlington Store,East Richmondtown,Linda Davis,"Database insertion failed: (pymysql.err.IntegrityError) (1062, ""Duplicate entry 'STORE513' for key 'dimstore.store_id'"")
[SQL: INSERT INTO dimstore (store_id, store_name, location, manager) VALUES (%(store_id)s, %(store_name)s, %(location)s, %(manager)s)]
[parameters: [{'store_id': 'STORE513', 'store_name': 'Clinton Store', 'location': 'East Richmond', 'manager': 'Daniel Robinson'}, {'store_id': 'STORE514', 'store_name': 'Riverside Store', 'location': 'East Burlington', 'manager': 'James Smith'}, {'store_id': 'STORE515', 'store_name': 'Burlington Store', 'location': 'West Jacksontown', 'manager': 'Kimberly Roberts'}, {'store_id': 'STORE516', 'store_name': 'Clayton Store', 'location': 'East Fairview', 'manager': 'Betty Lewis'}, {'store_id': 'STORE517', 'store_name': 'Greenwood Store', 'location': 'East Salem', 'manager': 'Kevin Carter'}, {'store_id': 'STORE518', 'store_name': 'Dover Store', 'location': 'East Burlington', 'manager': 'Helen Walker'}, {'store_id': 'STORE519', 'store_name': 'Georgetown Store', 'location': 'East Franklin', 'manager': 'Christopher Garcia'}, {'store_id': 'STORE520', 'store_name': 'Burlington Store', 'location': 'East Waynetown', 'manager': 'Jennifer Garcia'}  ... displaying 10 of 380 total bound parameter sets ...  {'store_id': 'STORE998', 'store_name': 'Richmond Store', 'location': 'West Marion', 'manager': 'Steven King'}, {'store_id': 'STORE999', 'store_name': 'Troy Store', 'location': 'East Hudson', 'manager': 'Matthew Rodriguez'}]]
(Background on this error at: https://sqlalche.me/e/20/gkpj)",2025-08-22 14:42:38.977835
STORE578,Salem Store,East Wayne,Sarah Martin,"Database insertion failed: (pymysql.err.IntegrityError) (1062, ""Duplicate entry 'STORE513' for key 'dimstore.store_id'"")
[SQL: INSERT INTO dimstore (store_id, store_name, location, manager) VALUES (%(store_id)s, %(store_name)s, %(location)s, %(manager)s)]
[parameters: [{'store_id': 'STORE513', 'store_name': 'Clinton Store', 'location': 'East Richmond', 'manager': 'Daniel Robinson'}, {'store_id': 'STORE514', 'store_name': 'Riverside Store', 'location': 'East Burlington', 'manager': 'James Smith'}, {'store_id': 'STORE515', 'store_name': 'Burlington Store', 'location': 'West Jacksontown', 'manager': 'Kimberly Roberts'}, {'store_id': 'STORE516', 'store_name': 'Clayton Store', 'location': 'East Fairview', 'manager': 'Betty Lewis'}, {'store_id': 'STORE517', 'store_name': 'Greenwood Store', 'location': 'East Salem', 'manager': 'Kevin Carter'}, {'store_id': 'STORE518', 'store_name': 'Dover Store', 'location': 'East Burlington', 'manager': 'Helen Walker'}, {'store_id': 'STORE519', 'store_name': 'Georgetown Store', 'location': 'East Franklin', 'manager': 'Christopher Garcia'}, {'store_id': 'STORE520', 'store_name': 'Burlington Store', 'location': 'East Waynetown', 'manager': 'Jennifer Garcia'}  ... displaying 10 of 380 total bound parameter sets ...  {'store_id': 'STORE998', 'store_name': 'Richmond Store', 'location': 'West Marion', 'manager': 'Steven King'}, {'store_id': 'STORE999', 'store_name': 'Troy Store', 'location': 'East Hudson', 'manager': 'Matthew Rodriguez'}]]
(Background on this error at: https://sqlalche.me/e/20/gkpj)",2025-08-22 14:42:38.977835
STORE579,Arlington Store,West Oxford,Nancy Martinez,"Database insertion failed: (pymysql.err.IntegrityError) (1062, ""Duplicate entry 'STORE513' for key 'dimstore.store_id'"")
[SQL: INSERT INTO dimstore (store_id, store_name, location, manager) VALUES (%(store_id)s, %(store_name)s, %(location)s, %(manager)s)]
[parameters: [{'store_id': 'STORE513', 'store_name': 'Clinton Store', 'location': 'East Richmond', 'manager': 'Daniel Robinson'}, {'store_id': 'STORE514', 'store_name': 'Riverside Store', 'location': 'East Burlington', 'manager': 'James Smith'}, {'store_id': 'STORE515', 'store_name': 'Burlington Store', 'location': 'West Jacksontown', 'manager': 'Kimberly Roberts'}, {'store_id': 'STORE516', 'store_name': 'Clayton Store', 'location': 'East Fairview', 'manager': 'Betty Lewis'}, {'store_id': 'STORE517', 'store_name': 'Greenwood Store', 'location': 'East Salem', 'manager': 'Kevin Carter'}, {'store_id': 'STORE518', 'store_name': 'Dover Store', 'location': 'East Burlington', 'manager': 'Helen Walker'}, {'store_id': 'STORE519', 'store_name': 'Georgetown Store', 'location': 'East Franklin', 'manager': 'Christopher Garcia'}, {'store_id': 'STORE520', 'store_name': 'Burlington Store', 'location': 'East Waynetown', 'manager': 'Jennifer Garcia'}  ... displaying 10 of 380 total bound parameter sets ...  {'store_id': 'STORE998', 'store_name': 'Richmond Store', 'location': 'West Marion', 'manager': 'Steven King'}, {'store_id': 'STORE999', 'store_name': 'Troy Store', 'location': 'East Hudson', 'manager': 'Matthew Rodriguez'}]]
(Background on this error at: https://sqlalche.me/e/20/gkpj)",2025-08-22 14:42:38.977835
STORE580,Wayne Store,West Oxford,Dorothy Parker,"Database insertion failed: (pymysql.err.IntegrityError) (1062, ""Duplicate entry 'STORE513' for key 'dimstore.store_id'"")
[SQL: INSERT INTO dimstore (store_id, store_name, location, manager) VALUES (%(store_id)s, %(store_name)s, %(location)s, %(manager)s)]
[parameters: [{'store_id': 'STORE513', 'store_name': 'Clinton Store', 'location': 'East Richmond', 'manager': 'Daniel Robinson'}, {'store_id': 'STORE514', 'store_name': 'Riverside Store', 'location': 'East Burlington', 'manager': 'James Smith'}, {'store_id': 'STORE515', 'store_name': 'Burlington Store', 'location': 'West Jacksontown', 'manager': 'Kimberly Roberts'}, {'store_id': 'STORE516', 'store_name': 'Clayton Store', 'location': 'East Fairview', 'manager': 'Betty Lewis'}, {'store_id': 'STORE517', 'store_name': 'Greenwood Store', 'location': 'East Salem', 'manager': 'Kevin Carter'}, {'store_id': 'STORE518', 'store_name': 'Dover Store', 'location': 'East Burlington', 'manager': 'Helen Walker'}, {'store_id': 'STORE519', 'store_name': 'Georgetown Store', 'location': 'East Franklin', 'manager': 'Christopher Garcia'}, {'store_id': 'STORE520', 'store_name': 'Burlington Store', 'location': 'East Waynetown', 'manager': 'Jennifer Garcia'}  ... displaying 10 of 380 total bound parameter sets ...  {'store_id': 'STORE998', 'store_name': 'Richmond Store', 'location': 'West Marion', 'manager': 'Steven King'}, {'store_id': 'STORE999', 'store_name': 'Troy Store', 'location': 'East Hudson', 'manager': 'Matthew Rodriguez'}]]
(Background on this error at: https://sqlalche.me/e/20/gkpj)",2025-08-22 14:42:38.977835
STORE581,Manchester Store,East Lancaster,Michael Miller,"Database insertion failed: (pymysql.err.IntegrityError) (1062, ""Duplicate entry 'STORE513' for key 'dimstore.store_id'"")
[SQL: INSERT INTO dimstore (store_id, store_name, location, manager) VALUES (%(store_id)s, %(store_name)s, %(location)s, %(manager)s)]
[parameters: [{'store_id': 'STORE513', 'store_name': 'Clinton Store', 'location': 'East Richmond', 'manager': 'Daniel Robinson'}, {'store_id': 'STORE514', 'store_name': 'Riverside Store', 'location': 'East Burlington', 'manager': 'James Smith'}, {'store_id': 'STORE515', 'store_name': 'Burlington Store', 'location': 'West Jacksontown', 'manager': 'Kimberly Roberts'}, {'store_id': 'STORE516', 'store_name': 'Clayton Store', 'location': 'East Fairview', 'manager': 'Betty Lewis'}, {'store_id': 'STORE517', 'store_name': 'Greenwood Store', 'location': 'East Salem', 'manager': 'Kevin Carter'}, {'store_id': 'STORE518', 'store_name': 'Dover Store', 'location': 'East Burlington', 'manager': 'Helen Walker'}, {'store_id': 'STORE519', 'store_name': 'Georgetown Store', 'location': 'East Franklin', 'manager': 'Christopher Garcia'}, {'store_id': 'STORE520', 'store_name': 'Burlington Store', 'location': 'East Waynetown', 'manager': 'Jennifer Garcia'}  ... displaying 10 of 380 total bound parameter sets ...  {'store_id': 'STORE998', 'store_name': 'Richmond Store', 'location': 'West Marion', 'manager': 'Steven King'}, {'store_id': 'STORE999', 'store_name': 'Troy Store', 'location': 'East Hudson', 'manager': 'Matthew Rodriguez'}]]
(Background on this error at: https://sqlalche.me/e/20/gkpj)",2025-08-22 14:42:38.977835
STORE582,Clinton Store,West Kingston,Linda Davis,"Database insertion failed: (pymysql.err.IntegrityError) (1062, ""Duplicate entry 'STORE513' for key 'dimstore.store_id'"")
[SQL: INSERT INTO dimstore (store_id, store_name, location, manager) VALUES (%(store_id)s, %(store_name)s, %(location)s, %(manager)s)]
[parameters: [{'store_id': 'STORE513', 'store_name': 'Clinton Store', 'location': 'East Richmond', 'manager': 'Daniel Robinson'}, {'store_id': 'STORE514', 'store_name': 'Riverside Store', 'location': 'East Burlington', 'manager': 'James Smith'}, {'store_id': 'STORE515', 'store_name': 'Burlington Store', 'location': 'West Jacksontown', 'manager': 'Kimberly Roberts'}, {'store_id': 'STORE516', 'store_name': 'Clayton Store', 'location': 'East Fairview', 'manager': 'Betty Lewis'}, {'store_id': 'STORE517', 'store_name': 'Greenwood Store', 'location': 'East Salem', 'manager': 'Kevin Carter'}, {'store_id': 'STORE518', 'store_name': 'Dover Store', 'location': 'East Burlington', 'manager': 'Helen Walker'}, {'store_id': 'STORE519', 'store_name': 'Georgetown Store', 'location': 'East Franklin', 'manager': 'Christopher Garcia'}, {'store_id': 'STORE520', 'store_name': 'Burlington Store', 'location': 'East Waynetown', 'manager': 'Jennifer Garcia'}  ... displaying 10 of 380 total bound parameter sets ...  {'store_id': 'STORE998', 'store_name': 'Richmond Store', 'location': 'West Marion', 'manager': 'Steven King'}, {'store_id': 'STORE999', 'store_name': 'Troy Store', 'location': 'East Hudson', 'manager': 'Matthew Rodriguez'}]]
(Background on this error at: https://sqlalche.me/e/20/gkpj)",2025-08-22 14:42:38.977835
STORE583,Bristol Store,West Bristoltown,Linda Davis,"Database insertion failed: (pymysql.err.IntegrityError) (1062, ""Duplicate entry 'STORE513' for key 'dimstore.store_id'"")
[SQL: INSERT INTO dimstore (store_id, store_name, location, manager) VALUES (%(store_id)s, %(store_name)s, %(location)s, %(manager)s)]
[parameters: [{'store_id': 'STORE513', 'store_name': 'Clinton Store', 'location': 'East Richmond', 'manager': 'Daniel Robinson'}, {'store_id': 'STORE514', 'store_name': 'Riverside Store', 'location': 'East Burlington', 'manager': 'James Smith'}, {'store_id': 'STORE515', 'store_name': 'Burlington Store', 'location': 'West Jacksontown', 'manager': 'Kimberly Roberts'}, {'store_id': 'STORE516', 'store_name': 'Clayton Store', 'location': 'East Fairview', 'manager': 'Betty Lewis'}, {'store_id': 'STORE517', 'store_name': 'Greenwood Store', 'location': 'East Salem', 'manager': 'Kevin Carter'}, {'store_id': 'STORE518', 'store_name': 'Dover Store', 'location': 'East Burlington', 'manager': 'Helen Walker'}, {'store_id': 'STORE519', 'store_name': 'Georgetown Store', 'location': 'East Franklin', 'manager': 'Christopher Garcia'}, {'store_id': 'STORE520', 'store_name': 'Burlington Store', 'location': 'East Waynetown', 'manager': 'Jennifer Garcia'}  ... displaying 10 of 380 total bound parameter sets ...  {'store_id': 'STORE998', 'store_name': 'Richmond Store', 'location': 'West Marion', 'manager': 'Steven King'}, {'store_id': 'STORE999', 'store_name': 'Troy Store', 'location': 'East Hudson', 'manager': 'Matthew Rodriguez'}]]
(Background on this error at: https://sqlalche.me/e/20/gkpj)",2025-08-22 14:42:38.977835
STORE584,Troy Store,East Clayton,Donald Young,"Database insertion failed: (pymysql.err.IntegrityError) (1062, ""Duplicate entry 'STORE513' for key 'dimstore.store_id'"")
[SQL: INSERT INTO dimstore (store_id, store_name, location, manager) VALUES (%(store_id)s, %(store_name)s, %(location)s, %(manager)s)]
[parameters: [{'store_id': 'STORE513', 'store_name': 'Clinton Store', 'location': 'East Richmond', 'manager': 'Daniel Robinson'}, {'store_id': 'STORE514', 'store_name': 'Riverside Store', 'location': 'East Burlington', 'manager': 'James Smith'}, {'store_id': 'STORE515', 'store_name': 'Burlington Store', 'location': 'West Jacksontown', 'manager': 'Kimberly Roberts'}, {'store_id': 'STORE516', 'store_name': 'Clayton Store', 'location': 'East Fairview', 'manager': 'Betty Lewis'}, {'store_id': 'STORE517', 'store_name': 'Greenwood Store', 'location': 'East Salem', 'manager': 'Kevin Carter'}, {'store_id': 'STORE518', 'store_name': 'Dover Store', 'location': 'East Burlington', 'manager': 'Helen Walker'}, {'store_id': 'STORE519', 'store_name': 'Georgetown Store', 'location': 'East Franklin', 'manager': 'Christopher Garcia'}, {'store_id': 'STORE520', 'store_name': 'Burlington Store', 'location': 'East Waynetown', 'manager': 'Jennifer Garcia'}  ... displaying 10 of 380 total bound parameter sets ...  {'store_id': 'STORE998', 'store_name': 'Richmond Store', 'location': 'West Marion', 'manager': 'Steven King'}, {'store_id': 'STORE999', 'store_name': 'Troy Store', 'location': 'East Hudson', 'manager': 'Matthew Rodriguez'}]]
(Background on this error at: https://sqlalche.me/e/20/gkpj)",2025-08-22 14:42:38.977835
STORE585,Newport Store,East Dover,Susan Thomas,"Database insertion failed: (pymysql.err.IntegrityError) (1062, ""Duplicate entry 'STORE513' for key 'dimstore.store_id'"")
[SQL: INSERT INTO dimstore (store_id, store_name, location, manager) VALUES (%(store_id)s, %(store_name)s, %(location)s, %(manager)s)]
[parameters: [{'store_id': 'STORE513', 'store_name': 'Clinton Store', 'location': 'East Richmond', 'manager': 'Daniel Robinson'}, {'store_id': 'STORE514', 'store_name': 'Riverside Store', 'location': 'East Burlington', 'manager': 'James Smith'}, {'store_id': 'STORE515', 'store_name': 'Burlington Store', 'location': 'West Jacksontown', 'manager': 'Kimberly Roberts'}, {'store_id': 'STORE516', 'store_name': 'Clayton Store', 'location': 'East Fairview', 'manager': 'Betty Lewis'}, {'store_id': 'STORE517', 'store_name': 'Greenwood Store', 'location': 'East Salem', 'manager': 'Kevin Carter'}, {'store_id': 'STORE518', 'store_name': 'Dover Store', 'location': 'East Burlington', 'manager': 'Helen Walker'}, {'store_id': 'STORE519', 'store_name': 'Georgetown Store', 'location': 'East Franklin', 'manager': 'Christopher Garcia'}, {'store_id': 'STORE520', 'store_name': 'Burlington Store', 'location': 'East Waynetown', 'manager': 'Jennifer Garcia'}  ... displaying 10 of 380 total bound parameter sets ...  {'store_id': 'STORE998', 'store_name': 'Richmond Store', 'location': 'West Marion', 'manager': 'Steven King'}, {'store_id': 'STORE999', 'store_name': 'Troy Store', 'location': 'East Hudson', 'manager': 'Matthew Rodriguez'}]]
(Background on this error at: https://sqlalche.me/e/20/gkpj)",2025-08-22 14:42:38.977835
STORE586,Wayne Store,East Washingtontown,Emily Mitchell,"Database insertion failed: (pymysql.err.IntegrityError) (1062, ""Duplicate entry 'STORE513' for key 'dimstore.store_id'"")
[SQL: INSERT INTO dimstore (store_id, store_name, location, manager) VALUES (%(store_id)s, %(store_name)s, %(location)s, %(manager)s)]
[parameters: [{'store_id': 'STORE513', 'store_name': 'Clinton Store', 'location': 'East Richmond', 'manager': 'Daniel Robinson'}, {'store_id': 'STORE514', 'store_name': 'Riverside Store', 'location': 'East Burlington', 'manager': 'James Smith'}, {'store_id': 'STORE515', 'store_name': 'Burlington Store', 'location': 'West Jacksontown', 'manager': 'Kimberly Roberts'}, {'store_id': 'STORE516', 'store_name': 'Clayton Store', 'location': 'East Fairview', 'manager': 'Betty Lewis'}, {'store_id': 'STORE517', 'store_name': 'Greenwood Store', 'location': 'East Salem', 'manager': 'Kevin Carter'}, {'store_id': 'STORE518', 'store_name': 'Dover Store', 'location': 'East Burlington', 'manager': 'Helen Walker'}, {'store_id': 'STORE519', 'store_name': 'Georgetown Store', 'location': 'East Franklin', 'manager': 'Christopher Garcia'}, {'store_id': 'STORE520', 'store_name': 'Burlington Store', 'location': 'East Waynetown', 'manager': 'Jennifer Garcia'}  ... displaying 10 of 380 total bound parameter sets ...  {'store_id': 'STORE998', 'store_name': 'Richmond Store', 'location': 'West Marion', 'manager': 'Steven King'}, {'store_id': 'STORE999', 'store_name': 'Troy Store', 'location': 'East Hudson', 'manager': 'Matthew Rodriguez'}]]
(Background on this error at: https://sqlalche.me/e/20/gkpj)",2025-08-22 14:42:38.977835
STORE587,Burlington Store,West Hudsontown,Christopher Garcia,"Database insertion failed: (pymysql.err.IntegrityError) (1062, ""Duplicate entry 'STORE513' for key 'dimstore.store_id'"")
[SQL: INSERT INTO dimstore (store_id, store_name, location, manager) VALUES (%(store_id)s, %(store_name)s, %(location)s, %(manager)s)]
[parameters: [{'store_id': 'STORE513', 'store_name': 'Clinton Store', 'location': 'East Richmond', 'manager': 'Daniel Robinson'}, {'store_id': 'STORE514', 'store_name': 'Riverside Store', 'location': 'East Burlington', 'manager': 'James Smith'}, {'store_id': 'STORE515', 'store_name': 'Burlington Store', 'location': 'West Jacksontown', 'manager': 'Kimberly Roberts'}, {'store_id': 'STORE516', 'store_name': 'Clayton Store', 'location': 'East Fairview', 'manager': 'Betty Lewis'}, {'store_id': 'STORE517', 'store_name': 'Greenwood Store', 'location': 'East Salem', 'manager': 'Kevin Carter'}, {'store_id': 'STORE518', 'store_name': 'Dover Store', 'location': 'East Burlington', 'manager': 'Helen Walker'}, {'store_id': 'STORE519', 'store_name': 'Georgetown Store', 'location': 'East Franklin', 'manager': 'Christopher Garcia'}, {'store_id': 'STORE520', 'store_name': 'Burlington Store', 'location': 'East Waynetown', 'manager': 'Jennifer Garcia'}  ... displaying 10 of 380 total bound parameter sets ...  {'store_id': 'STORE998', 'store_name': 'Richmond Store', 'location': 'West Marion', 'manager': 'Steven King'}, {'store_id': 'STORE999', 'store_name': 'Troy Store', 'location': 'East Hudson', 'manager': 'Matthew Rodriguez'}]]
(Background on this error at: https://sqlalche.me/e/20/gkpj)",2025-08-22 14:42:38.977835
STORE588,Georgetown Store,East Lancaster,Jessica White,"Database insertion failed: (pymysql.err.IntegrityError) (1062, ""Duplicate entry 'STORE513' for key 'dimstore.store_id'"")
[SQL: INSERT INTO dimstore (store_id, store_name, location, manager) VALUES (%(store_id)s, %(store_name)s, %(location)s, %(manager)s)]
[parameters: [{'store_id': 'STORE513', 'store_name': 'Clinton Store', 'location': 'East Richmond', 'manager': 'Daniel Robinson'}, {'store_id': 'STORE514', 'store_name': 'Riverside Store', 'location': 'East Burlington', 'manager': 'James Smith'}, {'store_id': 'STORE515', 'store_name': 'Burlington Store', 'location': 'West Jacksontown', 'manager': 'Kimberly Roberts'}, {'store_id': 'STORE516', 'store_name': 'Clayton Store', 'location': 'East Fairview', 'manager': 'Betty Lewis'}, {'store_id': 'STORE517', 'store_name': 'Greenwood Store', 'location': 'East Salem', 'manager': 'Kevin Carter'}, {'store_id': 'STORE518', 'store_name': 'Dover Store', 'location': 'East Burlington', 'manager': 'Helen Walker'}, {'store_id': 'STORE519', 'store_name': 'Georgetown Store', 'location': 'East Franklin', 'manager': 'Christopher Garcia'}, {'store_id': 'STORE520', 'store_name': 'Burlington Store', 'location': 'East Waynetown', 'manager': 'Jennifer Garcia'}  ... displaying 10 of 380 total bound parameter sets ...  {'store_id': 'STORE998', 'store_name': 'Richmond Store', 'location': 'West Marion', 'manager': 'Steven King'}, {'store_id': 'STORE999', 'store_name': 'Troy Store', 'location': 'East Hudson', 'manager': 'Matthew Rodriguez'}]]
(Background on this error at: https://sqlalche.me/e/20/gkpj)",2025-08-22 14:42:38.977835
STORE589,Clayton Store,East Wayne,Steven King,"Database insertion failed: (pymysql.err.IntegrityError) (1062, ""Duplicate entry 'STORE513' for key 'dimstore.store_id'"")
[SQL: INSERT INTO dimstore (store_id, store_name, location, manager) VALUES (%(store_id)s, %(store_name)s, %(location)s, %(manager)s)]
[parameters: [{'store_id': 'STORE513', 'store_name': 'Clinton Store', 'location': 'East Richmond', 'manager': 'Daniel Robinson'}, {'store_id': 'STORE514', 'store_name': 'Riverside Store', 'location': 'East Burlington', 'manager': 'James Smith'}, {'store_id': 'STORE515', 'store_name': 'Burlington Store', 'location': 'West Jacksontown', 'manager': 'Kimberly Roberts'}, {'store_id': 'STORE516', 'store_name': 'Clayton Store', 'location': 'East Fairview', 'manager': 'Betty Lewis'}, {'store_id': 'STORE517', 'store_name': 'Greenwood Store', 'location': 'East Salem', 'manager': 'Kevin Carter'}, {'store_id': 'STORE518', 'store_name': 'Dover Store', 'location': 'East Burlington', 'manager': 'Helen Walker'}, {'store_id': 'STORE519', 'store_name': 'Georgetown Store', 'location': 'East Franklin', 'manager': 'Christopher Garcia'}, {'store_id': 'STORE520', 'store_name': 'Burlington Store', 'location': 'East Waynetown', 'manager': 'Jennifer Garcia'}  ... displaying 10 of 380 total bound parameter sets ...  {'store_id': 'STORE998', 'store_name': 'Richmond Store', 'location': 'West Marion', 'manager': 'Steven King'}, {'store_id': 'STORE999', 'store_name': 'Troy Store', 'location': 'East Hudson', 'manager': 'Matthew Rodriguez'}]]
(Background on this error at: https://sqlalche.me/e/20/gkpj)",2025-08-22 14:42:38.977835
STORE590,Lancaster Store,East Manchester,Andrew Scott,"Database insertion failed: (pymysql.err.IntegrityError) (1062, ""Duplicate entry 'STORE513' for key 'dimstore.store_id'"")
[SQL: INSERT INTO dimstore (store_id, store_name, location, manager) VALUES (%(store_id)s, %(store_name)s, %(location)s, %(manager)s)]
[parameters: [{'store_id': 'STORE513', 'store_name': 'Clinton Store', 'location': 'East Richmond', 'manager': 'Daniel Robinson'}, {'store_id': 'STORE514', 'store_name': 'Riverside Store', 'location': 'East Burlington', 'manager': 'James Smith'}, {'store_id': 'STORE515', 'store_name': 'Burlington Store', 'location': 'West Jacksontown', 'manager': 'Kimberly Roberts'}, {'store_id': 'STORE516', 'store_name': 'Clayton Store', 'location': 'East Fairview', 'manager': 'Betty Lewis'}, {'store_id': 'STORE517', 'store_name': 'Greenwood Store', 'location': 'East Salem', 'manager': 'Kevin Carter'}, {'store_id': 'STORE518', 'store_name': 'Dover Store', 'location': 'East Burlington', 'manager': 'Helen Walker'}, {'store_id': 'STORE519', 'store_name': 'Georgetown Store', 'location': 'East Franklin', 'manager': 'Christopher Garcia'}, {'store_id': 'STORE520', 'store_name': 'Burlington Store', 'location': 'East Waynetown', 'manager': 'Jennifer Garcia'}  ... displaying 10 of 380 total bound parameter sets ...  {'store_id': 'STORE998', 'store_name': 'Richmond Store', 'location': 'West Marion', 'manager': 'Steven King'}, {'store_id': 'STORE999', 'store_name': 'Troy Store', 'location': 'East Hudson', 'manager': 'Matthew Rodriguez'}]]
(Background on this error at: https://sqlalche.me/e/20/gkpj)",2025-08-22 14:42:38.977835
STORE591,Chester Store,East Greenwoodtown,Joseph Jackson,"Database insertion failed: (pymysql.err.IntegrityError) (1062, ""Duplicate entry 'STORE513' for key 'dimstore.store_id'"")
[SQL: INSERT INTO dimstore (store_id, store_name, location, manager) VALUES (%(store_id)s, %(store_name)s, %(location)s, %(manager)s)]
[parameters: [{'store_id': 'STORE513', 'store_name': 'Clinton Store', 'location': 'East Richmond', 'manager': 'Daniel Robinson'}, {'store_id': 'STORE514', 'store_name': 'Riverside Store', 'location': 'East Burlington', 'manager': 'James Smith'}, {'store_id': 'STORE515', 'store_name': 'Burlington Store', 'location': 'West Jacksontown', 'manager': 'Kimberly Roberts'}, {'store_id': 'STORE516', 'store_name': 'Clayton Store', 'location': 'East Fairview', 'manager': 'Betty Lewis'}, {'store_id': 'STORE517', 'store_name': 'Greenwood Store', 'location': 'East Salem', 'manager': 'Kevin Carter'}, {'store_id': 'STORE518', 'store_name': 'Dover Store', 'location': 'East Burlington', 'manager': 'Helen Walker'}, {'store_id': 'STORE519', 'store_name': 'Georgetown Store', 'location': 'East Franklin', 'manager': 'Christopher Garcia'}, {'store_id': 'STORE520', 'store_name': 'Burlington Store', 'location': 'East Waynetown', 'manager': 'Jennifer Garcia'}  ... displaying 10 of 380 total bound parameter sets ...  {'store_id': 'STORE998', 'store_name': 'Richmond Store', 'location': 'West Marion', 'manager': 'Steven King'}, {'store_id': 'STORE999', 'store_name': 'Troy Store', 'location': 'East Hudson', 'manager': 'Matthew Rodriguez'}]]
(Background on this error at: https://sqlalche.me/e/20/gkpj)",2025-08-22 14:42:38.977835
STORE592,Salem Store,East Ashland,Christopher Garcia,"Database insertion failed: (pymysql.err.IntegrityError) (1062, ""Duplicate entry 'STORE513' for key 'dimstore.store_id'"")
[SQL: INSERT INTO dimstore (store_id, store_name, location, manager) VALUES (%(store_id)s, %(store_name)s, %(location)s, %(manager)s)]
[parameters: [{'store_id': 'STORE513', 'store_name': 'Clinton Store', 'location': 'East Richmond', 'manager': 'Daniel Robinson'}, {'store_id': 'STORE514', 'store_name': 'Riverside Store', 'location': 'East Burlington', 'manager': 'James Smith'}, {'store_id': 'STORE515', 'store_name': 'Burlington Store', 'location': 'West Jacksontown', 'manager': 'Kimberly Roberts'}, {'store_id': 'STORE516', 'store_name': 'Clayton Store', 'location': 'East Fairview', 'manager': 'Betty Lewis'}, {'store_id': 'STORE517', 'store_name': 'Greenwood Store', 'location': 'East Salem', 'manager': 'Kevin Carter'}, {'store_id': 'STORE518', 'store_name': 'Dover Store', 'location': 'East Burlington', 'manager': 'Helen Walker'}, {'store_id': 'STORE519', 'store_name': 'Georgetown Store', 'location': 'East Franklin', 'manager': 'Christopher Garcia'}, {'store_id': 'STORE520', 'store_name': 'Burlington Store', 'location': 'East Waynetown', 'manager': 'Jennifer Garcia'}  ... displaying 10 of 380 total bound parameter sets ...  {'store_id': 'STORE998', 'store_name': 'Richmond Store', 'location': 'West Marion', 'manager': 'Steven King'}, {'store_id': 'STORE999', 'store_name': 'Troy Store', 'location': 'East Hudson', 'manager': 'Matthew Rodriguez'}]]
(Background on this error at: https://sqlalche.me/e/20/gkpj)",2025-08-22 14:42:38.977835
STORE593,Hudson Store,East Salemtown,Robert Williams,"Database insertion failed: (pymysql.err.IntegrityError) (1062, ""Duplicate entry 'STORE513' for key 'dimstore.store_id'"")
[SQL: INSERT INTO dimstore (store_id, store_name, location, manager) VALUES (%(store_id)s, %(store_name)s, %(location)s, %(manager)s)]
[parameters: [{'store_id': 'STORE513', 'store_name': 'Clinton Store', 'location': 'East Richmond', 'manager': 'Daniel Robinson'}, {'store_id': 'STORE514', 'store_name': 'Riverside Store', 'location': 'East Burlington', 'manager': 'James Smith'}, {'store_id': 'STORE515', 'store_name': 'Burlington Store', 'location': 'West Jacksontown', 'manager': 'Kimberly Roberts'}, {'store_id': 'STORE516', 'store_name': 'Clayton Store', 'location': 'East Fairview', 'manager': 'Betty Lewis'}, {'store_id': 'STORE517', 'store_name': 'Greenwood Store', 'location': 'East Salem', 'manager': 'Kevin Carter'}, {'store_id': 'STORE518', 'store_name': 'Dover Store', 'location': 'East Burlington', 'manager': 'Helen Walker'}, {'store_id': 'STORE519', 'store_name': 'Georgetown Store', 'location': 'East Franklin', 'manager': 'Christopher Garcia'}, {'store_id': 'STORE520', 'store_name': 'Burlington Store', 'location': 'East Waynetown', 'manager': 'Jennifer Garcia'}  ... displaying 10 of 380 total bound parameter sets ...  {'store_id': 'STORE998', 'store_name': 'Richmond Store', 'location': 'West Marion', 'manager': 'Steven King'}, {'store_id': 'STORE999', 'store_name': 'Troy Store', 'location': 'East Hudson', 'manager': 'Matthew Rodriguez'}]]
(Background on this error at: https://sqlalche.me/e/20/gkpj)",2025-08-22 14:42:38.977835
STORE594,Manchester Store,East Oxfordtown,Deborah Phillips,"Database insertion failed: (pymysql.err.IntegrityError) (1062, ""Duplicate entry 'STORE513' for key 'dimstore.store_id'"")
[SQL: INSERT INTO dimstore (store_id, store_name, location, manager) VALUES (%(store_id)s, %(store_name)s, %(location)s, %(manager)s)]
[parameters: [{'store_id': 'STORE513', 'store_name': 'Clinton Store', 'location': 'East Richmond', 'manager': 'Daniel Robinson'}, {'store_id': 'STORE514', 'store_name': 'Riverside Store', 'location': 'East Burlington', 'manager': 'James Smith'}, {'store_id': 'STORE515', 'store_name': 'Burlington Store', 'location': 'West Jacksontown', 'manager': 'Kimberly Roberts'}, {'store_id': 'STORE516', 'store_name': 'Clayton Store', 'location': 'East Fairview', 'manager': 'Betty Lewis'}, {'store_id': 'STORE517', 'store_name': 'Greenwood Store', 'location': 'East Salem', 'manager': 'Kevin Carter'}, {'store_id': 'STORE518', 'store_name': 'Dover Store', 'location': 'East Burlington', 'manager': 'Helen Walker'}, {'store_id': 'STORE519', 'store_name': 'Georgetown Store', 'location': 'East Franklin', 'manager': 'Christopher Garcia'}, {'store_id': 'STORE520', 'store_name': 'Burlington Store', 'location': 'East Waynetown', 'manager': 'Jennifer Garcia'}  ... displaying 10 of 380 total bound parameter sets ...  {'store_id': 'STORE998', 'store_name': 'Richmond Store', 'location': 'West Marion', 'manager': 'Steven King'}, {'store_id': 'STORE999', 'store_name': 'Troy Store', 'location': 'East Hudson', 'manager': 'Matthew Rodriguez'}]]
(Background on this error at: https://sqlalche.me/e/20/gkpj)",2025-08-22 14:42:38.977835
STORE595,Kingston Store,East Chester,Richard Taylor,"Database insertion failed: (pymysql.err.IntegrityError) (1062, ""Duplicate entry 'STORE513' for key 'dimstore.store_id'"")
[SQL: INSERT INTO dimstore (store_id, store_name, location, manager) VALUES (%(store_id)s, %(store_name)s, %(location)s, %(manager)s)]
[parameters: [{'store_id': 'STORE513', 'store_name': 'Clinton Store', 'location': 'East Richmond', 'manager': 'Daniel Robinson'}, {'store_id': 'STORE514', 'store_name': 'Riverside Store', 'location': 'East Burlington', 'manager': 'James Smith'}, {'store_id': 'STORE515', 'store_name': 'Burlington Store', 'location': 'West Jacksontown', 'manager': 'Kimberly Roberts'}, {'store_id': 'STORE516', 'store_name': 'Clayton Store', 'location': 'East Fairview', 'manager': 'Betty Lewis'}, {'store_id': 'STORE517', 'store_name': 'Greenwood Store', 'location': 'East Salem', 'manager': 'Kevin Carter'}, {'store_id': 'STORE518', 'store_name': 'Dover Store', 'location': 'East Burlington', 'manager': 'Helen Walker'}, {'store_id': 'STORE519', 'store_name': 'Georgetown Store', 'location': 'East Franklin', 'manager': 'Christopher Garcia'}, {'store_id': 'STORE520', 'store_name': 'Burlington Store', 'location': 'East Waynetown', 'manager': 'Jennifer Garcia'}  ... displaying 10 of 380 total bound parameter sets ...  {'store_id': 'STORE998', 'store_name': 'Richmond Store', 'location': 'West Marion', 'manager': 'Steven King'}, {'store_id': 'STORE999', 'store_name': 'Troy Store', 'location': 'East Hudson', 'manager': 'Matthew Rodriguez'}]]
(Background on this error at: https://sqlalche.me/e/20/gkpj)",2025-08-22 14:42:38.977835
STORE596,Kingston Store,East Greenwood,Steven King,"Database insertion failed: (pymysql.err.IntegrityError) (1062, ""Duplicate entry 'STORE513' for key 'dimstore.store_id'"")
[SQL: INSERT INTO dimstore (store_id, store_name, location, manager) VALUES (%(store_id)s, %(store_name)s, %(location)s, %(manager)s)]
[parameters: [{'store_id': 'STORE513', 'store_name': 'Clinton Store', 'location': 'East Richmond', 'manager': 'Daniel Robinson'}, {'store_id': 'STORE514', 'store_name': 'Riverside Store', 'location': 'East Burlington', 'manager': 'James Smith'}, {'store_id': 'STORE515', 'store_name': 'Burlington Store', 'location': 'West Jacksontown', 'manager': 'Kimberly Roberts'}, {'store_id': 'STORE516', 'store_name': 'Clayton Store', 'location': 'East Fairview', 'manager': 'Betty Lewis'}, {'store_id': 'STORE517', 'store_name': 'Greenwood Store', 'location': 'East Salem', 'manager': 'Kevin Carter'}, {'store_id': 'STORE518', 'store_name': 'Dover Store', 'location': 'East Burlington', 'manager': 'Helen Walker'}, {'store_id': 'STORE519', 'store_name': 'Georgetown Store', 'location': 'East Franklin', 'manager': 'Christopher Garcia'}, {'store_id': 'STORE520', 'store_name': 'Burlington Store', 'location': 'East Waynetown', 'manager': 'Jennifer Garcia'}  ... displaying 10 of 380 total bound parameter sets ...  {'store_id': 'STORE998', 'store_name': 'Richmond Store', 'location': 'West Marion', 'manager': 'Steven King'}, {'store_id': 'STORE999', 'store_name': 'Troy Store', 'location': 'East Hudson', 'manager': 'Matthew Rodriguez'}]]
(Background on this error at: https://sqlalche.me/e/20/gkpj)",2025-08-22 14:42:38.977835
STORE597,Jackson Store,East Jackson,Helen Walker,"Database insertion failed: (pymysql.err.IntegrityError) (1062, ""Duplicate entry 'STORE513' for key 'dimstore.store_id'"")
[SQL: INSERT INTO dimstore (store_id, store_name, location, manager) VALUES (%(store_id)s, %(store_name)s, %(location)s, %(manager)s)]
[parameters: [{'store_id': 'STORE513', 'store_name': 'Clinton Store', 'location': 'East Richmond', 'manager': 'Daniel Robinson'}, {'store_id': 'STORE514', 'store_name': 'Riverside Store', 'location': 'East Burlington', 'manager': 'James Smith'}, {'store_id': 'STORE515', 'store_name': 'Burlington Store', 'location': 'West Jacksontown', 'manager': 'Kimberly Roberts'}, {'store_id': 'STORE516', 'store_name': 'Clayton Store', 'location': 'East Fairview', 'manager': 'Betty Lewis'}, {'store_id': 'STORE517', 'store_name': 'Greenwood Store', 'location': 'East Salem', 'manager': 'Kevin Carter'}, {'store_id': 'STORE518', 'store_name': 'Dover Store', 'location': 'East Burlington', 'manager': 'Helen Walker'}, {'store_id': 'STORE519', 'store_name': 'Georgetown Store', 'location': 'East Franklin', 'manager': 'Christopher Garcia'}, {'store_id': 'STORE520', 'store_name': 'Burlington Store', 'location': 'East Waynetown', 'manager': 'Jennifer Garcia'}  ... displaying 10 of 380 total bound parameter sets ...  {'store_id': 'STORE998', 'store_name': 'Richmond Store', 'location': 'West Marion', 'manager': 'Steven King'}, {'store_id': 'STORE999', 'store_name': 'Troy Store', 'location': 'East Hudson', 'manager': 'Matthew Rodriguez'}]]
(Background on this error at: https://sqlalche.me/e/20/gkpj)",2025-08-22 14:42:38.977835
STORE598,Marion Store,East Riverside,Jennifer Garcia,"Database insertion failed: (pymysql.err.IntegrityError) (1062, ""Duplicate entry 'STORE513' for key 'dimstore.store_id'"")
[SQL: INSERT INTO dimstore (store_id, store_name, location, manager) VALUES (%(store_id)s, %(store_name)s, %(location)s, %(manager)s)]
[parameters: [{'store_id': 'STORE513', 'store_name': 'Clinton Store', 'location': 'East Richmond', 'manager': 'Daniel Robinson'}, {'store_id': 'STORE514', 'store_name': 'Riverside Store', 'location': 'East Burlington', 'manager': 'James Smith'}, {'store_id': 'STORE515', 'store_name': 'Burlington Store', 'location': 'West Jacksontown', 'manager': 'Kimberly Roberts'}, {'store_id': 'STORE516', 'store_name': 'Clayton Store', 'location': 'East Fairview', 'manager': 'Betty Lewis'}, {'store_id': 'STORE517', 'store_name': 'Greenwood Store', 'location': 'East Salem', 'manager': 'Kevin Carter'}, {'store_id': 'STORE518', 'store_name': 'Dover Store', 'location': 'East Burlington', 'manager': 'Helen Walker'}, {'store_id': 'STORE519', 'store_name': 'Georgetown Store', 'location': 'East Franklin', 'manager': 'Christopher Garcia'}, {'store_id': 'STORE520', 'store_name': 'Burlington Store', 'location': 'East Waynetown', 'manager': 'Jennifer Garcia'}  ... displaying 10 of 380 total bound parameter sets ...  {'store_id': 'STORE998', 'store_name': 'Richmond Store', 'location': 'West Marion', 'manager': 'Steven King'}, {'store_id': 'STORE999', 'store_name': 'Troy Store', 'location': 'East Hudson', 'manager': 'Matthew Rodriguez'}]]
(Background on this error at: https://sqlalche.me/e/20/gkpj)",2025-08-22 14:42:38.977835
STORE599,Oxford Store,East Manchestertown,Lisa Edwards,"Database insertion failed: (pymysql.err.IntegrityError) (1062, ""Duplicate entry 'STORE513' for key 'dimstore.store_id'"")
[SQL: INSERT INTO dimstore (store_id, store_name, location, manager) VALUES (%(store_id)s, %(store_name)s, %(location)s, %(manager)s)]
[parameters: [{'store_id': 'STORE513', 'store_name': 'Clinton Store', 'location': 'East Richmond', 'manager': 'Daniel Robinson'}, {'store_id': 'STORE514', 'store_name': 'Riverside Store', 'location': 'East Burlington', 'manager': 'James Smith'}, {'store_id': 'STORE515', 'store_name': 'Burlington Store', 'location': 'West Jacksontown', 'manager': 'Kimberly Roberts'}, {'store_id': 'STORE516', 'store_name': 'Clayton Store', 'location': 'East Fairview', 'manager': 'Betty Lewis'}, {'store_id': 'STORE517', 'store_name': 'Greenwood Store', 'location': 'East Salem', 'manager': 'Kevin Carter'}, {'store_id': 'STORE518', 'store_name': 'Dover Store', 'location': 'East Burlington', 'manager': 'Helen Walker'}, {'store_id': 'STORE519', 'store_name': 'Georgetown Store', 'location': 'East Franklin', 'manager': 'Christopher Garcia'}, {'store_id': 'STORE520', 'store_name': 'Burlington Store', 'location': 'East Waynetown', 'manager': 'Jennifer Garcia'}  ... displaying 10 of 380 total bound parameter sets ...  {'store_id': 'STORE998', 'store_name': 'Richmond Store', 'location': 'West Marion', 'manager': 'Steven King'}, {'store_id': 'STORE999', 'store_name': 'Troy Store', 'location': 'East Hudson', 'manager': 'Matthew Rodriguez'}]]
(Background on this error at: https://sqlalche.me/e/20/gkpj)",2025-08-22 14:42:38.977835
STORE600,Milton Store,East Newporttown,Linda Davis,"Database insertion failed: (pymysql.err.IntegrityError) (1062, ""Duplicate entry 'STORE513' for key 'dimstore.store_id'"")
[SQL: INSERT INTO dimstore (store_id, store_name, location, manager) VALUES (%(store_id)s, %(store_name)s, %(location)s, %(manager)s)]
[parameters: [{'store_id': 'STORE513', 'store_name': 'Clinton Store', 'location': 'East Richmond', 'manager': 'Daniel Robinson'}, {'store_id': 'STORE514', 'store_name': 'Riverside Store', 'location': 'East Burlington', 'manager': 'James Smith'}, {'store_id': 'STORE515', 'store_name': 'Burlington Store', 'location': 'West Jacksontown', 'manager': 'Kimberly Roberts'}, {'store_id': 'STORE516', 'store_name': 'Clayton Store', 'location': 'East Fairview', 'manager': 'Betty Lewis'}, {'store_id': 'STORE517', 'store_name': 'Greenwood Store', 'location': 'East Salem', 'manager': 'Kevin Carter'}, {'store_id': 'STORE518', 'store_name': 'Dover Store', 'location': 'East Burlington', 'manager': 'Helen Walker'}, {'store_id': 'STORE519', 'store_name': 'Georgetown Store', 'location': 'East Franklin', 'manager': 'Christopher Garcia'}, {'store_id': 'STORE520', 'store_name': 'Burlington Store', 'location': 'East Waynetown', 'manager': 'Jennifer Garcia'}  ... displaying 10 of 380 total bound parameter sets ...  {'store_id': 'STORE998', 'store_name': 'Richmond Store', 'location': 'West Marion', 'manager': 'Steven King'}, {'store_id': 'STORE999', 'store_name': 'Troy Store', 'location': 'East Hudson', 'manager': 'Matthew Rodriguez'}]]
(Background on this error at: https://sqlalche.me/e/20/gkpj)",2025-08-22 14:42:38.977835
STORE601,Troy Store,West Greenwood,Joseph Jackson,"Database insertion failed: (pymysql.err.IntegrityError) (1062, ""Duplicate entry 'STORE513' for key 'dimstore.store_id'"")
[SQL: INSERT INTO dimstore (store_id, store_name, location, manager) VALUES (%(store_id)s, %(store_name)s, %(location)s, %(manager)s)]
[parameters: [{'store_id': 'STORE513', 'store_name': 'Clinton Store', 'location': 'East Richmond', 'manager': 'Daniel Robinson'}, {'store_id': 'STORE514', 'store_name': 'Riverside Store', 'location': 'East Burlington', 'manager': 'James Smith'}, {'store_id': 'STORE515', 'store_name': 'Burlington Store', 'location': 'West Jacksontown', 'manager': 'Kimberly Roberts'}, {'store_id': 'STORE516', 'store_name': 'Clayton Store', 'location': 'East Fairview', 'manager': 'Betty Lewis'}, {'store_id': 'STORE517', 'store_name': 'Greenwood Store', 'location': 'East Salem', 'manager': 'Kevin Carter'}, {'store_id': 'STORE518', 'store_name': 'Dover Store', 'location': 'East Burlington', 'manager': 'Helen Walker'}, {'store_id': 'STORE519', 'store_name': 'Georgetown Store', 'location': 'East Franklin', 'manager': 'Christopher Garcia'}, {'store_id': 'STORE520', 'store_name': 'Burlington Store', 'location': 'East Waynetown', 'manager': 'Jennifer Garcia'}  ... displaying 10 of 380 total bound parameter sets ...  {'store_id': 'STORE998', 'store_name': 'Richmond Store', 'location': 'West Marion', 'manager': 'Steven King'}, {'store_id': 'STORE999', 'store_name': 'Troy Store', 'location': 'East Hudson', 'manager': 'Matthew Rodriguez'}]]
(Background on this error at: https://sqlalche.me/e/20/gkpj)",2025-08-22 14:42:38.977835
STORE602,Lancaster Store,West Chester,Mark Hall,"Database insertion failed: (pymysql.err.IntegrityError) (1062, ""Duplicate entry 'STORE513' for key 'dimstore.store_id'"")
[SQL: INSERT INTO dimstore (store_id, store_name, location, manager) VALUES (%(store_id)s, %(store_name)s, %(location)s, %(manager)s)]
[parameters: [{'store_id': 'STORE513', 'store_name': 'Clinton Store', 'location': 'East Richmond', 'manager': 'Daniel Robinson'}, {'store_id': 'STORE514', 'store_name': 'Riverside Store', 'location': 'East Burlington', 'manager': 'James Smith'}, {'store_id': 'STORE515', 'store_name': 'Burlington Store', 'location': 'West Jacksontown', 'manager': 'Kimberly Roberts'}, {'store_id': 'STORE516', 'store_name': 'Clayton Store', 'location': 'East Fairview', 'manager': 'Betty Lewis'}, {'store_id': 'STORE517', 'store_name': 'Greenwood Store', 'location': 'East Salem', 'manager': 'Kevin Carter'}, {'store_id': 'STORE518', 'store_name': 'Dover Store', 'location': 'East Burlington', 'manager': 'Helen Walker'}, {'store_id': 'STORE519', 'store_name': 'Georgetown Store', 'location': 'East Franklin', 'manager': 'Christopher Garcia'}, {'store_id': 'STORE520', 'store_name': 'Burlington Store', 'location': 'East Waynetown', 'manager': 'Jennifer Garcia'}  ... displaying 10 of 380 total bound parameter sets ...  {'store_id': 'STORE998', 'store_name': 'Richmond Store', 'location': 'West Marion', 'manager': 'Steven King'}, {'store_id': 'STORE999', 'store_name': 'Troy Store', 'location': 'East Hudson', 'manager': 'Matthew Rodriguez'}]]
(Background on this error at: https://sqlalche.me/e/20/gkpj)",2025-08-22 14:42:38.977835
STORE603,Madison Store,East Miltontown,Susan Thomas,"Database insertion failed: (pymysql.err.IntegrityError) (1062, ""Duplicate entry 'STORE513' for key 'dimstore.store_id'"")
[SQL: INSERT INTO dimstore (store_id, store_name, location, manager) VALUES (%(store_id)s, %(store_name)s, %(location)s, %(manager)s)]
[parameters: [{'store_id': 'STORE513', 'store_name': 'Clinton Store', 'location': 'East Richmond', 'manager': 'Daniel Robinson'}, {'store_id': 'STORE514', 'store_name': 'Riverside Store', 'location': 'East Burlington', 'manager': 'James Smith'}, {'store_id': 'STORE515', 'store_name': 'Burlington Store', 'location': 'West Jacksontown', 'manager': 'Kimberly Roberts'}, {'store_id': 'STORE516', 'store_name': 'Clayton Store', 'location': 'East Fairview', 'manager': 'Betty Lewis'}, {'store_id': 'STORE517', 'store_name': 'Greenwood Store', 'location': 'East Salem', 'manager': 'Kevin Carter'}, {'store_id': 'STORE518', 'store_name': 'Dover Store', 'location': 'East Burlington', 'manager': 'Helen Walker'}, {'store_id': 'STORE519', 'store_name': 'Georgetown Store', 'location': 'East Franklin', 'manager': 'Christopher Garcia'}, {'store_id': 'STORE520', 'store_name': 'Burlington Store', 'location': 'East Waynetown', 'manager': 'Jennifer Garcia'}  ... displaying 10 of 380 total bound parameter sets ...  {'store_id': 'STORE998', 'store_name': 'Richmond Store', 'location': 'West Marion', 'manager': 'Steven King'}, {'store_id': 'STORE999', 'store_name': 'Troy Store', 'location': 'East Hudson', 'manager': 'Matthew Rodriguez'}]]
(Background on this error at: https://sqlalche.me/e/20/gkpj)",2025-08-22 14:42:38.977835
STORE604,Manchester Store,East Troy,Patricia Brown,"Database insertion failed: (pymysql.err.IntegrityError) (1062, ""Duplicate entry 'STORE513' for key 'dimstore.store_id'"")
[SQL: INSERT INTO dimstore (store_id, store_name, location, manager) VALUES (%(store_id)s, %(store_name)s, %(location)s, %(manager)s)]
[parameters: [{'store_id': 'STORE513', 'store_name': 'Clinton Store', 'location': 'East Richmond', 'manager': 'Daniel Robinson'}, {'store_id': 'STORE514', 'store_name': 'Riverside Store', 'location': 'East Burlington', 'manager': 'James Smith'}, {'store_id': 'STORE515', 'store_name': 'Burlington Store', 'location': 'West Jacksontown', 'manager': 'Kimberly Roberts'}, {'store_id': 'STORE516', 'store_name': 'Clayton Store', 'location': 'East Fairview', 'manager': 'Betty Lewis'}, {'store_id': 'STORE517', 'store_name': 'Greenwood Store', 'location': 'East Salem', 'manager': 'Kevin Carter'}, {'store_id': 'STORE518', 'store_name': 'Dover Store', 'location': 'East Burlington', 'manager': 'Helen Walker'}, {'store_id': 'STORE519', 'store_name': 'Georgetown Store', 'location': 'East Franklin', 'manager': 'Christopher Garcia'}, {'store_id': 'STORE520', 'store_name': 'Burlington Store', 'location': 'East Waynetown', 'manager': 'Jennifer Garcia'}  ... displaying 10 of 380 total bound parameter sets ...  {'store_id': 'STORE998', 'store_name': 'Richmond Store', 'location': 'West Marion', 'manager': 'Steven King'}, {'store_id': 'STORE999', 'store_name': 'Troy Store', 'location': 'East Hudson', 'manager': 'Matthew Rodriguez'}]]
(Background on this error at: https://sqlalche.me/e/20/gkpj)",2025-08-22 14:42:38.977835
STORE605,Milton Store,West Marion,Sharon Green,"Database insertion failed: (pymysql.err.IntegrityError) (1062, ""Duplicate entry 'STORE513' for key 'dimstore.store_id'"")
[SQL: INSERT INTO dimstore (store_id, store_name, location, manager) VALUES (%(store_id)s, %(store_name)s, %(location)s, %(manager)s)]
[parameters: [{'store_id': 'STORE513', 'store_name': 'Clinton Store', 'location': 'East Richmond', 'manager': 'Daniel Robinson'}, {'store_id': 'STORE514', 'store_name': 'Riverside Store', 'location': 'East Burlington', 'manager': 'James Smith'}, {'store_id': 'STORE515', 'store_name': 'Burlington Store', 'location': 'West Jacksontown', 'manager': 'Kimberly Roberts'}, {'store_id': 'STORE516', 'store_name': 'Clayton Store', 'location': 'East Fairview', 'manager': 'Betty Lewis'}, {'store_id': 'STORE517', 'store_name': 'Greenwood Store', 'location': 'East Salem', 'manager': 'Kevin Carter'}, {'store_id': 'STORE518', 'store_name': 'Dover Store', 'location': 'East Burlington', 'manager': 'Helen Walker'}, {'store_id': 'STORE519', 'store_name': 'Georgetown Store', 'location': 'East Franklin', 'manager': 'Christopher Garcia'}, {'store_id': 'STORE520', 'store_name': 'Burlington Store', 'location': 'East Waynetown', 'manager': 'Jennifer Garcia'}  ... displaying 10 of 380 total bound parameter sets ...  {'store_id': 'STORE998', 'store_name': 'Richmond Store', 'location': 'West Marion', 'manager': 'Steven King'}, {'store_id': 'STORE999', 'store_name': 'Troy Store', 'location': 'East Hudson', 'manager': 'Matthew Rodriguez'}]]
(Background on this error at: https://sqlalche.me/e/20/gkpj)",2025-08-22 14:42:38.977835
STORE606,Manchester Store,West Miltontown,Mark Hall,"Database insertion failed: (pymysql.err.IntegrityError) (1062, ""Duplicate entry 'STORE513' for key 'dimstore.store_id'"")
[SQL: INSERT INTO dimstore (store_id, store_name, location, manager) VALUES (%(store_id)s, %(store_name)s, %(location)s, %(manager)s)]
[parameters: [{'store_id': 'STORE513', 'store_name': 'Clinton Store', 'location': 'East Richmond', 'manager': 'Daniel Robinson'}, {'store_id': 'STORE514', 'store_name': 'Riverside Store', 'location': 'East Burlington', 'manager': 'James Smith'}, {'store_id': 'STORE515', 'store_name': 'Burlington Store', 'location': 'West Jacksontown', 'manager': 'Kimberly Roberts'}, {'store_id': 'STORE516', 'store_name': 'Clayton Store', 'location': 'East Fairview', 'manager': 'Betty Lewis'}, {'store_id': 'STORE517', 'store_name': 'Greenwood Store', 'location': 'East Salem', 'manager': 'Kevin Carter'}, {'store_id': 'STORE518', 'store_name': 'Dover Store', 'location': 'East Burlington', 'manager': 'Helen Walker'}, {'store_id': 'STORE519', 'store_name': 'Georgetown Store', 'location': 'East Franklin', 'manager': 'Christopher Garcia'}, {'store_id': 'STORE520', 'store_name': 'Burlington Store', 'location': 'East Waynetown', 'manager': 'Jennifer Garcia'}  ... displaying 10 of 380 total bound parameter sets ...  {'store_id': 'STORE998', 'store_name': 'Richmond Store', 'location': 'West Marion', 'manager': 'Steven King'}, {'store_id': 'STORE999', 'store_name': 'Troy Store', 'location': 'East Hudson', 'manager': 'Matthew Rodriguez'}]]
(Background on this error at: https://sqlalche.me/e/20/gkpj)",2025-08-22 14:42:38.977835
STORE607,Jackson Store,East Kingston,Edward Campbell,"Database insertion failed: (pymysql.err.IntegrityError) (1062, ""Duplicate entry 'STORE513' for key 'dimstore.store_id'"")
[SQL: INSERT INTO dimstore (store_id, store_name, location, manager) VALUES (%(store_id)s, %(store_name)s, %(location)s, %(manager)s)]
[parameters: [{'store_id': 'STORE513', 'store_name': 'Clinton Store', 'location': 'East Richmond', 'manager': 'Daniel Robinson'}, {'store_id': 'STORE514', 'store_name': 'Riverside Store', 'location': 'East Burlington', 'manager': 'James Smith'}, {'store_id': 'STORE515', 'store_name': 'Burlington Store', 'location': 'West Jacksontown', 'manager': 'Kimberly Roberts'}, {'store_id': 'STORE516', 'store_name': 'Clayton Store', 'location': 'East Fairview', 'manager': 'Betty Lewis'}, {'store_id': 'STORE517', 'store_name': 'Greenwood Store', 'location': 'East Salem', 'manager': 'Kevin Carter'}, {'store_id': 'STORE518', 'store_name': 'Dover Store', 'location': 'East Burlington', 'manager': 'Helen Walker'}, {'store_id': 'STORE519', 'store_name': 'Georgetown Store', 'location': 'East Franklin', 'manager': 'Christopher Garcia'}, {'store_id': 'STORE520', 'store_name': 'Burlington Store', 'location': 'East Waynetown', 'manager': 'Jennifer Garcia'}  ... displaying 10 of 380 total bound parameter sets ...  {'store_id': 'STORE998', 'store_name': 'Richmond Store', 'location': 'West Marion', 'manager': 'Steven King'}, {'store_id': 'STORE999', 'store_name': 'Troy Store', 'location': 'East Hudson', 'manager': 'Matthew Rodriguez'}]]
(Background on this error at: https://sqlalche.me/e/20/gkpj)",2025-08-22 14:42:38.977835
STORE608,Springfield Store,East Arlingtontown,Kevin Carter,"Database insertion failed: (pymysql.err.IntegrityError) (1062, ""Duplicate entry 'STORE513' for key 'dimstore.store_id'"")
[SQL: INSERT INTO dimstore (store_id, store_name, location, manager) VALUES (%(store_id)s, %(store_name)s, %(location)s, %(manager)s)]
[parameters: [{'store_id': 'STORE513', 'store_name': 'Clinton Store', 'location': 'East Richmond', 'manager': 'Daniel Robinson'}, {'store_id': 'STORE514', 'store_name': 'Riverside Store', 'location': 'East Burlington', 'manager': 'James Smith'}, {'store_id': 'STORE515', 'store_name': 'Burlington Store', 'location': 'West Jacksontown', 'manager': 'Kimberly Roberts'}, {'store_id': 'STORE516', 'store_name': 'Clayton Store', 'location': 'East Fairview', 'manager': 'Betty Lewis'}, {'store_id': 'STORE517', 'store_name': 'Greenwood Store', 'location': 'East Salem', 'manager': 'Kevin Carter'}, {'store_id': 'STORE518', 'store_name': 'Dover Store', 'location': 'East Burlington', 'manager': 'Helen Walker'}, {'store_id': 'STORE519', 'store_name': 'Georgetown Store', 'location': 'East Franklin', 'manager': 'Christopher Garcia'}, {'store_id': 'STORE520', 'store_name': 'Burlington Store', 'location': 'East Waynetown', 'manager': 'Jennifer Garcia'}  ... displaying 10 of 380 total bound parameter sets ...  {'store_id': 'STORE998', 'store_name': 'Richmond Store', 'location': 'West Marion', 'manager': 'Steven King'}, {'store_id': 'STORE999', 'store_name': 'Troy Store', 'location': 'East Hudson', 'manager': 'Matthew Rodriguez'}]]
(Background on this error at: https://sqlalche.me/e/20/gkpj)",2025-08-22 14:42:38.977835
STORE609,Manchester Store,West Auburn,Betty Lewis,"Database insertion failed: (pymysql.err.IntegrityError) (1062, ""Duplicate entry 'STORE513' for key 'dimstore.store_id'"")
[SQL: INSERT INTO dimstore (store_id, store_name, location, manager) VALUES (%(store_id)s, %(store_name)s, %(location)s, %(manager)s)]
[parameters: [{'store_id': 'STORE513', 'store_name': 'Clinton Store', 'location': 'East Richmond', 'manager': 'Daniel Robinson'}, {'store_id': 'STORE514', 'store_name': 'Riverside Store', 'location': 'East Burlington', 'manager': 'James Smith'}, {'store_id': 'STORE515', 'store_name': 'Burlington Store', 'location': 'West Jacksontown', 'manager': 'Kimberly Roberts'}, {'store_id': 'STORE516', 'store_name': 'Clayton Store', 'location': 'East Fairview', 'manager': 'Betty Lewis'}, {'store_id': 'STORE517', 'store_name': 'Greenwood Store', 'location': 'East Salem', 'manager': 'Kevin Carter'}, {'store_id': 'STORE518', 'store_name': 'Dover Store', 'location': 'East Burlington', 'manager': 'Helen Walker'}, {'store_id': 'STORE519', 'store_name': 'Georgetown Store', 'location': 'East Franklin', 'manager': 'Christopher Garcia'}, {'store_id': 'STORE520', 'store_name': 'Burlington Store', 'location': 'East Waynetown', 'manager': 'Jennifer Garcia'}  ... displaying 10 of 380 total bound parameter sets ...  {'store_id': 'STORE998', 'store_name': 'Richmond Store', 'location': 'West Marion', 'manager': 'Steven King'}, {'store_id': 'STORE999', 'store_name': 'Troy Store', 'location': 'East Hudson', 'manager': 'Matthew Rodriguez'}]]
(Background on this error at: https://sqlalche.me/e/20/gkpj)",2025-08-22 14:42:38.977835
STORE610,Georgetown Store,East Chester,Betty Lewis,"Database insertion failed: (pymysql.err.IntegrityError) (1062, ""Duplicate entry 'STORE513' for key 'dimstore.store_id'"")
[SQL: INSERT INTO dimstore (store_id, store_name, location, manager) VALUES (%(store_id)s, %(store_name)s, %(location)s, %(manager)s)]
[parameters: [{'store_id': 'STORE513', 'store_name': 'Clinton Store', 'location': 'East Richmond', 'manager': 'Daniel Robinson'}, {'store_id': 'STORE514', 'store_name': 'Riverside Store', 'location': 'East Burlington', 'manager': 'James Smith'}, {'store_id': 'STORE515', 'store_name': 'Burlington Store', 'location': 'West Jacksontown', 'manager': 'Kimberly Roberts'}, {'store_id': 'STORE516', 'store_name': 'Clayton Store', 'location': 'East Fairview', 'manager': 'Betty Lewis'}, {'store_id': 'STORE517', 'store_name': 'Greenwood Store', 'location': 'East Salem', 'manager': 'Kevin Carter'}, {'store_id': 'STORE518', 'store_name': 'Dover Store', 'location': 'East Burlington', 'manager': 'Helen Walker'}, {'store_id': 'STORE519', 'store_name': 'Georgetown Store', 'location': 'East Franklin', 'manager': 'Christopher Garcia'}, {'store_id': 'STORE520', 'store_name': 'Burlington Store', 'location': 'East Waynetown', 'manager': 'Jennifer Garcia'}  ... displaying 10 of 380 total bound parameter sets ...  {'store_id': 'STORE998', 'store_name': 'Richmond Store', 'location': 'West Marion', 'manager': 'Steven King'}, {'store_id': 'STORE999', 'store_name': 'Troy Store', 'location': 'East Hudson', 'manager': 'Matthew Rodriguez'}]]
(Background on this error at: https://sqlalche.me/e/20/gkpj)",2025-08-22 14:42:38.977835
STORE611,Ashland Store,West Richmond,John Jones,"Database insertion failed: (pymysql.err.IntegrityError) (1062, ""Duplicate entry 'STORE513' for key 'dimstore.store_id'"")
[SQL: INSERT INTO dimstore (store_id, store_name, location, manager) VALUES (%(store_id)s, %(store_name)s, %(location)s, %(manager)s)]
[parameters: [{'store_id': 'STORE513', 'store_name': 'Clinton Store', 'location': 'East Richmond', 'manager': 'Daniel Robinson'}, {'store_id': 'STORE514', 'store_name': 'Riverside Store', 'location': 'East Burlington', 'manager': 'James Smith'}, {'store_id': 'STORE515', 'store_name': 'Burlington Store', 'location': 'West Jacksontown', 'manager': 'Kimberly Roberts'}, {'store_id': 'STORE516', 'store_name': 'Clayton Store', 'location': 'East Fairview', 'manager': 'Betty Lewis'}, {'store_id': 'STORE517', 'store_name': 'Greenwood Store', 'location': 'East Salem', 'manager': 'Kevin Carter'}, {'store_id': 'STORE518', 'store_name': 'Dover Store', 'location': 'East Burlington', 'manager': 'Helen Walker'}, {'store_id': 'STORE519', 'store_name': 'Georgetown Store', 'location': 'East Franklin', 'manager': 'Christopher Garcia'}, {'store_id': 'STORE520', 'store_name': 'Burlington Store', 'location': 'East Waynetown', 'manager': 'Jennifer Garcia'}  ... displaying 10 of 380 total bound parameter sets ...  {'store_id': 'STORE998', 'store_name': 'Richmond Store', 'location': 'West Marion', 'manager': 'Steven King'}, {'store_id': 'STORE999', 'store_name': 'Troy Store', 'location': 'East Hudson', 'manager': 'Matthew Rodriguez'}]]
(Background on this error at: https://sqlalche.me/e/20/gkpj)",2025-08-22 14:42:38.977835
STORE612,Madison Store,West Wayne,Helen Walker,"Database insertion failed: (pymysql.err.IntegrityError) (1062, ""Duplicate entry 'STORE513' for key 'dimstore.store_id'"")
[SQL: INSERT INTO dimstore (store_id, store_name, location, manager) VALUES (%(store_id)s, %(store_name)s, %(location)s, %(manager)s)]
[parameters: [{'store_id': 'STORE513', 'store_name': 'Clinton Store', 'location': 'East Richmond', 'manager': 'Daniel Robinson'}, {'store_id': 'STORE514', 'store_name': 'Riverside Store', 'location': 'East Burlington', 'manager': 'James Smith'}, {'store_id': 'STORE515', 'store_name': 'Burlington Store', 'location': 'West Jacksontown', 'manager': 'Kimberly Roberts'}, {'store_id': 'STORE516', 'store_name': 'Clayton Store', 'location': 'East Fairview', 'manager': 'Betty Lewis'}, {'store_id': 'STORE517', 'store_name': 'Greenwood Store', 'location': 'East Salem', 'manager': 'Kevin Carter'}, {'store_id': 'STORE518', 'store_name': 'Dover Store', 'location': 'East Burlington', 'manager': 'Helen Walker'}, {'store_id': 'STORE519', 'store_name': 'Georgetown Store', 'location': 'East Franklin', 'manager': 'Christopher Garcia'}, {'store_id': 'STORE520', 'store_name': 'Burlington Store', 'location': 'East Waynetown', 'manager': 'Jennifer Garcia'}  ... displaying 10 of 380 total bound parameter sets ...  {'store_id': 'STORE998', 'store_name': 'Richmond Store', 'location': 'West Marion', 'manager': 'Steven King'}, {'store_id': 'STORE999', 'store_name': 'Troy Store', 'location': 'East Hudson', 'manager': 'Matthew Rodriguez'}]]
(Background on this error at: https://sqlalche.me/e/20/gkpj)",2025-08-22 14:42:38.977835
STORE613,Clayton Store,East Hudson,Kimberly Roberts,"Database insertion failed: (pymysql.err.IntegrityError) (1062, ""Duplicate entry 'STORE513' for key 'dimstore.store_id'"")
[SQL: INSERT INTO dimstore (store_id, store_name, location, manager) VALUES (%(store_id)s, %(store_name)s, %(location)s, %(manager)s)]
[parameters: [{'store_id': 'STORE513', 'store_name': 'Clinton Store', 'location': 'East Richmond', 'manager': 'Daniel Robinson'}, {'store_id': 'STORE514', 'store_name': 'Riverside Store', 'location': 'East Burlington', 'manager': 'James Smith'}, {'store_id': 'STORE515', 'store_name': 'Burlington Store', 'location': 'West Jacksontown', 'manager': 'Kimberly Roberts'}, {'store_id': 'STORE516', 'store_name': 'Clayton Store', 'location': 'East Fairview', 'manager': 'Betty Lewis'}, {'store_id': 'STORE517', 'store_name': 'Greenwood Store', 'location': 'East Salem', 'manager': 'Kevin Carter'}, {'store_id': 'STORE518', 'store_name': 'Dover Store', 'location': 'East Burlington', 'manager': 'Helen Walker'}, {'store_id': 'STORE519', 'store_name': 'Georgetown Store', 'location': 'East Franklin', 'manager': 'Christopher Garcia'}, {'store_id': 'STORE520', 'store_name': 'Burlington Store', 'location': 'East Waynetown', 'manager': 'Jennifer Garcia'}  ... displaying 10 of 380 total bound parameter sets ...  {'store_id': 'STORE998', 'store_name': 'Richmond Store', 'location': 'West Marion', 'manager': 'Steven King'}, {'store_id': 'STORE999', 'store_name': 'Troy Store', 'location': 'East Hudson', 'manager': 'Matthew Rodriguez'}]]
(Background on this error at: https://sqlalche.me/e/20/gkpj)",2025-08-22 14:42:38.977835
STORE614,Arlington Store,East Springfield,Robert Williams,"Database insertion failed: (pymysql.err.IntegrityError) (1062, ""Duplicate entry 'STORE513' for key 'dimstore.store_id'"")
[SQL: INSERT INTO dimstore (store_id, store_name, location, manager) VALUES (%(store_id)s, %(store_name)s, %(location)s, %(manager)s)]
[parameters: [{'store_id': 'STORE513', 'store_name': 'Clinton Store', 'location': 'East Richmond', 'manager': 'Daniel Robinson'}, {'store_id': 'STORE514', 'store_name': 'Riverside Store', 'location': 'East Burlington', 'manager': 'James Smith'}, {'store_id': 'STORE515', 'store_name': 'Burlington Store', 'location': 'West Jacksontown', 'manager': 'Kimberly Roberts'}, {'store_id': 'STORE516', 'store_name': 'Clayton Store', 'location': 'East Fairview', 'manager': 'Betty Lewis'}, {'store_id': 'STORE517', 'store_name': 'Greenwood Store', 'location': 'East Salem', 'manager': 'Kevin Carter'}, {'store_id': 'STORE518', 'store_name': 'Dover Store', 'location': 'East Burlington', 'manager': 'Helen Walker'}, {'store_id': 'STORE519', 'store_name': 'Georgetown Store', 'location': 'East Franklin', 'manager': 'Christopher Garcia'}, {'store_id': 'STORE520', 'store_name': 'Burlington Store', 'location': 'East Waynetown', 'manager': 'Jennifer Garcia'}  ... displaying 10 of 380 total bound parameter sets ...  {'store_id': 'STORE998', 'store_name': 'Richmond Store', 'location': 'West Marion', 'manager': 'Steven King'}, {'store_id': 'STORE999', 'store_name': 'Troy Store', 'location': 'East Hudson', 'manager': 'Matthew Rodriguez'}]]
(Background on this error at: https://sqlalche.me/e/20/gkpj)",2025-08-22 14:42:38.977835
STORE615,Greenwood Store,East Milton,Robert Williams,"Database insertion failed: (pymysql.err.IntegrityError) (1062, ""Duplicate entry 'STORE513' for key 'dimstore.store_id'"")
[SQL: INSERT INTO dimstore (store_id, store_name, location, manager) VALUES (%(store_id)s, %(store_name)s, %(location)s, %(manager)s)]
[parameters: [{'store_id': 'STORE513', 'store_name': 'Clinton Store', 'location': 'East Richmond', 'manager': 'Daniel Robinson'}, {'store_id': 'STORE514', 'store_name': 'Riverside Store', 'location': 'East Burlington', 'manager': 'James Smith'}, {'store_id': 'STORE515', 'store_name': 'Burlington Store', 'location': 'West Jacksontown', 'manager': 'Kimberly Roberts'}, {'store_id': 'STORE516', 'store_name': 'Clayton Store', 'location': 'East Fairview', 'manager': 'Betty Lewis'}, {'store_id': 'STORE517', 'store_name': 'Greenwood Store', 'location': 'East Salem', 'manager': 'Kevin Carter'}, {'store_id': 'STORE518', 'store_name': 'Dover Store', 'location': 'East Burlington', 'manager': 'Helen Walker'}, {'store_id': 'STORE519', 'store_name': 'Georgetown Store', 'location': 'East Franklin', 'manager': 'Christopher Garcia'}, {'store_id': 'STORE520', 'store_name': 'Burlington Store', 'location': 'East Waynetown', 'manager': 'Jennifer Garcia'}  ... displaying 10 of 380 total bound parameter sets ...  {'store_id': 'STORE998', 'store_name': 'Richmond Store', 'location': 'West Marion', 'manager': 'Steven King'}, {'store_id': 'STORE999', 'store_name': 'Troy Store', 'location': 'East Hudson', 'manager': 'Matthew Rodriguez'}]]
(Background on this error at: https://sqlalche.me/e/20/gkpj)",2025-08-22 14:42:38.977835
STORE616,Kingston Store,West Dover,Jessica White,"Database insertion failed: (pymysql.err.IntegrityError) (1062, ""Duplicate entry 'STORE513' for key 'dimstore.store_id'"")
[SQL: INSERT INTO dimstore (store_id, store_name, location, manager) VALUES (%(store_id)s, %(store_name)s, %(location)s, %(manager)s)]
[parameters: [{'store_id': 'STORE513', 'store_name': 'Clinton Store', 'location': 'East Richmond', 'manager': 'Daniel Robinson'}, {'store_id': 'STORE514', 'store_name': 'Riverside Store', 'location': 'East Burlington', 'manager': 'James Smith'}, {'store_id': 'STORE515', 'store_name': 'Burlington Store', 'location': 'West Jacksontown', 'manager': 'Kimberly Roberts'}, {'store_id': 'STORE516', 'store_name': 'Clayton Store', 'location': 'East Fairview', 'manager': 'Betty Lewis'}, {'store_id': 'STORE517', 'store_name': 'Greenwood Store', 'location': 'East Salem', 'manager': 'Kevin Carter'}, {'store_id': 'STORE518', 'store_name': 'Dover Store', 'location': 'East Burlington', 'manager': 'Helen Walker'}, {'store_id': 'STORE519', 'store_name': 'Georgetown Store', 'location': 'East Franklin', 'manager': 'Christopher Garcia'}, {'store_id': 'STORE520', 'store_name': 'Burlington Store', 'location': 'East Waynetown', 'manager': 'Jennifer Garcia'}  ... displaying 10 of 380 total bound parameter sets ...  {'store_id': 'STORE998', 'store_name': 'Richmond Store', 'location': 'West Marion', 'manager': 'Steven King'}, {'store_id': 'STORE999', 'store_name': 'Troy Store', 'location': 'East Hudson', 'manager': 'Matthew Rodriguez'}]]
(Background on this error at: https://sqlalche.me/e/20/gkpj)",2025-08-22 14:42:38.977835
STORE617,Jackson Store,East Georgetown,Ruth Hill,"Database insertion failed: (pymysql.err.IntegrityError) (1062, ""Duplicate entry 'STORE513' for key 'dimstore.store_id'"")
[SQL: INSERT INTO dimstore (store_id, store_name, location, manager) VALUES (%(store_id)s, %(store_name)s, %(location)s, %(manager)s)]
[parameters: [{'store_id': 'STORE513', 'store_name': 'Clinton Store', 'location': 'East Richmond', 'manager': 'Daniel Robinson'}, {'store_id': 'STORE514', 'store_name': 'Riverside Store', 'location': 'East Burlington', 'manager': 'James Smith'}, {'store_id': 'STORE515', 'store_name': 'Burlington Store', 'location': 'West Jacksontown', 'manager': 'Kimberly Roberts'}, {'store_id': 'STORE516', 'store_name': 'Clayton Store', 'location': 'East Fairview', 'manager': 'Betty Lewis'}, {'store_id': 'STORE517', 'store_name': 'Greenwood Store', 'location': 'East Salem', 'manager': 'Kevin Carter'}, {'store_id': 'STORE518', 'store_name': 'Dover Store', 'location': 'East Burlington', 'manager': 'Helen Walker'}, {'store_id': 'STORE519', 'store_name': 'Georgetown Store', 'location': 'East Franklin', 'manager': 'Christopher Garcia'}, {'store_id': 'STORE520', 'store_name': 'Burlington Store', 'location': 'East Waynetown', 'manager': 'Jennifer Garcia'}  ... displaying 10 of 380 total bound parameter sets ...  {'store_id': 'STORE998', 'store_name': 'Richmond Store', 'location': 'West Marion', 'manager': 'Steven King'}, {'store_id': 'STORE999', 'store_name': 'Troy Store', 'location': 'East Hudson', 'manager': 'Matthew Rodriguez'}]]
(Background on this error at: https://sqlalche.me/e/20/gkpj)",2025-08-22 14:42:38.977835
STORE618,Troy Store,East Greenwood,William Rodriguez,"Database insertion failed: (pymysql.err.IntegrityError) (1062, ""Duplicate entry 'STORE513' for key 'dimstore.store_id'"")
[SQL: INSERT INTO dimstore (store_id, store_name, location, manager) VALUES (%(store_id)s, %(store_name)s, %(location)s, %(manager)s)]
[parameters: [{'store_id': 'STORE513', 'store_name': 'Clinton Store', 'location': 'East Richmond', 'manager': 'Daniel Robinson'}, {'store_id': 'STORE514', 'store_name': 'Riverside Store', 'location': 'East Burlington', 'manager': 'James Smith'}, {'store_id': 'STORE515', 'store_name': 'Burlington Store', 'location': 'West Jacksontown', 'manager': 'Kimberly Roberts'}, {'store_id': 'STORE516', 'store_name': 'Clayton Store', 'location': 'East Fairview', 'manager': 'Betty Lewis'}, {'store_id': 'STORE517', 'store_name': 'Greenwood Store', 'location': 'East Salem', 'manager': 'Kevin Carter'}, {'store_id': 'STORE518', 'store_name': 'Dover Store', 'location': 'East Burlington', 'manager': 'Helen Walker'}, {'store_id': 'STORE519', 'store_name': 'Georgetown Store', 'location': 'East Franklin', 'manager': 'Christopher Garcia'}, {'store_id': 'STORE520', 'store_name': 'Burlington Store', 'location': 'East Waynetown', 'manager': 'Jennifer Garcia'}  ... displaying 10 of 380 total bound parameter sets ...  {'store_id': 'STORE998', 'store_name': 'Richmond Store', 'location': 'West Marion', 'manager': 'Steven King'}, {'store_id': 'STORE999', 'store_name': 'Troy Store', 'location': 'East Hudson', 'manager': 'Matthew Rodriguez'}]]
(Background on this error at: https://sqlalche.me/e/20/gkpj)",2025-08-22 14:42:38.977835
STORE619,Riverside Store,West Kingston,Donna Hernandez,"Database insertion failed: (pymysql.err.IntegrityError) (1062, ""Duplicate entry 'STORE513' for key 'dimstore.store_id'"")
[SQL: INSERT INTO dimstore (store_id, store_name, location, manager) VALUES (%(store_id)s, %(store_name)s, %(location)s, %(manager)s)]
[parameters: [{'store_id': 'STORE513', 'store_name': 'Clinton Store', 'location': 'East Richmond', 'manager': 'Daniel Robinson'}, {'store_id': 'STORE514', 'store_name': 'Riverside Store', 'location': 'East Burlington', 'manager': 'James Smith'}, {'store_id': 'STORE515', 'store_name': 'Burlington Store', 'location': 'West Jacksontown', 'manager': 'Kimberly Roberts'}, {'store_id': 'STORE516', 'store_name': 'Clayton Store', 'location': 'East Fairview', 'manager': 'Betty Lewis'}, {'store_id': 'STORE517', 'store_name': 'Greenwood Store', 'location': 'East Salem', 'manager': 'Kevin Carter'}, {'store_id': 'STORE518', 'store_name': 'Dover Store', 'location': 'East Burlington', 'manager': 'Helen Walker'}, {'store_id': 'STORE519', 'store_name': 'Georgetown Store', 'location': 'East Franklin', 'manager': 'Christopher Garcia'}, {'store_id': 'STORE520', 'store_name': 'Burlington Store', 'location': 'East Waynetown', 'manager': 'Jennifer Garcia'}  ... displaying 10 of 380 total bound parameter sets ...  {'store_id': 'STORE998', 'store_name': 'Richmond Store', 'location': 'West Marion', 'manager': 'Steven King'}, {'store_id': 'STORE999', 'store_name': 'Troy Store', 'location': 'East Hudson', 'manager': 'Matthew Rodriguez'}]]
(Background on this error at: https://sqlalche.me/e/20/gkpj)",2025-08-22 14:42:38.977835
STORE620,Clayton Store,East Oxford,Steven King,"Database insertion failed: (pymysql.err.IntegrityError) (1062, ""Duplicate entry 'STORE513' for key 'dimstore.store_id'"")
[SQL: INSERT INTO dimstore (store_id, store_name, location, manager) VALUES (%(store_id)s, %(store_name)s, %(location)s, %(manager)s)]
[parameters: [{'store_id': 'STORE513', 'store_name': 'Clinton Store', 'location': 'East Richmond', 'manager': 'Daniel Robinson'}, {'store_id': 'STORE514', 'store_name': 'Riverside Store', 'location': 'East Burlington', 'manager': 'James Smith'}, {'store_id': 'STORE515', 'store_name': 'Burlington Store', 'location': 'West Jacksontown', 'manager': 'Kimberly Roberts'}, {'store_id': 'STORE516', 'store_name': 'Clayton Store', 'location': 'East Fairview', 'manager': 'Betty Lewis'}, {'store_id': 'STORE517', 'store_name': 'Greenwood Store', 'location': 'East Salem', 'manager': 'Kevin Carter'}, {'store_id': 'STORE518', 'store_name': 'Dover Store', 'location': 'East Burlington', 'manager': 'Helen Walker'}, {'store_id': 'STORE519', 'store_name': 'Georgetown Store', 'location': 'East Franklin', 'manager': 'Christopher Garcia'}, {'store_id': 'STORE520', 'store_name': 'Burlington Store', 'location': 'East Waynetown', 'manager': 'Jennifer Garcia'}  ... displaying 10 of 380 total bound parameter sets ...  {'store_id': 'STORE998', 'store_name': 'Richmond Store', 'location': 'West Marion', 'manager': 'Steven King'}, {'store_id': 'STORE999', 'store_name': 'Troy Store', 'location': 'East Hudson', 'manager': 'Matthew Rodriguez'}]]
(Background on this error at: https://sqlalche.me/e/20/gkpj)",2025-08-22 14:42:38.977835
STORE621,Georgetown Store,East Miltontown,Nancy Martinez,"Database insertion failed: (pymysql.err.IntegrityError) (1062, ""Duplicate entry 'STORE513' for key 'dimstore.store_id'"")
[SQL: INSERT INTO dimstore (store_id, store_name, location, manager) VALUES (%(store_id)s, %(store_name)s, %(location)s, %(manager)s)]
[parameters: [{'store_id': 'STORE513', 'store_name': 'Clinton Store', 'location': 'East Richmond', 'manager': 'Daniel Robinson'}, {'store_id': 'STORE514', 'store_name': 'Riverside Store', 'location': 'East Burlington', 'manager': 'James Smith'}, {'store_id': 'STORE515', 'store_name': 'Burlington Store', 'location': 'West Jacksontown', 'manager': 'Kimberly Roberts'}, {'store_id': 'STORE516', 'store_name': 'Clayton Store', 'location': 'East Fairview', 'manager': 'Betty Lewis'}, {'store_id': 'STORE517', 'store_name': 'Greenwood Store', 'location': 'East Salem', 'manager': 'Kevin Carter'}, {'store_id': 'STORE518', 'store_name': 'Dover Store', 'location': 'East Burlington', 'manager': 'Helen Walker'}, {'store_id': 'STORE519', 'store_name': 'Georgetown Store', 'location': 'East Franklin', 'manager': 'Christopher Garcia'}, {'store_id': 'STORE520', 'store_name': 'Burlington Store', 'location': 'East Waynetown', 'manager': 'Jennifer Garcia'}  ... displaying 10 of 380 total bound parameter sets ...  {'store_id': 'STORE998', 'store_name': 'Richmond Store', 'location': 'West Marion', 'manager': 'Steven King'}, {'store_id': 'STORE999', 'store_name': 'Troy Store', 'location': 'East Hudson', 'manager': 'Matthew Rodriguez'}]]
(Background on this error at: https://sqlalche.me/e/20/gkpj)",2025-08-22 14:42:38.977835
STORE622,Clayton Store,West Arlingtontown,Kimberly Roberts,"Database insertion failed: (pymysql.err.IntegrityError) (1062, ""Duplicate entry 'STORE513' for key 'dimstore.store_id'"")
[SQL: INSERT INTO dimstore (store_id, store_name, location, manager) VALUES (%(store_id)s, %(store_name)s, %(location)s, %(manager)s)]
[parameters: [{'store_id': 'STORE513', 'store_name': 'Clinton Store', 'location': 'East Richmond', 'manager': 'Daniel Robinson'}, {'store_id': 'STORE514', 'store_name': 'Riverside Store', 'location': 'East Burlington', 'manager': 'James Smith'}, {'store_id': 'STORE515', 'store_name': 'Burlington Store', 'location': 'West Jacksontown', 'manager': 'Kimberly Roberts'}, {'store_id': 'STORE516', 'store_name': 'Clayton Store', 'location': 'East Fairview', 'manager': 'Betty Lewis'}, {'store_id': 'STORE517', 'store_name': 'Greenwood Store', 'location': 'East Salem', 'manager': 'Kevin Carter'}, {'store_id': 'STORE518', 'store_name': 'Dover Store', 'location': 'East Burlington', 'manager': 'Helen Walker'}, {'store_id': 'STORE519', 'store_name': 'Georgetown Store', 'location': 'East Franklin', 'manager': 'Christopher Garcia'}, {'store_id': 'STORE520', 'store_name': 'Burlington Store', 'location': 'East Waynetown', 'manager': 'Jennifer Garcia'}  ... displaying 10 of 380 total bound parameter sets ...  {'store_id': 'STORE998', 'store_name': 'Richmond Store', 'location': 'West Marion', 'manager': 'Steven King'}, {'store_id': 'STORE999', 'store_name': 'Troy Store', 'location': 'East Hudson', 'manager': 'Matthew Rodriguez'}]]
(Background on this error at: https://sqlalche.me/e/20/gkpj)",2025-08-22 14:42:38.977835
STORE623,Fairview Store,West Chester,Lisa Edwards,"Database insertion failed: (pymysql.err.IntegrityError) (1062, ""Duplicate entry 'STORE513' for key 'dimstore.store_id'"")
[SQL: INSERT INTO dimstore (store_id, store_name, location, manager) VALUES (%(store_id)s, %(store_name)s, %(location)s, %(manager)s)]
[parameters: [{'store_id': 'STORE513', 'store_name': 'Clinton Store', 'location': 'East Richmond', 'manager': 'Daniel Robinson'}, {'store_id': 'STORE514', 'store_name': 'Riverside Store', 'location': 'East Burlington', 'manager': 'James Smith'}, {'store_id': 'STORE515', 'store_name': 'Burlington Store', 'location': 'West Jacksontown', 'manager': 'Kimberly Roberts'}, {'store_id': 'STORE516', 'store_name': 'Clayton Store', 'location': 'East Fairview', 'manager': 'Betty Lewis'}, {'store_id': 'STORE517', 'store_name': 'Greenwood Store', 'location': 'East Salem', 'manager': 'Kevin Carter'}, {'store_id': 'STORE518', 'store_name': 'Dover Store', 'location': 'East Burlington', 'manager': 'Helen Walker'}, {'store_id': 'STORE519', 'store_name': 'Georgetown Store', 'location': 'East Franklin', 'manager': 'Christopher Garcia'}, {'store_id': 'STORE520', 'store_name': 'Burlington Store', 'location': 'East Waynetown', 'manager': 'Jennifer Garcia'}  ... displaying 10 of 380 total bound parameter sets ...  {'store_id': 'STORE998', 'store_name': 'Richmond Store', 'location': 'West Marion', 'manager': 'Steven King'}, {'store_id': 'STORE999', 'store_name': 'Troy Store', 'location': 'East Hudson', 'manager': 'Matthew Rodriguez'}]]
(Background on this error at: https://sqlalche.me/e/20/gkpj)",2025-08-22 14:42:38.977835
STORE624,Richmond Store,East Greenwood,Sarah Martin,"Database insertion failed: (pymysql.err.IntegrityError) (1062, ""Duplicate entry 'STORE513' for key 'dimstore.store_id'"")
[SQL: INSERT INTO dimstore (store_id, store_name, location, manager) VALUES (%(store_id)s, %(store_name)s, %(location)s, %(manager)s)]
[parameters: [{'store_id': 'STORE513', 'store_name': 'Clinton Store', 'location': 'East Richmond', 'manager': 'Daniel Robinson'}, {'store_id': 'STORE514', 'store_name': 'Riverside Store', 'location': 'East Burlington', 'manager': 'James Smith'}, {'store_id': 'STORE515', 'store_name': 'Burlington Store', 'location': 'West Jacksontown', 'manager': 'Kimberly Roberts'}, {'store_id': 'STORE516', 'store_name': 'Clayton Store', 'location': 'East Fairview', 'manager': 'Betty Lewis'}, {'store_id': 'STORE517', 'store_name': 'Greenwood Store', 'location': 'East Salem', 'manager': 'Kevin Carter'}, {'store_id': 'STORE518', 'store_name': 'Dover Store', 'location': 'East Burlington', 'manager': 'Helen Walker'}, {'store_id': 'STORE519', 'store_name': 'Georgetown Store', 'location': 'East Franklin', 'manager': 'Christopher Garcia'}, {'store_id': 'STORE520', 'store_name': 'Burlington Store', 'location': 'East Waynetown', 'manager': 'Jennifer Garcia'}  ... displaying 10 of 380 total bound parameter sets ...  {'store_id': 'STORE998', 'store_name': 'Richmond Store', 'location': 'West Marion', 'manager': 'Steven King'}, {'store_id': 'STORE999', 'store_name': 'Troy Store', 'location': 'East Hudson', 'manager': 'Matthew Rodriguez'}]]
(Background on this error at: https://sqlalche.me/e/20/gkpj)",2025-08-22 14:42:38.977835
STORE625,Franklin Store,West Clayton,Susan Thomas,"Database insertion failed: (pymysql.err.IntegrityError) (1062, ""Duplicate entry 'STORE513' for key 'dimstore.store_id'"")
[SQL: INSERT INTO dimstore (store_id, store_name, location, manager) VALUES (%(store_id)s, %(store_name)s, %(location)s, %(manager)s)]
[parameters: [{'store_id': 'STORE513', 'store_name': 'Clinton Store', 'location': 'East Richmond', 'manager': 'Daniel Robinson'}, {'store_id': 'STORE514', 'store_name': 'Riverside Store', 'location': 'East Burlington', 'manager': 'James Smith'}, {'store_id': 'STORE515', 'store_name': 'Burlington Store', 'location': 'West Jacksontown', 'manager': 'Kimberly Roberts'}, {'store_id': 'STORE516', 'store_name': 'Clayton Store', 'location': 'East Fairview', 'manager': 'Betty Lewis'}, {'store_id': 'STORE517', 'store_name': 'Greenwood Store', 'location': 'East Salem', 'manager': 'Kevin Carter'}, {'store_id': 'STORE518', 'store_name': 'Dover Store', 'location': 'East Burlington', 'manager': 'Helen Walker'}, {'store_id': 'STORE519', 'store_name': 'Georgetown Store', 'location': 'East Franklin', 'manager': 'Christopher Garcia'}, {'store_id': 'STORE520', 'store_name': 'Burlington Store', 'location': 'East Waynetown', 'manager': 'Jennifer Garcia'}  ... displaying 10 of 380 total bound parameter sets ...  {'store_id': 'STORE998', 'store_name': 'Richmond Store', 'location': 'West Marion', 'manager': 'Steven King'}, {'store_id': 'STORE999', 'store_name': 'Troy Store', 'location': 'East Hudson', 'manager': 'Matthew Rodriguez'}]]
(Background on this error at: https://sqlalche.me/e/20/gkpj)",2025-08-22 14:42:38.977835
STORE626,Dover Store,West Newport,Helen Walker,"Database insertion failed: (pymysql.err.IntegrityError) (1062, ""Duplicate entry 'STORE513' for key 'dimstore.store_id'"")
[SQL: INSERT INTO dimstore (store_id, store_name, location, manager) VALUES (%(store_id)s, %(store_name)s, %(location)s, %(manager)s)]
[parameters: [{'store_id': 'STORE513', 'store_name': 'Clinton Store', 'location': 'East Richmond', 'manager': 'Daniel Robinson'}, {'store_id': 'STORE514', 'store_name': 'Riverside Store', 'location': 'East Burlington', 'manager': 'James Smith'}, {'store_id': 'STORE515', 'store_name': 'Burlington Store', 'location': 'West Jacksontown', 'manager': 'Kimberly Roberts'}, {'store_id': 'STORE516', 'store_name': 'Clayton Store', 'location': 'East Fairview', 'manager': 'Betty Lewis'}, {'store_id': 'STORE517', 'store_name': 'Greenwood Store', 'location': 'East Salem', 'manager': 'Kevin Carter'}, {'store_id': 'STORE518', 'store_name': 'Dover Store', 'location': 'East Burlington', 'manager': 'Helen Walker'}, {'store_id': 'STORE519', 'store_name': 'Georgetown Store', 'location': 'East Franklin', 'manager': 'Christopher Garcia'}, {'store_id': 'STORE520', 'store_name': 'Burlington Store', 'location': 'East Waynetown', 'manager': 'Jennifer Garcia'}  ... displaying 10 of 380 total bound parameter sets ...  {'store_id': 'STORE998', 'store_name': 'Richmond Store', 'location': 'West Marion', 'manager': 'Steven King'}, {'store_id': 'STORE999', 'store_name': 'Troy Store', 'location': 'East Hudson', 'manager': 'Matthew Rodriguez'}]]
(Background on this error at: https://sqlalche.me/e/20/gkpj)",2025-08-22 14:42:38.977835
STORE627,Fairview Store,West Franklin,Anthony Lee,"Database insertion failed: (pymysql.err.IntegrityError) (1062, ""Duplicate entry 'STORE513' for key 'dimstore.store_id'"")
[SQL: INSERT INTO dimstore (store_id, store_name, location, manager) VALUES (%(store_id)s, %(store_name)s, %(location)s, %(manager)s)]
[parameters: [{'store_id': 'STORE513', 'store_name': 'Clinton Store', 'location': 'East Richmond', 'manager': 'Daniel Robinson'}, {'store_id': 'STORE514', 'store_name': 'Riverside Store', 'location': 'East Burlington', 'manager': 'James Smith'}, {'store_id': 'STORE515', 'store_name': 'Burlington Store', 'location': 'West Jacksontown', 'manager': 'Kimberly Roberts'}, {'store_id': 'STORE516', 'store_name': 'Clayton Store', 'location': 'East Fairview', 'manager': 'Betty Lewis'}, {'store_id': 'STORE517', 'store_name': 'Greenwood Store', 'location': 'East Salem', 'manager': 'Kevin Carter'}, {'store_id': 'STORE518', 'store_name': 'Dover Store', 'location': 'East Burlington', 'manager': 'Helen Walker'}, {'store_id': 'STORE519', 'store_name': 'Georgetown Store', 'location': 'East Franklin', 'manager': 'Christopher Garcia'}, {'store_id': 'STORE520', 'store_name': 'Burlington Store', 'location': 'East Waynetown', 'manager': 'Jennifer Garcia'}  ... displaying 10 of 380 total bound parameter sets ...  {'store_id': 'STORE998', 'store_name': 'Richmond Store', 'location': 'West Marion', 'manager': 'Steven King'}, {'store_id': 'STORE999', 'store_name': 'Troy Store', 'location': 'East Hudson', 'manager': 'Matthew Rodriguez'}]]
(Background on this error at: https://sqlalche.me/e/20/gkpj)",2025-08-22 14:42:38.977835
STORE628,Richmond Store,West Clayton,David Wilson,"Database insertion failed: (pymysql.err.IntegrityError) (1062, ""Duplicate entry 'STORE513' for key 'dimstore.store_id'"")
[SQL: INSERT INTO dimstore (store_id, store_name, location, manager) VALUES (%(store_id)s, %(store_name)s, %(location)s, %(manager)s)]
[parameters: [{'store_id': 'STORE513', 'store_name': 'Clinton Store', 'location': 'East Richmond', 'manager': 'Daniel Robinson'}, {'store_id': 'STORE514', 'store_name': 'Riverside Store', 'location': 'East Burlington', 'manager': 'James Smith'}, {'store_id': 'STORE515', 'store_name': 'Burlington Store', 'location': 'West Jacksontown', 'manager': 'Kimberly Roberts'}, {'store_id': 'STORE516', 'store_name': 'Clayton Store', 'location': 'East Fairview', 'manager': 'Betty Lewis'}, {'store_id': 'STORE517', 'store_name': 'Greenwood Store', 'location': 'East Salem', 'manager': 'Kevin Carter'}, {'store_id': 'STORE518', 'store_name': 'Dover Store', 'location': 'East Burlington', 'manager': 'Helen Walker'}, {'store_id': 'STORE519', 'store_name': 'Georgetown Store', 'location': 'East Franklin', 'manager': 'Christopher Garcia'}, {'store_id': 'STORE520', 'store_name': 'Burlington Store', 'location': 'East Waynetown', 'manager': 'Jennifer Garcia'}  ... displaying 10 of 380 total bound parameter sets ...  {'store_id': 'STORE998', 'store_name': 'Richmond Store', 'location': 'West Marion', 'manager': 'Steven King'}, {'store_id': 'STORE999', 'store_name': 'Troy Store', 'location': 'East Hudson', 'manager': 'Matthew Rodriguez'}]]
(Background on this error at: https://sqlalche.me/e/20/gkpj)",2025-08-22 14:42:38.977835
STORE629,Oxford Store,East Jackson,Sharon Green,"Database insertion failed: (pymysql.err.IntegrityError) (1062, ""Duplicate entry 'STORE513' for key 'dimstore.store_id'"")
[SQL: INSERT INTO dimstore (store_id, store_name, location, manager) VALUES (%(store_id)s, %(store_name)s, %(location)s, %(manager)s)]
[parameters: [{'store_id': 'STORE513', 'store_name': 'Clinton Store', 'location': 'East Richmond', 'manager': 'Daniel Robinson'}, {'store_id': 'STORE514', 'store_name': 'Riverside Store', 'location': 'East Burlington', 'manager': 'James Smith'}, {'store_id': 'STORE515', 'store_name': 'Burlington Store', 'location': 'West Jacksontown', 'manager': 'Kimberly Roberts'}, {'store_id': 'STORE516', 'store_name': 'Clayton Store', 'location': 'East Fairview', 'manager': 'Betty Lewis'}, {'store_id': 'STORE517', 'store_name': 'Greenwood Store', 'location': 'East Salem', 'manager': 'Kevin Carter'}, {'store_id': 'STORE518', 'store_name': 'Dover Store', 'location': 'East Burlington', 'manager': 'Helen Walker'}, {'store_id': 'STORE519', 'store_name': 'Georgetown Store', 'location': 'East Franklin', 'manager': 'Christopher Garcia'}, {'store_id': 'STORE520', 'store_name': 'Burlington Store', 'location': 'East Waynetown', 'manager': 'Jennifer Garcia'}  ... displaying 10 of 380 total bound parameter sets ...  {'store_id': 'STORE998', 'store_name': 'Richmond Store', 'location': 'West Marion', 'manager': 'Steven King'}, {'store_id': 'STORE999', 'store_name': 'Troy Store', 'location': 'East Hudson', 'manager': 'Matthew Rodriguez'}]]
(Background on this error at: https://sqlalche.me/e/20/gkpj)",2025-08-22 14:42:38.977835
STORE630,Hudson Store,East Georgetown,Andrew Scott,"Database insertion failed: (pymysql.err.IntegrityError) (1062, ""Duplicate entry 'STORE513' for key 'dimstore.store_id'"")
[SQL: INSERT INTO dimstore (store_id, store_name, location, manager) VALUES (%(store_id)s, %(store_name)s, %(location)s, %(manager)s)]
[parameters: [{'store_id': 'STORE513', 'store_name': 'Clinton Store', 'location': 'East Richmond', 'manager': 'Daniel Robinson'}, {'store_id': 'STORE514', 'store_name': 'Riverside Store', 'location': 'East Burlington', 'manager': 'James Smith'}, {'store_id': 'STORE515', 'store_name': 'Burlington Store', 'location': 'West Jacksontown', 'manager': 'Kimberly Roberts'}, {'store_id': 'STORE516', 'store_name': 'Clayton Store', 'location': 'East Fairview', 'manager': 'Betty Lewis'}, {'store_id': 'STORE517', 'store_name': 'Greenwood Store', 'location': 'East Salem', 'manager': 'Kevin Carter'}, {'store_id': 'STORE518', 'store_name': 'Dover Store', 'location': 'East Burlington', 'manager': 'Helen Walker'}, {'store_id': 'STORE519', 'store_name': 'Georgetown Store', 'location': 'East Franklin', 'manager': 'Christopher Garcia'}, {'store_id': 'STORE520', 'store_name': 'Burlington Store', 'location': 'East Waynetown', 'manager': 'Jennifer Garcia'}  ... displaying 10 of 380 total bound parameter sets ...  {'store_id': 'STORE998', 'store_name': 'Richmond Store', 'location': 'West Marion', 'manager': 'Steven King'}, {'store_id': 'STORE999', 'store_name': 'Troy Store', 'location': 'East Hudson', 'manager': 'Matthew Rodriguez'}]]
(Background on this error at: https://sqlalche.me/e/20/gkpj)",2025-08-22 14:42:38.977835
STORE631,Newport Store,West Georgetowntown,Lisa Clark,"Database insertion failed: (pymysql.err.IntegrityError) (1062, ""Duplicate entry 'STORE513' for key 'dimstore.store_id'"")
[SQL: INSERT INTO dimstore (store_id, store_name, location, manager) VALUES (%(store_id)s, %(store_name)s, %(location)s, %(manager)s)]
[parameters: [{'store_id': 'STORE513', 'store_name': 'Clinton Store', 'location': 'East Richmond', 'manager': 'Daniel Robinson'}, {'store_id': 'STORE514', 'store_name': 'Riverside Store', 'location': 'East Burlington', 'manager': 'James Smith'}, {'store_id': 'STORE515', 'store_name': 'Burlington Store', 'location': 'West Jacksontown', 'manager': 'Kimberly Roberts'}, {'store_id': 'STORE516', 'store_name': 'Clayton Store', 'location': 'East Fairview', 'manager': 'Betty Lewis'}, {'store_id': 'STORE517', 'store_name': 'Greenwood Store', 'location': 'East Salem', 'manager': 'Kevin Carter'}, {'store_id': 'STORE518', 'store_name': 'Dover Store', 'location': 'East Burlington', 'manager': 'Helen Walker'}, {'store_id': 'STORE519', 'store_name': 'Georgetown Store', 'location': 'East Franklin', 'manager': 'Christopher Garcia'}, {'store_id': 'STORE520', 'store_name': 'Burlington Store', 'location': 'East Waynetown', 'manager': 'Jennifer Garcia'}  ... displaying 10 of 380 total bound parameter sets ...  {'store_id': 'STORE998', 'store_name': 'Richmond Store', 'location': 'West Marion', 'manager': 'Steven King'}, {'store_id': 'STORE999', 'store_name': 'Troy Store', 'location': 'East Hudson', 'manager': 'Matthew Rodriguez'}]]
(Background on this error at: https://sqlalche.me/e/20/gkpj)",2025-08-22 14:42:38.977835
STORE632,Franklin Store,East Mariontown,Joshua Adams,"Database insertion failed: (pymysql.err.IntegrityError) (1062, ""Duplicate entry 'STORE513' for key 'dimstore.store_id'"")
[SQL: INSERT INTO dimstore (store_id, store_name, location, manager) VALUES (%(store_id)s, %(store_name)s, %(location)s, %(manager)s)]
[parameters: [{'store_id': 'STORE513', 'store_name': 'Clinton Store', 'location': 'East Richmond', 'manager': 'Daniel Robinson'}, {'store_id': 'STORE514', 'store_name': 'Riverside Store', 'location': 'East Burlington', 'manager': 'James Smith'}, {'store_id': 'STORE515', 'store_name': 'Burlington Store', 'location': 'West Jacksontown', 'manager': 'Kimberly Roberts'}, {'store_id': 'STORE516', 'store_name': 'Clayton Store', 'location': 'East Fairview', 'manager': 'Betty Lewis'}, {'store_id': 'STORE517', 'store_name': 'Greenwood Store', 'location': 'East Salem', 'manager': 'Kevin Carter'}, {'store_id': 'STORE518', 'store_name': 'Dover Store', 'location': 'East Burlington', 'manager': 'Helen Walker'}, {'store_id': 'STORE519', 'store_name': 'Georgetown Store', 'location': 'East Franklin', 'manager': 'Christopher Garcia'}, {'store_id': 'STORE520', 'store_name': 'Burlington Store', 'location': 'East Waynetown', 'manager': 'Jennifer Garcia'}  ... displaying 10 of 380 total bound parameter sets ...  {'store_id': 'STORE998', 'store_name': 'Richmond Store', 'location': 'West Marion', 'manager': 'Steven King'}, {'store_id': 'STORE999', 'store_name': 'Troy Store', 'location': 'East Hudson', 'manager': 'Matthew Rodriguez'}]]
(Background on this error at: https://sqlalche.me/e/20/gkpj)",2025-08-22 14:42:38.977835
STORE633,Marion Store,East Dover,Michael Miller,"Database insertion failed: (pymysql.err.IntegrityError) (1062, ""Duplicate entry 'STORE513' for key 'dimstore.store_id'"")
[SQL: INSERT INTO dimstore (store_id, store_name, location, manager) VALUES (%(store_id)s, %(store_name)s, %(location)s, %(manager)s)]
[parameters: [{'store_id': 'STORE513', 'store_name': 'Clinton Store', 'location': 'East Richmond', 'manager': 'Daniel Robinson'}, {'store_id': 'STORE514', 'store_name': 'Riverside Store', 'location': 'East Burlington', 'manager': 'James Smith'}, {'store_id': 'STORE515', 'store_name': 'Burlington Store', 'location': 'West Jacksontown', 'manager': 'Kimberly Roberts'}, {'store_id': 'STORE516', 'store_name': 'Clayton Store', 'location': 'East Fairview', 'manager': 'Betty Lewis'}, {'store_id': 'STORE517', 'store_name': 'Greenwood Store', 'location': 'East Salem', 'manager': 'Kevin Carter'}, {'store_id': 'STORE518', 'store_name': 'Dover Store', 'location': 'East Burlington', 'manager': 'Helen Walker'}, {'store_id': 'STORE519', 'store_name': 'Georgetown Store', 'location': 'East Franklin', 'manager': 'Christopher Garcia'}, {'store_id': 'STORE520', 'store_name': 'Burlington Store', 'location': 'East Waynetown', 'manager': 'Jennifer Garcia'}  ... displaying 10 of 380 total bound parameter sets ...  {'store_id': 'STORE998', 'store_name': 'Richmond Store', 'location': 'West Marion', 'manager': 'Steven King'}, {'store_id': 'STORE999', 'store_name': 'Troy Store', 'location': 'East Hudson', 'manager': 'Matthew Rodriguez'}]]
(Background on this error at: https://sqlalche.me/e/20/gkpj)",2025-08-22 14:42:38.977835
STORE634,Arlington Store,West Troy,Kenneth Gonzalez,"Database insertion failed: (pymysql.err.IntegrityError) (1062, ""Duplicate entry 'STORE513' for key 'dimstore.store_id'"")
[SQL: INSERT INTO dimstore (store_id, store_name, location, manager) VALUES (%(store_id)s, %(store_name)s, %(location)s, %(manager)s)]
[parameters: [{'store_id': 'STORE513', 'store_name': 'Clinton Store', 'location': 'East Richmond', 'manager': 'Daniel Robinson'}, {'store_id': 'STORE514', 'store_name': 'Riverside Store', 'location': 'East Burlington', 'manager': 'James Smith'}, {'store_id': 'STORE515', 'store_name': 'Burlington Store', 'location': 'West Jacksontown', 'manager': 'Kimberly Roberts'}, {'store_id': 'STORE516', 'store_name': 'Clayton Store', 'location': 'East Fairview', 'manager': 'Betty Lewis'}, {'store_id': 'STORE517', 'store_name': 'Greenwood Store', 'location': 'East Salem', 'manager': 'Kevin Carter'}, {'store_id': 'STORE518', 'store_name': 'Dover Store', 'location': 'East Burlington', 'manager': 'Helen Walker'}, {'store_id': 'STORE519', 'store_name': 'Georgetown Store', 'location': 'East Franklin', 'manager': 'Christopher Garcia'}, {'store_id': 'STORE520', 'store_name': 'Burlington Store', 'location': 'East Waynetown', 'manager': 'Jennifer Garcia'}  ... displaying 10 of 380 total bound parameter sets ...  {'store_id': 'STORE998', 'store_name': 'Richmond Store', 'location': 'West Marion', 'manager': 'Steven King'}, {'store_id': 'STORE999', 'store_name': 'Troy Store', 'location': 'East Hudson', 'manager': 'Matthew Rodriguez'}]]
(Background on this error at: https://sqlalche.me/e/20/gkpj)",2025-08-22 14:42:38.977835
STORE635,Auburn Store,West Springfield,Dorothy Parker,"Database insertion failed: (pymysql.err.IntegrityError) (1062, ""Duplicate entry 'STORE513' for key 'dimstore.store_id'"")
[SQL: INSERT INTO dimstore (store_id, store_name, location, manager) VALUES (%(store_id)s, %(store_name)s, %(location)s, %(manager)s)]
[parameters: [{'store_id': 'STORE513', 'store_name': 'Clinton Store', 'location': 'East Richmond', 'manager': 'Daniel Robinson'}, {'store_id': 'STORE514', 'store_name': 'Riverside Store', 'location': 'East Burlington', 'manager': 'James Smith'}, {'store_id': 'STORE515', 'store_name': 'Burlington Store', 'location': 'West Jacksontown', 'manager': 'Kimberly Roberts'}, {'store_id': 'STORE516', 'store_name': 'Clayton Store', 'location': 'East Fairview', 'manager': 'Betty Lewis'}, {'store_id': 'STORE517', 'store_name': 'Greenwood Store', 'location': 'East Salem', 'manager': 'Kevin Carter'}, {'store_id': 'STORE518', 'store_name': 'Dover Store', 'location': 'East Burlington', 'manager': 'Helen Walker'}, {'store_id': 'STORE519', 'store_name': 'Georgetown Store', 'location': 'East Franklin', 'manager': 'Christopher Garcia'}, {'store_id': 'STORE520', 'store_name': 'Burlington Store', 'location': 'East Waynetown', 'manager': 'Jennifer Garcia'}  ... displaying 10 of 380 total bound parameter sets ...  {'store_id': 'STORE998', 'store_name': 'Richmond Store', 'location': 'West Marion', 'manager': 'Steven King'}, {'store_id': 'STORE999', 'store_name': 'Troy Store', 'location': 'East Hudson', 'manager': 'Matthew Rodriguez'}]]
(Background on this error at: https://sqlalche.me/e/20/gkpj)",2025-08-22 14:42:38.977835
STORE636,Salem Store,East Salem,Mary Johnson,"Database insertion failed: (pymysql.err.IntegrityError) (1062, ""Duplicate entry 'STORE513' for key 'dimstore.store_id'"")
[SQL: INSERT INTO dimstore (store_id, store_name, location, manager) VALUES (%(store_id)s, %(store_name)s, %(location)s, %(manager)s)]
[parameters: [{'store_id': 'STORE513', 'store_name': 'Clinton Store', 'location': 'East Richmond', 'manager': 'Daniel Robinson'}, {'store_id': 'STORE514', 'store_name': 'Riverside Store', 'location': 'East Burlington', 'manager': 'James Smith'}, {'store_id': 'STORE515', 'store_name': 'Burlington Store', 'location': 'West Jacksontown', 'manager': 'Kimberly Roberts'}, {'store_id': 'STORE516', 'store_name': 'Clayton Store', 'location': 'East Fairview', 'manager': 'Betty Lewis'}, {'store_id': 'STORE517', 'store_name': 'Greenwood Store', 'location': 'East Salem', 'manager': 'Kevin Carter'}, {'store_id': 'STORE518', 'store_name': 'Dover Store', 'location': 'East Burlington', 'manager': 'Helen Walker'}, {'store_id': 'STORE519', 'store_name': 'Georgetown Store', 'location': 'East Franklin', 'manager': 'Christopher Garcia'}, {'store_id': 'STORE520', 'store_name': 'Burlington Store', 'location': 'East Waynetown', 'manager': 'Jennifer Garcia'}  ... displaying 10 of 380 total bound parameter sets ...  {'store_id': 'STORE998', 'store_name': 'Richmond Store', 'location': 'West Marion', 'manager': 'Steven King'}, {'store_id': 'STORE999', 'store_name': 'Troy Store', 'location': 'East Hudson', 'manager': 'Matthew Rodriguez'}]]
(Background on this error at: https://sqlalche.me/e/20/gkpj)",2025-08-22 14:42:38.977835
STORE637,Madison Store,East Marion,John Jones,"Database insertion failed: (pymysql.err.IntegrityError) (1062, ""Duplicate entry 'STORE513' for key 'dimstore.store_id'"")
[SQL: INSERT INTO dimstore (store_id, store_name, location, manager) VALUES (%(store_id)s, %(store_name)s, %(location)s, %(manager)s)]
[parameters: [{'store_id': 'STORE513', 'store_name': 'Clinton Store', 'location': 'East Richmond', 'manager': 'Daniel Robinson'}, {'store_id': 'STORE514', 'store_name': 'Riverside Store', 'location': 'East Burlington', 'manager': 'James Smith'}, {'store_id': 'STORE515', 'store_name': 'Burlington Store', 'location': 'West Jacksontown', 'manager': 'Kimberly Roberts'}, {'store_id': 'STORE516', 'store_name': 'Clayton Store', 'location': 'East Fairview', 'manager': 'Betty Lewis'}, {'store_id': 'STORE517', 'store_name': 'Greenwood Store', 'location': 'East Salem', 'manager': 'Kevin Carter'}, {'store_id': 'STORE518', 'store_name': 'Dover Store', 'location': 'East Burlington', 'manager': 'Helen Walker'}, {'store_id': 'STORE519', 'store_name': 'Georgetown Store', 'location': 'East Franklin', 'manager': 'Christopher Garcia'}, {'store_id': 'STORE520', 'store_name': 'Burlington Store', 'location': 'East Waynetown', 'manager': 'Jennifer Garcia'}  ... displaying 10 of 380 total bound parameter sets ...  {'store_id': 'STORE998', 'store_name': 'Richmond Store', 'location': 'West Marion', 'manager': 'Steven King'}, {'store_id': 'STORE999', 'store_name': 'Troy Store', 'location': 'East Hudson', 'manager': 'Matthew Rodriguez'}]]
(Background on this error at: https://sqlalche.me/e/20/gkpj)",2025-08-22 14:42:38.977835
STORE638,Ashland Store,East Greenwood,Kenneth Gonzalez,"Database insertion failed: (pymysql.err.IntegrityError) (1062, ""Duplicate entry 'STORE513' for key 'dimstore.store_id'"")
[SQL: INSERT INTO dimstore (store_id, store_name, location, manager) VALUES (%(store_id)s, %(store_name)s, %(location)s, %(manager)s)]
[parameters: [{'store_id': 'STORE513', 'store_name': 'Clinton Store', 'location': 'East Richmond', 'manager': 'Daniel Robinson'}, {'store_id': 'STORE514', 'store_name': 'Riverside Store', 'location': 'East Burlington', 'manager': 'James Smith'}, {'store_id': 'STORE515', 'store_name': 'Burlington Store', 'location': 'West Jacksontown', 'manager': 'Kimberly Roberts'}, {'store_id': 'STORE516', 'store_name': 'Clayton Store', 'location': 'East Fairview', 'manager': 'Betty Lewis'}, {'store_id': 'STORE517', 'store_name': 'Greenwood Store', 'location': 'East Salem', 'manager': 'Kevin Carter'}, {'store_id': 'STORE518', 'store_name': 'Dover Store', 'location': 'East Burlington', 'manager': 'Helen Walker'}, {'store_id': 'STORE519', 'store_name': 'Georgetown Store', 'location': 'East Franklin', 'manager': 'Christopher Garcia'}, {'store_id': 'STORE520', 'store_name': 'Burlington Store', 'location': 'East Waynetown', 'manager': 'Jennifer Garcia'}  ... displaying 10 of 380 total bound parameter sets ...  {'store_id': 'STORE998', 'store_name': 'Richmond Store', 'location': 'West Marion', 'manager': 'Steven King'}, {'store_id': 'STORE999', 'store_name': 'Troy Store', 'location': 'East Hudson', 'manager': 'Matthew Rodriguez'}]]
(Background on this error at: https://sqlalche.me/e/20/gkpj)",2025-08-22 14:42:38.977835
STORE639,Wayne Store,West Kingston,Kimberly Roberts,"Database insertion failed: (pymysql.err.IntegrityError) (1062, ""Duplicate entry 'STORE513' for key 'dimstore.store_id'"")
[SQL: INSERT INTO dimstore (store_id, store_name, location, manager) VALUES (%(store_id)s, %(store_name)s, %(location)s, %(manager)s)]
[parameters: [{'store_id': 'STORE513', 'store_name': 'Clinton Store', 'location': 'East Richmond', 'manager': 'Daniel Robinson'}, {'store_id': 'STORE514', 'store_name': 'Riverside Store', 'location': 'East Burlington', 'manager': 'James Smith'}, {'store_id': 'STORE515', 'store_name': 'Burlington Store', 'location': 'West Jacksontown', 'manager': 'Kimberly Roberts'}, {'store_id': 'STORE516', 'store_name': 'Clayton Store', 'location': 'East Fairview', 'manager': 'Betty Lewis'}, {'store_id': 'STORE517', 'store_name': 'Greenwood Store', 'location': 'East Salem', 'manager': 'Kevin Carter'}, {'store_id': 'STORE518', 'store_name': 'Dover Store', 'location': 'East Burlington', 'manager': 'Helen Walker'}, {'store_id': 'STORE519', 'store_name': 'Georgetown Store', 'location': 'East Franklin', 'manager': 'Christopher Garcia'}, {'store_id': 'STORE520', 'store_name': 'Burlington Store', 'location': 'East Waynetown', 'manager': 'Jennifer Garcia'}  ... displaying 10 of 380 total bound parameter sets ...  {'store_id': 'STORE998', 'store_name': 'Richmond Store', 'location': 'West Marion', 'manager': 'Steven King'}, {'store_id': 'STORE999', 'store_name': 'Troy Store', 'location': 'East Hudson', 'manager': 'Matthew Rodriguez'}]]
(Background on this error at: https://sqlalche.me/e/20/gkpj)",2025-08-22 14:42:38.977835
STORE640,Greenwood Store,East Troy,Deborah Phillips,"Database insertion failed: (pymysql.err.IntegrityError) (1062, ""Duplicate entry 'STORE513' for key 'dimstore.store_id'"")
[SQL: INSERT INTO dimstore (store_id, store_name, location, manager) VALUES (%(store_id)s, %(store_name)s, %(location)s, %(manager)s)]
[parameters: [{'store_id': 'STORE513', 'store_name': 'Clinton Store', 'location': 'East Richmond', 'manager': 'Daniel Robinson'}, {'store_id': 'STORE514', 'store_name': 'Riverside Store', 'location': 'East Burlington', 'manager': 'James Smith'}, {'store_id': 'STORE515', 'store_name': 'Burlington Store', 'location': 'West Jacksontown', 'manager': 'Kimberly Roberts'}, {'store_id': 'STORE516', 'store_name': 'Clayton Store', 'location': 'East Fairview', 'manager': 'Betty Lewis'}, {'store_id': 'STORE517', 'store_name': 'Greenwood Store', 'location': 'East Salem', 'manager': 'Kevin Carter'}, {'store_id': 'STORE518', 'store_name': 'Dover Store', 'location': 'East Burlington', 'manager': 'Helen Walker'}, {'store_id': 'STORE519', 'store_name': 'Georgetown Store', 'location': 'East Franklin', 'manager': 'Christopher Garcia'}, {'store_id': 'STORE520', 'store_name': 'Burlington Store', 'location': 'East Waynetown', 'manager': 'Jennifer Garcia'}  ... displaying 10 of 380 total bound parameter sets ...  {'store_id': 'STORE998', 'store_name': 'Richmond Store', 'location': 'West Marion', 'manager': 'Steven King'}, {'store_id': 'STORE999', 'store_name': 'Troy Store', 'location': 'East Hudson', 'manager': 'Matthew Rodriguez'}]]
(Background on this error at: https://sqlalche.me/e/20/gkpj)",2025-08-22 14:42:38.977835
STORE641,Riverside Store,West Arlingtontown,Robert Williams,"Database insertion failed: (pymysql.err.IntegrityError) (1062, ""Duplicate entry 'STORE513' for key 'dimstore.store_id'"")
[SQL: INSERT INTO dimstore (store_id, store_name, location, manager) VALUES (%(store_id)s, %(store_name)s, %(location)s, %(manager)s)]
[parameters: [{'store_id': 'STORE513', 'store_name': 'Clinton Store', 'location': 'East Richmond', 'manager': 'Daniel Robinson'}, {'store_id': 'STORE514', 'store_name': 'Riverside Store', 'location': 'East Burlington', 'manager': 'James Smith'}, {'store_id': 'STORE515', 'store_name': 'Burlington Store', 'location': 'West Jacksontown', 'manager': 'Kimberly Roberts'}, {'store_id': 'STORE516', 'store_name': 'Clayton Store', 'location': 'East Fairview', 'manager': 'Betty Lewis'}, {'store_id': 'STORE517', 'store_name': 'Greenwood Store', 'location': 'East Salem', 'manager': 'Kevin Carter'}, {'store_id': 'STORE518', 'store_name': 'Dover Store', 'location': 'East Burlington', 'manager': 'Helen Walker'}, {'store_id': 'STORE519', 'store_name': 'Georgetown Store', 'location': 'East Franklin', 'manager': 'Christopher Garcia'}, {'store_id': 'STORE520', 'store_name': 'Burlington Store', 'location': 'East Waynetown', 'manager': 'Jennifer Garcia'}  ... displaying 10 of 380 total bound parameter sets ...  {'store_id': 'STORE998', 'store_name': 'Richmond Store', 'location': 'West Marion', 'manager': 'Steven King'}, {'store_id': 'STORE999', 'store_name': 'Troy Store', 'location': 'East Hudson', 'manager': 'Matthew Rodriguez'}]]
(Background on this error at: https://sqlalche.me/e/20/gkpj)",2025-08-22 14:42:38.977835
STORE642,Troy Store,East Dover,William Rodriguez,"Database insertion failed: (pymysql.err.IntegrityError) (1062, ""Duplicate entry 'STORE513' for key 'dimstore.store_id'"")
[SQL: INSERT INTO dimstore (store_id, store_name, location, manager) VALUES (%(store_id)s, %(store_name)s, %(location)s, %(manager)s)]
[parameters: [{'store_id': 'STORE513', 'store_name': 'Clinton Store', 'location': 'East Richmond', 'manager': 'Daniel Robinson'}, {'store_id': 'STORE514', 'store_name': 'Riverside Store', 'location': 'East Burlington', 'manager': 'James Smith'}, {'store_id': 'STORE515', 'store_name': 'Burlington Store', 'location': 'West Jacksontown', 'manager': 'Kimberly Roberts'}, {'store_id': 'STORE516', 'store_name': 'Clayton Store', 'location': 'East Fairview', 'manager': 'Betty Lewis'}, {'store_id': 'STORE517', 'store_name': 'Greenwood Store', 'location': 'East Salem', 'manager': 'Kevin Carter'}, {'store_id': 'STORE518', 'store_name': 'Dover Store', 'location': 'East Burlington', 'manager': 'Helen Walker'}, {'store_id': 'STORE519', 'store_name': 'Georgetown Store', 'location': 'East Franklin', 'manager': 'Christopher Garcia'}, {'store_id': 'STORE520', 'store_name': 'Burlington Store', 'location': 'East Waynetown', 'manager': 'Jennifer Garcia'}  ... displaying 10 of 380 total bound parameter sets ...  {'store_id': 'STORE998', 'store_name': 'Richmond Store', 'location': 'West Marion', 'manager': 'Steven King'}, {'store_id': 'STORE999', 'store_name': 'Troy Store', 'location': 'East Hudson', 'manager': 'Matthew Rodriguez'}]]
(Background on this error at: https://sqlalche.me/e/20/gkpj)",2025-08-22 14:42:38.977835
STORE643,Kingston Store,East Marion,Donald Young,"Database insertion failed: (pymysql.err.IntegrityError) (1062, ""Duplicate entry 'STORE513' for key 'dimstore.store_id'"")
[SQL: INSERT INTO dimstore (store_id, store_name, location, manager) VALUES (%(store_id)s, %(store_name)s, %(location)s, %(manager)s)]
[parameters: [{'store_id': 'STORE513', 'store_name': 'Clinton Store', 'location': 'East Richmond', 'manager': 'Daniel Robinson'}, {'store_id': 'STORE514', 'store_name': 'Riverside Store', 'location': 'East Burlington', 'manager': 'James Smith'}, {'store_id': 'STORE515', 'store_name': 'Burlington Store', 'location': 'West Jacksontown', 'manager': 'Kimberly Roberts'}, {'store_id': 'STORE516', 'store_name': 'Clayton Store', 'location': 'East Fairview', 'manager': 'Betty Lewis'}, {'store_id': 'STORE517', 'store_name': 'Greenwood Store', 'location': 'East Salem', 'manager': 'Kevin Carter'}, {'store_id': 'STORE518', 'store_name': 'Dover Store', 'location': 'East Burlington', 'manager': 'Helen Walker'}, {'store_id': 'STORE519', 'store_name': 'Georgetown Store', 'location': 'East Franklin', 'manager': 'Christopher Garcia'}, {'store_id': 'STORE520', 'store_name': 'Burlington Store', 'location': 'East Waynetown', 'manager': 'Jennifer Garcia'}  ... displaying 10 of 380 total bound parameter sets ...  {'store_id': 'STORE998', 'store_name': 'Richmond Store', 'location': 'West Marion', 'manager': 'Steven King'}, {'store_id': 'STORE999', 'store_name': 'Troy Store', 'location': 'East Hudson', 'manager': 'Matthew Rodriguez'}]]
(Background on this error at: https://sqlalche.me/e/20/gkpj)",2025-08-22 14:42:38.977835
STORE644,Troy Store,West Greenwoodtown,Paul Lopez,"Database insertion failed: (pymysql.err.IntegrityError) (1062, ""Duplicate entry 'STORE513' for key 'dimstore.store_id'"")
[SQL: INSERT INTO dimstore (store_id, store_name, location, manager) VALUES (%(store_id)s, %(store_name)s, %(location)s, %(manager)s)]
[parameters: [{'store_id': 'STORE513', 'store_name': 'Clinton Store', 'location': 'East Richmond', 'manager': 'Daniel Robinson'}, {'store_id': 'STORE514', 'store_name': 'Riverside Store', 'location': 'East Burlington', 'manager': 'James Smith'}, {'store_id': 'STORE515', 'store_name': 'Burlington Store', 'location': 'West Jacksontown', 'manager': 'Kimberly Roberts'}, {'store_id': 'STORE516', 'store_name': 'Clayton Store', 'location': 'East Fairview', 'manager': 'Betty Lewis'}, {'store_id': 'STORE517', 'store_name': 'Greenwood Store', 'location': 'East Salem', 'manager': 'Kevin Carter'}, {'store_id': 'STORE518', 'store_name': 'Dover Store', 'location': 'East Burlington', 'manager': 'Helen Walker'}, {'store_id': 'STORE519', 'store_name': 'Georgetown Store', 'location': 'East Franklin', 'manager': 'Christopher Garcia'}, {'store_id': 'STORE520', 'store_name': 'Burlington Store', 'location': 'East Waynetown', 'manager': 'Jennifer Garcia'}  ... displaying 10 of 380 total bound parameter sets ...  {'store_id': 'STORE998', 'store_name': 'Richmond Store', 'location': 'West Marion', 'manager': 'Steven King'}, {'store_id': 'STORE999', 'store_name': 'Troy Store', 'location': 'East Hudson', 'manager': 'Matthew Rodriguez'}]]
(Background on this error at: https://sqlalche.me/e/20/gkpj)",2025-08-22 14:42:38.977835
STORE645,Riverside Store,West Marion,Michael Miller,"Database insertion failed: (pymysql.err.IntegrityError) (1062, ""Duplicate entry 'STORE513' for key 'dimstore.store_id'"")
[SQL: INSERT INTO dimstore (store_id, store_name, location, manager) VALUES (%(store_id)s, %(store_name)s, %(location)s, %(manager)s)]
[parameters: [{'store_id': 'STORE513', 'store_name': 'Clinton Store', 'location': 'East Richmond', 'manager': 'Daniel Robinson'}, {'store_id': 'STORE514', 'store_name': 'Riverside Store', 'location': 'East Burlington', 'manager': 'James Smith'}, {'store_id': 'STORE515', 'store_name': 'Burlington Store', 'location': 'West Jacksontown', 'manager': 'Kimberly Roberts'}, {'store_id': 'STORE516', 'store_name': 'Clayton Store', 'location': 'East Fairview', 'manager': 'Betty Lewis'}, {'store_id': 'STORE517', 'store_name': 'Greenwood Store', 'location': 'East Salem', 'manager': 'Kevin Carter'}, {'store_id': 'STORE518', 'store_name': 'Dover Store', 'location': 'East Burlington', 'manager': 'Helen Walker'}, {'store_id': 'STORE519', 'store_name': 'Georgetown Store', 'location': 'East Franklin', 'manager': 'Christopher Garcia'}, {'store_id': 'STORE520', 'store_name': 'Burlington Store', 'location': 'East Waynetown', 'manager': 'Jennifer Garcia'}  ... displaying 10 of 380 total bound parameter sets ...  {'store_id': 'STORE998', 'store_name': 'Richmond Store', 'location': 'West Marion', 'manager': 'Steven King'}, {'store_id': 'STORE999', 'store_name': 'Troy Store', 'location': 'East Hudson', 'manager': 'Matthew Rodriguez'}]]
(Background on this error at: https://sqlalche.me/e/20/gkpj)",2025-08-22 14:42:38.977835
STORE646,Franklin Store,West Clinton,Sandra Allen,"Database insertion failed: (pymysql.err.IntegrityError) (1062, ""Duplicate entry 'STORE513' for key 'dimstore.store_id'"")
[SQL: INSERT INTO dimstore (store_id, store_name, location, manager) VALUES (%(store_id)s, %(store_name)s, %(location)s, %(manager)s)]
[parameters: [{'store_id': 'STORE513', 'store_name': 'Clinton Store', 'location': 'East Richmond', 'manager': 'Daniel Robinson'}, {'store_id': 'STORE514', 'store_name': 'Riverside Store', 'location': 'East Burlington', 'manager': 'James Smith'}, {'store_id': 'STORE515', 'store_name': 'Burlington Store', 'location': 'West Jacksontown', 'manager': 'Kimberly Roberts'}, {'store_id': 'STORE516', 'store_name': 'Clayton Store', 'location': 'East Fairview', 'manager': 'Betty Lewis'}, {'store_id': 'STORE517', 'store_name': 'Greenwood Store', 'location': 'East Salem', 'manager': 'Kevin Carter'}, {'store_id': 'STORE518', 'store_name': 'Dover Store', 'location': 'East Burlington', 'manager': 'Helen Walker'}, {'store_id': 'STORE519', 'store_name': 'Georgetown Store', 'location': 'East Franklin', 'manager': 'Christopher Garcia'}, {'store_id': 'STORE520', 'store_name': 'Burlington Store', 'location': 'East Waynetown', 'manager': 'Jennifer Garcia'}  ... displaying 10 of 380 total bound parameter sets ...  {'store_id': 'STORE998', 'store_name': 'Richmond Store', 'location': 'West Marion', 'manager': 'Steven King'}, {'store_id': 'STORE999', 'store_name': 'Troy Store', 'location': 'East Hudson', 'manager': 'Matthew Rodriguez'}]]
(Background on this error at: https://sqlalche.me/e/20/gkpj)",2025-08-22 14:42:38.977835
STORE647,Kingston Store,West Troy,Dorothy Parker,"Database insertion failed: (pymysql.err.IntegrityError) (1062, ""Duplicate entry 'STORE513' for key 'dimstore.store_id'"")
[SQL: INSERT INTO dimstore (store_id, store_name, location, manager) VALUES (%(store_id)s, %(store_name)s, %(location)s, %(manager)s)]
[parameters: [{'store_id': 'STORE513', 'store_name': 'Clinton Store', 'location': 'East Richmond', 'manager': 'Daniel Robinson'}, {'store_id': 'STORE514', 'store_name': 'Riverside Store', 'location': 'East Burlington', 'manager': 'James Smith'}, {'store_id': 'STORE515', 'store_name': 'Burlington Store', 'location': 'West Jacksontown', 'manager': 'Kimberly Roberts'}, {'store_id': 'STORE516', 'store_name': 'Clayton Store', 'location': 'East Fairview', 'manager': 'Betty Lewis'}, {'store_id': 'STORE517', 'store_name': 'Greenwood Store', 'location': 'East Salem', 'manager': 'Kevin Carter'}, {'store_id': 'STORE518', 'store_name': 'Dover Store', 'location': 'East Burlington', 'manager': 'Helen Walker'}, {'store_id': 'STORE519', 'store_name': 'Georgetown Store', 'location': 'East Franklin', 'manager': 'Christopher Garcia'}, {'store_id': 'STORE520', 'store_name': 'Burlington Store', 'location': 'East Waynetown', 'manager': 'Jennifer Garcia'}  ... displaying 10 of 380 total bound parameter sets ...  {'store_id': 'STORE998', 'store_name': 'Richmond Store', 'location': 'West Marion', 'manager': 'Steven King'}, {'store_id': 'STORE999', 'store_name': 'Troy Store', 'location': 'East Hudson', 'manager': 'Matthew Rodriguez'}]]
(Background on this error at: https://sqlalche.me/e/20/gkpj)",2025-08-22 14:42:38.977835
STORE648,Richmond Store,West Salem,Sharon Green,"Database insertion failed: (pymysql.err.IntegrityError) (1062, ""Duplicate entry 'STORE513' for key 'dimstore.store_id'"")
[SQL: INSERT INTO dimstore (store_id, store_name, location, manager) VALUES (%(store_id)s, %(store_name)s, %(location)s, %(manager)s)]
[parameters: [{'store_id': 'STORE513', 'store_name': 'Clinton Store', 'location': 'East Richmond', 'manager': 'Daniel Robinson'}, {'store_id': 'STORE514', 'store_name': 'Riverside Store', 'location': 'East Burlington', 'manager': 'James Smith'}, {'store_id': 'STORE515', 'store_name': 'Burlington Store', 'location': 'West Jacksontown', 'manager': 'Kimberly Roberts'}, {'store_id': 'STORE516', 'store_name': 'Clayton Store', 'location': 'East Fairview', 'manager': 'Betty Lewis'}, {'store_id': 'STORE517', 'store_name': 'Greenwood Store', 'location': 'East Salem', 'manager': 'Kevin Carter'}, {'store_id': 'STORE518', 'store_name': 'Dover Store', 'location': 'East Burlington', 'manager': 'Helen Walker'}, {'store_id': 'STORE519', 'store_name': 'Georgetown Store', 'location': 'East Franklin', 'manager': 'Christopher Garcia'}, {'store_id': 'STORE520', 'store_name': 'Burlington Store', 'location': 'East Waynetown', 'manager': 'Jennifer Garcia'}  ... displaying 10 of 380 total bound parameter sets ...  {'store_id': 'STORE998', 'store_name': 'Richmond Store', 'location': 'West Marion', 'manager': 'Steven King'}, {'store_id': 'STORE999', 'store_name': 'Troy Store', 'location': 'East Hudson', 'manager': 'Matthew Rodriguez'}]]
(Background on this error at: https://sqlalche.me/e/20/gkpj)",2025-08-22 14:42:38.977835
STORE649,Arlington Store,East Fairview,Michelle Baker,"Database insertion failed: (pymysql.err.IntegrityError) (1062, ""Duplicate entry 'STORE513' for key 'dimstore.store_id'"")
[SQL: INSERT INTO dimstore (store_id, store_name, location, manager) VALUES (%(store_id)s, %(store_name)s, %(location)s, %(manager)s)]
[parameters: [{'store_id': 'STORE513', 'store_name': 'Clinton Store', 'location': 'East Richmond', 'manager': 'Daniel Robinson'}, {'store_id': 'STORE514', 'store_name': 'Riverside Store', 'location': 'East Burlington', 'manager': 'James Smith'}, {'store_id': 'STORE515', 'store_name': 'Burlington Store', 'location': 'West Jacksontown', 'manager': 'Kimberly Roberts'}, {'store_id': 'STORE516', 'store_name': 'Clayton Store', 'location': 'East Fairview', 'manager': 'Betty Lewis'}, {'store_id': 'STORE517', 'store_name': 'Greenwood Store', 'location': 'East Salem', 'manager': 'Kevin Carter'}, {'store_id': 'STORE518', 'store_name': 'Dover Store', 'location': 'East Burlington', 'manager': 'Helen Walker'}, {'store_id': 'STORE519', 'store_name': 'Georgetown Store', 'location': 'East Franklin', 'manager': 'Christopher Garcia'}, {'store_id': 'STORE520', 'store_name': 'Burlington Store', 'location': 'East Waynetown', 'manager': 'Jennifer Garcia'}  ... displaying 10 of 380 total bound parameter sets ...  {'store_id': 'STORE998', 'store_name': 'Richmond Store', 'location': 'West Marion', 'manager': 'Steven King'}, {'store_id': 'STORE999', 'store_name': 'Troy Store', 'location': 'East Hudson', 'manager': 'Matthew Rodriguez'}]]
(Background on this error at: https://sqlalche.me/e/20/gkpj)",2025-08-22 14:42:38.977835
STORE650,Hudson Store,East Dover,Sarah Martin,"Database insertion failed: (pymysql.err.IntegrityError) (1062, ""Duplicate entry 'STORE513' for key 'dimstore.store_id'"")
[SQL: INSERT INTO dimstore (store_id, store_name, location, manager) VALUES (%(store_id)s, %(store_name)s, %(location)s, %(manager)s)]
[parameters: [{'store_id': 'STORE513', 'store_name': 'Clinton Store', 'location': 'East Richmond', 'manager': 'Daniel Robinson'}, {'store_id': 'STORE514', 'store_name': 'Riverside Store', 'location': 'East Burlington', 'manager': 'James Smith'}, {'store_id': 'STORE515', 'store_name': 'Burlington Store', 'location': 'West Jacksontown', 'manager': 'Kimberly Roberts'}, {'store_id': 'STORE516', 'store_name': 'Clayton Store', 'location': 'East Fairview', 'manager': 'Betty Lewis'}, {'store_id': 'STORE517', 'store_name': 'Greenwood Store', 'location': 'East Salem', 'manager': 'Kevin Carter'}, {'store_id': 'STORE518', 'store_name': 'Dover Store', 'location': 'East Burlington', 'manager': 'Helen Walker'}, {'store_id': 'STORE519', 'store_name': 'Georgetown Store', 'location': 'East Franklin', 'manager': 'Christopher Garcia'}, {'store_id': 'STORE520', 'store_name': 'Burlington Store', 'location': 'East Waynetown', 'manager': 'Jennifer Garcia'}  ... displaying 10 of 380 total bound parameter sets ...  {'store_id': 'STORE998', 'store_name': 'Richmond Store', 'location': 'West Marion', 'manager': 'Steven King'}, {'store_id': 'STORE999', 'store_name': 'Troy Store', 'location': 'East Hudson', 'manager': 'Matthew Rodriguez'}]]
(Background on this error at: https://sqlalche.me/e/20/gkpj)",2025-08-22 14:42:38.977835
STORE651,Wayne Store,East Burlington,Laura Nelson,"Database insertion failed: (pymysql.err.IntegrityError) (1062, ""Duplicate entry 'STORE513' for key 'dimstore.store_id'"")
[SQL: INSERT INTO dimstore (store_id, store_name, location, manager) VALUES (%(store_id)s, %(store_name)s, %(location)s, %(manager)s)]
[parameters: [{'store_id': 'STORE513', 'store_name': 'Clinton Store', 'location': 'East Richmond', 'manager': 'Daniel Robinson'}, {'store_id': 'STORE514', 'store_name': 'Riverside Store', 'location': 'East Burlington', 'manager': 'James Smith'}, {'store_id': 'STORE515', 'store_name': 'Burlington Store', 'location': 'West Jacksontown', 'manager': 'Kimberly Roberts'}, {'store_id': 'STORE516', 'store_name': 'Clayton Store', 'location': 'East Fairview', 'manager': 'Betty Lewis'}, {'store_id': 'STORE517', 'store_name': 'Greenwood Store', 'location': 'East Salem', 'manager': 'Kevin Carter'}, {'store_id': 'STORE518', 'store_name': 'Dover Store', 'location': 'East Burlington', 'manager': 'Helen Walker'}, {'store_id': 'STORE519', 'store_name': 'Georgetown Store', 'location': 'East Franklin', 'manager': 'Christopher Garcia'}, {'store_id': 'STORE520', 'store_name': 'Burlington Store', 'location': 'East Waynetown', 'manager': 'Jennifer Garcia'}  ... displaying 10 of 380 total bound parameter sets ...  {'store_id': 'STORE998', 'store_name': 'Richmond Store', 'location': 'West Marion', 'manager': 'Steven King'}, {'store_id': 'STORE999', 'store_name': 'Troy Store', 'location': 'East Hudson', 'manager': 'Matthew Rodriguez'}]]
(Background on this error at: https://sqlalche.me/e/20/gkpj)",2025-08-22 14:42:38.977835
STORE652,Clinton Store,East Washington,Michael Miller,"Database insertion failed: (pymysql.err.IntegrityError) (1062, ""Duplicate entry 'STORE513' for key 'dimstore.store_id'"")
[SQL: INSERT INTO dimstore (store_id, store_name, location, manager) VALUES (%(store_id)s, %(store_name)s, %(location)s, %(manager)s)]
[parameters: [{'store_id': 'STORE513', 'store_name': 'Clinton Store', 'location': 'East Richmond', 'manager': 'Daniel Robinson'}, {'store_id': 'STORE514', 'store_name': 'Riverside Store', 'location': 'East Burlington', 'manager': 'James Smith'}, {'store_id': 'STORE515', 'store_name': 'Burlington Store', 'location': 'West Jacksontown', 'manager': 'Kimberly Roberts'}, {'store_id': 'STORE516', 'store_name': 'Clayton Store', 'location': 'East Fairview', 'manager': 'Betty Lewis'}, {'store_id': 'STORE517', 'store_name': 'Greenwood Store', 'location': 'East Salem', 'manager': 'Kevin Carter'}, {'store_id': 'STORE518', 'store_name': 'Dover Store', 'location': 'East Burlington', 'manager': 'Helen Walker'}, {'store_id': 'STORE519', 'store_name': 'Georgetown Store', 'location': 'East Franklin', 'manager': 'Christopher Garcia'}, {'store_id': 'STORE520', 'store_name': 'Burlington Store', 'location': 'East Waynetown', 'manager': 'Jennifer Garcia'}  ... displaying 10 of 380 total bound parameter sets ...  {'store_id': 'STORE998', 'store_name': 'Richmond Store', 'location': 'West Marion', 'manager': 'Steven King'}, {'store_id': 'STORE999', 'store_name': 'Troy Store', 'location': 'East Hudson', 'manager': 'Matthew Rodriguez'}]]
(Background on this error at: https://sqlalche.me/e/20/gkpj)",2025-08-22 14:42:38.977835
STORE653,Springfield Store,West Oxford,Ruth Hill,"Database insertion failed: (pymysql.err.IntegrityError) (1062, ""Duplicate entry 'STORE513' for key 'dimstore.store_id'"")
[SQL: INSERT INTO dimstore (store_id, store_name, location, manager) VALUES (%(store_id)s, %(store_name)s, %(location)s, %(manager)s)]
[parameters: [{'store_id': 'STORE513', 'store_name': 'Clinton Store', 'location': 'East Richmond', 'manager': 'Daniel Robinson'}, {'store_id': 'STORE514', 'store_name': 'Riverside Store', 'location': 'East Burlington', 'manager': 'James Smith'}, {'store_id': 'STORE515', 'store_name': 'Burlington Store', 'location': 'West Jacksontown', 'manager': 'Kimberly Roberts'}, {'store_id': 'STORE516', 'store_name': 'Clayton Store', 'location': 'East Fairview', 'manager': 'Betty Lewis'}, {'store_id': 'STORE517', 'store_name': 'Greenwood Store', 'location': 'East Salem', 'manager': 'Kevin Carter'}, {'store_id': 'STORE518', 'store_name': 'Dover Store', 'location': 'East Burlington', 'manager': 'Helen Walker'}, {'store_id': 'STORE519', 'store_name': 'Georgetown Store', 'location': 'East Franklin', 'manager': 'Christopher Garcia'}, {'store_id': 'STORE520', 'store_name': 'Burlington Store', 'location': 'East Waynetown', 'manager': 'Jennifer Garcia'}  ... displaying 10 of 380 total bound parameter sets ...  {'store_id': 'STORE998', 'store_name': 'Richmond Store', 'location': 'West Marion', 'manager': 'Steven King'}, {'store_id': 'STORE999', 'store_name': 'Troy Store', 'location': 'East Hudson', 'manager': 'Matthew Rodriguez'}]]
(Background on this error at: https://sqlalche.me/e/20/gkpj)",2025-08-22 14:42:38.977835
STORE654,Washington Store,East Franklintown,Emily Mitchell,"Database insertion failed: (pymysql.err.IntegrityError) (1062, ""Duplicate entry 'STORE513' for key 'dimstore.store_id'"")
[SQL: INSERT INTO dimstore (store_id, store_name, location, manager) VALUES (%(store_id)s, %(store_name)s, %(location)s, %(manager)s)]
[parameters: [{'store_id': 'STORE513', 'store_name': 'Clinton Store', 'location': 'East Richmond', 'manager': 'Daniel Robinson'}, {'store_id': 'STORE514', 'store_name': 'Riverside Store', 'location': 'East Burlington', 'manager': 'James Smith'}, {'store_id': 'STORE515', 'store_name': 'Burlington Store', 'location': 'West Jacksontown', 'manager': 'Kimberly Roberts'}, {'store_id': 'STORE516', 'store_name': 'Clayton Store', 'location': 'East Fairview', 'manager': 'Betty Lewis'}, {'store_id': 'STORE517', 'store_name': 'Greenwood Store', 'location': 'East Salem', 'manager': 'Kevin Carter'}, {'store_id': 'STORE518', 'store_name': 'Dover Store', 'location': 'East Burlington', 'manager': 'Helen Walker'}, {'store_id': 'STORE519', 'store_name': 'Georgetown Store', 'location': 'East Franklin', 'manager': 'Christopher Garcia'}, {'store_id': 'STORE520', 'store_name': 'Burlington Store', 'location': 'East Waynetown', 'manager': 'Jennifer Garcia'}  ... displaying 10 of 380 total bound parameter sets ...  {'store_id': 'STORE998', 'store_name': 'Richmond Store', 'location': 'West Marion', 'manager': 'Steven King'}, {'store_id': 'STORE999', 'store_name': 'Troy Store', 'location': 'East Hudson', 'manager': 'Matthew Rodriguez'}]]
(Background on this error at: https://sqlalche.me/e/20/gkpj)",2025-08-22 14:42:38.977835
STORE655,Hudson Store,West Dovertown,Brian Perez,"Database insertion failed: (pymysql.err.IntegrityError) (1062, ""Duplicate entry 'STORE513' for key 'dimstore.store_id'"")
[SQL: INSERT INTO dimstore (store_id, store_name, location, manager) VALUES (%(store_id)s, %(store_name)s, %(location)s, %(manager)s)]
[parameters: [{'store_id': 'STORE513', 'store_name': 'Clinton Store', 'location': 'East Richmond', 'manager': 'Daniel Robinson'}, {'store_id': 'STORE514', 'store_name': 'Riverside Store', 'location': 'East Burlington', 'manager': 'James Smith'}, {'store_id': 'STORE515', 'store_name': 'Burlington Store', 'location': 'West Jacksontown', 'manager': 'Kimberly Roberts'}, {'store_id': 'STORE516', 'store_name': 'Clayton Store', 'location': 'East Fairview', 'manager': 'Betty Lewis'}, {'store_id': 'STORE517', 'store_name': 'Greenwood Store', 'location': 'East Salem', 'manager': 'Kevin Carter'}, {'store_id': 'STORE518', 'store_name': 'Dover Store', 'location': 'East Burlington', 'manager': 'Helen Walker'}, {'store_id': 'STORE519', 'store_name': 'Georgetown Store', 'location': 'East Franklin', 'manager': 'Christopher Garcia'}, {'store_id': 'STORE520', 'store_name': 'Burlington Store', 'location': 'East Waynetown', 'manager': 'Jennifer Garcia'}  ... displaying 10 of 380 total bound parameter sets ...  {'store_id': 'STORE998', 'store_name': 'Richmond Store', 'location': 'West Marion', 'manager': 'Steven King'}, {'store_id': 'STORE999', 'store_name': 'Troy Store', 'location': 'East Hudson', 'manager': 'Matthew Rodriguez'}]]
(Background on this error at: https://sqlalche.me/e/20/gkpj)",2025-08-22 14:42:38.977835
STORE656,Salem Store,East Burlington,George Turner,"Database insertion failed: (pymysql.err.IntegrityError) (1062, ""Duplicate entry 'STORE513' for key 'dimstore.store_id'"")
[SQL: INSERT INTO dimstore (store_id, store_name, location, manager) VALUES (%(store_id)s, %(store_name)s, %(location)s, %(manager)s)]
[parameters: [{'store_id': 'STORE513', 'store_name': 'Clinton Store', 'location': 'East Richmond', 'manager': 'Daniel Robinson'}, {'store_id': 'STORE514', 'store_name': 'Riverside Store', 'location': 'East Burlington', 'manager': 'James Smith'}, {'store_id': 'STORE515', 'store_name': 'Burlington Store', 'location': 'West Jacksontown', 'manager': 'Kimberly Roberts'}, {'store_id': 'STORE516', 'store_name': 'Clayton Store', 'location': 'East Fairview', 'manager': 'Betty Lewis'}, {'store_id': 'STORE517', 'store_name': 'Greenwood Store', 'location': 'East Salem', 'manager': 'Kevin Carter'}, {'store_id': 'STORE518', 'store_name': 'Dover Store', 'location': 'East Burlington', 'manager': 'Helen Walker'}, {'store_id': 'STORE519', 'store_name': 'Georgetown Store', 'location': 'East Franklin', 'manager': 'Christopher Garcia'}, {'store_id': 'STORE520', 'store_name': 'Burlington Store', 'location': 'East Waynetown', 'manager': 'Jennifer Garcia'}  ... displaying 10 of 380 total bound parameter sets ...  {'store_id': 'STORE998', 'store_name': 'Richmond Store', 'location': 'West Marion', 'manager': 'Steven King'}, {'store_id': 'STORE999', 'store_name': 'Troy Store', 'location': 'East Hudson', 'manager': 'Matthew Rodriguez'}]]
(Background on this error at: https://sqlalche.me/e/20/gkpj)",2025-08-22 14:42:38.977835
STORE500,Chester Store,West Fairview,Betty Lewis,"Database insertion failed: (pymysql.err.IntegrityError) (1062, ""Duplicate entry 'STORE513' for key 'dimstore.store_id'"")
[SQL: INSERT INTO dimstore (store_id, store_name, location, manager) VALUES (%(store_id)s, %(store_name)s, %(location)s, %(manager)s)]
[parameters: [{'store_id': 'STORE513', 'store_name': 'Clinton Store', 'location': 'East Richmond', 'manager': 'Daniel Robinson'}, {'store_id': 'STORE514', 'store_name': 'Riverside Store', 'location': 'East Burlington', 'manager': 'James Smith'}, {'store_id': 'STORE515', 'store_name': 'Burlington Store', 'location': 'West Jacksontown', 'manager': 'Kimberly Roberts'}, {'store_id': 'STORE516', 'store_name': 'Clayton Store', 'location': 'East Fairview', 'manager': 'Betty Lewis'}, {'store_id': 'STORE517', 'store_name': 'Greenwood Store', 'location': 'East Salem', 'manager': 'Kevin Carter'}, {'store_id': 'STORE518', 'store_name': 'Dover Store', 'location': 'East Burlington', 'manager': 'Helen Walker'}, {'store_id': 'STORE519', 'store_name': 'Georgetown Store', 'location': 'East Franklin', 'manager': 'Christopher Garcia'}, {'store_id': 'STORE520', 'store_name': 'Burlington Store', 'location': 'East Waynetown', 'manager': 'Jennifer Garcia'}  ... displaying 10 of 380 total bound parameter sets ...  {'store_id': 'STORE998', 'store_name': 'Richmond Store', 'location': 'West Marion', 'manager': 'Steven King'}, {'store_id': 'STORE999', 'store_name': 'Troy Store', 'location': 'East Hudson', 'manager': 'Matthew Rodriguez'}]]
(Background on this error at: https://sqlalche.me/e/20/gkpj)",2025-08-22 14:42:38.977835
STORE501,Salem Store,East Troytown,Patricia Brown,"Database insertion failed: (pymysql.err.IntegrityError) (1062, ""Duplicate entry 'STORE513' for key 'dimstore.store_id'"")
[SQL: INSERT INTO dimstore (store_id, store_name, location, manager) VALUES (%(store_id)s, %(store_name)s, %(location)s, %(manager)s)]
[parameters: [{'store_id': 'STORE513', 'store_name': 'Clinton Store', 'location': 'East Richmond', 'manager': 'Daniel Robinson'}, {'store_id': 'STORE514', 'store_name': 'Riverside Store', 'location': 'East Burlington', 'manager': 'James Smith'}, {'store_id': 'STORE515', 'store_name': 'Burlington Store', 'location': 'West Jacksontown', 'manager': 'Kimberly Roberts'}, {'store_id': 'STORE516', 'store_name': 'Clayton Store', 'location': 'East Fairview', 'manager': 'Betty Lewis'}, {'store_id': 'STORE517', 'store_name': 'Greenwood Store', 'location': 'East Salem', 'manager': 'Kevin Carter'}, {'store_id': 'STORE518', 'store_name': 'Dover Store', 'location': 'East Burlington', 'manager': 'Helen Walker'}, {'store_id': 'STORE519', 'store_name': 'Georgetown Store', 'location': 'East Franklin', 'manager': 'Christopher Garcia'}, {'store_id': 'STORE520', 'store_name': 'Burlington Store', 'location': 'East Waynetown', 'manager': 'Jennifer Garcia'}  ... displaying 10 of 380 total bound parameter sets ...  {'store_id': 'STORE998', 'store_name': 'Richmond Store', 'location': 'West Marion', 'manager': 'Steven King'}, {'store_id': 'STORE999', 'store_name': 'Troy Store', 'location': 'East Hudson', 'manager': 'Matthew Rodriguez'}]]
(Background on this error at: https://sqlalche.me/e/20/gkpj)",2025-08-22 14:42:38.977835
STORE502,Milton Store,West Richmond,Sandra Allen,"Database insertion failed: (pymysql.err.IntegrityError) (1062, ""Duplicate entry 'STORE513' for key 'dimstore.store_id'"")
[SQL: INSERT INTO dimstore (store_id, store_name, location, manager) VALUES (%(store_id)s, %(store_name)s, %(location)s, %(manager)s)]
[parameters: [{'store_id': 'STORE513', 'store_name': 'Clinton Store', 'location': 'East Richmond', 'manager': 'Daniel Robinson'}, {'store_id': 'STORE514', 'store_name': 'Riverside Store', 'location': 'East Burlington', 'manager': 'James Smith'}, {'store_id': 'STORE515', 'store_name': 'Burlington Store', 'location': 'West Jacksontown', 'manager': 'Kimberly Roberts'}, {'store_id': 'STORE516', 'store_name': 'Clayton Store', 'location': 'East Fairview', 'manager': 'Betty Lewis'}, {'store_id': 'STORE517', 'store_name': 'Greenwood Store', 'location': 'East Salem', 'manager': 'Kevin Carter'}, {'store_id': 'STORE518', 'store_name': 'Dover Store', 'location': 'East Burlington', 'manager': 'Helen Walker'}, {'store_id': 'STORE519', 'store_name': 'Georgetown Store', 'location': 'East Franklin', 'manager': 'Christopher Garcia'}, {'store_id': 'STORE520', 'store_name': 'Burlington Store', 'location': 'East Waynetown', 'manager': 'Jennifer Garcia'}  ... displaying 10 of 380 total bound parameter sets ...  {'store_id': 'STORE998', 'store_name': 'Richmond Store', 'location': 'West Marion', 'manager': 'Steven King'}, {'store_id': 'STORE999', 'store_name': 'Troy Store', 'location': 'East Hudson', 'manager': 'Matthew Rodriguez'}]]
(Background on this error at: https://sqlalche.me/e/20/gkpj)",2025-08-22 14:42:38.977835
STORE503,Clayton Store,East Hudson,Ruth Hill,"Database insertion failed: (pymysql.err.IntegrityError) (1062, ""Duplicate entry 'STORE513' for key 'dimstore.store_id'"")
[SQL: INSERT INTO dimstore (store_id, store_name, location, manager) VALUES (%(store_id)s, %(store_name)s, %(location)s, %(manager)s)]
[parameters: [{'store_id': 'STORE513', 'store_name': 'Clinton Store', 'location': 'East Richmond', 'manager': 'Daniel Robinson'}, {'store_id': 'STORE514', 'store_name': 'Riverside Store', 'location': 'East Burlington', 'manager': 'James Smith'}, {'store_id': 'STORE515', 'store_name': 'Burlington Store', 'location': 'West Jacksontown', 'manager': 'Kimberly Roberts'}, {'store_id': 'STORE516', 'store_name': 'Clayton Store', 'location': 'East Fairview', 'manager': 'Betty Lewis'}, {'store_id': 'STORE517', 'store_name': 'Greenwood Store', 'location': 'East Salem', 'manager': 'Kevin Carter'}, {'store_id': 'STORE518', 'store_name': 'Dover Store', 'location': 'East Burlington', 'manager': 'Helen Walker'}, {'store_id': 'STORE519', 'store_name': 'Georgetown Store', 'location': 'East Franklin', 'manager': 'Christopher Garcia'}, {'store_id': 'STORE520', 'store_name': 'Burlington Store', 'location': 'East Waynetown', 'manager': 'Jennifer Garcia'}  ... displaying 10 of 380 total bound parameter sets ...  {'store_id': 'STORE998', 'store_name': 'Richmond Store', 'location': 'West Marion', 'manager': 'Steven King'}, {'store_id': 'STORE999', 'store_name': 'Troy Store', 'location': 'East Hudson', 'manager': 'Matthew Rodriguez'}]]
(Background on this error at: https://sqlalche.me/e/20/gkpj)",2025-08-22 14:42:38.977835
STORE504,Springfield Store,West Hudsontown,Elizabeth Martinez,"Database insertion failed: (pymysql.err.IntegrityError) (1062, ""Duplicate entry 'STORE513' for key 'dimstore.store_id'"")
[SQL: INSERT INTO dimstore (store_id, store_name, location, manager) VALUES (%(store_id)s, %(store_name)s, %(location)s, %(manager)s)]
[parameters: [{'store_id': 'STORE513', 'store_name': 'Clinton Store', 'location': 'East Richmond', 'manager': 'Daniel Robinson'}, {'store_id': 'STORE514', 'store_name': 'Riverside Store', 'location': 'East Burlington', 'manager': 'James Smith'}, {'store_id': 'STORE515', 'store_name': 'Burlington Store', 'location': 'West Jacksontown', 'manager': 'Kimberly Roberts'}, {'store_id': 'STORE516', 'store_name': 'Clayton Store', 'location': 'East Fairview', 'manager': 'Betty Lewis'}, {'store_id': 'STORE517', 'store_name': 'Greenwood Store', 'location': 'East Salem', 'manager': 'Kevin Carter'}, {'store_id': 'STORE518', 'store_name': 'Dover Store', 'location': 'East Burlington', 'manager': 'Helen Walker'}, {'store_id': 'STORE519', 'store_name': 'Georgetown Store', 'location': 'East Franklin', 'manager': 'Christopher Garcia'}, {'store_id': 'STORE520', 'store_name': 'Burlington Store', 'location': 'East Waynetown', 'manager': 'Jennifer Garcia'}  ... displaying 10 of 380 total bound parameter sets ...  {'store_id': 'STORE998', 'store_name': 'Richmond Store', 'location': 'West Marion', 'manager': 'Steven King'}, {'store_id': 'STORE999', 'store_name': 'Troy Store', 'location': 'East Hudson', 'manager': 'Matthew Rodriguez'}]]
(Background on this error at: https://sqlalche.me/e/20/gkpj)",2025-08-22 14:42:38.977835
STORE505,Kingston Store,East Claytontown,David Wilson,"Database insertion failed: (pymysql.err.IntegrityError) (1062, ""Duplicate entry 'STORE513' for key 'dimstore.store_id'"")
[SQL: INSERT INTO dimstore (store_id, store_name, location, manager) VALUES (%(store_id)s, %(store_name)s, %(location)s, %(manager)s)]
[parameters: [{'store_id': 'STORE513', 'store_name': 'Clinton Store', 'location': 'East Richmond', 'manager': 'Daniel Robinson'}, {'store_id': 'STORE514', 'store_name': 'Riverside Store', 'location': 'East Burlington', 'manager': 'James Smith'}, {'store_id': 'STORE515', 'store_name': 'Burlington Store', 'location': 'West Jacksontown', 'manager': 'Kimberly Roberts'}, {'store_id': 'STORE516', 'store_name': 'Clayton Store', 'location': 'East Fairview', 'manager': 'Betty Lewis'}, {'store_id': 'STORE517', 'store_name': 'Greenwood Store', 'location': 'East Salem', 'manager': 'Kevin Carter'}, {'store_id': 'STORE518', 'store_name': 'Dover Store', 'location': 'East Burlington', 'manager': 'Helen Walker'}, {'store_id': 'STORE519', 'store_name': 'Georgetown Store', 'location': 'East Franklin', 'manager': 'Christopher Garcia'}, {'store_id': 'STORE520', 'store_name': 'Burlington Store', 'location': 'East Waynetown', 'manager': 'Jennifer Garcia'}  ... displaying 10 of 380 total bound parameter sets ...  {'store_id': 'STORE998', 'store_name': 'Richmond Store', 'location': 'West Marion', 'manager': 'Steven King'}, {'store_id': 'STORE999', 'store_name': 'Troy Store', 'location': 'East Hudson', 'manager': 'Matthew Rodriguez'}]]
(Background on this error at: https://sqlalche.me/e/20/gkpj)",2025-08-22 14:42:38.977835
STORE506,Marion Store,West Auburntown,Brian Perez,"Database insertion failed: (pymysql.err.IntegrityError) (1062, ""Duplicate entry 'STORE513' for key 'dimstore.store_id'"")
[SQL: INSERT INTO dimstore (store_id, store_name, location, manager) VALUES (%(store_id)s, %(store_name)s, %(location)s, %(manager)s)]
[parameters: [{'store_id': 'STORE513', 'store_name': 'Clinton Store', 'location': 'East Richmond', 'manager': 'Daniel Robinson'}, {'store_id': 'STORE514', 'store_name': 'Riverside Store', 'location': 'East Burlington', 'manager': 'James Smith'}, {'store_id': 'STORE515', 'store_name': 'Burlington Store', 'location': 'West Jacksontown', 'manager': 'Kimberly Roberts'}, {'store_id': 'STORE516', 'store_name': 'Clayton Store', 'location': 'East Fairview', 'manager': 'Betty Lewis'}, {'store_id': 'STORE517', 'store_name': 'Greenwood Store', 'location': 'East Salem', 'manager': 'Kevin Carter'}, {'store_id': 'STORE518', 'store_name': 'Dover Store', 'location': 'East Burlington', 'manager': 'Helen Walker'}, {'store_id': 'STORE519', 'store_name': 'Georgetown Store', 'location': 'East Franklin', 'manager': 'Christopher Garcia'}, {'store_id': 'STORE520', 'store_name': 'Burlington Store', 'location': 'East Waynetown', 'manager': 'Jennifer Garcia'}  ... displaying 10 of 380 total bound parameter sets ...  {'store_id': 'STORE998', 'store_name': 'Richmond Store', 'location': 'West Marion', 'manager': 'Steven King'}, {'store_id': 'STORE999', 'store_name': 'Troy Store', 'location': 'East Hudson', 'manager': 'Matthew Rodriguez'}]]
(Background on this error at: https://sqlalche.me/e/20/gkpj)",2025-08-22 14:42:38.977835
STORE507,Madison Store,East Georgetowntown,Sharon Green,"Database insertion failed: (pymysql.err.IntegrityError) (1062, ""Duplicate entry 'STORE513' for key 'dimstore.store_id'"")
[SQL: INSERT INTO dimstore (store_id, store_name, location, manager) VALUES (%(store_id)s, %(store_name)s, %(location)s, %(manager)s)]
[parameters: [{'store_id': 'STORE513', 'store_name': 'Clinton Store', 'location': 'East Richmond', 'manager': 'Daniel Robinson'}, {'store_id': 'STORE514', 'store_name': 'Riverside Store', 'location': 'East Burlington', 'manager': 'James Smith'}, {'store_id': 'STORE515', 'store_name': 'Burlington Store', 'location': 'West Jacksontown', 'manager': 'Kimberly Roberts'}, {'store_id': 'STORE516', 'store_name': 'Clayton Store', 'location': 'East Fairview', 'manager': 'Betty Lewis'}, {'store_id': 'STORE517', 'store_name': 'Greenwood Store', 'location': 'East Salem', 'manager': 'Kevin Carter'}, {'store_id': 'STORE518', 'store_name': 'Dover Store', 'location': 'East Burlington', 'manager': 'Helen Walker'}, {'store_id': 'STORE519', 'store_name': 'Georgetown Store', 'location': 'East Franklin', 'manager': 'Christopher Garcia'}, {'store_id': 'STORE520', 'store_name': 'Burlington Store', 'location': 'East Waynetown', 'manager': 'Jennifer Garcia'}  ... displaying 10 of 380 total bound parameter sets ...  {'store_id': 'STORE998', 'store_name': 'Richmond Store', 'location': 'West Marion', 'manager': 'Steven King'}, {'store_id': 'STORE999', 'store_name': 'Troy Store', 'location': 'East Hudson', 'manager': 'Matthew Rodriguez'}]]
(Background on this error at: https://sqlalche.me/e/20/gkpj)",2025-08-22 14:42:38.977835
STORE508,Dover Store,East Madison,Laura Nelson,"Database insertion failed: (pymysql.err.IntegrityError) (1062, ""Duplicate entry 'STORE513' for key 'dimstore.store_id'"")
[SQL: INSERT INTO dimstore (store_id, store_name, location, manager) VALUES (%(store_id)s, %(store_name)s, %(location)s, %(manager)s)]
[parameters: [{'store_id': 'STORE513', 'store_name': 'Clinton Store', 'location': 'East Richmond', 'manager': 'Daniel Robinson'}, {'store_id': 'STORE514', 'store_name': 'Riverside Store', 'location': 'East Burlington', 'manager': 'James Smith'}, {'store_id': 'STORE515', 'store_name': 'Burlington Store', 'location': 'West Jacksontown', 'manager': 'Kimberly Roberts'}, {'store_id': 'STORE516', 'store_name': 'Clayton Store', 'location': 'East Fairview', 'manager': 'Betty Lewis'}, {'store_id': 'STORE517', 'store_name': 'Greenwood Store', 'location': 'East Salem', 'manager': 'Kevin Carter'}, {'store_id': 'STORE518', 'store_name': 'Dover Store', 'location': 'East Burlington', 'manager': 'Helen Walker'}, {'store_id': 'STORE519', 'store_name': 'Georgetown Store', 'location': 'East Franklin', 'manager': 'Christopher Garcia'}, {'store_id': 'STORE520', 'store_name': 'Burlington Store', 'location': 'East Waynetown', 'manager': 'Jennifer Garcia'}  ... displaying 10 of 380 total bound parameter sets ...  {'store_id': 'STORE998', 'store_name': 'Richmond Store', 'location': 'West Marion', 'manager': 'Steven King'}, {'store_id': 'STORE999', 'store_name': 'Troy Store', 'location': 'East Hudson', 'manager': 'Matthew Rodriguez'}]]
(Background on this error at: https://sqlalche.me/e/20/gkpj)",2025-08-22 14:42:38.977835
STORE509,Lancaster Store,West Lancaster,Michael Miller,"Database insertion failed: (pymysql.err.IntegrityError) (1062, ""Duplicate entry 'STORE513' for key 'dimstore.store_id'"")
[SQL: INSERT INTO dimstore (store_id, store_name, location, manager) VALUES (%(store_id)s, %(store_name)s, %(location)s, %(manager)s)]
[parameters: [{'store_id': 'STORE513', 'store_name': 'Clinton Store', 'location': 'East Richmond', 'manager': 'Daniel Robinson'}, {'store_id': 'STORE514', 'store_name': 'Riverside Store', 'location': 'East Burlington', 'manager': 'James Smith'}, {'store_id': 'STORE515', 'store_name': 'Burlington Store', 'location': 'West Jacksontown', 'manager': 'Kimberly Roberts'}, {'store_id': 'STORE516', 'store_name': 'Clayton Store', 'location': 'East Fairview', 'manager': 'Betty Lewis'}, {'store_id': 'STORE517', 'store_name': 'Greenwood Store', 'location': 'East Salem', 'manager': 'Kevin Carter'}, {'store_id': 'STORE518', 'store_name': 'Dover Store', 'location': 'East Burlington', 'manager': 'Helen Walker'}, {'store_id': 'STORE519', 'store_name': 'Georgetown Store', 'location': 'East Franklin', 'manager': 'Christopher Garcia'}, {'store_id': 'STORE520', 'store_name': 'Burlington Store', 'location': 'East Waynetown', 'manager': 'Jennifer Garcia'}  ... displaying 10 of 380 total bound parameter sets ...  {'store_id': 'STORE998', 'store_name': 'Richmond Store', 'location': 'West Marion', 'manager': 'Steven King'}, {'store_id': 'STORE999', 'store_name': 'Troy Store', 'location': 'East Hudson', 'manager': 'Matthew Rodriguez'}]]
(Background on this error at: https://sqlalche.me/e/20/gkpj)",2025-08-22 14:42:38.977835
STORE510,Clinton Store,West Clinton,Helen Walker,"Database insertion failed: (pymysql.err.IntegrityError) (1062, ""Duplicate entry 'STORE513' for key 'dimstore.store_id'"")
[SQL: INSERT INTO dimstore (store_id, store_name, location, manager) VALUES (%(store_id)s, %(store_name)s, %(location)s, %(manager)s)]
[parameters: [{'store_id': 'STORE513', 'store_name': 'Clinton Store', 'location': 'East Richmond', 'manager': 'Daniel Robinson'}, {'store_id': 'STORE514', 'store_name': 'Riverside Store', 'location': 'East Burlington', 'manager': 'James Smith'}, {'store_id': 'STORE515', 'store_name': 'Burlington Store', 'location': 'West Jacksontown', 'manager': 'Kimberly Roberts'}, {'store_id': 'STORE516', 'store_name': 'Clayton Store', 'location': 'East Fairview', 'manager': 'Betty Lewis'}, {'store_id': 'STORE517', 'store_name': 'Greenwood Store', 'location': 'East Salem', 'manager': 'Kevin Carter'}, {'store_id': 'STORE518', 'store_name': 'Dover Store', 'location': 'East Burlington', 'manager': 'Helen Walker'}, {'store_id': 'STORE519', 'store_name': 'Georgetown Store', 'location': 'East Franklin', 'manager': 'Christopher Garcia'}, {'store_id': 'STORE520', 'store_name': 'Burlington Store', 'location': 'East Waynetown', 'manager': 'Jennifer Garcia'}  ... displaying 10 of 380 total bound parameter sets ...  {'store_id': 'STORE998', 'store_name': 'Richmond Store', 'location': 'West Marion', 'manager': 'Steven King'}, {'store_id': 'STORE999', 'store_name': 'Troy Store', 'location': 'East Hudson', 'manager': 'Matthew Rodriguez'}]]
(Background on this error at: https://sqlalche.me/e/20/gkpj)",2025-08-22 14:42:38.977835
STORE511,Kingston Store,West Madison,Kenneth Gonzalez,"Database insertion failed: (pymysql.err.IntegrityError) (1062, ""Duplicate entry 'STORE513' for key 'dimstore.store_id'"")
[SQL: INSERT INTO dimstore (store_id, store_name, location, manager) VALUES (%(store_id)s, %(store_name)s, %(location)s, %(manager)s)]
[parameters: [{'store_id': 'STORE513', 'store_name': 'Clinton Store', 'location': 'East Richmond', 'manager': 'Daniel Robinson'}, {'store_id': 'STORE514', 'store_name': 'Riverside Store', 'location': 'East Burlington', 'manager': 'James Smith'}, {'store_id': 'STORE515', 'store_name': 'Burlington Store', 'location': 'West Jacksontown', 'manager': 'Kimberly Roberts'}, {'store_id': 'STORE516', 'store_name': 'Clayton Store', 'location': 'East Fairview', 'manager': 'Betty Lewis'}, {'store_id': 'STORE517', 'store_name': 'Greenwood Store', 'location': 'East Salem', 'manager': 'Kevin Carter'}, {'store_id': 'STORE518', 'store_name': 'Dover Store', 'location': 'East Burlington', 'manager': 'Helen Walker'}, {'store_id': 'STORE519', 'store_name': 'Georgetown Store', 'location': 'East Franklin', 'manager': 'Christopher Garcia'}, {'store_id': 'STORE520', 'store_name': 'Burlington Store', 'location': 'East Waynetown', 'manager': 'Jennifer Garcia'}  ... displaying 10 of 380 total bound parameter sets ...  {'store_id': 'STORE998', 'store_name': 'Richmond Store', 'location': 'West Marion', 'manager': 'Steven King'}, {'store_id': 'STORE999', 'store_name': 'Troy Store', 'location': 'East Hudson', 'manager': 'Matthew Rodriguez'}]]
(Background on this error at: https://sqlalche.me/e/20/gkpj)",2025-08-22 14:42:38.977835
STORE512,Troy Store,West Jackson,Mary Johnson,"Database insertion failed: (pymysql.err.IntegrityError) (1062, ""Duplicate entry 'STORE513' for key 'dimstore.store_id'"")
[SQL: INSERT INTO dimstore (store_id, store_name, location, manager) VALUES (%(store_id)s, %(store_name)s, %(location)s, %(manager)s)]
[parameters: [{'store_id': 'STORE513', 'store_name': 'Clinton Store', 'location': 'East Richmond', 'manager': 'Daniel Robinson'}, {'store_id': 'STORE514', 'store_name': 'Riverside Store', 'location': 'East Burlington', 'manager': 'James Smith'}, {'store_id': 'STORE515', 'store_name': 'Burlington Store', 'location': 'West Jacksontown', 'manager': 'Kimberly Roberts'}, {'store_id': 'STORE516', 'store_name': 'Clayton Store', 'location': 'East Fairview', 'manager': 'Betty Lewis'}, {'store_id': 'STORE517', 'store_name': 'Greenwood Store', 'location': 'East Salem', 'manager': 'Kevin Carter'}, {'store_id': 'STORE518', 'store_name': 'Dover Store', 'location': 'East Burlington', 'manager': 'Helen Walker'}, {'store_id': 'STORE519', 'store_name': 'Georgetown Store', 'location': 'East Franklin', 'manager': 'Christopher Garcia'}, {'store_id': 'STORE520', 'store_name': 'Burlington Store', 'location': 'East Waynetown', 'manager': 'Jennifer Garcia'}  ... displaying 10 of 380 total bound parameter sets ...  {'store_id': 'STORE998', 'store_name': 'Richmond Store', 'location': 'West Marion', 'manager': 'Steven King'}, {'store_id': 'STORE999', 'store_name': 'Troy Store', 'location': 'East Hudson', 'manager': 'Matthew Rodriguez'}]]
(Background on this error at: https://sqlalche.me/e/20/gkpj)",2025-08-22 14:42:38.977835
STORE513,Fairview Store,West Newport,David Wilson,"Database insertion failed: (pymysql.err.IntegrityError) (1062, ""Duplicate entry 'STORE513' for key 'dimstore.store_id'"")
[SQL: INSERT INTO dimstore (store_id, store_name, location, manager) VALUES (%(store_id)s, %(store_name)s, %(location)s, %(manager)s)]
[parameters: [{'store_id': 'STORE513', 'store_name': 'Clinton Store', 'location': 'East Richmond', 'manager': 'Daniel Robinson'}, {'store_id': 'STORE514', 'store_name': 'Riverside Store', 'location': 'East Burlington', 'manager': 'James Smith'}, {'store_id': 'STORE515', 'store_name': 'Burlington Store', 'location': 'West Jacksontown', 'manager': 'Kimberly Roberts'}, {'store_id': 'STORE516', 'store_name': 'Clayton Store', 'location': 'East Fairview', 'manager': 'Betty Lewis'}, {'store_id': 'STORE517', 'store_name': 'Greenwood Store', 'location': 'East Salem', 'manager': 'Kevin Carter'}, {'store_id': 'STORE518', 'store_name': 'Dover Store', 'location': 'East Burlington', 'manager': 'Helen Walker'}, {'store_id': 'STORE519', 'store_name': 'Georgetown Store', 'location': 'East Franklin', 'manager': 'Christopher Garcia'}, {'store_id': 'STORE520', 'store_name': 'Burlington Store', 'location': 'East Waynetown', 'manager': 'Jennifer Garcia'}  ... displaying 10 of 380 total bound parameter sets ...  {'store_id': 'STORE998', 'store_name': 'Richmond Store', 'location': 'West Marion', 'manager': 'Steven King'}, {'store_id': 'STORE999', 'store_name': 'Troy Store', 'location': 'East Hudson', 'manager': 'Matthew Rodriguez'}]]
(Background on this error at: https://sqlalche.me/e/20/gkpj)",2025-08-22 14:42:38.977835
STORE514,Wayne Store,West Clinton,Richard Taylor,"Database insertion failed: (pymysql.err.IntegrityError) (1062, ""Duplicate entry 'STORE513' for key 'dimstore.store_id'"")
[SQL: INSERT INTO dimstore (store_id, store_name, location, manager) VALUES (%(store_id)s, %(store_name)s, %(location)s, %(manager)s)]
[parameters: [{'store_id': 'STORE513', 'store_name': 'Clinton Store', 'location': 'East Richmond', 'manager': 'Daniel Robinson'}, {'store_id': 'STORE514', 'store_name': 'Riverside Store', 'location': 'East Burlington', 'manager': 'James Smith'}, {'store_id': 'STORE515', 'store_name': 'Burlington Store', 'location': 'West Jacksontown', 'manager': 'Kimberly Roberts'}, {'store_id': 'STORE516', 'store_name': 'Clayton Store', 'location': 'East Fairview', 'manager': 'Betty Lewis'}, {'store_id': 'STORE517', 'store_name': 'Greenwood Store', 'location': 'East Salem', 'manager': 'Kevin Carter'}, {'store_id': 'STORE518', 'store_name': 'Dover Store', 'location': 'East Burlington', 'manager': 'Helen Walker'}, {'store_id': 'STORE519', 'store_name': 'Georgetown Store', 'location': 'East Franklin', 'manager': 'Christopher Garcia'}, {'store_id': 'STORE520', 'store_name': 'Burlington Store', 'location': 'East Waynetown', 'manager': 'Jennifer Garcia'}  ... displaying 10 of 380 total bound parameter sets ...  {'store_id': 'STORE998', 'store_name': 'Richmond Store', 'location': 'West Marion', 'manager': 'Steven King'}, {'store_id': 'STORE999', 'store_name': 'Troy Store', 'location': 'East Hudson', 'manager': 'Matthew Rodriguez'}]]
(Background on this error at: https://sqlalche.me/e/20/gkpj)",2025-08-22 14:42:38.977835
STORE515,Marion Store,West Madison,Emily Mitchell,"Database insertion failed: (pymysql.err.IntegrityError) (1062, ""Duplicate entry 'STORE513' for key 'dimstore.store_id'"")
[SQL: INSERT INTO dimstore (store_id, store_name, location, manager) VALUES (%(store_id)s, %(store_name)s, %(location)s, %(manager)s)]
[parameters: [{'store_id': 'STORE513', 'store_name': 'Clinton Store', 'location': 'East Richmond', 'manager': 'Daniel Robinson'}, {'store_id': 'STORE514', 'store_name': 'Riverside Store', 'location': 'East Burlington', 'manager': 'James Smith'}, {'store_id': 'STORE515', 'store_name': 'Burlington Store', 'location': 'West Jacksontown', 'manager': 'Kimberly Roberts'}, {'store_id': 'STORE516', 'store_name': 'Clayton Store', 'location': 'East Fairview', 'manager': 'Betty Lewis'}, {'store_id': 'STORE517', 'store_name': 'Greenwood Store', 'location': 'East Salem', 'manager': 'Kevin Carter'}, {'store_id': 'STORE518', 'store_name': 'Dover Store', 'location': 'East Burlington', 'manager': 'Helen Walker'}, {'store_id': 'STORE519', 'store_name': 'Georgetown Store', 'location': 'East Franklin', 'manager': 'Christopher Garcia'}, {'store_id': 'STORE520', 'store_name': 'Burlington Store', 'location': 'East Waynetown', 'manager': 'Jennifer Garcia'}  ... displaying 10 of 380 total bound parameter sets ...  {'store_id': 'STORE998', 'store_name': 'Richmond Store', 'location': 'West Marion', 'manager': 'Steven King'}, {'store_id': 'STORE999', 'store_name': 'Troy Store', 'location': 'East Hudson', 'manager': 'Matthew Rodriguez'}]]
(Background on this error at: https://sqlalche.me/e/20/gkpj)",2025-08-22 14:42:38.977835
STORE516,Georgetown Store,West Jackson,Donald Young,"Database insertion failed: (pymysql.err.IntegrityError) (1062, ""Duplicate entry 'STORE513' for key 'dimstore.store_id'"")
[SQL: INSERT INTO dimstore (store_id, store_name, location, manager) VALUES (%(store_id)s, %(store_name)s, %(location)s, %(manager)s)]
[parameters: [{'store_id': 'STORE513', 'store_name': 'Clinton Store', 'location': 'East Richmond', 'manager': 'Daniel Robinson'}, {'store_id': 'STORE514', 'store_name': 'Riverside Store', 'location': 'East Burlington', 'manager': 'James Smith'}, {'store_id': 'STORE515', 'store_name': 'Burlington Store', 'location': 'West Jacksontown', 'manager': 'Kimberly Roberts'}, {'store_id': 'STORE516', 'store_name': 'Clayton Store', 'location': 'East Fairview', 'manager': 'Betty Lewis'}, {'store_id': 'STORE517', 'store_name': 'Greenwood Store', 'location': 'East Salem', 'manager': 'Kevin Carter'}, {'store_id': 'STORE518', 'store_name': 'Dover Store', 'location': 'East Burlington', 'manager': 'Helen Walker'}, {'store_id': 'STORE519', 'store_name': 'Georgetown Store', 'location': 'East Franklin', 'manager': 'Christopher Garcia'}, {'store_id': 'STORE520', 'store_name': 'Burlington Store', 'location': 'East Waynetown', 'manager': 'Jennifer Garcia'}  ... displaying 10 of 380 total bound parameter sets ...  {'store_id': 'STORE998', 'store_name': 'Richmond Store', 'location': 'West Marion', 'manager': 'Steven King'}, {'store_id': 'STORE999', 'store_name': 'Troy Store', 'location': 'East Hudson', 'manager': 'Matthew Rodriguez'}]]
(Background on this error at: https://sqlalche.me/e/20/gkpj)",2025-08-22 14:42:38.977835
STORE517,Greenwood Store,West Springfieldtown,Lisa Clark,"Database insertion failed: (pymysql.err.IntegrityError) (1062, ""Duplicate entry 'STORE513' for key 'dimstore.store_id'"")
[SQL: INSERT INTO dimstore (store_id, store_name, location, manager) VALUES (%(store_id)s, %(store_name)s, %(location)s, %(manager)s)]
[parameters: [{'store_id': 'STORE513', 'store_name': 'Clinton Store', 'location': 'East Richmond', 'manager': 'Daniel Robinson'}, {'store_id': 'STORE514', 'store_name': 'Riverside Store', 'location': 'East Burlington', 'manager': 'James Smith'}, {'store_id': 'STORE515', 'store_name': 'Burlington Store', 'location': 'West Jacksontown', 'manager': 'Kimberly Roberts'}, {'store_id': 'STORE516', 'store_name': 'Clayton Store', 'location': 'East Fairview', 'manager': 'Betty Lewis'}, {'store_id': 'STORE517', 'store_name': 'Greenwood Store', 'location': 'East Salem', 'manager': 'Kevin Carter'}, {'store_id': 'STORE518', 'store_name': 'Dover Store', 'location': 'East Burlington', 'manager': 'Helen Walker'}, {'store_id': 'STORE519', 'store_name': 'Georgetown Store', 'location': 'East Franklin', 'manager': 'Christopher Garcia'}, {'store_id': 'STORE520', 'store_name': 'Burlington Store', 'location': 'East Waynetown', 'manager': 'Jennifer Garcia'}  ... displaying 10 of 380 total bound parameter sets ...  {'store_id': 'STORE998', 'store_name': 'Richmond Store', 'location': 'West Marion', 'manager': 'Steven King'}, {'store_id': 'STORE999', 'store_name': 'Troy Store', 'location': 'East Hudson', 'manager': 'Matthew Rodriguez'}]]
(Background on this error at: https://sqlalche.me/e/20/gkpj)",2025-08-22 14:42:38.977835
STORE518,Clinton Store,West Clayton,Richard Taylor,"Database insertion failed: (pymysql.err.IntegrityError) (1062, ""Duplicate entry 'STORE513' for key 'dimstore.store_id'"")
[SQL: INSERT INTO dimstore (store_id, store_name, location, manager) VALUES (%(store_id)s, %(store_name)s, %(location)s, %(manager)s)]
[parameters: [{'store_id': 'STORE513', 'store_name': 'Clinton Store', 'location': 'East Richmond', 'manager': 'Daniel Robinson'}, {'store_id': 'STORE514', 'store_name': 'Riverside Store', 'location': 'East Burlington', 'manager': 'James Smith'}, {'store_id': 'STORE515', 'store_name': 'Burlington Store', 'location': 'West Jacksontown', 'manager': 'Kimberly Roberts'}, {'store_id': 'STORE516', 'store_name': 'Clayton Store', 'location': 'East Fairview', 'manager': 'Betty Lewis'}, {'store_id': 'STORE517', 'store_name': 'Greenwood Store', 'location': 'East Salem', 'manager': 'Kevin Carter'}, {'store_id': 'STORE518', 'store_name': 'Dover Store', 'location': 'East Burlington', 'manager': 'Helen Walker'}, {'store_id': 'STORE519', 'store_name': 'Georgetown Store', 'location': 'East Franklin', 'manager': 'Christopher Garcia'}, {'store_id': 'STORE520', 'store_name': 'Burlington Store', 'location': 'East Waynetown', 'manager': 'Jennifer Garcia'}  ... displaying 10 of 380 total bound parameter sets ...  {'store_id': 'STORE998', 'store_name': 'Richmond Store', 'location': 'West Marion', 'manager': 'Steven King'}, {'store_id': 'STORE999', 'store_name': 'Troy Store', 'location': 'East Hudson', 'manager': 'Matthew Rodriguez'}]]
(Background on this error at: https://sqlalche.me/e/20/gkpj)",2025-08-22 14:42:38.977835
STORE519,Manchester Store,East Auburntown,Donald Young,"Database insertion failed: (pymysql.err.IntegrityError) (1062, ""Duplicate entry 'STORE513' for key 'dimstore.store_id'"")
[SQL: INSERT INTO dimstore (store_id, store_name, location, manager) VALUES (%(store_id)s, %(store_name)s, %(location)s, %(manager)s)]
[parameters: [{'store_id': 'STORE513', 'store_name': 'Clinton Store', 'location': 'East Richmond', 'manager': 'Daniel Robinson'}, {'store_id': 'STORE514', 'store_name': 'Riverside Store', 'location': 'East Burlington', 'manager': 'James Smith'}, {'store_id': 'STORE515', 'store_name': 'Burlington Store', 'location': 'West Jacksontown', 'manager': 'Kimberly Roberts'}, {'store_id': 'STORE516', 'store_name': 'Clayton Store', 'location': 'East Fairview', 'manager': 'Betty Lewis'}, {'store_id': 'STORE517', 'store_name': 'Greenwood Store', 'location': 'East Salem', 'manager': 'Kevin Carter'}, {'store_id': 'STORE518', 'store_name': 'Dover Store', 'location': 'East Burlington', 'manager': 'Helen Walker'}, {'store_id': 'STORE519', 'store_name': 'Georgetown Store', 'location': 'East Franklin', 'manager': 'Christopher Garcia'}, {'store_id': 'STORE520', 'store_name': 'Burlington Store', 'location': 'East Waynetown', 'manager': 'Jennifer Garcia'}  ... displaying 10 of 380 total bound parameter sets ...  {'store_id': 'STORE998', 'store_name': 'Richmond Store', 'location': 'West Marion', 'manager': 'Steven King'}, {'store_id': 'STORE999', 'store_name': 'Troy Store', 'location': 'East Hudson', 'manager': 'Matthew Rodriguez'}]]
(Background on this error at: https://sqlalche.me/e/20/gkpj)",2025-08-22 14:42:38.977835
STORE500,Jackson Store,West Arlington,Donald Young,"Database insertion failed: (pymysql.err.IntegrityError) (1062, ""Duplicate entry 'STORE513' for key 'dimstore.store_id'"")
[SQL: INSERT INTO dimstore (store_id, store_name, location, manager) VALUES (%(store_id)s, %(store_name)s, %(location)s, %(manager)s)]
[parameters: [{'store_id': 'STORE513', 'store_name': 'Clinton Store', 'location': 'East Richmond', 'manager': 'Daniel Robinson'}, {'store_id': 'STORE514', 'store_name': 'Riverside Store', 'location': 'East Burlington', 'manager': 'James Smith'}, {'store_id': 'STORE515', 'store_name': 'Burlington Store', 'location': 'West Jacksontown', 'manager': 'Kimberly Roberts'}, {'store_id': 'STORE516', 'store_name': 'Clayton Store', 'location': 'East Fairview', 'manager': 'Betty Lewis'}, {'store_id': 'STORE517', 'store_name': 'Greenwood Store', 'location': 'East Salem', 'manager': 'Kevin Carter'}, {'store_id': 'STORE518', 'store_name': 'Dover Store', 'location': 'East Burlington', 'manager': 'Helen Walker'}, {'store_id': 'STORE519', 'store_name': 'Georgetown Store', 'location': 'East Franklin', 'manager': 'Christopher Garcia'}, {'store_id': 'STORE520', 'store_name': 'Burlington Store', 'location': 'East Waynetown', 'manager': 'Jennifer Garcia'}  ... displaying 10 of 380 total bound parameter sets ...  {'store_id': 'STORE998', 'store_name': 'Richmond Store', 'location': 'West Marion', 'manager': 'Steven King'}, {'store_id': 'STORE999', 'store_name': 'Troy Store', 'location': 'East Hudson', 'manager': 'Matthew Rodriguez'}]]
(Background on this error at: https://sqlalche.me/e/20/gkpj)",2025-08-22 14:42:38.977835
STORE501,Auburn Store,West Bristol,Susan Thomas,"Database insertion failed: (pymysql.err.IntegrityError) (1062, ""Duplicate entry 'STORE513' for key 'dimstore.store_id'"")
[SQL: INSERT INTO dimstore (store_id, store_name, location, manager) VALUES (%(store_id)s, %(store_name)s, %(location)s, %(manager)s)]
[parameters: [{'store_id': 'STORE513', 'store_name': 'Clinton Store', 'location': 'East Richmond', 'manager': 'Daniel Robinson'}, {'store_id': 'STORE514', 'store_name': 'Riverside Store', 'location': 'East Burlington', 'manager': 'James Smith'}, {'store_id': 'STORE515', 'store_name': 'Burlington Store', 'location': 'West Jacksontown', 'manager': 'Kimberly Roberts'}, {'store_id': 'STORE516', 'store_name': 'Clayton Store', 'location': 'East Fairview', 'manager': 'Betty Lewis'}, {'store_id': 'STORE517', 'store_name': 'Greenwood Store', 'location': 'East Salem', 'manager': 'Kevin Carter'}, {'store_id': 'STORE518', 'store_name': 'Dover Store', 'location': 'East Burlington', 'manager': 'Helen Walker'}, {'store_id': 'STORE519', 'store_name': 'Georgetown Store', 'location': 'East Franklin', 'manager': 'Christopher Garcia'}, {'store_id': 'STORE520', 'store_name': 'Burlington Store', 'location': 'East Waynetown', 'manager': 'Jennifer Garcia'}  ... displaying 10 of 380 total bound parameter sets ...  {'store_id': 'STORE998', 'store_name': 'Richmond Store', 'location': 'West Marion', 'manager': 'Steven King'}, {'store_id': 'STORE999', 'store_name': 'Troy Store', 'location': 'East Hudson', 'manager': 'Matthew Rodriguez'}]]
(Background on this error at: https://sqlalche.me/e/20/gkpj)",2025-08-22 14:42:38.977835
STORE502,Arlington Store,East Bristol,Joseph Jackson,"Database insertion failed: (pymysql.err.IntegrityError) (1062, ""Duplicate entry 'STORE513' for key 'dimstore.store_id'"")
[SQL: INSERT INTO dimstore (store_id, store_name, location, manager) VALUES (%(store_id)s, %(store_name)s, %(location)s, %(manager)s)]
[parameters: [{'store_id': 'STORE513', 'store_name': 'Clinton Store', 'location': 'East Richmond', 'manager': 'Daniel Robinson'}, {'store_id': 'STORE514', 'store_name': 'Riverside Store', 'location': 'East Burlington', 'manager': 'James Smith'}, {'store_id': 'STORE515', 'store_name': 'Burlington Store', 'location': 'West Jacksontown', 'manager': 'Kimberly Roberts'}, {'store_id': 'STORE516', 'store_name': 'Clayton Store', 'location': 'East Fairview', 'manager': 'Betty Lewis'}, {'store_id': 'STORE517', 'store_name': 'Greenwood Store', 'location': 'East Salem', 'manager': 'Kevin Carter'}, {'store_id': 'STORE518', 'store_name': 'Dover Store', 'location': 'East Burlington', 'manager': 'Helen Walker'}, {'store_id': 'STORE519', 'store_name': 'Georgetown Store', 'location': 'East Franklin', 'manager': 'Christopher Garcia'}, {'store_id': 'STORE520', 'store_name': 'Burlington Store', 'location': 'East Waynetown', 'manager': 'Jennifer Garcia'}  ... displaying 10 of 380 total bound parameter sets ...  {'store_id': 'STORE998', 'store_name': 'Richmond Store', 'location': 'West Marion', 'manager': 'Steven King'}, {'store_id': 'STORE999', 'store_name': 'Troy Store', 'location': 'East Hudson', 'manager': 'Matthew Rodriguez'}]]
(Background on this error at: https://sqlalche.me/e/20/gkpj)",2025-08-22 14:42:38.977835
STORE503,Chester Store,East Fairviewtown,Elizabeth Martinez,"Database insertion failed: (pymysql.err.IntegrityError) (1062, ""Duplicate entry 'STORE513' for key 'dimstore.store_id'"")
[SQL: INSERT INTO dimstore (store_id, store_name, location, manager) VALUES (%(store_id)s, %(store_name)s, %(location)s, %(manager)s)]
[parameters: [{'store_id': 'STORE513', 'store_name': 'Clinton Store', 'location': 'East Richmond', 'manager': 'Daniel Robinson'}, {'store_id': 'STORE514', 'store_name': 'Riverside Store', 'location': 'East Burlington', 'manager': 'James Smith'}, {'store_id': 'STORE515', 'store_name': 'Burlington Store', 'location': 'West Jacksontown', 'manager': 'Kimberly Roberts'}, {'store_id': 'STORE516', 'store_name': 'Clayton Store', 'location': 'East Fairview', 'manager': 'Betty Lewis'}, {'store_id': 'STORE517', 'store_name': 'Greenwood Store', 'location': 'East Salem', 'manager': 'Kevin Carter'}, {'store_id': 'STORE518', 'store_name': 'Dover Store', 'location': 'East Burlington', 'manager': 'Helen Walker'}, {'store_id': 'STORE519', 'store_name': 'Georgetown Store', 'location': 'East Franklin', 'manager': 'Christopher Garcia'}, {'store_id': 'STORE520', 'store_name': 'Burlington Store', 'location': 'East Waynetown', 'manager': 'Jennifer Garcia'}  ... displaying 10 of 380 total bound parameter sets ...  {'store_id': 'STORE998', 'store_name': 'Richmond Store', 'location': 'West Marion', 'manager': 'Steven King'}, {'store_id': 'STORE999', 'store_name': 'Troy Store', 'location': 'East Hudson', 'manager': 'Matthew Rodriguez'}]]
(Background on this error at: https://sqlalche.me/e/20/gkpj)",2025-08-22 14:42:38.977835
STORE504,Bristol Store,West Greenwood,Donna Hernandez,"Database insertion failed: (pymysql.err.IntegrityError) (1062, ""Duplicate entry 'STORE513' for key 'dimstore.store_id'"")
[SQL: INSERT INTO dimstore (store_id, store_name, location, manager) VALUES (%(store_id)s, %(store_name)s, %(location)s, %(manager)s)]
[parameters: [{'store_id': 'STORE513', 'store_name': 'Clinton Store', 'location': 'East Richmond', 'manager': 'Daniel Robinson'}, {'store_id': 'STORE514', 'store_name': 'Riverside Store', 'location': 'East Burlington', 'manager': 'James Smith'}, {'store_id': 'STORE515', 'store_name': 'Burlington Store', 'location': 'West Jacksontown', 'manager': 'Kimberly Roberts'}, {'store_id': 'STORE516', 'store_name': 'Clayton Store', 'location': 'East Fairview', 'manager': 'Betty Lewis'}, {'store_id': 'STORE517', 'store_name': 'Greenwood Store', 'location': 'East Salem', 'manager': 'Kevin Carter'}, {'store_id': 'STORE518', 'store_name': 'Dover Store', 'location': 'East Burlington', 'manager': 'Helen Walker'}, {'store_id': 'STORE519', 'store_name': 'Georgetown Store', 'location': 'East Franklin', 'manager': 'Christopher Garcia'}, {'store_id': 'STORE520', 'store_name': 'Burlington Store', 'location': 'East Waynetown', 'manager': 'Jennifer Garcia'}  ... displaying 10 of 380 total bound parameter sets ...  {'store_id': 'STORE998', 'store_name': 'Richmond Store', 'location': 'West Marion', 'manager': 'Steven King'}, {'store_id': 'STORE999', 'store_name': 'Troy Store', 'location': 'East Hudson', 'manager': 'Matthew Rodriguez'}]]
(Background on this error at: https://sqlalche.me/e/20/gkpj)",2025-08-22 14:42:38.977835
STORE505,Clinton Store,East Hudsontown,Daniel Robinson,"Database insertion failed: (pymysql.err.IntegrityError) (1062, ""Duplicate entry 'STORE513' for key 'dimstore.store_id'"")
[SQL: INSERT INTO dimstore (store_id, store_name, location, manager) VALUES (%(store_id)s, %(store_name)s, %(location)s, %(manager)s)]
[parameters: [{'store_id': 'STORE513', 'store_name': 'Clinton Store', 'location': 'East Richmond', 'manager': 'Daniel Robinson'}, {'store_id': 'STORE514', 'store_name': 'Riverside Store', 'location': 'East Burlington', 'manager': 'James Smith'}, {'store_id': 'STORE515', 'store_name': 'Burlington Store', 'location': 'West Jacksontown', 'manager': 'Kimberly Roberts'}, {'store_id': 'STORE516', 'store_name': 'Clayton Store', 'location': 'East Fairview', 'manager': 'Betty Lewis'}, {'store_id': 'STORE517', 'store_name': 'Greenwood Store', 'location': 'East Salem', 'manager': 'Kevin Carter'}, {'store_id': 'STORE518', 'store_name': 'Dover Store', 'location': 'East Burlington', 'manager': 'Helen Walker'}, {'store_id': 'STORE519', 'store_name': 'Georgetown Store', 'location': 'East Franklin', 'manager': 'Christopher Garcia'}, {'store_id': 'STORE520', 'store_name': 'Burlington Store', 'location': 'East Waynetown', 'manager': 'Jennifer Garcia'}  ... displaying 10 of 380 total bound parameter sets ...  {'store_id': 'STORE998', 'store_name': 'Richmond Store', 'location': 'West Marion', 'manager': 'Steven King'}, {'store_id': 'STORE999', 'store_name': 'Troy Store', 'location': 'East Hudson', 'manager': 'Matthew Rodriguez'}]]
(Background on this error at: https://sqlalche.me/e/20/gkpj)",2025-08-22 14:42:38.977835
STORE500,Georgetown Store,East Washingtontown,Michael Miller,"Database insertion failed: (pymysql.err.IntegrityError) (1062, ""Duplicate entry 'STORE513' for key 'dimstore.store_id'"")
[SQL: INSERT INTO dimstore (store_id, store_name, location, manager) VALUES (%(store_id)s, %(store_name)s, %(location)s, %(manager)s)]
[parameters: [{'store_id': 'STORE513', 'store_name': 'Clinton Store', 'location': 'East Richmond', 'manager': 'Daniel Robinson'}, {'store_id': 'STORE514', 'store_name': 'Riverside Store', 'location': 'East Burlington', 'manager': 'James Smith'}, {'store_id': 'STORE515', 'store_name': 'Burlington Store', 'location': 'West Jacksontown', 'manager': 'Kimberly Roberts'}, {'store_id': 'STORE516', 'store_name': 'Clayton Store', 'location': 'East Fairview', 'manager': 'Betty Lewis'}, {'store_id': 'STORE517', 'store_name': 'Greenwood Store', 'location': 'East Salem', 'manager': 'Kevin Carter'}, {'store_id': 'STORE518', 'store_name': 'Dover Store', 'location': 'East Burlington', 'manager': 'Helen Walker'}, {'store_id': 'STORE519', 'store_name': 'Georgetown Store', 'location': 'East Franklin', 'manager': 'Christopher Garcia'}, {'store_id': 'STORE520', 'store_name': 'Burlington Store', 'location': 'East Waynetown', 'manager': 'Jennifer Garcia'}  ... displaying 10 of 380 total bound parameter sets ...  {'store_id': 'STORE998', 'store_name': 'Richmond Store', 'location': 'West Marion', 'manager': 'Steven King'}, {'store_id': 'STORE999', 'store_name': 'Troy Store', 'location': 'East Hudson', 'manager': 'Matthew Rodriguez'}]]
(Background on this error at: https://sqlalche.me/e/20/gkpj)",2025-08-22 14:42:38.977835
STORE501,Lancaster Store,East Lancaster,Betty Lewis,"Database insertion failed: (pymysql.err.IntegrityError) (1062, ""Duplicate entry 'STORE513' for key 'dimstore.store_id'"")
[SQL: INSERT INTO dimstore (store_id, store_name, location, manager) VALUES (%(store_id)s, %(store_name)s, %(location)s, %(manager)s)]
[parameters: [{'store_id': 'STORE513', 'store_name': 'Clinton Store', 'location': 'East Richmond', 'manager': 'Daniel Robinson'}, {'store_id': 'STORE514', 'store_name': 'Riverside Store', 'location': 'East Burlington', 'manager': 'James Smith'}, {'store_id': 'STORE515', 'store_name': 'Burlington Store', 'location': 'West Jacksontown', 'manager': 'Kimberly Roberts'}, {'store_id': 'STORE516', 'store_name': 'Clayton Store', 'location': 'East Fairview', 'manager': 'Betty Lewis'}, {'store_id': 'STORE517', 'store_name': 'Greenwood Store', 'location': 'East Salem', 'manager': 'Kevin Carter'}, {'store_id': 'STORE518', 'store_name': 'Dover Store', 'location': 'East Burlington', 'manager': 'Helen Walker'}, {'store_id': 'STORE519', 'store_name': 'Georgetown Store', 'location': 'East Franklin', 'manager': 'Christopher Garcia'}, {'store_id': 'STORE520', 'store_name': 'Burlington Store', 'location': 'East Waynetown', 'manager': 'Jennifer Garcia'}  ... displaying 10 of 380 total bound parameter sets ...  {'store_id': 'STORE998', 'store_name': 'Richmond Store', 'location': 'West Marion', 'manager': 'Steven King'}, {'store_id': 'STORE999', 'store_name': 'Troy Store', 'location': 'East Hudson', 'manager': 'Matthew Rodriguez'}]]
(Background on this error at: https://sqlalche.me/e/20/gkpj)",2025-08-22 14:42:38.977835
STORE502,Manchester Store,West Greenwood,Mary Johnson,"Database insertion failed: (pymysql.err.IntegrityError) (1062, ""Duplicate entry 'STORE513' for key 'dimstore.store_id'"")
[SQL: INSERT INTO dimstore (store_id, store_name, location, manager) VALUES (%(store_id)s, %(store_name)s, %(location)s, %(manager)s)]
[parameters: [{'store_id': 'STORE513', 'store_name': 'Clinton Store', 'location': 'East Richmond', 'manager': 'Daniel Robinson'}, {'store_id': 'STORE514', 'store_name': 'Riverside Store', 'location': 'East Burlington', 'manager': 'James Smith'}, {'store_id': 'STORE515', 'store_name': 'Burlington Store', 'location': 'West Jacksontown', 'manager': 'Kimberly Roberts'}, {'store_id': 'STORE516', 'store_name': 'Clayton Store', 'location': 'East Fairview', 'manager': 'Betty Lewis'}, {'store_id': 'STORE517', 'store_name': 'Greenwood Store', 'location': 'East Salem', 'manager': 'Kevin Carter'}, {'store_id': 'STORE518', 'store_name': 'Dover Store', 'location': 'East Burlington', 'manager': 'Helen Walker'}, {'store_id': 'STORE519', 'store_name': 'Georgetown Store', 'location': 'East Franklin', 'manager': 'Christopher Garcia'}, {'store_id': 'STORE520', 'store_name': 'Burlington Store', 'location': 'East Waynetown', 'manager': 'Jennifer Garcia'}  ... displaying 10 of 380 total bound parameter sets ...  {'store_id': 'STORE998', 'store_name': 'Richmond Store', 'location': 'West Marion', 'manager': 'Steven King'}, {'store_id': 'STORE999', 'store_name': 'Troy Store', 'location': 'East Hudson', 'manager': 'Matthew Rodriguez'}]]
(Background on this error at: https://sqlalche.me/e/20/gkpj)",2025-08-22 14:42:38.977835
STORE503,Kingston Store,East Washingtontown,Betty Lewis,"Database insertion failed: (pymysql.err.IntegrityError) (1062, ""Duplicate entry 'STORE513' for key 'dimstore.store_id'"")
[SQL: INSERT INTO dimstore (store_id, store_name, location, manager) VALUES (%(store_id)s, %(store_name)s, %(location)s, %(manager)s)]
[parameters: [{'store_id': 'STORE513', 'store_name': 'Clinton Store', 'location': 'East Richmond', 'manager': 'Daniel Robinson'}, {'store_id': 'STORE514', 'store_name': 'Riverside Store', 'location': 'East Burlington', 'manager': 'James Smith'}, {'store_id': 'STORE515', 'store_name': 'Burlington Store', 'location': 'West Jacksontown', 'manager': 'Kimberly Roberts'}, {'store_id': 'STORE516', 'store_name': 'Clayton Store', 'location': 'East Fairview', 'manager': 'Betty Lewis'}, {'store_id': 'STORE517', 'store_name': 'Greenwood Store', 'location': 'East Salem', 'manager': 'Kevin Carter'}, {'store_id': 'STORE518', 'store_name': 'Dover Store', 'location': 'East Burlington', 'manager': 'Helen Walker'}, {'store_id': 'STORE519', 'store_name': 'Georgetown Store', 'location': 'East Franklin', 'manager': 'Christopher Garcia'}, {'store_id': 'STORE520', 'store_name': 'Burlington Store', 'location': 'East Waynetown', 'manager': 'Jennifer Garcia'}  ... displaying 10 of 380 total bound parameter sets ...  {'store_id': 'STORE998', 'store_name': 'Richmond Store', 'location': 'West Marion', 'manager': 'Steven King'}, {'store_id': 'STORE999', 'store_name': 'Troy Store', 'location': 'East Hudson', 'manager': 'Matthew Rodriguez'}]]
(Background on this error at: https://sqlalche.me/e/20/gkpj)",2025-08-22 14:42:38.977835
STORE504,Marion Store,East Oxford,Robert Williams,"Database insertion failed: (pymysql.err.IntegrityError) (1062, ""Duplicate entry 'STORE513' for key 'dimstore.store_id'"")
[SQL: INSERT INTO dimstore (store_id, store_name, location, manager) VALUES (%(store_id)s, %(store_name)s, %(location)s, %(manager)s)]
[parameters: [{'store_id': 'STORE513', 'store_name': 'Clinton Store', 'location': 'East Richmond', 'manager': 'Daniel Robinson'}, {'store_id': 'STORE514', 'store_name': 'Riverside Store', 'location': 'East Burlington', 'manager': 'James Smith'}, {'store_id': 'STORE515', 'store_name': 'Burlington Store', 'location': 'West Jacksontown', 'manager': 'Kimberly Roberts'}, {'store_id': 'STORE516', 'store_name': 'Clayton Store', 'location': 'East Fairview', 'manager': 'Betty Lewis'}, {'store_id': 'STORE517', 'store_name': 'Greenwood Store', 'location': 'East Salem', 'manager': 'Kevin Carter'}, {'store_id': 'STORE518', 'store_name': 'Dover Store', 'location': 'East Burlington', 'manager': 'Helen Walker'}, {'store_id': 'STORE519', 'store_name': 'Georgetown Store', 'location': 'East Franklin', 'manager': 'Christopher Garcia'}, {'store_id': 'STORE520', 'store_name': 'Burlington Store', 'location': 'East Waynetown', 'manager': 'Jennifer Garcia'}  ... displaying 10 of 380 total bound parameter sets ...  {'store_id': 'STORE998', 'store_name': 'Richmond Store', 'location': 'West Marion', 'manager': 'Steven King'}, {'store_id': 'STORE999', 'store_name': 'Troy Store', 'location': 'East Hudson', 'manager': 'Matthew Rodriguez'}]]
(Background on this error at: https://sqlalche.me/e/20/gkpj)",2025-08-22 14:42:38.977835
STORE505,Jackson Store,East Chester,Sharon Green,"Database insertion failed: (pymysql.err.IntegrityError) (1062, ""Duplicate entry 'STORE513' for key 'dimstore.store_id'"")
[SQL: INSERT INTO dimstore (store_id, store_name, location, manager) VALUES (%(store_id)s, %(store_name)s, %(location)s, %(manager)s)]
[parameters: [{'store_id': 'STORE513', 'store_name': 'Clinton Store', 'location': 'East Richmond', 'manager': 'Daniel Robinson'}, {'store_id': 'STORE514', 'store_name': 'Riverside Store', 'location': 'East Burlington', 'manager': 'James Smith'}, {'store_id': 'STORE515', 'store_name': 'Burlington Store', 'location': 'West Jacksontown', 'manager': 'Kimberly Roberts'}, {'store_id': 'STORE516', 'store_name': 'Clayton Store', 'location': 'East Fairview', 'manager': 'Betty Lewis'}, {'store_id': 'STORE517', 'store_name': 'Greenwood Store', 'location': 'East Salem', 'manager': 'Kevin Carter'}, {'store_id': 'STORE518', 'store_name': 'Dover Store', 'location': 'East Burlington', 'manager': 'Helen Walker'}, {'store_id': 'STORE519', 'store_name': 'Georgetown Store', 'location': 'East Franklin', 'manager': 'Christopher Garcia'}, {'store_id': 'STORE520', 'store_name': 'Burlington Store', 'location': 'East Waynetown', 'manager': 'Jennifer Garcia'}  ... displaying 10 of 380 total bound parameter sets ...  {'store_id': 'STORE998', 'store_name': 'Richmond Store', 'location': 'West Marion', 'manager': 'Steven King'}, {'store_id': 'STORE999', 'store_name': 'Troy Store', 'location': 'East Hudson', 'manager': 'Matthew Rodriguez'}]]
(Background on this error at: https://sqlalche.me/e/20/gkpj)",2025-08-22 14:42:38.977835
STORE506,Clinton Store,West Bristoltown,Sarah Martin,"Database insertion failed: (pymysql.err.IntegrityError) (1062, ""Duplicate entry 'STORE513' for key 'dimstore.store_id'"")
[SQL: INSERT INTO dimstore (store_id, store_name, location, manager) VALUES (%(store_id)s, %(store_name)s, %(location)s, %(manager)s)]
[parameters: [{'store_id': 'STORE513', 'store_name': 'Clinton Store', 'location': 'East Richmond', 'manager': 'Daniel Robinson'}, {'store_id': 'STORE514', 'store_name': 'Riverside Store', 'location': 'East Burlington', 'manager': 'James Smith'}, {'store_id': 'STORE515', 'store_name': 'Burlington Store', 'location': 'West Jacksontown', 'manager': 'Kimberly Roberts'}, {'store_id': 'STORE516', 'store_name': 'Clayton Store', 'location': 'East Fairview', 'manager': 'Betty Lewis'}, {'store_id': 'STORE517', 'store_name': 'Greenwood Store', 'location': 'East Salem', 'manager': 'Kevin Carter'}, {'store_id': 'STORE518', 'store_name': 'Dover Store', 'location': 'East Burlington', 'manager': 'Helen Walker'}, {'store_id': 'STORE519', 'store_name': 'Georgetown Store', 'location': 'East Franklin', 'manager': 'Christopher Garcia'}, {'store_id': 'STORE520', 'store_name': 'Burlington Store', 'location': 'East Waynetown', 'manager': 'Jennifer Garcia'}  ... displaying 10 of 380 total bound parameter sets ...  {'store_id': 'STORE998', 'store_name': 'Richmond Store', 'location': 'West Marion', 'manager': 'Steven King'}, {'store_id': 'STORE999', 'store_name': 'Troy Store', 'location': 'East Hudson', 'manager': 'Matthew Rodriguez'}]]
(Background on this error at: https://sqlalche.me/e/20/gkpj)",2025-08-22 14:42:38.977835
STORE507,Ashland Store,West Richmondtown,Daniel Robinson,"Database insertion failed: (pymysql.err.IntegrityError) (1062, ""Duplicate entry 'STORE513' for key 'dimstore.store_id'"")
[SQL: INSERT INTO dimstore (store_id, store_name, location, manager) VALUES (%(store_id)s, %(store_name)s, %(location)s, %(manager)s)]
[parameters: [{'store_id': 'STORE513', 'store_name': 'Clinton Store', 'location': 'East Richmond', 'manager': 'Daniel Robinson'}, {'store_id': 'STORE514', 'store_name': 'Riverside Store', 'location': 'East Burlington', 'manager': 'James Smith'}, {'store_id': 'STORE515', 'store_name': 'Burlington Store', 'location': 'West Jacksontown', 'manager': 'Kimberly Roberts'}, {'store_id': 'STORE516', 'store_name': 'Clayton Store', 'location': 'East Fairview', 'manager': 'Betty Lewis'}, {'store_id': 'STORE517', 'store_name': 'Greenwood Store', 'location': 'East Salem', 'manager': 'Kevin Carter'}, {'store_id': 'STORE518', 'store_name': 'Dover Store', 'location': 'East Burlington', 'manager': 'Helen Walker'}, {'store_id': 'STORE519', 'store_name': 'Georgetown Store', 'location': 'East Franklin', 'manager': 'Christopher Garcia'}, {'store_id': 'STORE520', 'store_name': 'Burlington Store', 'location': 'East Waynetown', 'manager': 'Jennifer Garcia'}  ... displaying 10 of 380 total bound parameter sets ...  {'store_id': 'STORE998', 'store_name': 'Richmond Store', 'location': 'West Marion', 'manager': 'Steven King'}, {'store_id': 'STORE999', 'store_name': 'Troy Store', 'location': 'East Hudson', 'manager': 'Matthew Rodriguez'}]]
(Background on this error at: https://sqlalche.me/e/20/gkpj)",2025-08-22 14:42:38.977835
STORE508,Washington Store,East Richmond,Anthony Lee,"Database insertion failed: (pymysql.err.IntegrityError) (1062, ""Duplicate entry 'STORE513' for key 'dimstore.store_id'"")
[SQL: INSERT INTO dimstore (store_id, store_name, location, manager) VALUES (%(store_id)s, %(store_name)s, %(location)s, %(manager)s)]
[parameters: [{'store_id': 'STORE513', 'store_name': 'Clinton Store', 'location': 'East Richmond', 'manager': 'Daniel Robinson'}, {'store_id': 'STORE514', 'store_name': 'Riverside Store', 'location': 'East Burlington', 'manager': 'James Smith'}, {'store_id': 'STORE515', 'store_name': 'Burlington Store', 'location': 'West Jacksontown', 'manager': 'Kimberly Roberts'}, {'store_id': 'STORE516', 'store_name': 'Clayton Store', 'location': 'East Fairview', 'manager': 'Betty Lewis'}, {'store_id': 'STORE517', 'store_name': 'Greenwood Store', 'location': 'East Salem', 'manager': 'Kevin Carter'}, {'store_id': 'STORE518', 'store_name': 'Dover Store', 'location': 'East Burlington', 'manager': 'Helen Walker'}, {'store_id': 'STORE519', 'store_name': 'Georgetown Store', 'location': 'East Franklin', 'manager': 'Christopher Garcia'}, {'store_id': 'STORE520', 'store_name': 'Burlington Store', 'location': 'East Waynetown', 'manager': 'Jennifer Garcia'}  ... displaying 10 of 380 total bound parameter sets ...  {'store_id': 'STORE998', 'store_name': 'Richmond Store', 'location': 'West Marion', 'manager': 'Steven King'}, {'store_id': 'STORE999', 'store_name': 'Troy Store', 'location': 'East Hudson', 'manager': 'Matthew Rodriguez'}]]
(Background on this error at: https://sqlalche.me/e/20/gkpj)",2025-08-22 14:42:38.977835
STORE509,Ashland Store,West Burlingtontown,Helen Walker,"Database insertion failed: (pymysql.err.IntegrityError) (1062, ""Duplicate entry 'STORE513' for key 'dimstore.store_id'"")
[SQL: INSERT INTO dimstore (store_id, store_name, location, manager) VALUES (%(store_id)s, %(store_name)s, %(location)s, %(manager)s)]
[parameters: [{'store_id': 'STORE513', 'store_name': 'Clinton Store', 'location': 'East Richmond', 'manager': 'Daniel Robinson'}, {'store_id': 'STORE514', 'store_name': 'Riverside Store', 'location': 'East Burlington', 'manager': 'James Smith'}, {'store_id': 'STORE515', 'store_name': 'Burlington Store', 'location': 'West Jacksontown', 'manager': 'Kimberly Roberts'}, {'store_id': 'STORE516', 'store_name': 'Clayton Store', 'location': 'East Fairview', 'manager': 'Betty Lewis'}, {'store_id': 'STORE517', 'store_name': 'Greenwood Store', 'location': 'East Salem', 'manager': 'Kevin Carter'}, {'store_id': 'STORE518', 'store_name': 'Dover Store', 'location': 'East Burlington', 'manager': 'Helen Walker'}, {'store_id': 'STORE519', 'store_name': 'Georgetown Store', 'location': 'East Franklin', 'manager': 'Christopher Garcia'}, {'store_id': 'STORE520', 'store_name': 'Burlington Store', 'location': 'East Waynetown', 'manager': 'Jennifer Garcia'}  ... displaying 10 of 380 total bound parameter sets ...  {'store_id': 'STORE998', 'store_name': 'Richmond Store', 'location': 'West Marion', 'manager': 'Steven King'}, {'store_id': 'STORE999', 'store_name': 'Troy Store', 'location': 'East Hudson', 'manager': 'Matthew Rodriguez'}]]
(Background on this error at: https://sqlalche.me/e/20/gkpj)",2025-08-22 14:42:38.977835
STORE800,Greenwood Store,East Auburn,Kimberly Roberts,"Database insertion failed: (pymysql.err.IntegrityError) (1062, ""Duplicate entry 'STORE513' for key 'dimstore.store_id'"")
[SQL: INSERT INTO dimstore (store_id, store_name, location, manager) VALUES (%(store_id)s, %(store_name)s, %(location)s, %(manager)s)]
[parameters: [{'store_id': 'STORE513', 'store_name': 'Clinton Store', 'location': 'East Richmond', 'manager': 'Daniel Robinson'}, {'store_id': 'STORE514', 'store_name': 'Riverside Store', 'location': 'East Burlington', 'manager': 'James Smith'}, {'store_id': 'STORE515', 'store_name': 'Burlington Store', 'location': 'West Jacksontown', 'manager': 'Kimberly Roberts'}, {'store_id': 'STORE516', 'store_name': 'Clayton Store', 'location': 'East Fairview', 'manager': 'Betty Lewis'}, {'store_id': 'STORE517', 'store_name': 'Greenwood Store', 'location': 'East Salem', 'manager': 'Kevin Carter'}, {'store_id': 'STORE518', 'store_name': 'Dover Store', 'location': 'East Burlington', 'manager': 'Helen Walker'}, {'store_id': 'STORE519', 'store_name': 'Georgetown Store', 'location': 'East Franklin', 'manager': 'Christopher Garcia'}, {'store_id': 'STORE520', 'store_name': 'Burlington Store', 'location': 'East Waynetown', 'manager': 'Jennifer Garcia'}  ... displaying 10 of 380 total bound parameter sets ...  {'store_id': 'STORE998', 'store_name': 'Richmond Store', 'location': 'West Marion', 'manager': 'Steven King'}, {'store_id': 'STORE999', 'store_name': 'Troy Store', 'location': 'East Hudson', 'manager': 'Matthew Rodriguez'}]]
(Background on this error at: https://sqlalche.me/e/20/gkpj)",2025-08-22 14:42:38.977835
STORE801,Fairview Store,West Washington,Mary Johnson,"Database insertion failed: (pymysql.err.IntegrityError) (1062, ""Duplicate entry 'STORE513' for key 'dimstore.store_id'"")
[SQL: INSERT INTO dimstore (store_id, store_name, location, manager) VALUES (%(store_id)s, %(store_name)s, %(location)s, %(manager)s)]
[parameters: [{'store_id': 'STORE513', 'store_name': 'Clinton Store', 'location': 'East Richmond', 'manager': 'Daniel Robinson'}, {'store_id': 'STORE514', 'store_name': 'Riverside Store', 'location': 'East Burlington', 'manager': 'James Smith'}, {'store_id': 'STORE515', 'store_name': 'Burlington Store', 'location': 'West Jacksontown', 'manager': 'Kimberly Roberts'}, {'store_id': 'STORE516', 'store_name': 'Clayton Store', 'location': 'East Fairview', 'manager': 'Betty Lewis'}, {'store_id': 'STORE517', 'store_name': 'Greenwood Store', 'location': 'East Salem', 'manager': 'Kevin Carter'}, {'store_id': 'STORE518', 'store_name': 'Dover Store', 'location': 'East Burlington', 'manager': 'Helen Walker'}, {'store_id': 'STORE519', 'store_name': 'Georgetown Store', 'location': 'East Franklin', 'manager': 'Christopher Garcia'}, {'store_id': 'STORE520', 'store_name': 'Burlington Store', 'location': 'East Waynetown', 'manager': 'Jennifer Garcia'}  ... displaying 10 of 380 total bound parameter sets ...  {'store_id': 'STORE998', 'store_name': 'Richmond Store', 'location': 'West Marion', 'manager': 'Steven King'}, {'store_id': 'STORE999', 'store_name': 'Troy Store', 'location': 'East Hudson', 'manager': 'Matthew Rodriguez'}]]
(Background on this error at: https://sqlalche.me/e/20/gkpj)",2025-08-22 14:42:38.977835
STORE802,Wayne Store,West Manchestertown,Michelle Baker,"Database insertion failed: (pymysql.err.IntegrityError) (1062, ""Duplicate entry 'STORE513' for key 'dimstore.store_id'"")
[SQL: INSERT INTO dimstore (store_id, store_name, location, manager) VALUES (%(store_id)s, %(store_name)s, %(location)s, %(manager)s)]
[parameters: [{'store_id': 'STORE513', 'store_name': 'Clinton Store', 'location': 'East Richmond', 'manager': 'Daniel Robinson'}, {'store_id': 'STORE514', 'store_name': 'Riverside Store', 'location': 'East Burlington', 'manager': 'James Smith'}, {'store_id': 'STORE515', 'store_name': 'Burlington Store', 'location': 'West Jacksontown', 'manager': 'Kimberly Roberts'}, {'store_id': 'STORE516', 'store_name': 'Clayton Store', 'location': 'East Fairview', 'manager': 'Betty Lewis'}, {'store_id': 'STORE517', 'store_name': 'Greenwood Store', 'location': 'East Salem', 'manager': 'Kevin Carter'}, {'store_id': 'STORE518', 'store_name': 'Dover Store', 'location': 'East Burlington', 'manager': 'Helen Walker'}, {'store_id': 'STORE519', 'store_name': 'Georgetown Store', 'location': 'East Franklin', 'manager': 'Christopher Garcia'}, {'store_id': 'STORE520', 'store_name': 'Burlington Store', 'location': 'East Waynetown', 'manager': 'Jennifer Garcia'}  ... displaying 10 of 380 total bound parameter sets ...  {'store_id': 'STORE998', 'store_name': 'Richmond Store', 'location': 'West Marion', 'manager': 'Steven King'}, {'store_id': 'STORE999', 'store_name': 'Troy Store', 'location': 'East Hudson', 'manager': 'Matthew Rodriguez'}]]
(Background on this error at: https://sqlalche.me/e/20/gkpj)",2025-08-22 14:42:38.977835
STORE803,Bristol Store,West Richmond,Mary Johnson,"Database insertion failed: (pymysql.err.IntegrityError) (1062, ""Duplicate entry 'STORE513' for key 'dimstore.store_id'"")
[SQL: INSERT INTO dimstore (store_id, store_name, location, manager) VALUES (%(store_id)s, %(store_name)s, %(location)s, %(manager)s)]
[parameters: [{'store_id': 'STORE513', 'store_name': 'Clinton Store', 'location': 'East Richmond', 'manager': 'Daniel Robinson'}, {'store_id': 'STORE514', 'store_name': 'Riverside Store', 'location': 'East Burlington', 'manager': 'James Smith'}, {'store_id': 'STORE515', 'store_name': 'Burlington Store', 'location': 'West Jacksontown', 'manager': 'Kimberly Roberts'}, {'store_id': 'STORE516', 'store_name': 'Clayton Store', 'location': 'East Fairview', 'manager': 'Betty Lewis'}, {'store_id': 'STORE517', 'store_name': 'Greenwood Store', 'location': 'East Salem', 'manager': 'Kevin Carter'}, {'store_id': 'STORE518', 'store_name': 'Dover Store', 'location': 'East Burlington', 'manager': 'Helen Walker'}, {'store_id': 'STORE519', 'store_name': 'Georgetown Store', 'location': 'East Franklin', 'manager': 'Christopher Garcia'}, {'store_id': 'STORE520', 'store_name': 'Burlington Store', 'location': 'East Waynetown', 'manager': 'Jennifer Garcia'}  ... displaying 10 of 380 total bound parameter sets ...  {'store_id': 'STORE998', 'store_name': 'Richmond Store', 'location': 'West Marion', 'manager': 'Steven King'}, {'store_id': 'STORE999', 'store_name': 'Troy Store', 'location': 'East Hudson', 'manager': 'Matthew Rodriguez'}]]
(Background on this error at: https://sqlalche.me/e/20/gkpj)",2025-08-22 14:42:38.977835
STORE804,Burlington Store,West Chestertown,Helen Walker,"Database insertion failed: (pymysql.err.IntegrityError) (1062, ""Duplicate entry 'STORE513' for key 'dimstore.store_id'"")
[SQL: INSERT INTO dimstore (store_id, store_name, location, manager) VALUES (%(store_id)s, %(store_name)s, %(location)s, %(manager)s)]
[parameters: [{'store_id': 'STORE513', 'store_name': 'Clinton Store', 'location': 'East Richmond', 'manager': 'Daniel Robinson'}, {'store_id': 'STORE514', 'store_name': 'Riverside Store', 'location': 'East Burlington', 'manager': 'James Smith'}, {'store_id': 'STORE515', 'store_name': 'Burlington Store', 'location': 'West Jacksontown', 'manager': 'Kimberly Roberts'}, {'store_id': 'STORE516', 'store_name': 'Clayton Store', 'location': 'East Fairview', 'manager': 'Betty Lewis'}, {'store_id': 'STORE517', 'store_name': 'Greenwood Store', 'location': 'East Salem', 'manager': 'Kevin Carter'}, {'store_id': 'STORE518', 'store_name': 'Dover Store', 'location': 'East Burlington', 'manager': 'Helen Walker'}, {'store_id': 'STORE519', 'store_name': 'Georgetown Store', 'location': 'East Franklin', 'manager': 'Christopher Garcia'}, {'store_id': 'STORE520', 'store_name': 'Burlington Store', 'location': 'East Waynetown', 'manager': 'Jennifer Garcia'}  ... displaying 10 of 380 total bound parameter sets ...  {'store_id': 'STORE998', 'store_name': 'Richmond Store', 'location': 'West Marion', 'manager': 'Steven King'}, {'store_id': 'STORE999', 'store_name': 'Troy Store', 'location': 'East Hudson', 'manager': 'Matthew Rodriguez'}]]
(Background on this error at: https://sqlalche.me/e/20/gkpj)",2025-08-22 14:42:38.977835
STORE805,Milton Store,West Jackson,Deborah Phillips,"Database insertion failed: (pymysql.err.IntegrityError) (1062, ""Duplicate entry 'STORE513' for key 'dimstore.store_id'"")
[SQL: INSERT INTO dimstore (store_id, store_name, location, manager) VALUES (%(store_id)s, %(store_name)s, %(location)s, %(manager)s)]
[parameters: [{'store_id': 'STORE513', 'store_name': 'Clinton Store', 'location': 'East Richmond', 'manager': 'Daniel Robinson'}, {'store_id': 'STORE514', 'store_name': 'Riverside Store', 'location': 'East Burlington', 'manager': 'James Smith'}, {'store_id': 'STORE515', 'store_name': 'Burlington Store', 'location': 'West Jacksontown', 'manager': 'Kimberly Roberts'}, {'store_id': 'STORE516', 'store_name': 'Clayton Store', 'location': 'East Fairview', 'manager': 'Betty Lewis'}, {'store_id': 'STORE517', 'store_name': 'Greenwood Store', 'location': 'East Salem', 'manager': 'Kevin Carter'}, {'store_id': 'STORE518', 'store_name': 'Dover Store', 'location': 'East Burlington', 'manager': 'Helen Walker'}, {'store_id': 'STORE519', 'store_name': 'Georgetown Store', 'location': 'East Franklin', 'manager': 'Christopher Garcia'}, {'store_id': 'STORE520', 'store_name': 'Burlington Store', 'location': 'East Waynetown', 'manager': 'Jennifer Garcia'}  ... displaying 10 of 380 total bound parameter sets ...  {'store_id': 'STORE998', 'store_name': 'Richmond Store', 'location': 'West Marion', 'manager': 'Steven King'}, {'store_id': 'STORE999', 'store_name': 'Troy Store', 'location': 'East Hudson', 'manager': 'Matthew Rodriguez'}]]
(Background on this error at: https://sqlalche.me/e/20/gkpj)",2025-08-22 14:42:38.977835
STORE806,Springfield Store,East Dovertown,Michael Miller,"Database insertion failed: (pymysql.err.IntegrityError) (1062, ""Duplicate entry 'STORE513' for key 'dimstore.store_id'"")
[SQL: INSERT INTO dimstore (store_id, store_name, location, manager) VALUES (%(store_id)s, %(store_name)s, %(location)s, %(manager)s)]
[parameters: [{'store_id': 'STORE513', 'store_name': 'Clinton Store', 'location': 'East Richmond', 'manager': 'Daniel Robinson'}, {'store_id': 'STORE514', 'store_name': 'Riverside Store', 'location': 'East Burlington', 'manager': 'James Smith'}, {'store_id': 'STORE515', 'store_name': 'Burlington Store', 'location': 'West Jacksontown', 'manager': 'Kimberly Roberts'}, {'store_id': 'STORE516', 'store_name': 'Clayton Store', 'location': 'East Fairview', 'manager': 'Betty Lewis'}, {'store_id': 'STORE517', 'store_name': 'Greenwood Store', 'location': 'East Salem', 'manager': 'Kevin Carter'}, {'store_id': 'STORE518', 'store_name': 'Dover Store', 'location': 'East Burlington', 'manager': 'Helen Walker'}, {'store_id': 'STORE519', 'store_name': 'Georgetown Store', 'location': 'East Franklin', 'manager': 'Christopher Garcia'}, {'store_id': 'STORE520', 'store_name': 'Burlington Store', 'location': 'East Waynetown', 'manager': 'Jennifer Garcia'}  ... displaying 10 of 380 total bound parameter sets ...  {'store_id': 'STORE998', 'store_name': 'Richmond Store', 'location': 'West Marion', 'manager': 'Steven King'}, {'store_id': 'STORE999', 'store_name': 'Troy Store', 'location': 'East Hudson', 'manager': 'Matthew Rodriguez'}]]
(Background on this error at: https://sqlalche.me/e/20/gkpj)",2025-08-22 14:42:38.977835
STORE807,Auburn Store,West Dovertown,Jessica White,"Database insertion failed: (pymysql.err.IntegrityError) (1062, ""Duplicate entry 'STORE513' for key 'dimstore.store_id'"")
[SQL: INSERT INTO dimstore (store_id, store_name, location, manager) VALUES (%(store_id)s, %(store_name)s, %(location)s, %(manager)s)]
[parameters: [{'store_id': 'STORE513', 'store_name': 'Clinton Store', 'location': 'East Richmond', 'manager': 'Daniel Robinson'}, {'store_id': 'STORE514', 'store_name': 'Riverside Store', 'location': 'East Burlington', 'manager': 'James Smith'}, {'store_id': 'STORE515', 'store_name': 'Burlington Store', 'location': 'West Jacksontown', 'manager': 'Kimberly Roberts'}, {'store_id': 'STORE516', 'store_name': 'Clayton Store', 'location': 'East Fairview', 'manager': 'Betty Lewis'}, {'store_id': 'STORE517', 'store_name': 'Greenwood Store', 'location': 'East Salem', 'manager': 'Kevin Carter'}, {'store_id': 'STORE518', 'store_name': 'Dover Store', 'location': 'East Burlington', 'manager': 'Helen Walker'}, {'store_id': 'STORE519', 'store_name': 'Georgetown Store', 'location': 'East Franklin', 'manager': 'Christopher Garcia'}, {'store_id': 'STORE520', 'store_name': 'Burlington Store', 'location': 'East Waynetown', 'manager': 'Jennifer Garcia'}  ... displaying 10 of 380 total bound parameter sets ...  {'store_id': 'STORE998', 'store_name': 'Richmond Store', 'location': 'West Marion', 'manager': 'Steven King'}, {'store_id': 'STORE999', 'store_name': 'Troy Store', 'location': 'East Hudson', 'manager': 'Matthew Rodriguez'}]]
(Background on this error at: https://sqlalche.me/e/20/gkpj)",2025-08-22 14:42:38.977835
STORE808,Springfield Store,East Jackson,Kimberly Roberts,"Database insertion failed: (pymysql.err.IntegrityError) (1062, ""Duplicate entry 'STORE513' for key 'dimstore.store_id'"")
[SQL: INSERT INTO dimstore (store_id, store_name, location, manager) VALUES (%(store_id)s, %(store_name)s, %(location)s, %(manager)s)]
[parameters: [{'store_id': 'STORE513', 'store_name': 'Clinton Store', 'location': 'East Richmond', 'manager': 'Daniel Robinson'}, {'store_id': 'STORE514', 'store_name': 'Riverside Store', 'location': 'East Burlington', 'manager': 'James Smith'}, {'store_id': 'STORE515', 'store_name': 'Burlington Store', 'location': 'West Jacksontown', 'manager': 'Kimberly Roberts'}, {'store_id': 'STORE516', 'store_name': 'Clayton Store', 'location': 'East Fairview', 'manager': 'Betty Lewis'}, {'store_id': 'STORE517', 'store_name': 'Greenwood Store', 'location': 'East Salem', 'manager': 'Kevin Carter'}, {'store_id': 'STORE518', 'store_name': 'Dover Store', 'location': 'East Burlington', 'manager': 'Helen Walker'}, {'store_id': 'STORE519', 'store_name': 'Georgetown Store', 'location': 'East Franklin', 'manager': 'Christopher Garcia'}, {'store_id': 'STORE520', 'store_name': 'Burlington Store', 'location': 'East Waynetown', 'manager': 'Jennifer Garcia'}  ... displaying 10 of 380 total bound parameter sets ...  {'store_id': 'STORE998', 'store_name': 'Richmond Store', 'location': 'West Marion', 'manager': 'Steven King'}, {'store_id': 'STORE999', 'store_name': 'Troy Store', 'location': 'East Hudson', 'manager': 'Matthew Rodriguez'}]]
(Background on this error at: https://sqlalche.me/e/20/gkpj)",2025-08-22 14:42:38.977835
STORE809,Salem Store,East Wayne,Ronald Evans,"Database insertion failed: (pymysql.err.IntegrityError) (1062, ""Duplicate entry 'STORE513' for key 'dimstore.store_id'"")
[SQL: INSERT INTO dimstore (store_id, store_name, location, manager) VALUES (%(store_id)s, %(store_name)s, %(location)s, %(manager)s)]
[parameters: [{'store_id': 'STORE513', 'store_name': 'Clinton Store', 'location': 'East Richmond', 'manager': 'Daniel Robinson'}, {'store_id': 'STORE514', 'store_name': 'Riverside Store', 'location': 'East Burlington', 'manager': 'James Smith'}, {'store_id': 'STORE515', 'store_name': 'Burlington Store', 'location': 'West Jacksontown', 'manager': 'Kimberly Roberts'}, {'store_id': 'STORE516', 'store_name': 'Clayton Store', 'location': 'East Fairview', 'manager': 'Betty Lewis'}, {'store_id': 'STORE517', 'store_name': 'Greenwood Store', 'location': 'East Salem', 'manager': 'Kevin Carter'}, {'store_id': 'STORE518', 'store_name': 'Dover Store', 'location': 'East Burlington', 'manager': 'Helen Walker'}, {'store_id': 'STORE519', 'store_name': 'Georgetown Store', 'location': 'East Franklin', 'manager': 'Christopher Garcia'}, {'store_id': 'STORE520', 'store_name': 'Burlington Store', 'location': 'East Waynetown', 'manager': 'Jennifer Garcia'}  ... displaying 10 of 380 total bound parameter sets ...  {'store_id': 'STORE998', 'store_name': 'Richmond Store', 'location': 'West Marion', 'manager': 'Steven King'}, {'store_id': 'STORE999', 'store_name': 'Troy Store', 'location': 'East Hudson', 'manager': 'Matthew Rodriguez'}]]
(Background on this error at: https://sqlalche.me/e/20/gkpj)",2025-08-22 14:42:38.977835
STORE810,Franklin Store,West Madison,James Smith,"Database insertion failed: (pymysql.err.IntegrityError) (1062, ""Duplicate entry 'STORE513' for key 'dimstore.store_id'"")
[SQL: INSERT INTO dimstore (store_id, store_name, location, manager) VALUES (%(store_id)s, %(store_name)s, %(location)s, %(manager)s)]
[parameters: [{'store_id': 'STORE513', 'store_name': 'Clinton Store', 'location': 'East Richmond', 'manager': 'Daniel Robinson'}, {'store_id': 'STORE514', 'store_name': 'Riverside Store', 'location': 'East Burlington', 'manager': 'James Smith'}, {'store_id': 'STORE515', 'store_name': 'Burlington Store', 'location': 'West Jacksontown', 'manager': 'Kimberly Roberts'}, {'store_id': 'STORE516', 'store_name': 'Clayton Store', 'location': 'East Fairview', 'manager': 'Betty Lewis'}, {'store_id': 'STORE517', 'store_name': 'Greenwood Store', 'location': 'East Salem', 'manager': 'Kevin Carter'}, {'store_id': 'STORE518', 'store_name': 'Dover Store', 'location': 'East Burlington', 'manager': 'Helen Walker'}, {'store_id': 'STORE519', 'store_name': 'Georgetown Store', 'location': 'East Franklin', 'manager': 'Christopher Garcia'}, {'store_id': 'STORE520', 'store_name': 'Burlington Store', 'location': 'East Waynetown', 'manager': 'Jennifer Garcia'}  ... displaying 10 of 380 total bound parameter sets ...  {'store_id': 'STORE998', 'store_name': 'Richmond Store', 'location': 'West Marion', 'manager': 'Steven King'}, {'store_id': 'STORE999', 'store_name': 'Troy Store', 'location': 'East Hudson', 'manager': 'Matthew Rodriguez'}]]
(Background on this error at: https://sqlalche.me/e/20/gkpj)",2025-08-22 14:42:38.977835
STORE811,Arlington Store,East Riversidetown,Carol Wright,"Database insertion failed: (pymysql.err.IntegrityError) (1062, ""Duplicate entry 'STORE513' for key 'dimstore.store_id'"")
[SQL: INSERT INTO dimstore (store_id, store_name, location, manager) VALUES (%(store_id)s, %(store_name)s, %(location)s, %(manager)s)]
[parameters: [{'store_id': 'STORE513', 'store_name': 'Clinton Store', 'location': 'East Richmond', 'manager': 'Daniel Robinson'}, {'store_id': 'STORE514', 'store_name': 'Riverside Store', 'location': 'East Burlington', 'manager': 'James Smith'}, {'store_id': 'STORE515', 'store_name': 'Burlington Store', 'location': 'West Jacksontown', 'manager': 'Kimberly Roberts'}, {'store_id': 'STORE516', 'store_name': 'Clayton Store', 'location': 'East Fairview', 'manager': 'Betty Lewis'}, {'store_id': 'STORE517', 'store_name': 'Greenwood Store', 'location': 'East Salem', 'manager': 'Kevin Carter'}, {'store_id': 'STORE518', 'store_name': 'Dover Store', 'location': 'East Burlington', 'manager': 'Helen Walker'}, {'store_id': 'STORE519', 'store_name': 'Georgetown Store', 'location': 'East Franklin', 'manager': 'Christopher Garcia'}, {'store_id': 'STORE520', 'store_name': 'Burlington Store', 'location': 'East Waynetown', 'manager': 'Jennifer Garcia'}  ... displaying 10 of 380 total bound parameter sets ...  {'store_id': 'STORE998', 'store_name': 'Richmond Store', 'location': 'West Marion', 'manager': 'Steven King'}, {'store_id': 'STORE999', 'store_name': 'Troy Store', 'location': 'East Hudson', 'manager': 'Matthew Rodriguez'}]]
(Background on this error at: https://sqlalche.me/e/20/gkpj)",2025-08-22 14:42:38.977835
STORE812,Auburn Store,East Madison,Sarah Martin,"Database insertion failed: (pymysql.err.IntegrityError) (1062, ""Duplicate entry 'STORE513' for key 'dimstore.store_id'"")
[SQL: INSERT INTO dimstore (store_id, store_name, location, manager) VALUES (%(store_id)s, %(store_name)s, %(location)s, %(manager)s)]
[parameters: [{'store_id': 'STORE513', 'store_name': 'Clinton Store', 'location': 'East Richmond', 'manager': 'Daniel Robinson'}, {'store_id': 'STORE514', 'store_name': 'Riverside Store', 'location': 'East Burlington', 'manager': 'James Smith'}, {'store_id': 'STORE515', 'store_name': 'Burlington Store', 'location': 'West Jacksontown', 'manager': 'Kimberly Roberts'}, {'store_id': 'STORE516', 'store_name': 'Clayton Store', 'location': 'East Fairview', 'manager': 'Betty Lewis'}, {'store_id': 'STORE517', 'store_name': 'Greenwood Store', 'location': 'East Salem', 'manager': 'Kevin Carter'}, {'store_id': 'STORE518', 'store_name': 'Dover Store', 'location': 'East Burlington', 'manager': 'Helen Walker'}, {'store_id': 'STORE519', 'store_name': 'Georgetown Store', 'location': 'East Franklin', 'manager': 'Christopher Garcia'}, {'store_id': 'STORE520', 'store_name': 'Burlington Store', 'location': 'East Waynetown', 'manager': 'Jennifer Garcia'}  ... displaying 10 of 380 total bound parameter sets ...  {'store_id': 'STORE998', 'store_name': 'Richmond Store', 'location': 'West Marion', 'manager': 'Steven King'}, {'store_id': 'STORE999', 'store_name': 'Troy Store', 'location': 'East Hudson', 'manager': 'Matthew Rodriguez'}]]
(Background on this error at: https://sqlalche.me/e/20/gkpj)",2025-08-22 14:42:38.977835
STORE813,Salem Store,East Newport,Anthony Lee,"Database insertion failed: (pymysql.err.IntegrityError) (1062, ""Duplicate entry 'STORE513' for key 'dimstore.store_id'"")
[SQL: INSERT INTO dimstore (store_id, store_name, location, manager) VALUES (%(store_id)s, %(store_name)s, %(location)s, %(manager)s)]
[parameters: [{'store_id': 'STORE513', 'store_name': 'Clinton Store', 'location': 'East Richmond', 'manager': 'Daniel Robinson'}, {'store_id': 'STORE514', 'store_name': 'Riverside Store', 'location': 'East Burlington', 'manager': 'James Smith'}, {'store_id': 'STORE515', 'store_name': 'Burlington Store', 'location': 'West Jacksontown', 'manager': 'Kimberly Roberts'}, {'store_id': 'STORE516', 'store_name': 'Clayton Store', 'location': 'East Fairview', 'manager': 'Betty Lewis'}, {'store_id': 'STORE517', 'store_name': 'Greenwood Store', 'location': 'East Salem', 'manager': 'Kevin Carter'}, {'store_id': 'STORE518', 'store_name': 'Dover Store', 'location': 'East Burlington', 'manager': 'Helen Walker'}, {'store_id': 'STORE519', 'store_name': 'Georgetown Store', 'location': 'East Franklin', 'manager': 'Christopher Garcia'}, {'store_id': 'STORE520', 'store_name': 'Burlington Store', 'location': 'East Waynetown', 'manager': 'Jennifer Garcia'}  ... displaying 10 of 380 total bound parameter sets ...  {'store_id': 'STORE998', 'store_name': 'Richmond Store', 'location': 'West Marion', 'manager': 'Steven King'}, {'store_id': 'STORE999', 'store_name': 'Troy Store', 'location': 'East Hudson', 'manager': 'Matthew Rodriguez'}]]
(Background on this error at: https://sqlalche.me/e/20/gkpj)",2025-08-22 14:42:38.977835
STORE814,Salem Store,East Burlington,Laura Nelson,"Database insertion failed: (pymysql.err.IntegrityError) (1062, ""Duplicate entry 'STORE513' for key 'dimstore.store_id'"")
[SQL: INSERT INTO dimstore (store_id, store_name, location, manager) VALUES (%(store_id)s, %(store_name)s, %(location)s, %(manager)s)]
[parameters: [{'store_id': 'STORE513', 'store_name': 'Clinton Store', 'location': 'East Richmond', 'manager': 'Daniel Robinson'}, {'store_id': 'STORE514', 'store_name': 'Riverside Store', 'location': 'East Burlington', 'manager': 'James Smith'}, {'store_id': 'STORE515', 'store_name': 'Burlington Store', 'location': 'West Jacksontown', 'manager': 'Kimberly Roberts'}, {'store_id': 'STORE516', 'store_name': 'Clayton Store', 'location': 'East Fairview', 'manager': 'Betty Lewis'}, {'store_id': 'STORE517', 'store_name': 'Greenwood Store', 'location': 'East Salem', 'manager': 'Kevin Carter'}, {'store_id': 'STORE518', 'store_name': 'Dover Store', 'location': 'East Burlington', 'manager': 'Helen Walker'}, {'store_id': 'STORE519', 'store_name': 'Georgetown Store', 'location': 'East Franklin', 'manager': 'Christopher Garcia'}, {'store_id': 'STORE520', 'store_name': 'Burlington Store', 'location': 'East Waynetown', 'manager': 'Jennifer Garcia'}  ... displaying 10 of 380 total bound parameter sets ...  {'store_id': 'STORE998', 'store_name': 'Richmond Store', 'location': 'West Marion', 'manager': 'Steven King'}, {'store_id': 'STORE999', 'store_name': 'Troy Store', 'location': 'East Hudson', 'manager': 'Matthew Rodriguez'}]]
(Background on this error at: https://sqlalche.me/e/20/gkpj)",2025-08-22 14:42:38.977835
STORE815,Newport Store,East Ashland,Christopher Garcia,"Database insertion failed: (pymysql.err.IntegrityError) (1062, ""Duplicate entry 'STORE513' for key 'dimstore.store_id'"")
[SQL: INSERT INTO dimstore (store_id, store_name, location, manager) VALUES (%(store_id)s, %(store_name)s, %(location)s, %(manager)s)]
[parameters: [{'store_id': 'STORE513', 'store_name': 'Clinton Store', 'location': 'East Richmond', 'manager': 'Daniel Robinson'}, {'store_id': 'STORE514', 'store_name': 'Riverside Store', 'location': 'East Burlington', 'manager': 'James Smith'}, {'store_id': 'STORE515', 'store_name': 'Burlington Store', 'location': 'West Jacksontown', 'manager': 'Kimberly Roberts'}, {'store_id': 'STORE516', 'store_name': 'Clayton Store', 'location': 'East Fairview', 'manager': 'Betty Lewis'}, {'store_id': 'STORE517', 'store_name': 'Greenwood Store', 'location': 'East Salem', 'manager': 'Kevin Carter'}, {'store_id': 'STORE518', 'store_name': 'Dover Store', 'location': 'East Burlington', 'manager': 'Helen Walker'}, {'store_id': 'STORE519', 'store_name': 'Georgetown Store', 'location': 'East Franklin', 'manager': 'Christopher Garcia'}, {'store_id': 'STORE520', 'store_name': 'Burlington Store', 'location': 'East Waynetown', 'manager': 'Jennifer Garcia'}  ... displaying 10 of 380 total bound parameter sets ...  {'store_id': 'STORE998', 'store_name': 'Richmond Store', 'location': 'West Marion', 'manager': 'Steven King'}, {'store_id': 'STORE999', 'store_name': 'Troy Store', 'location': 'East Hudson', 'manager': 'Matthew Rodriguez'}]]
(Background on this error at: https://sqlalche.me/e/20/gkpj)",2025-08-22 14:42:38.977835
STORE816,Milton Store,West Claytontown,Steven King,"Database insertion failed: (pymysql.err.IntegrityError) (1062, ""Duplicate entry 'STORE513' for key 'dimstore.store_id'"")
[SQL: INSERT INTO dimstore (store_id, store_name, location, manager) VALUES (%(store_id)s, %(store_name)s, %(location)s, %(manager)s)]
[parameters: [{'store_id': 'STORE513', 'store_name': 'Clinton Store', 'location': 'East Richmond', 'manager': 'Daniel Robinson'}, {'store_id': 'STORE514', 'store_name': 'Riverside Store', 'location': 'East Burlington', 'manager': 'James Smith'}, {'store_id': 'STORE515', 'store_name': 'Burlington Store', 'location': 'West Jacksontown', 'manager': 'Kimberly Roberts'}, {'store_id': 'STORE516', 'store_name': 'Clayton Store', 'location': 'East Fairview', 'manager': 'Betty Lewis'}, {'store_id': 'STORE517', 'store_name': 'Greenwood Store', 'location': 'East Salem', 'manager': 'Kevin Carter'}, {'store_id': 'STORE518', 'store_name': 'Dover Store', 'location': 'East Burlington', 'manager': 'Helen Walker'}, {'store_id': 'STORE519', 'store_name': 'Georgetown Store', 'location': 'East Franklin', 'manager': 'Christopher Garcia'}, {'store_id': 'STORE520', 'store_name': 'Burlington Store', 'location': 'East Waynetown', 'manager': 'Jennifer Garcia'}  ... displaying 10 of 380 total bound parameter sets ...  {'store_id': 'STORE998', 'store_name': 'Richmond Store', 'location': 'West Marion', 'manager': 'Steven King'}, {'store_id': 'STORE999', 'store_name': 'Troy Store', 'location': 'East Hudson', 'manager': 'Matthew Rodriguez'}]]
(Background on this error at: https://sqlalche.me/e/20/gkpj)",2025-08-22 14:42:38.977835
STORE817,Lancaster Store,West Washington,Lisa Clark,"Database insertion failed: (pymysql.err.IntegrityError) (1062, ""Duplicate entry 'STORE513' for key 'dimstore.store_id'"")
[SQL: INSERT INTO dimstore (store_id, store_name, location, manager) VALUES (%(store_id)s, %(store_name)s, %(location)s, %(manager)s)]
[parameters: [{'store_id': 'STORE513', 'store_name': 'Clinton Store', 'location': 'East Richmond', 'manager': 'Daniel Robinson'}, {'store_id': 'STORE514', 'store_name': 'Riverside Store', 'location': 'East Burlington', 'manager': 'James Smith'}, {'store_id': 'STORE515', 'store_name': 'Burlington Store', 'location': 'West Jacksontown', 'manager': 'Kimberly Roberts'}, {'store_id': 'STORE516', 'store_name': 'Clayton Store', 'location': 'East Fairview', 'manager': 'Betty Lewis'}, {'store_id': 'STORE517', 'store_name': 'Greenwood Store', 'location': 'East Salem', 'manager': 'Kevin Carter'}, {'store_id': 'STORE518', 'store_name': 'Dover Store', 'location': 'East Burlington', 'manager': 'Helen Walker'}, {'store_id': 'STORE519', 'store_name': 'Georgetown Store', 'location': 'East Franklin', 'manager': 'Christopher Garcia'}, {'store_id': 'STORE520', 'store_name': 'Burlington Store', 'location': 'East Waynetown', 'manager': 'Jennifer Garcia'}  ... displaying 10 of 380 total bound parameter sets ...  {'store_id': 'STORE998', 'store_name': 'Richmond Store', 'location': 'West Marion', 'manager': 'Steven King'}, {'store_id': 'STORE999', 'store_name': 'Troy Store', 'location': 'East Hudson', 'manager': 'Matthew Rodriguez'}]]
(Background on this error at: https://sqlalche.me/e/20/gkpj)",2025-08-22 14:42:38.977835
STORE818,Milton Store,East Dover,Kimberly Roberts,"Database insertion failed: (pymysql.err.IntegrityError) (1062, ""Duplicate entry 'STORE513' for key 'dimstore.store_id'"")
[SQL: INSERT INTO dimstore (store_id, store_name, location, manager) VALUES (%(store_id)s, %(store_name)s, %(location)s, %(manager)s)]
[parameters: [{'store_id': 'STORE513', 'store_name': 'Clinton Store', 'location': 'East Richmond', 'manager': 'Daniel Robinson'}, {'store_id': 'STORE514', 'store_name': 'Riverside Store', 'location': 'East Burlington', 'manager': 'James Smith'}, {'store_id': 'STORE515', 'store_name': 'Burlington Store', 'location': 'West Jacksontown', 'manager': 'Kimberly Roberts'}, {'store_id': 'STORE516', 'store_name': 'Clayton Store', 'location': 'East Fairview', 'manager': 'Betty Lewis'}, {'store_id': 'STORE517', 'store_name': 'Greenwood Store', 'location': 'East Salem', 'manager': 'Kevin Carter'}, {'store_id': 'STORE518', 'store_name': 'Dover Store', 'location': 'East Burlington', 'manager': 'Helen Walker'}, {'store_id': 'STORE519', 'store_name': 'Georgetown Store', 'location': 'East Franklin', 'manager': 'Christopher Garcia'}, {'store_id': 'STORE520', 'store_name': 'Burlington Store', 'location': 'East Waynetown', 'manager': 'Jennifer Garcia'}  ... displaying 10 of 380 total bound parameter sets ...  {'store_id': 'STORE998', 'store_name': 'Richmond Store', 'location': 'West Marion', 'manager': 'Steven King'}, {'store_id': 'STORE999', 'store_name': 'Troy Store', 'location': 'East Hudson', 'manager': 'Matthew Rodriguez'}]]
(Background on this error at: https://sqlalche.me/e/20/gkpj)",2025-08-22 14:42:38.977835
STORE819,Franklin Store,West Mariontown,Patricia Brown,"Database insertion failed: (pymysql.err.IntegrityError) (1062, ""Duplicate entry 'STORE513' for key 'dimstore.store_id'"")
[SQL: INSERT INTO dimstore (store_id, store_name, location, manager) VALUES (%(store_id)s, %(store_name)s, %(location)s, %(manager)s)]
[parameters: [{'store_id': 'STORE513', 'store_name': 'Clinton Store', 'location': 'East Richmond', 'manager': 'Daniel Robinson'}, {'store_id': 'STORE514', 'store_name': 'Riverside Store', 'location': 'East Burlington', 'manager': 'James Smith'}, {'store_id': 'STORE515', 'store_name': 'Burlington Store', 'location': 'West Jacksontown', 'manager': 'Kimberly Roberts'}, {'store_id': 'STORE516', 'store_name': 'Clayton Store', 'location': 'East Fairview', 'manager': 'Betty Lewis'}, {'store_id': 'STORE517', 'store_name': 'Greenwood Store', 'location': 'East Salem', 'manager': 'Kevin Carter'}, {'store_id': 'STORE518', 'store_name': 'Dover Store', 'location': 'East Burlington', 'manager': 'Helen Walker'}, {'store_id': 'STORE519', 'store_name': 'Georgetown Store', 'location': 'East Franklin', 'manager': 'Christopher Garcia'}, {'store_id': 'STORE520', 'store_name': 'Burlington Store', 'location': 'East Waynetown', 'manager': 'Jennifer Garcia'}  ... displaying 10 of 380 total bound parameter sets ...  {'store_id': 'STORE998', 'store_name': 'Richmond Store', 'location': 'West Marion', 'manager': 'Steven King'}, {'store_id': 'STORE999', 'store_name': 'Troy Store', 'location': 'East Hudson', 'manager': 'Matthew Rodriguez'}]]
(Background on this error at: https://sqlalche.me/e/20/gkpj)",2025-08-22 14:42:38.977835
STORE820,Chester Store,East Miltontown,Elizabeth Martinez,"Database insertion failed: (pymysql.err.IntegrityError) (1062, ""Duplicate entry 'STORE513' for key 'dimstore.store_id'"")
[SQL: INSERT INTO dimstore (store_id, store_name, location, manager) VALUES (%(store_id)s, %(store_name)s, %(location)s, %(manager)s)]
[parameters: [{'store_id': 'STORE513', 'store_name': 'Clinton Store', 'location': 'East Richmond', 'manager': 'Daniel Robinson'}, {'store_id': 'STORE514', 'store_name': 'Riverside Store', 'location': 'East Burlington', 'manager': 'James Smith'}, {'store_id': 'STORE515', 'store_name': 'Burlington Store', 'location': 'West Jacksontown', 'manager': 'Kimberly Roberts'}, {'store_id': 'STORE516', 'store_name': 'Clayton Store', 'location': 'East Fairview', 'manager': 'Betty Lewis'}, {'store_id': 'STORE517', 'store_name': 'Greenwood Store', 'location': 'East Salem', 'manager': 'Kevin Carter'}, {'store_id': 'STORE518', 'store_name': 'Dover Store', 'location': 'East Burlington', 'manager': 'Helen Walker'}, {'store_id': 'STORE519', 'store_name': 'Georgetown Store', 'location': 'East Franklin', 'manager': 'Christopher Garcia'}, {'store_id': 'STORE520', 'store_name': 'Burlington Store', 'location': 'East Waynetown', 'manager': 'Jennifer Garcia'}  ... displaying 10 of 380 total bound parameter sets ...  {'store_id': 'STORE998', 'store_name': 'Richmond Store', 'location': 'West Marion', 'manager': 'Steven King'}, {'store_id': 'STORE999', 'store_name': 'Troy Store', 'location': 'East Hudson', 'manager': 'Matthew Rodriguez'}]]
(Background on this error at: https://sqlalche.me/e/20/gkpj)",2025-08-22 14:42:38.977835
STORE821,Greenwood Store,East Burlington,Patricia Brown,"Database insertion failed: (pymysql.err.IntegrityError) (1062, ""Duplicate entry 'STORE513' for key 'dimstore.store_id'"")
[SQL: INSERT INTO dimstore (store_id, store_name, location, manager) VALUES (%(store_id)s, %(store_name)s, %(location)s, %(manager)s)]
[parameters: [{'store_id': 'STORE513', 'store_name': 'Clinton Store', 'location': 'East Richmond', 'manager': 'Daniel Robinson'}, {'store_id': 'STORE514', 'store_name': 'Riverside Store', 'location': 'East Burlington', 'manager': 'James Smith'}, {'store_id': 'STORE515', 'store_name': 'Burlington Store', 'location': 'West Jacksontown', 'manager': 'Kimberly Roberts'}, {'store_id': 'STORE516', 'store_name': 'Clayton Store', 'location': 'East Fairview', 'manager': 'Betty Lewis'}, {'store_id': 'STORE517', 'store_name': 'Greenwood Store', 'location': 'East Salem', 'manager': 'Kevin Carter'}, {'store_id': 'STORE518', 'store_name': 'Dover Store', 'location': 'East Burlington', 'manager': 'Helen Walker'}, {'store_id': 'STORE519', 'store_name': 'Georgetown Store', 'location': 'East Franklin', 'manager': 'Christopher Garcia'}, {'store_id': 'STORE520', 'store_name': 'Burlington Store', 'location': 'East Waynetown', 'manager': 'Jennifer Garcia'}  ... displaying 10 of 380 total bound parameter sets ...  {'store_id': 'STORE998', 'store_name': 'Richmond Store', 'location': 'West Marion', 'manager': 'Steven King'}, {'store_id': 'STORE999', 'store_name': 'Troy Store', 'location': 'East Hudson', 'manager': 'Matthew Rodriguez'}]]
(Background on this error at: https://sqlalche.me/e/20/gkpj)",2025-08-22 14:42:38.977835
STORE822,Hudson Store,East Madison,Betty Lewis,"Database insertion failed: (pymysql.err.IntegrityError) (1062, ""Duplicate entry 'STORE513' for key 'dimstore.store_id'"")
[SQL: INSERT INTO dimstore (store_id, store_name, location, manager) VALUES (%(store_id)s, %(store_name)s, %(location)s, %(manager)s)]
[parameters: [{'store_id': 'STORE513', 'store_name': 'Clinton Store', 'location': 'East Richmond', 'manager': 'Daniel Robinson'}, {'store_id': 'STORE514', 'store_name': 'Riverside Store', 'location': 'East Burlington', 'manager': 'James Smith'}, {'store_id': 'STORE515', 'store_name': 'Burlington Store', 'location': 'West Jacksontown', 'manager': 'Kimberly Roberts'}, {'store_id': 'STORE516', 'store_name': 'Clayton Store', 'location': 'East Fairview', 'manager': 'Betty Lewis'}, {'store_id': 'STORE517', 'store_name': 'Greenwood Store', 'location': 'East Salem', 'manager': 'Kevin Carter'}, {'store_id': 'STORE518', 'store_name': 'Dover Store', 'location': 'East Burlington', 'manager': 'Helen Walker'}, {'store_id': 'STORE519', 'store_name': 'Georgetown Store', 'location': 'East Franklin', 'manager': 'Christopher Garcia'}, {'store_id': 'STORE520', 'store_name': 'Burlington Store', 'location': 'East Waynetown', 'manager': 'Jennifer Garcia'}  ... displaying 10 of 380 total bound parameter sets ...  {'store_id': 'STORE998', 'store_name': 'Richmond Store', 'location': 'West Marion', 'manager': 'Steven King'}, {'store_id': 'STORE999', 'store_name': 'Troy Store', 'location': 'East Hudson', 'manager': 'Matthew Rodriguez'}]]
(Background on this error at: https://sqlalche.me/e/20/gkpj)",2025-08-22 14:42:38.977835
STORE823,Madison Store,East Milton,Nancy Martinez,"Database insertion failed: (pymysql.err.IntegrityError) (1062, ""Duplicate entry 'STORE513' for key 'dimstore.store_id'"")
[SQL: INSERT INTO dimstore (store_id, store_name, location, manager) VALUES (%(store_id)s, %(store_name)s, %(location)s, %(manager)s)]
[parameters: [{'store_id': 'STORE513', 'store_name': 'Clinton Store', 'location': 'East Richmond', 'manager': 'Daniel Robinson'}, {'store_id': 'STORE514', 'store_name': 'Riverside Store', 'location': 'East Burlington', 'manager': 'James Smith'}, {'store_id': 'STORE515', 'store_name': 'Burlington Store', 'location': 'West Jacksontown', 'manager': 'Kimberly Roberts'}, {'store_id': 'STORE516', 'store_name': 'Clayton Store', 'location': 'East Fairview', 'manager': 'Betty Lewis'}, {'store_id': 'STORE517', 'store_name': 'Greenwood Store', 'location': 'East Salem', 'manager': 'Kevin Carter'}, {'store_id': 'STORE518', 'store_name': 'Dover Store', 'location': 'East Burlington', 'manager': 'Helen Walker'}, {'store_id': 'STORE519', 'store_name': 'Georgetown Store', 'location': 'East Franklin', 'manager': 'Christopher Garcia'}, {'store_id': 'STORE520', 'store_name': 'Burlington Store', 'location': 'East Waynetown', 'manager': 'Jennifer Garcia'}  ... displaying 10 of 380 total bound parameter sets ...  {'store_id': 'STORE998', 'store_name': 'Richmond Store', 'location': 'West Marion', 'manager': 'Steven King'}, {'store_id': 'STORE999', 'store_name': 'Troy Store', 'location': 'East Hudson', 'manager': 'Matthew Rodriguez'}]]
(Background on this error at: https://sqlalche.me/e/20/gkpj)",2025-08-22 14:42:38.977835
STORE824,Riverside Store,East Greenwoodtown,Emily Mitchell,"Database insertion failed: (pymysql.err.IntegrityError) (1062, ""Duplicate entry 'STORE513' for key 'dimstore.store_id'"")
[SQL: INSERT INTO dimstore (store_id, store_name, location, manager) VALUES (%(store_id)s, %(store_name)s, %(location)s, %(manager)s)]
[parameters: [{'store_id': 'STORE513', 'store_name': 'Clinton Store', 'location': 'East Richmond', 'manager': 'Daniel Robinson'}, {'store_id': 'STORE514', 'store_name': 'Riverside Store', 'location': 'East Burlington', 'manager': 'James Smith'}, {'store_id': 'STORE515', 'store_name': 'Burlington Store', 'location': 'West Jacksontown', 'manager': 'Kimberly Roberts'}, {'store_id': 'STORE516', 'store_name': 'Clayton Store', 'location': 'East Fairview', 'manager': 'Betty Lewis'}, {'store_id': 'STORE517', 'store_name': 'Greenwood Store', 'location': 'East Salem', 'manager': 'Kevin Carter'}, {'store_id': 'STORE518', 'store_name': 'Dover Store', 'location': 'East Burlington', 'manager': 'Helen Walker'}, {'store_id': 'STORE519', 'store_name': 'Georgetown Store', 'location': 'East Franklin', 'manager': 'Christopher Garcia'}, {'store_id': 'STORE520', 'store_name': 'Burlington Store', 'location': 'East Waynetown', 'manager': 'Jennifer Garcia'}  ... displaying 10 of 380 total bound parameter sets ...  {'store_id': 'STORE998', 'store_name': 'Richmond Store', 'location': 'West Marion', 'manager': 'Steven King'}, {'store_id': 'STORE999', 'store_name': 'Troy Store', 'location': 'East Hudson', 'manager': 'Matthew Rodriguez'}]]
(Background on this error at: https://sqlalche.me/e/20/gkpj)",2025-08-22 14:42:38.977835
STORE825,Manchester Store,East Newporttown,Michelle Baker,"Database insertion failed: (pymysql.err.IntegrityError) (1062, ""Duplicate entry 'STORE513' for key 'dimstore.store_id'"")
[SQL: INSERT INTO dimstore (store_id, store_name, location, manager) VALUES (%(store_id)s, %(store_name)s, %(location)s, %(manager)s)]
[parameters: [{'store_id': 'STORE513', 'store_name': 'Clinton Store', 'location': 'East Richmond', 'manager': 'Daniel Robinson'}, {'store_id': 'STORE514', 'store_name': 'Riverside Store', 'location': 'East Burlington', 'manager': 'James Smith'}, {'store_id': 'STORE515', 'store_name': 'Burlington Store', 'location': 'West Jacksontown', 'manager': 'Kimberly Roberts'}, {'store_id': 'STORE516', 'store_name': 'Clayton Store', 'location': 'East Fairview', 'manager': 'Betty Lewis'}, {'store_id': 'STORE517', 'store_name': 'Greenwood Store', 'location': 'East Salem', 'manager': 'Kevin Carter'}, {'store_id': 'STORE518', 'store_name': 'Dover Store', 'location': 'East Burlington', 'manager': 'Helen Walker'}, {'store_id': 'STORE519', 'store_name': 'Georgetown Store', 'location': 'East Franklin', 'manager': 'Christopher Garcia'}, {'store_id': 'STORE520', 'store_name': 'Burlington Store', 'location': 'East Waynetown', 'manager': 'Jennifer Garcia'}  ... displaying 10 of 380 total bound parameter sets ...  {'store_id': 'STORE998', 'store_name': 'Richmond Store', 'location': 'West Marion', 'manager': 'Steven King'}, {'store_id': 'STORE999', 'store_name': 'Troy Store', 'location': 'East Hudson', 'manager': 'Matthew Rodriguez'}]]
(Background on this error at: https://sqlalche.me/e/20/gkpj)",2025-08-22 14:42:38.977835
STORE826,Bristol Store,West Newport,Richard Taylor,"Database insertion failed: (pymysql.err.IntegrityError) (1062, ""Duplicate entry 'STORE513' for key 'dimstore.store_id'"")
[SQL: INSERT INTO dimstore (store_id, store_name, location, manager) VALUES (%(store_id)s, %(store_name)s, %(location)s, %(manager)s)]
[parameters: [{'store_id': 'STORE513', 'store_name': 'Clinton Store', 'location': 'East Richmond', 'manager': 'Daniel Robinson'}, {'store_id': 'STORE514', 'store_name': 'Riverside Store', 'location': 'East Burlington', 'manager': 'James Smith'}, {'store_id': 'STORE515', 'store_name': 'Burlington Store', 'location': 'West Jacksontown', 'manager': 'Kimberly Roberts'}, {'store_id': 'STORE516', 'store_name': 'Clayton Store', 'location': 'East Fairview', 'manager': 'Betty Lewis'}, {'store_id': 'STORE517', 'store_name': 'Greenwood Store', 'location': 'East Salem', 'manager': 'Kevin Carter'}, {'store_id': 'STORE518', 'store_name': 'Dover Store', 'location': 'East Burlington', 'manager': 'Helen Walker'}, {'store_id': 'STORE519', 'store_name': 'Georgetown Store', 'location': 'East Franklin', 'manager': 'Christopher Garcia'}, {'store_id': 'STORE520', 'store_name': 'Burlington Store', 'location': 'East Waynetown', 'manager': 'Jennifer Garcia'}  ... displaying 10 of 380 total bound parameter sets ...  {'store_id': 'STORE998', 'store_name': 'Richmond Store', 'location': 'West Marion', 'manager': 'Steven King'}, {'store_id': 'STORE999', 'store_name': 'Troy Store', 'location': 'East Hudson', 'manager': 'Matthew Rodriguez'}]]
(Background on this error at: https://sqlalche.me/e/20/gkpj)",2025-08-22 14:42:38.977835
STORE827,Springfield Store,West Ashland,Donald Young,"Database insertion failed: (pymysql.err.IntegrityError) (1062, ""Duplicate entry 'STORE513' for key 'dimstore.store_id'"")
[SQL: INSERT INTO dimstore (store_id, store_name, location, manager) VALUES (%(store_id)s, %(store_name)s, %(location)s, %(manager)s)]
[parameters: [{'store_id': 'STORE513', 'store_name': 'Clinton Store', 'location': 'East Richmond', 'manager': 'Daniel Robinson'}, {'store_id': 'STORE514', 'store_name': 'Riverside Store', 'location': 'East Burlington', 'manager': 'James Smith'}, {'store_id': 'STORE515', 'store_name': 'Burlington Store', 'location': 'West Jacksontown', 'manager': 'Kimberly Roberts'}, {'store_id': 'STORE516', 'store_name': 'Clayton Store', 'location': 'East Fairview', 'manager': 'Betty Lewis'}, {'store_id': 'STORE517', 'store_name': 'Greenwood Store', 'location': 'East Salem', 'manager': 'Kevin Carter'}, {'store_id': 'STORE518', 'store_name': 'Dover Store', 'location': 'East Burlington', 'manager': 'Helen Walker'}, {'store_id': 'STORE519', 'store_name': 'Georgetown Store', 'location': 'East Franklin', 'manager': 'Christopher Garcia'}, {'store_id': 'STORE520', 'store_name': 'Burlington Store', 'location': 'East Waynetown', 'manager': 'Jennifer Garcia'}  ... displaying 10 of 380 total bound parameter sets ...  {'store_id': 'STORE998', 'store_name': 'Richmond Store', 'location': 'West Marion', 'manager': 'Steven King'}, {'store_id': 'STORE999', 'store_name': 'Troy Store', 'location': 'East Hudson', 'manager': 'Matthew Rodriguez'}]]
(Background on this error at: https://sqlalche.me/e/20/gkpj)",2025-08-22 14:42:38.977835
STORE828,Bristol Store,West Greenwood,Paul Lopez,"Database insertion failed: (pymysql.err.IntegrityError) (1062, ""Duplicate entry 'STORE513' for key 'dimstore.store_id'"")
[SQL: INSERT INTO dimstore (store_id, store_name, location, manager) VALUES (%(store_id)s, %(store_name)s, %(location)s, %(manager)s)]
[parameters: [{'store_id': 'STORE513', 'store_name': 'Clinton Store', 'location': 'East Richmond', 'manager': 'Daniel Robinson'}, {'store_id': 'STORE514', 'store_name': 'Riverside Store', 'location': 'East Burlington', 'manager': 'James Smith'}, {'store_id': 'STORE515', 'store_name': 'Burlington Store', 'location': 'West Jacksontown', 'manager': 'Kimberly Roberts'}, {'store_id': 'STORE516', 'store_name': 'Clayton Store', 'location': 'East Fairview', 'manager': 'Betty Lewis'}, {'store_id': 'STORE517', 'store_name': 'Greenwood Store', 'location': 'East Salem', 'manager': 'Kevin Carter'}, {'store_id': 'STORE518', 'store_name': 'Dover Store', 'location': 'East Burlington', 'manager': 'Helen Walker'}, {'store_id': 'STORE519', 'store_name': 'Georgetown Store', 'location': 'East Franklin', 'manager': 'Christopher Garcia'}, {'store_id': 'STORE520', 'store_name': 'Burlington Store', 'location': 'East Waynetown', 'manager': 'Jennifer Garcia'}  ... displaying 10 of 380 total bound parameter sets ...  {'store_id': 'STORE998', 'store_name': 'Richmond Store', 'location': 'West Marion', 'manager': 'Steven King'}, {'store_id': 'STORE999', 'store_name': 'Troy Store', 'location': 'East Hudson', 'manager': 'Matthew Rodriguez'}]]
(Background on this error at: https://sqlalche.me/e/20/gkpj)",2025-08-22 14:42:38.977835
STORE829,Auburn Store,East Lancastertown,Edward Campbell,"Database insertion failed: (pymysql.err.IntegrityError) (1062, ""Duplicate entry 'STORE513' for key 'dimstore.store_id'"")
[SQL: INSERT INTO dimstore (store_id, store_name, location, manager) VALUES (%(store_id)s, %(store_name)s, %(location)s, %(manager)s)]
[parameters: [{'store_id': 'STORE513', 'store_name': 'Clinton Store', 'location': 'East Richmond', 'manager': 'Daniel Robinson'}, {'store_id': 'STORE514', 'store_name': 'Riverside Store', 'location': 'East Burlington', 'manager': 'James Smith'}, {'store_id': 'STORE515', 'store_name': 'Burlington Store', 'location': 'West Jacksontown', 'manager': 'Kimberly Roberts'}, {'store_id': 'STORE516', 'store_name': 'Clayton Store', 'location': 'East Fairview', 'manager': 'Betty Lewis'}, {'store_id': 'STORE517', 'store_name': 'Greenwood Store', 'location': 'East Salem', 'manager': 'Kevin Carter'}, {'store_id': 'STORE518', 'store_name': 'Dover Store', 'location': 'East Burlington', 'manager': 'Helen Walker'}, {'store_id': 'STORE519', 'store_name': 'Georgetown Store', 'location': 'East Franklin', 'manager': 'Christopher Garcia'}, {'store_id': 'STORE520', 'store_name': 'Burlington Store', 'location': 'East Waynetown', 'manager': 'Jennifer Garcia'}  ... displaying 10 of 380 total bound parameter sets ...  {'store_id': 'STORE998', 'store_name': 'Richmond Store', 'location': 'West Marion', 'manager': 'Steven King'}, {'store_id': 'STORE999', 'store_name': 'Troy Store', 'location': 'East Hudson', 'manager': 'Matthew Rodriguez'}]]
(Background on this error at: https://sqlalche.me/e/20/gkpj)",2025-08-22 14:42:38.977835
STORE830,Clayton Store,East Richmond,James Smith,"Database insertion failed: (pymysql.err.IntegrityError) (1062, ""Duplicate entry 'STORE513' for key 'dimstore.store_id'"")
[SQL: INSERT INTO dimstore (store_id, store_name, location, manager) VALUES (%(store_id)s, %(store_name)s, %(location)s, %(manager)s)]
[parameters: [{'store_id': 'STORE513', 'store_name': 'Clinton Store', 'location': 'East Richmond', 'manager': 'Daniel Robinson'}, {'store_id': 'STORE514', 'store_name': 'Riverside Store', 'location': 'East Burlington', 'manager': 'James Smith'}, {'store_id': 'STORE515', 'store_name': 'Burlington Store', 'location': 'West Jacksontown', 'manager': 'Kimberly Roberts'}, {'store_id': 'STORE516', 'store_name': 'Clayton Store', 'location': 'East Fairview', 'manager': 'Betty Lewis'}, {'store_id': 'STORE517', 'store_name': 'Greenwood Store', 'location': 'East Salem', 'manager': 'Kevin Carter'}, {'store_id': 'STORE518', 'store_name': 'Dover Store', 'location': 'East Burlington', 'manager': 'Helen Walker'}, {'store_id': 'STORE519', 'store_name': 'Georgetown Store', 'location': 'East Franklin', 'manager': 'Christopher Garcia'}, {'store_id': 'STORE520', 'store_name': 'Burlington Store', 'location': 'East Waynetown', 'manager': 'Jennifer Garcia'}  ... displaying 10 of 380 total bound parameter sets ...  {'store_id': 'STORE998', 'store_name': 'Richmond Store', 'location': 'West Marion', 'manager': 'Steven King'}, {'store_id': 'STORE999', 'store_name': 'Troy Store', 'location': 'East Hudson', 'manager': 'Matthew Rodriguez'}]]
(Background on this error at: https://sqlalche.me/e/20/gkpj)",2025-08-22 14:42:38.977835
STORE831,Milton Store,West Franklin,John Jones,"Database insertion failed: (pymysql.err.IntegrityError) (1062, ""Duplicate entry 'STORE513' for key 'dimstore.store_id'"")
[SQL: INSERT INTO dimstore (store_id, store_name, location, manager) VALUES (%(store_id)s, %(store_name)s, %(location)s, %(manager)s)]
[parameters: [{'store_id': 'STORE513', 'store_name': 'Clinton Store', 'location': 'East Richmond', 'manager': 'Daniel Robinson'}, {'store_id': 'STORE514', 'store_name': 'Riverside Store', 'location': 'East Burlington', 'manager': 'James Smith'}, {'store_id': 'STORE515', 'store_name': 'Burlington Store', 'location': 'West Jacksontown', 'manager': 'Kimberly Roberts'}, {'store_id': 'STORE516', 'store_name': 'Clayton Store', 'location': 'East Fairview', 'manager': 'Betty Lewis'}, {'store_id': 'STORE517', 'store_name': 'Greenwood Store', 'location': 'East Salem', 'manager': 'Kevin Carter'}, {'store_id': 'STORE518', 'store_name': 'Dover Store', 'location': 'East Burlington', 'manager': 'Helen Walker'}, {'store_id': 'STORE519', 'store_name': 'Georgetown Store', 'location': 'East Franklin', 'manager': 'Christopher Garcia'}, {'store_id': 'STORE520', 'store_name': 'Burlington Store', 'location': 'East Waynetown', 'manager': 'Jennifer Garcia'}  ... displaying 10 of 380 total bound parameter sets ...  {'store_id': 'STORE998', 'store_name': 'Richmond Store', 'location': 'West Marion', 'manager': 'Steven King'}, {'store_id': 'STORE999', 'store_name': 'Troy Store', 'location': 'East Hudson', 'manager': 'Matthew Rodriguez'}]]
(Background on this error at: https://sqlalche.me/e/20/gkpj)",2025-08-22 14:42:38.977835
STORE832,Hudson Store,West Madison,Deborah Phillips,"Database insertion failed: (pymysql.err.IntegrityError) (1062, ""Duplicate entry 'STORE513' for key 'dimstore.store_id'"")
[SQL: INSERT INTO dimstore (store_id, store_name, location, manager) VALUES (%(store_id)s, %(store_name)s, %(location)s, %(manager)s)]
[parameters: [{'store_id': 'STORE513', 'store_name': 'Clinton Store', 'location': 'East Richmond', 'manager': 'Daniel Robinson'}, {'store_id': 'STORE514', 'store_name': 'Riverside Store', 'location': 'East Burlington', 'manager': 'James Smith'}, {'store_id': 'STORE515', 'store_name': 'Burlington Store', 'location': 'West Jacksontown', 'manager': 'Kimberly Roberts'}, {'store_id': 'STORE516', 'store_name': 'Clayton Store', 'location': 'East Fairview', 'manager': 'Betty Lewis'}, {'store_id': 'STORE517', 'store_name': 'Greenwood Store', 'location': 'East Salem', 'manager': 'Kevin Carter'}, {'store_id': 'STORE518', 'store_name': 'Dover Store', 'location': 'East Burlington', 'manager': 'Helen Walker'}, {'store_id': 'STORE519', 'store_name': 'Georgetown Store', 'location': 'East Franklin', 'manager': 'Christopher Garcia'}, {'store_id': 'STORE520', 'store_name': 'Burlington Store', 'location': 'East Waynetown', 'manager': 'Jennifer Garcia'}  ... displaying 10 of 380 total bound parameter sets ...  {'store_id': 'STORE998', 'store_name': 'Richmond Store', 'location': 'West Marion', 'manager': 'Steven King'}, {'store_id': 'STORE999', 'store_name': 'Troy Store', 'location': 'East Hudson', 'manager': 'Matthew Rodriguez'}]]
(Background on this error at: https://sqlalche.me/e/20/gkpj)",2025-08-22 14:42:38.977835
STORE833,Jackson Store,West Arlington,George Turner,"Database insertion failed: (pymysql.err.IntegrityError) (1062, ""Duplicate entry 'STORE513' for key 'dimstore.store_id'"")
[SQL: INSERT INTO dimstore (store_id, store_name, location, manager) VALUES (%(store_id)s, %(store_name)s, %(location)s, %(manager)s)]
[parameters: [{'store_id': 'STORE513', 'store_name': 'Clinton Store', 'location': 'East Richmond', 'manager': 'Daniel Robinson'}, {'store_id': 'STORE514', 'store_name': 'Riverside Store', 'location': 'East Burlington', 'manager': 'James Smith'}, {'store_id': 'STORE515', 'store_name': 'Burlington Store', 'location': 'West Jacksontown', 'manager': 'Kimberly Roberts'}, {'store_id': 'STORE516', 'store_name': 'Clayton Store', 'location': 'East Fairview', 'manager': 'Betty Lewis'}, {'store_id': 'STORE517', 'store_name': 'Greenwood Store', 'location': 'East Salem', 'manager': 'Kevin Carter'}, {'store_id': 'STORE518', 'store_name': 'Dover Store', 'location': 'East Burlington', 'manager': 'Helen Walker'}, {'store_id': 'STORE519', 'store_name': 'Georgetown Store', 'location': 'East Franklin', 'manager': 'Christopher Garcia'}, {'store_id': 'STORE520', 'store_name': 'Burlington Store', 'location': 'East Waynetown', 'manager': 'Jennifer Garcia'}  ... displaying 10 of 380 total bound parameter sets ...  {'store_id': 'STORE998', 'store_name': 'Richmond Store', 'location': 'West Marion', 'manager': 'Steven King'}, {'store_id': 'STORE999', 'store_name': 'Troy Store', 'location': 'East Hudson', 'manager': 'Matthew Rodriguez'}]]
(Background on this error at: https://sqlalche.me/e/20/gkpj)",2025-08-22 14:42:38.977835
STORE834,Arlington Store,East Troy,Elizabeth Martinez,"Database insertion failed: (pymysql.err.IntegrityError) (1062, ""Duplicate entry 'STORE513' for key 'dimstore.store_id'"")
[SQL: INSERT INTO dimstore (store_id, store_name, location, manager) VALUES (%(store_id)s, %(store_name)s, %(location)s, %(manager)s)]
[parameters: [{'store_id': 'STORE513', 'store_name': 'Clinton Store', 'location': 'East Richmond', 'manager': 'Daniel Robinson'}, {'store_id': 'STORE514', 'store_name': 'Riverside Store', 'location': 'East Burlington', 'manager': 'James Smith'}, {'store_id': 'STORE515', 'store_name': 'Burlington Store', 'location': 'West Jacksontown', 'manager': 'Kimberly Roberts'}, {'store_id': 'STORE516', 'store_name': 'Clayton Store', 'location': 'East Fairview', 'manager': 'Betty Lewis'}, {'store_id': 'STORE517', 'store_name': 'Greenwood Store', 'location': 'East Salem', 'manager': 'Kevin Carter'}, {'store_id': 'STORE518', 'store_name': 'Dover Store', 'location': 'East Burlington', 'manager': 'Helen Walker'}, {'store_id': 'STORE519', 'store_name': 'Georgetown Store', 'location': 'East Franklin', 'manager': 'Christopher Garcia'}, {'store_id': 'STORE520', 'store_name': 'Burlington Store', 'location': 'East Waynetown', 'manager': 'Jennifer Garcia'}  ... displaying 10 of 380 total bound parameter sets ...  {'store_id': 'STORE998', 'store_name': 'Richmond Store', 'location': 'West Marion', 'manager': 'Steven King'}, {'store_id': 'STORE999', 'store_name': 'Troy Store', 'location': 'East Hudson', 'manager': 'Matthew Rodriguez'}]]
(Background on this error at: https://sqlalche.me/e/20/gkpj)",2025-08-22 14:42:38.977835
STORE835,Wayne Store,West Marion,Sarah Martin,"Database insertion failed: (pymysql.err.IntegrityError) (1062, ""Duplicate entry 'STORE513' for key 'dimstore.store_id'"")
[SQL: INSERT INTO dimstore (store_id, store_name, location, manager) VALUES (%(store_id)s, %(store_name)s, %(location)s, %(manager)s)]
[parameters: [{'store_id': 'STORE513', 'store_name': 'Clinton Store', 'location': 'East Richmond', 'manager': 'Daniel Robinson'}, {'store_id': 'STORE514', 'store_name': 'Riverside Store', 'location': 'East Burlington', 'manager': 'James Smith'}, {'store_id': 'STORE515', 'store_name': 'Burlington Store', 'location': 'West Jacksontown', 'manager': 'Kimberly Roberts'}, {'store_id': 'STORE516', 'store_name': 'Clayton Store', 'location': 'East Fairview', 'manager': 'Betty Lewis'}, {'store_id': 'STORE517', 'store_name': 'Greenwood Store', 'location': 'East Salem', 'manager': 'Kevin Carter'}, {'store_id': 'STORE518', 'store_name': 'Dover Store', 'location': 'East Burlington', 'manager': 'Helen Walker'}, {'store_id': 'STORE519', 'store_name': 'Georgetown Store', 'location': 'East Franklin', 'manager': 'Christopher Garcia'}, {'store_id': 'STORE520', 'store_name': 'Burlington Store', 'location': 'East Waynetown', 'manager': 'Jennifer Garcia'}  ... displaying 10 of 380 total bound parameter sets ...  {'store_id': 'STORE998', 'store_name': 'Richmond Store', 'location': 'West Marion', 'manager': 'Steven King'}, {'store_id': 'STORE999', 'store_name': 'Troy Store', 'location': 'East Hudson', 'manager': 'Matthew Rodriguez'}]]
(Background on this error at: https://sqlalche.me/e/20/gkpj)",2025-08-22 14:42:38.977835
STORE836,Oxford Store,East Fairview,Ronald Evans,"Database insertion failed: (pymysql.err.IntegrityError) (1062, ""Duplicate entry 'STORE513' for key 'dimstore.store_id'"")
[SQL: INSERT INTO dimstore (store_id, store_name, location, manager) VALUES (%(store_id)s, %(store_name)s, %(location)s, %(manager)s)]
[parameters: [{'store_id': 'STORE513', 'store_name': 'Clinton Store', 'location': 'East Richmond', 'manager': 'Daniel Robinson'}, {'store_id': 'STORE514', 'store_name': 'Riverside Store', 'location': 'East Burlington', 'manager': 'James Smith'}, {'store_id': 'STORE515', 'store_name': 'Burlington Store', 'location': 'West Jacksontown', 'manager': 'Kimberly Roberts'}, {'store_id': 'STORE516', 'store_name': 'Clayton Store', 'location': 'East Fairview', 'manager': 'Betty Lewis'}, {'store_id': 'STORE517', 'store_name': 'Greenwood Store', 'location': 'East Salem', 'manager': 'Kevin Carter'}, {'store_id': 'STORE518', 'store_name': 'Dover Store', 'location': 'East Burlington', 'manager': 'Helen Walker'}, {'store_id': 'STORE519', 'store_name': 'Georgetown Store', 'location': 'East Franklin', 'manager': 'Christopher Garcia'}, {'store_id': 'STORE520', 'store_name': 'Burlington Store', 'location': 'East Waynetown', 'manager': 'Jennifer Garcia'}  ... displaying 10 of 380 total bound parameter sets ...  {'store_id': 'STORE998', 'store_name': 'Richmond Store', 'location': 'West Marion', 'manager': 'Steven King'}, {'store_id': 'STORE999', 'store_name': 'Troy Store', 'location': 'East Hudson', 'manager': 'Matthew Rodriguez'}]]
(Background on this error at: https://sqlalche.me/e/20/gkpj)",2025-08-22 14:42:38.977835
STORE837,Troy Store,West Clayton,Ruth Hill,"Database insertion failed: (pymysql.err.IntegrityError) (1062, ""Duplicate entry 'STORE513' for key 'dimstore.store_id'"")
[SQL: INSERT INTO dimstore (store_id, store_name, location, manager) VALUES (%(store_id)s, %(store_name)s, %(location)s, %(manager)s)]
[parameters: [{'store_id': 'STORE513', 'store_name': 'Clinton Store', 'location': 'East Richmond', 'manager': 'Daniel Robinson'}, {'store_id': 'STORE514', 'store_name': 'Riverside Store', 'location': 'East Burlington', 'manager': 'James Smith'}, {'store_id': 'STORE515', 'store_name': 'Burlington Store', 'location': 'West Jacksontown', 'manager': 'Kimberly Roberts'}, {'store_id': 'STORE516', 'store_name': 'Clayton Store', 'location': 'East Fairview', 'manager': 'Betty Lewis'}, {'store_id': 'STORE517', 'store_name': 'Greenwood Store', 'location': 'East Salem', 'manager': 'Kevin Carter'}, {'store_id': 'STORE518', 'store_name': 'Dover Store', 'location': 'East Burlington', 'manager': 'Helen Walker'}, {'store_id': 'STORE519', 'store_name': 'Georgetown Store', 'location': 'East Franklin', 'manager': 'Christopher Garcia'}, {'store_id': 'STORE520', 'store_name': 'Burlington Store', 'location': 'East Waynetown', 'manager': 'Jennifer Garcia'}  ... displaying 10 of 380 total bound parameter sets ...  {'store_id': 'STORE998', 'store_name': 'Richmond Store', 'location': 'West Marion', 'manager': 'Steven King'}, {'store_id': 'STORE999', 'store_name': 'Troy Store', 'location': 'East Hudson', 'manager': 'Matthew Rodriguez'}]]
(Background on this error at: https://sqlalche.me/e/20/gkpj)",2025-08-22 14:42:38.977835
STORE838,Madison Store,West Troy,John Jones,"Database insertion failed: (pymysql.err.IntegrityError) (1062, ""Duplicate entry 'STORE513' for key 'dimstore.store_id'"")
[SQL: INSERT INTO dimstore (store_id, store_name, location, manager) VALUES (%(store_id)s, %(store_name)s, %(location)s, %(manager)s)]
[parameters: [{'store_id': 'STORE513', 'store_name': 'Clinton Store', 'location': 'East Richmond', 'manager': 'Daniel Robinson'}, {'store_id': 'STORE514', 'store_name': 'Riverside Store', 'location': 'East Burlington', 'manager': 'James Smith'}, {'store_id': 'STORE515', 'store_name': 'Burlington Store', 'location': 'West Jacksontown', 'manager': 'Kimberly Roberts'}, {'store_id': 'STORE516', 'store_name': 'Clayton Store', 'location': 'East Fairview', 'manager': 'Betty Lewis'}, {'store_id': 'STORE517', 'store_name': 'Greenwood Store', 'location': 'East Salem', 'manager': 'Kevin Carter'}, {'store_id': 'STORE518', 'store_name': 'Dover Store', 'location': 'East Burlington', 'manager': 'Helen Walker'}, {'store_id': 'STORE519', 'store_name': 'Georgetown Store', 'location': 'East Franklin', 'manager': 'Christopher Garcia'}, {'store_id': 'STORE520', 'store_name': 'Burlington Store', 'location': 'East Waynetown', 'manager': 'Jennifer Garcia'}  ... displaying 10 of 380 total bound parameter sets ...  {'store_id': 'STORE998', 'store_name': 'Richmond Store', 'location': 'West Marion', 'manager': 'Steven King'}, {'store_id': 'STORE999', 'store_name': 'Troy Store', 'location': 'East Hudson', 'manager': 'Matthew Rodriguez'}]]
(Background on this error at: https://sqlalche.me/e/20/gkpj)",2025-08-22 14:42:38.977835
STORE839,Springfield Store,West Madisontown,Michelle Baker,"Database insertion failed: (pymysql.err.IntegrityError) (1062, ""Duplicate entry 'STORE513' for key 'dimstore.store_id'"")
[SQL: INSERT INTO dimstore (store_id, store_name, location, manager) VALUES (%(store_id)s, %(store_name)s, %(location)s, %(manager)s)]
[parameters: [{'store_id': 'STORE513', 'store_name': 'Clinton Store', 'location': 'East Richmond', 'manager': 'Daniel Robinson'}, {'store_id': 'STORE514', 'store_name': 'Riverside Store', 'location': 'East Burlington', 'manager': 'James Smith'}, {'store_id': 'STORE515', 'store_name': 'Burlington Store', 'location': 'West Jacksontown', 'manager': 'Kimberly Roberts'}, {'store_id': 'STORE516', 'store_name': 'Clayton Store', 'location': 'East Fairview', 'manager': 'Betty Lewis'}, {'store_id': 'STORE517', 'store_name': 'Greenwood Store', 'location': 'East Salem', 'manager': 'Kevin Carter'}, {'store_id': 'STORE518', 'store_name': 'Dover Store', 'location': 'East Burlington', 'manager': 'Helen Walker'}, {'store_id': 'STORE519', 'store_name': 'Georgetown Store', 'location': 'East Franklin', 'manager': 'Christopher Garcia'}, {'store_id': 'STORE520', 'store_name': 'Burlington Store', 'location': 'East Waynetown', 'manager': 'Jennifer Garcia'}  ... displaying 10 of 380 total bound parameter sets ...  {'store_id': 'STORE998', 'store_name': 'Richmond Store', 'location': 'West Marion', 'manager': 'Steven King'}, {'store_id': 'STORE999', 'store_name': 'Troy Store', 'location': 'East Hudson', 'manager': 'Matthew Rodriguez'}]]
(Background on this error at: https://sqlalche.me/e/20/gkpj)",2025-08-22 14:42:38.977835
STORE840,Clinton Store,West Burlingtontown,Lisa Clark,"Database insertion failed: (pymysql.err.IntegrityError) (1062, ""Duplicate entry 'STORE513' for key 'dimstore.store_id'"")
[SQL: INSERT INTO dimstore (store_id, store_name, location, manager) VALUES (%(store_id)s, %(store_name)s, %(location)s, %(manager)s)]
[parameters: [{'store_id': 'STORE513', 'store_name': 'Clinton Store', 'location': 'East Richmond', 'manager': 'Daniel Robinson'}, {'store_id': 'STORE514', 'store_name': 'Riverside Store', 'location': 'East Burlington', 'manager': 'James Smith'}, {'store_id': 'STORE515', 'store_name': 'Burlington Store', 'location': 'West Jacksontown', 'manager': 'Kimberly Roberts'}, {'store_id': 'STORE516', 'store_name': 'Clayton Store', 'location': 'East Fairview', 'manager': 'Betty Lewis'}, {'store_id': 'STORE517', 'store_name': 'Greenwood Store', 'location': 'East Salem', 'manager': 'Kevin Carter'}, {'store_id': 'STORE518', 'store_name': 'Dover Store', 'location': 'East Burlington', 'manager': 'Helen Walker'}, {'store_id': 'STORE519', 'store_name': 'Georgetown Store', 'location': 'East Franklin', 'manager': 'Christopher Garcia'}, {'store_id': 'STORE520', 'store_name': 'Burlington Store', 'location': 'East Waynetown', 'manager': 'Jennifer Garcia'}  ... displaying 10 of 380 total bound parameter sets ...  {'store_id': 'STORE998', 'store_name': 'Richmond Store', 'location': 'West Marion', 'manager': 'Steven King'}, {'store_id': 'STORE999', 'store_name': 'Troy Store', 'location': 'East Hudson', 'manager': 'Matthew Rodriguez'}]]
(Background on this error at: https://sqlalche.me/e/20/gkpj)",2025-08-22 14:42:38.977835
STORE841,Chester Store,West Madison,Paul Lopez,"Database insertion failed: (pymysql.err.IntegrityError) (1062, ""Duplicate entry 'STORE513' for key 'dimstore.store_id'"")
[SQL: INSERT INTO dimstore (store_id, store_name, location, manager) VALUES (%(store_id)s, %(store_name)s, %(location)s, %(manager)s)]
[parameters: [{'store_id': 'STORE513', 'store_name': 'Clinton Store', 'location': 'East Richmond', 'manager': 'Daniel Robinson'}, {'store_id': 'STORE514', 'store_name': 'Riverside Store', 'location': 'East Burlington', 'manager': 'James Smith'}, {'store_id': 'STORE515', 'store_name': 'Burlington Store', 'location': 'West Jacksontown', 'manager': 'Kimberly Roberts'}, {'store_id': 'STORE516', 'store_name': 'Clayton Store', 'location': 'East Fairview', 'manager': 'Betty Lewis'}, {'store_id': 'STORE517', 'store_name': 'Greenwood Store', 'location': 'East Salem', 'manager': 'Kevin Carter'}, {'store_id': 'STORE518', 'store_name': 'Dover Store', 'location': 'East Burlington', 'manager': 'Helen Walker'}, {'store_id': 'STORE519', 'store_name': 'Georgetown Store', 'location': 'East Franklin', 'manager': 'Christopher Garcia'}, {'store_id': 'STORE520', 'store_name': 'Burlington Store', 'location': 'East Waynetown', 'manager': 'Jennifer Garcia'}  ... displaying 10 of 380 total bound parameter sets ...  {'store_id': 'STORE998', 'store_name': 'Richmond Store', 'location': 'West Marion', 'manager': 'Steven King'}, {'store_id': 'STORE999', 'store_name': 'Troy Store', 'location': 'East Hudson', 'manager': 'Matthew Rodriguez'}]]
(Background on this error at: https://sqlalche.me/e/20/gkpj)",2025-08-22 14:42:38.977835
STORE842,Riverside Store,West Oxfordtown,Susan Thomas,"Database insertion failed: (pymysql.err.IntegrityError) (1062, ""Duplicate entry 'STORE513' for key 'dimstore.store_id'"")
[SQL: INSERT INTO dimstore (store_id, store_name, location, manager) VALUES (%(store_id)s, %(store_name)s, %(location)s, %(manager)s)]
[parameters: [{'store_id': 'STORE513', 'store_name': 'Clinton Store', 'location': 'East Richmond', 'manager': 'Daniel Robinson'}, {'store_id': 'STORE514', 'store_name': 'Riverside Store', 'location': 'East Burlington', 'manager': 'James Smith'}, {'store_id': 'STORE515', 'store_name': 'Burlington Store', 'location': 'West Jacksontown', 'manager': 'Kimberly Roberts'}, {'store_id': 'STORE516', 'store_name': 'Clayton Store', 'location': 'East Fairview', 'manager': 'Betty Lewis'}, {'store_id': 'STORE517', 'store_name': 'Greenwood Store', 'location': 'East Salem', 'manager': 'Kevin Carter'}, {'store_id': 'STORE518', 'store_name': 'Dover Store', 'location': 'East Burlington', 'manager': 'Helen Walker'}, {'store_id': 'STORE519', 'store_name': 'Georgetown Store', 'location': 'East Franklin', 'manager': 'Christopher Garcia'}, {'store_id': 'STORE520', 'store_name': 'Burlington Store', 'location': 'East Waynetown', 'manager': 'Jennifer Garcia'}  ... displaying 10 of 380 total bound parameter sets ...  {'store_id': 'STORE998', 'store_name': 'Richmond Store', 'location': 'West Marion', 'manager': 'Steven King'}, {'store_id': 'STORE999', 'store_name': 'Troy Store', 'location': 'East Hudson', 'manager': 'Matthew Rodriguez'}]]
(Background on this error at: https://sqlalche.me/e/20/gkpj)",2025-08-22 14:42:38.977835
STORE843,Arlington Store,West Auburntown,Andrew Scott,"Database insertion failed: (pymysql.err.IntegrityError) (1062, ""Duplicate entry 'STORE513' for key 'dimstore.store_id'"")
[SQL: INSERT INTO dimstore (store_id, store_name, location, manager) VALUES (%(store_id)s, %(store_name)s, %(location)s, %(manager)s)]
[parameters: [{'store_id': 'STORE513', 'store_name': 'Clinton Store', 'location': 'East Richmond', 'manager': 'Daniel Robinson'}, {'store_id': 'STORE514', 'store_name': 'Riverside Store', 'location': 'East Burlington', 'manager': 'James Smith'}, {'store_id': 'STORE515', 'store_name': 'Burlington Store', 'location': 'West Jacksontown', 'manager': 'Kimberly Roberts'}, {'store_id': 'STORE516', 'store_name': 'Clayton Store', 'location': 'East Fairview', 'manager': 'Betty Lewis'}, {'store_id': 'STORE517', 'store_name': 'Greenwood Store', 'location': 'East Salem', 'manager': 'Kevin Carter'}, {'store_id': 'STORE518', 'store_name': 'Dover Store', 'location': 'East Burlington', 'manager': 'Helen Walker'}, {'store_id': 'STORE519', 'store_name': 'Georgetown Store', 'location': 'East Franklin', 'manager': 'Christopher Garcia'}, {'store_id': 'STORE520', 'store_name': 'Burlington Store', 'location': 'East Waynetown', 'manager': 'Jennifer Garcia'}  ... displaying 10 of 380 total bound parameter sets ...  {'store_id': 'STORE998', 'store_name': 'Richmond Store', 'location': 'West Marion', 'manager': 'Steven King'}, {'store_id': 'STORE999', 'store_name': 'Troy Store', 'location': 'East Hudson', 'manager': 'Matthew Rodriguez'}]]
(Background on this error at: https://sqlalche.me/e/20/gkpj)",2025-08-22 14:42:38.977835
STORE844,Arlington Store,East Clintontown,Susan Thomas,"Database insertion failed: (pymysql.err.IntegrityError) (1062, ""Duplicate entry 'STORE513' for key 'dimstore.store_id'"")
[SQL: INSERT INTO dimstore (store_id, store_name, location, manager) VALUES (%(store_id)s, %(store_name)s, %(location)s, %(manager)s)]
[parameters: [{'store_id': 'STORE513', 'store_name': 'Clinton Store', 'location': 'East Richmond', 'manager': 'Daniel Robinson'}, {'store_id': 'STORE514', 'store_name': 'Riverside Store', 'location': 'East Burlington', 'manager': 'James Smith'}, {'store_id': 'STORE515', 'store_name': 'Burlington Store', 'location': 'West Jacksontown', 'manager': 'Kimberly Roberts'}, {'store_id': 'STORE516', 'store_name': 'Clayton Store', 'location': 'East Fairview', 'manager': 'Betty Lewis'}, {'store_id': 'STORE517', 'store_name': 'Greenwood Store', 'location': 'East Salem', 'manager': 'Kevin Carter'}, {'store_id': 'STORE518', 'store_name': 'Dover Store', 'location': 'East Burlington', 'manager': 'Helen Walker'}, {'store_id': 'STORE519', 'store_name': 'Georgetown Store', 'location': 'East Franklin', 'manager': 'Christopher Garcia'}, {'store_id': 'STORE520', 'store_name': 'Burlington Store', 'location': 'East Waynetown', 'manager': 'Jennifer Garcia'}  ... displaying 10 of 380 total bound parameter sets ...  {'store_id': 'STORE998', 'store_name': 'Richmond Store', 'location': 'West Marion', 'manager': 'Steven King'}, {'store_id': 'STORE999', 'store_name': 'Troy Store', 'location': 'East Hudson', 'manager': 'Matthew Rodriguez'}]]
(Background on this error at: https://sqlalche.me/e/20/gkpj)",2025-08-22 14:42:38.977835
STORE845,Newport Store,East Kingston,Joseph Jackson,"Database insertion failed: (pymysql.err.IntegrityError) (1062, ""Duplicate entry 'STORE513' for key 'dimstore.store_id'"")
[SQL: INSERT INTO dimstore (store_id, store_name, location, manager) VALUES (%(store_id)s, %(store_name)s, %(location)s, %(manager)s)]
[parameters: [{'store_id': 'STORE513', 'store_name': 'Clinton Store', 'location': 'East Richmond', 'manager': 'Daniel Robinson'}, {'store_id': 'STORE514', 'store_name': 'Riverside Store', 'location': 'East Burlington', 'manager': 'James Smith'}, {'store_id': 'STORE515', 'store_name': 'Burlington Store', 'location': 'West Jacksontown', 'manager': 'Kimberly Roberts'}, {'store_id': 'STORE516', 'store_name': 'Clayton Store', 'location': 'East Fairview', 'manager': 'Betty Lewis'}, {'store_id': 'STORE517', 'store_name': 'Greenwood Store', 'location': 'East Salem', 'manager': 'Kevin Carter'}, {'store_id': 'STORE518', 'store_name': 'Dover Store', 'location': 'East Burlington', 'manager': 'Helen Walker'}, {'store_id': 'STORE519', 'store_name': 'Georgetown Store', 'location': 'East Franklin', 'manager': 'Christopher Garcia'}, {'store_id': 'STORE520', 'store_name': 'Burlington Store', 'location': 'East Waynetown', 'manager': 'Jennifer Garcia'}  ... displaying 10 of 380 total bound parameter sets ...  {'store_id': 'STORE998', 'store_name': 'Richmond Store', 'location': 'West Marion', 'manager': 'Steven King'}, {'store_id': 'STORE999', 'store_name': 'Troy Store', 'location': 'East Hudson', 'manager': 'Matthew Rodriguez'}]]
(Background on this error at: https://sqlalche.me/e/20/gkpj)",2025-08-22 14:42:38.977835
STORE846,Oxford Store,West Arlington,Kenneth Gonzalez,"Database insertion failed: (pymysql.err.IntegrityError) (1062, ""Duplicate entry 'STORE513' for key 'dimstore.store_id'"")
[SQL: INSERT INTO dimstore (store_id, store_name, location, manager) VALUES (%(store_id)s, %(store_name)s, %(location)s, %(manager)s)]
[parameters: [{'store_id': 'STORE513', 'store_name': 'Clinton Store', 'location': 'East Richmond', 'manager': 'Daniel Robinson'}, {'store_id': 'STORE514', 'store_name': 'Riverside Store', 'location': 'East Burlington', 'manager': 'James Smith'}, {'store_id': 'STORE515', 'store_name': 'Burlington Store', 'location': 'West Jacksontown', 'manager': 'Kimberly Roberts'}, {'store_id': 'STORE516', 'store_name': 'Clayton Store', 'location': 'East Fairview', 'manager': 'Betty Lewis'}, {'store_id': 'STORE517', 'store_name': 'Greenwood Store', 'location': 'East Salem', 'manager': 'Kevin Carter'}, {'store_id': 'STORE518', 'store_name': 'Dover Store', 'location': 'East Burlington', 'manager': 'Helen Walker'}, {'store_id': 'STORE519', 'store_name': 'Georgetown Store', 'location': 'East Franklin', 'manager': 'Christopher Garcia'}, {'store_id': 'STORE520', 'store_name': 'Burlington Store', 'location': 'East Waynetown', 'manager': 'Jennifer Garcia'}  ... displaying 10 of 380 total bound parameter sets ...  {'store_id': 'STORE998', 'store_name': 'Richmond Store', 'location': 'West Marion', 'manager': 'Steven King'}, {'store_id': 'STORE999', 'store_name': 'Troy Store', 'location': 'East Hudson', 'manager': 'Matthew Rodriguez'}]]
(Background on this error at: https://sqlalche.me/e/20/gkpj)",2025-08-22 14:42:38.977835
STORE847,Fairview Store,East Claytontown,Laura Nelson,"Database insertion failed: (pymysql.err.IntegrityError) (1062, ""Duplicate entry 'STORE513' for key 'dimstore.store_id'"")
[SQL: INSERT INTO dimstore (store_id, store_name, location, manager) VALUES (%(store_id)s, %(store_name)s, %(location)s, %(manager)s)]
[parameters: [{'store_id': 'STORE513', 'store_name': 'Clinton Store', 'location': 'East Richmond', 'manager': 'Daniel Robinson'}, {'store_id': 'STORE514', 'store_name': 'Riverside Store', 'location': 'East Burlington', 'manager': 'James Smith'}, {'store_id': 'STORE515', 'store_name': 'Burlington Store', 'location': 'West Jacksontown', 'manager': 'Kimberly Roberts'}, {'store_id': 'STORE516', 'store_name': 'Clayton Store', 'location': 'East Fairview', 'manager': 'Betty Lewis'}, {'store_id': 'STORE517', 'store_name': 'Greenwood Store', 'location': 'East Salem', 'manager': 'Kevin Carter'}, {'store_id': 'STORE518', 'store_name': 'Dover Store', 'location': 'East Burlington', 'manager': 'Helen Walker'}, {'store_id': 'STORE519', 'store_name': 'Georgetown Store', 'location': 'East Franklin', 'manager': 'Christopher Garcia'}, {'store_id': 'STORE520', 'store_name': 'Burlington Store', 'location': 'East Waynetown', 'manager': 'Jennifer Garcia'}  ... displaying 10 of 380 total bound parameter sets ...  {'store_id': 'STORE998', 'store_name': 'Richmond Store', 'location': 'West Marion', 'manager': 'Steven King'}, {'store_id': 'STORE999', 'store_name': 'Troy Store', 'location': 'East Hudson', 'manager': 'Matthew Rodriguez'}]]
(Background on this error at: https://sqlalche.me/e/20/gkpj)",2025-08-22 14:42:38.977835
STORE848,Milton Store,East Chester,Laura Nelson,"Database insertion failed: (pymysql.err.IntegrityError) (1062, ""Duplicate entry 'STORE513' for key 'dimstore.store_id'"")
[SQL: INSERT INTO dimstore (store_id, store_name, location, manager) VALUES (%(store_id)s, %(store_name)s, %(location)s, %(manager)s)]
[parameters: [{'store_id': 'STORE513', 'store_name': 'Clinton Store', 'location': 'East Richmond', 'manager': 'Daniel Robinson'}, {'store_id': 'STORE514', 'store_name': 'Riverside Store', 'location': 'East Burlington', 'manager': 'James Smith'}, {'store_id': 'STORE515', 'store_name': 'Burlington Store', 'location': 'West Jacksontown', 'manager': 'Kimberly Roberts'}, {'store_id': 'STORE516', 'store_name': 'Clayton Store', 'location': 'East Fairview', 'manager': 'Betty Lewis'}, {'store_id': 'STORE517', 'store_name': 'Greenwood Store', 'location': 'East Salem', 'manager': 'Kevin Carter'}, {'store_id': 'STORE518', 'store_name': 'Dover Store', 'location': 'East Burlington', 'manager': 'Helen Walker'}, {'store_id': 'STORE519', 'store_name': 'Georgetown Store', 'location': 'East Franklin', 'manager': 'Christopher Garcia'}, {'store_id': 'STORE520', 'store_name': 'Burlington Store', 'location': 'East Waynetown', 'manager': 'Jennifer Garcia'}  ... displaying 10 of 380 total bound parameter sets ...  {'store_id': 'STORE998', 'store_name': 'Richmond Store', 'location': 'West Marion', 'manager': 'Steven King'}, {'store_id': 'STORE999', 'store_name': 'Troy Store', 'location': 'East Hudson', 'manager': 'Matthew Rodriguez'}]]
(Background on this error at: https://sqlalche.me/e/20/gkpj)",2025-08-22 14:42:38.977835
STORE849,Marion Store,East Richmondtown,Deborah Phillips,"Database insertion failed: (pymysql.err.IntegrityError) (1062, ""Duplicate entry 'STORE513' for key 'dimstore.store_id'"")
[SQL: INSERT INTO dimstore (store_id, store_name, location, manager) VALUES (%(store_id)s, %(store_name)s, %(location)s, %(manager)s)]
[parameters: [{'store_id': 'STORE513', 'store_name': 'Clinton Store', 'location': 'East Richmond', 'manager': 'Daniel Robinson'}, {'store_id': 'STORE514', 'store_name': 'Riverside Store', 'location': 'East Burlington', 'manager': 'James Smith'}, {'store_id': 'STORE515', 'store_name': 'Burlington Store', 'location': 'West Jacksontown', 'manager': 'Kimberly Roberts'}, {'store_id': 'STORE516', 'store_name': 'Clayton Store', 'location': 'East Fairview', 'manager': 'Betty Lewis'}, {'store_id': 'STORE517', 'store_name': 'Greenwood Store', 'location': 'East Salem', 'manager': 'Kevin Carter'}, {'store_id': 'STORE518', 'store_name': 'Dover Store', 'location': 'East Burlington', 'manager': 'Helen Walker'}, {'store_id': 'STORE519', 'store_name': 'Georgetown Store', 'location': 'East Franklin', 'manager': 'Christopher Garcia'}, {'store_id': 'STORE520', 'store_name': 'Burlington Store', 'location': 'East Waynetown', 'manager': 'Jennifer Garcia'}  ... displaying 10 of 380 total bound parameter sets ...  {'store_id': 'STORE998', 'store_name': 'Richmond Store', 'location': 'West Marion', 'manager': 'Steven King'}, {'store_id': 'STORE999', 'store_name': 'Troy Store', 'location': 'East Hudson', 'manager': 'Matthew Rodriguez'}]]
(Background on this error at: https://sqlalche.me/e/20/gkpj)",2025-08-22 14:42:38.977835
STORE850,Washington Store,East Bristol,James Smith,"Database insertion failed: (pymysql.err.IntegrityError) (1062, ""Duplicate entry 'STORE513' for key 'dimstore.store_id'"")
[SQL: INSERT INTO dimstore (store_id, store_name, location, manager) VALUES (%(store_id)s, %(store_name)s, %(location)s, %(manager)s)]
[parameters: [{'store_id': 'STORE513', 'store_name': 'Clinton Store', 'location': 'East Richmond', 'manager': 'Daniel Robinson'}, {'store_id': 'STORE514', 'store_name': 'Riverside Store', 'location': 'East Burlington', 'manager': 'James Smith'}, {'store_id': 'STORE515', 'store_name': 'Burlington Store', 'location': 'West Jacksontown', 'manager': 'Kimberly Roberts'}, {'store_id': 'STORE516', 'store_name': 'Clayton Store', 'location': 'East Fairview', 'manager': 'Betty Lewis'}, {'store_id': 'STORE517', 'store_name': 'Greenwood Store', 'location': 'East Salem', 'manager': 'Kevin Carter'}, {'store_id': 'STORE518', 'store_name': 'Dover Store', 'location': 'East Burlington', 'manager': 'Helen Walker'}, {'store_id': 'STORE519', 'store_name': 'Georgetown Store', 'location': 'East Franklin', 'manager': 'Christopher Garcia'}, {'store_id': 'STORE520', 'store_name': 'Burlington Store', 'location': 'East Waynetown', 'manager': 'Jennifer Garcia'}  ... displaying 10 of 380 total bound parameter sets ...  {'store_id': 'STORE998', 'store_name': 'Richmond Store', 'location': 'West Marion', 'manager': 'Steven King'}, {'store_id': 'STORE999', 'store_name': 'Troy Store', 'location': 'East Hudson', 'manager': 'Matthew Rodriguez'}]]
(Background on this error at: https://sqlalche.me/e/20/gkpj)",2025-08-22 14:42:38.977835
STORE851,Wayne Store,East Salemtown,Lisa Edwards,"Database insertion failed: (pymysql.err.IntegrityError) (1062, ""Duplicate entry 'STORE513' for key 'dimstore.store_id'"")
[SQL: INSERT INTO dimstore (store_id, store_name, location, manager) VALUES (%(store_id)s, %(store_name)s, %(location)s, %(manager)s)]
[parameters: [{'store_id': 'STORE513', 'store_name': 'Clinton Store', 'location': 'East Richmond', 'manager': 'Daniel Robinson'}, {'store_id': 'STORE514', 'store_name': 'Riverside Store', 'location': 'East Burlington', 'manager': 'James Smith'}, {'store_id': 'STORE515', 'store_name': 'Burlington Store', 'location': 'West Jacksontown', 'manager': 'Kimberly Roberts'}, {'store_id': 'STORE516', 'store_name': 'Clayton Store', 'location': 'East Fairview', 'manager': 'Betty Lewis'}, {'store_id': 'STORE517', 'store_name': 'Greenwood Store', 'location': 'East Salem', 'manager': 'Kevin Carter'}, {'store_id': 'STORE518', 'store_name': 'Dover Store', 'location': 'East Burlington', 'manager': 'Helen Walker'}, {'store_id': 'STORE519', 'store_name': 'Georgetown Store', 'location': 'East Franklin', 'manager': 'Christopher Garcia'}, {'store_id': 'STORE520', 'store_name': 'Burlington Store', 'location': 'East Waynetown', 'manager': 'Jennifer Garcia'}  ... displaying 10 of 380 total bound parameter sets ...  {'store_id': 'STORE998', 'store_name': 'Richmond Store', 'location': 'West Marion', 'manager': 'Steven King'}, {'store_id': 'STORE999', 'store_name': 'Troy Store', 'location': 'East Hudson', 'manager': 'Matthew Rodriguez'}]]
(Background on this error at: https://sqlalche.me/e/20/gkpj)",2025-08-22 14:42:38.977835
STORE852,Jackson Store,East Hudson,Richard Taylor,"Database insertion failed: (pymysql.err.IntegrityError) (1062, ""Duplicate entry 'STORE513' for key 'dimstore.store_id'"")
[SQL: INSERT INTO dimstore (store_id, store_name, location, manager) VALUES (%(store_id)s, %(store_name)s, %(location)s, %(manager)s)]
[parameters: [{'store_id': 'STORE513', 'store_name': 'Clinton Store', 'location': 'East Richmond', 'manager': 'Daniel Robinson'}, {'store_id': 'STORE514', 'store_name': 'Riverside Store', 'location': 'East Burlington', 'manager': 'James Smith'}, {'store_id': 'STORE515', 'store_name': 'Burlington Store', 'location': 'West Jacksontown', 'manager': 'Kimberly Roberts'}, {'store_id': 'STORE516', 'store_name': 'Clayton Store', 'location': 'East Fairview', 'manager': 'Betty Lewis'}, {'store_id': 'STORE517', 'store_name': 'Greenwood Store', 'location': 'East Salem', 'manager': 'Kevin Carter'}, {'store_id': 'STORE518', 'store_name': 'Dover Store', 'location': 'East Burlington', 'manager': 'Helen Walker'}, {'store_id': 'STORE519', 'store_name': 'Georgetown Store', 'location': 'East Franklin', 'manager': 'Christopher Garcia'}, {'store_id': 'STORE520', 'store_name': 'Burlington Store', 'location': 'East Waynetown', 'manager': 'Jennifer Garcia'}  ... displaying 10 of 380 total bound parameter sets ...  {'store_id': 'STORE998', 'store_name': 'Richmond Store', 'location': 'West Marion', 'manager': 'Steven King'}, {'store_id': 'STORE999', 'store_name': 'Troy Store', 'location': 'East Hudson', 'manager': 'Matthew Rodriguez'}]]
(Background on this error at: https://sqlalche.me/e/20/gkpj)",2025-08-22 14:42:38.977835
STORE853,Kingston Store,West Richmond,Susan Thomas,"Database insertion failed: (pymysql.err.IntegrityError) (1062, ""Duplicate entry 'STORE513' for key 'dimstore.store_id'"")
[SQL: INSERT INTO dimstore (store_id, store_name, location, manager) VALUES (%(store_id)s, %(store_name)s, %(location)s, %(manager)s)]
[parameters: [{'store_id': 'STORE513', 'store_name': 'Clinton Store', 'location': 'East Richmond', 'manager': 'Daniel Robinson'}, {'store_id': 'STORE514', 'store_name': 'Riverside Store', 'location': 'East Burlington', 'manager': 'James Smith'}, {'store_id': 'STORE515', 'store_name': 'Burlington Store', 'location': 'West Jacksontown', 'manager': 'Kimberly Roberts'}, {'store_id': 'STORE516', 'store_name': 'Clayton Store', 'location': 'East Fairview', 'manager': 'Betty Lewis'}, {'store_id': 'STORE517', 'store_name': 'Greenwood Store', 'location': 'East Salem', 'manager': 'Kevin Carter'}, {'store_id': 'STORE518', 'store_name': 'Dover Store', 'location': 'East Burlington', 'manager': 'Helen Walker'}, {'store_id': 'STORE519', 'store_name': 'Georgetown Store', 'location': 'East Franklin', 'manager': 'Christopher Garcia'}, {'store_id': 'STORE520', 'store_name': 'Burlington Store', 'location': 'East Waynetown', 'manager': 'Jennifer Garcia'}  ... displaying 10 of 380 total bound parameter sets ...  {'store_id': 'STORE998', 'store_name': 'Richmond Store', 'location': 'West Marion', 'manager': 'Steven King'}, {'store_id': 'STORE999', 'store_name': 'Troy Store', 'location': 'East Hudson', 'manager': 'Matthew Rodriguez'}]]
(Background on this error at: https://sqlalche.me/e/20/gkpj)",2025-08-22 14:42:38.977835
STORE854,Arlington Store,West Wayne,Donna Hernandez,"Database insertion failed: (pymysql.err.IntegrityError) (1062, ""Duplicate entry 'STORE513' for key 'dimstore.store_id'"")
[SQL: INSERT INTO dimstore (store_id, store_name, location, manager) VALUES (%(store_id)s, %(store_name)s, %(location)s, %(manager)s)]
[parameters: [{'store_id': 'STORE513', 'store_name': 'Clinton Store', 'location': 'East Richmond', 'manager': 'Daniel Robinson'}, {'store_id': 'STORE514', 'store_name': 'Riverside Store', 'location': 'East Burlington', 'manager': 'James Smith'}, {'store_id': 'STORE515', 'store_name': 'Burlington Store', 'location': 'West Jacksontown', 'manager': 'Kimberly Roberts'}, {'store_id': 'STORE516', 'store_name': 'Clayton Store', 'location': 'East Fairview', 'manager': 'Betty Lewis'}, {'store_id': 'STORE517', 'store_name': 'Greenwood Store', 'location': 'East Salem', 'manager': 'Kevin Carter'}, {'store_id': 'STORE518', 'store_name': 'Dover Store', 'location': 'East Burlington', 'manager': 'Helen Walker'}, {'store_id': 'STORE519', 'store_name': 'Georgetown Store', 'location': 'East Franklin', 'manager': 'Christopher Garcia'}, {'store_id': 'STORE520', 'store_name': 'Burlington Store', 'location': 'East Waynetown', 'manager': 'Jennifer Garcia'}  ... displaying 10 of 380 total bound parameter sets ...  {'store_id': 'STORE998', 'store_name': 'Richmond Store', 'location': 'West Marion', 'manager': 'Steven King'}, {'store_id': 'STORE999', 'store_name': 'Troy Store', 'location': 'East Hudson', 'manager': 'Matthew Rodriguez'}]]
(Background on this error at: https://sqlalche.me/e/20/gkpj)",2025-08-22 14:42:38.977835
STORE855,Lancaster Store,East Burlingtontown,Lisa Edwards,"Database insertion failed: (pymysql.err.IntegrityError) (1062, ""Duplicate entry 'STORE513' for key 'dimstore.store_id'"")
[SQL: INSERT INTO dimstore (store_id, store_name, location, manager) VALUES (%(store_id)s, %(store_name)s, %(location)s, %(manager)s)]
[parameters: [{'store_id': 'STORE513', 'store_name': 'Clinton Store', 'location': 'East Richmond', 'manager': 'Daniel Robinson'}, {'store_id': 'STORE514', 'store_name': 'Riverside Store', 'location': 'East Burlington', 'manager': 'James Smith'}, {'store_id': 'STORE515', 'store_name': 'Burlington Store', 'location': 'West Jacksontown', 'manager': 'Kimberly Roberts'}, {'store_id': 'STORE516', 'store_name': 'Clayton Store', 'location': 'East Fairview', 'manager': 'Betty Lewis'}, {'store_id': 'STORE517', 'store_name': 'Greenwood Store', 'location': 'East Salem', 'manager': 'Kevin Carter'}, {'store_id': 'STORE518', 'store_name': 'Dover Store', 'location': 'East Burlington', 'manager': 'Helen Walker'}, {'store_id': 'STORE519', 'store_name': 'Georgetown Store', 'location': 'East Franklin', 'manager': 'Christopher Garcia'}, {'store_id': 'STORE520', 'store_name': 'Burlington Store', 'location': 'East Waynetown', 'manager': 'Jennifer Garcia'}  ... displaying 10 of 380 total bound parameter sets ...  {'store_id': 'STORE998', 'store_name': 'Richmond Store', 'location': 'West Marion', 'manager': 'Steven King'}, {'store_id': 'STORE999', 'store_name': 'Troy Store', 'location': 'East Hudson', 'manager': 'Matthew Rodriguez'}]]
(Background on this error at: https://sqlalche.me/e/20/gkpj)",2025-08-22 14:42:38.977835
STORE856,Riverside Store,West Arlington,Helen Walker,"Database insertion failed: (pymysql.err.IntegrityError) (1062, ""Duplicate entry 'STORE513' for key 'dimstore.store_id'"")
[SQL: INSERT INTO dimstore (store_id, store_name, location, manager) VALUES (%(store_id)s, %(store_name)s, %(location)s, %(manager)s)]
[parameters: [{'store_id': 'STORE513', 'store_name': 'Clinton Store', 'location': 'East Richmond', 'manager': 'Daniel Robinson'}, {'store_id': 'STORE514', 'store_name': 'Riverside Store', 'location': 'East Burlington', 'manager': 'James Smith'}, {'store_id': 'STORE515', 'store_name': 'Burlington Store', 'location': 'West Jacksontown', 'manager': 'Kimberly Roberts'}, {'store_id': 'STORE516', 'store_name': 'Clayton Store', 'location': 'East Fairview', 'manager': 'Betty Lewis'}, {'store_id': 'STORE517', 'store_name': 'Greenwood Store', 'location': 'East Salem', 'manager': 'Kevin Carter'}, {'store_id': 'STORE518', 'store_name': 'Dover Store', 'location': 'East Burlington', 'manager': 'Helen Walker'}, {'store_id': 'STORE519', 'store_name': 'Georgetown Store', 'location': 'East Franklin', 'manager': 'Christopher Garcia'}, {'store_id': 'STORE520', 'store_name': 'Burlington Store', 'location': 'East Waynetown', 'manager': 'Jennifer Garcia'}  ... displaying 10 of 380 total bound parameter sets ...  {'store_id': 'STORE998', 'store_name': 'Richmond Store', 'location': 'West Marion', 'manager': 'Steven King'}, {'store_id': 'STORE999', 'store_name': 'Troy Store', 'location': 'East Hudson', 'manager': 'Matthew Rodriguez'}]]
(Background on this error at: https://sqlalche.me/e/20/gkpj)",2025-08-22 14:42:38.977835
STORE857,Bristol Store,East Clinton,Matthew Rodriguez,"Database insertion failed: (pymysql.err.IntegrityError) (1062, ""Duplicate entry 'STORE513' for key 'dimstore.store_id'"")
[SQL: INSERT INTO dimstore (store_id, store_name, location, manager) VALUES (%(store_id)s, %(store_name)s, %(location)s, %(manager)s)]
[parameters: [{'store_id': 'STORE513', 'store_name': 'Clinton Store', 'location': 'East Richmond', 'manager': 'Daniel Robinson'}, {'store_id': 'STORE514', 'store_name': 'Riverside Store', 'location': 'East Burlington', 'manager': 'James Smith'}, {'store_id': 'STORE515', 'store_name': 'Burlington Store', 'location': 'West Jacksontown', 'manager': 'Kimberly Roberts'}, {'store_id': 'STORE516', 'store_name': 'Clayton Store', 'location': 'East Fairview', 'manager': 'Betty Lewis'}, {'store_id': 'STORE517', 'store_name': 'Greenwood Store', 'location': 'East Salem', 'manager': 'Kevin Carter'}, {'store_id': 'STORE518', 'store_name': 'Dover Store', 'location': 'East Burlington', 'manager': 'Helen Walker'}, {'store_id': 'STORE519', 'store_name': 'Georgetown Store', 'location': 'East Franklin', 'manager': 'Christopher Garcia'}, {'store_id': 'STORE520', 'store_name': 'Burlington Store', 'location': 'East Waynetown', 'manager': 'Jennifer Garcia'}  ... displaying 10 of 380 total bound parameter sets ...  {'store_id': 'STORE998', 'store_name': 'Richmond Store', 'location': 'West Marion', 'manager': 'Steven King'}, {'store_id': 'STORE999', 'store_name': 'Troy Store', 'location': 'East Hudson', 'manager': 'Matthew Rodriguez'}]]
(Background on this error at: https://sqlalche.me/e/20/gkpj)",2025-08-22 14:42:38.977835
STORE858,Georgetown Store,West Waynetown,Matthew Rodriguez,"Database insertion failed: (pymysql.err.IntegrityError) (1062, ""Duplicate entry 'STORE513' for key 'dimstore.store_id'"")
[SQL: INSERT INTO dimstore (store_id, store_name, location, manager) VALUES (%(store_id)s, %(store_name)s, %(location)s, %(manager)s)]
[parameters: [{'store_id': 'STORE513', 'store_name': 'Clinton Store', 'location': 'East Richmond', 'manager': 'Daniel Robinson'}, {'store_id': 'STORE514', 'store_name': 'Riverside Store', 'location': 'East Burlington', 'manager': 'James Smith'}, {'store_id': 'STORE515', 'store_name': 'Burlington Store', 'location': 'West Jacksontown', 'manager': 'Kimberly Roberts'}, {'store_id': 'STORE516', 'store_name': 'Clayton Store', 'location': 'East Fairview', 'manager': 'Betty Lewis'}, {'store_id': 'STORE517', 'store_name': 'Greenwood Store', 'location': 'East Salem', 'manager': 'Kevin Carter'}, {'store_id': 'STORE518', 'store_name': 'Dover Store', 'location': 'East Burlington', 'manager': 'Helen Walker'}, {'store_id': 'STORE519', 'store_name': 'Georgetown Store', 'location': 'East Franklin', 'manager': 'Christopher Garcia'}, {'store_id': 'STORE520', 'store_name': 'Burlington Store', 'location': 'East Waynetown', 'manager': 'Jennifer Garcia'}  ... displaying 10 of 380 total bound parameter sets ...  {'store_id': 'STORE998', 'store_name': 'Richmond Store', 'location': 'West Marion', 'manager': 'Steven King'}, {'store_id': 'STORE999', 'store_name': 'Troy Store', 'location': 'East Hudson', 'manager': 'Matthew Rodriguez'}]]
(Background on this error at: https://sqlalche.me/e/20/gkpj)",2025-08-22 14:42:38.977835
STORE859,Arlington Store,West Marion,Michael Miller,"Database insertion failed: (pymysql.err.IntegrityError) (1062, ""Duplicate entry 'STORE513' for key 'dimstore.store_id'"")
[SQL: INSERT INTO dimstore (store_id, store_name, location, manager) VALUES (%(store_id)s, %(store_name)s, %(location)s, %(manager)s)]
[parameters: [{'store_id': 'STORE513', 'store_name': 'Clinton Store', 'location': 'East Richmond', 'manager': 'Daniel Robinson'}, {'store_id': 'STORE514', 'store_name': 'Riverside Store', 'location': 'East Burlington', 'manager': 'James Smith'}, {'store_id': 'STORE515', 'store_name': 'Burlington Store', 'location': 'West Jacksontown', 'manager': 'Kimberly Roberts'}, {'store_id': 'STORE516', 'store_name': 'Clayton Store', 'location': 'East Fairview', 'manager': 'Betty Lewis'}, {'store_id': 'STORE517', 'store_name': 'Greenwood Store', 'location': 'East Salem', 'manager': 'Kevin Carter'}, {'store_id': 'STORE518', 'store_name': 'Dover Store', 'location': 'East Burlington', 'manager': 'Helen Walker'}, {'store_id': 'STORE519', 'store_name': 'Georgetown Store', 'location': 'East Franklin', 'manager': 'Christopher Garcia'}, {'store_id': 'STORE520', 'store_name': 'Burlington Store', 'location': 'East Waynetown', 'manager': 'Jennifer Garcia'}  ... displaying 10 of 380 total bound parameter sets ...  {'store_id': 'STORE998', 'store_name': 'Richmond Store', 'location': 'West Marion', 'manager': 'Steven King'}, {'store_id': 'STORE999', 'store_name': 'Troy Store', 'location': 'East Hudson', 'manager': 'Matthew Rodriguez'}]]
(Background on this error at: https://sqlalche.me/e/20/gkpj)",2025-08-22 14:42:38.977835
STORE860,Springfield Store,East Madison,Mary Johnson,"Database insertion failed: (pymysql.err.IntegrityError) (1062, ""Duplicate entry 'STORE513' for key 'dimstore.store_id'"")
[SQL: INSERT INTO dimstore (store_id, store_name, location, manager) VALUES (%(store_id)s, %(store_name)s, %(location)s, %(manager)s)]
[parameters: [{'store_id': 'STORE513', 'store_name': 'Clinton Store', 'location': 'East Richmond', 'manager': 'Daniel Robinson'}, {'store_id': 'STORE514', 'store_name': 'Riverside Store', 'location': 'East Burlington', 'manager': 'James Smith'}, {'store_id': 'STORE515', 'store_name': 'Burlington Store', 'location': 'West Jacksontown', 'manager': 'Kimberly Roberts'}, {'store_id': 'STORE516', 'store_name': 'Clayton Store', 'location': 'East Fairview', 'manager': 'Betty Lewis'}, {'store_id': 'STORE517', 'store_name': 'Greenwood Store', 'location': 'East Salem', 'manager': 'Kevin Carter'}, {'store_id': 'STORE518', 'store_name': 'Dover Store', 'location': 'East Burlington', 'manager': 'Helen Walker'}, {'store_id': 'STORE519', 'store_name': 'Georgetown Store', 'location': 'East Franklin', 'manager': 'Christopher Garcia'}, {'store_id': 'STORE520', 'store_name': 'Burlington Store', 'location': 'East Waynetown', 'manager': 'Jennifer Garcia'}  ... displaying 10 of 380 total bound parameter sets ...  {'store_id': 'STORE998', 'store_name': 'Richmond Store', 'location': 'West Marion', 'manager': 'Steven King'}, {'store_id': 'STORE999', 'store_name': 'Troy Store', 'location': 'East Hudson', 'manager': 'Matthew Rodriguez'}]]
(Background on this error at: https://sqlalche.me/e/20/gkpj)",2025-08-22 14:42:38.977835
STORE861,Springfield Store,East Fairview,Kenneth Gonzalez,"Database insertion failed: (pymysql.err.IntegrityError) (1062, ""Duplicate entry 'STORE513' for key 'dimstore.store_id'"")
[SQL: INSERT INTO dimstore (store_id, store_name, location, manager) VALUES (%(store_id)s, %(store_name)s, %(location)s, %(manager)s)]
[parameters: [{'store_id': 'STORE513', 'store_name': 'Clinton Store', 'location': 'East Richmond', 'manager': 'Daniel Robinson'}, {'store_id': 'STORE514', 'store_name': 'Riverside Store', 'location': 'East Burlington', 'manager': 'James Smith'}, {'store_id': 'STORE515', 'store_name': 'Burlington Store', 'location': 'West Jacksontown', 'manager': 'Kimberly Roberts'}, {'store_id': 'STORE516', 'store_name': 'Clayton Store', 'location': 'East Fairview', 'manager': 'Betty Lewis'}, {'store_id': 'STORE517', 'store_name': 'Greenwood Store', 'location': 'East Salem', 'manager': 'Kevin Carter'}, {'store_id': 'STORE518', 'store_name': 'Dover Store', 'location': 'East Burlington', 'manager': 'Helen Walker'}, {'store_id': 'STORE519', 'store_name': 'Georgetown Store', 'location': 'East Franklin', 'manager': 'Christopher Garcia'}, {'store_id': 'STORE520', 'store_name': 'Burlington Store', 'location': 'East Waynetown', 'manager': 'Jennifer Garcia'}  ... displaying 10 of 380 total bound parameter sets ...  {'store_id': 'STORE998', 'store_name': 'Richmond Store', 'location': 'West Marion', 'manager': 'Steven King'}, {'store_id': 'STORE999', 'store_name': 'Troy Store', 'location': 'East Hudson', 'manager': 'Matthew Rodriguez'}]]
(Background on this error at: https://sqlalche.me/e/20/gkpj)",2025-08-22 14:42:38.977835
STORE862,Greenwood Store,East Jackson,Susan Thomas,"Database insertion failed: (pymysql.err.IntegrityError) (1062, ""Duplicate entry 'STORE513' for key 'dimstore.store_id'"")
[SQL: INSERT INTO dimstore (store_id, store_name, location, manager) VALUES (%(store_id)s, %(store_name)s, %(location)s, %(manager)s)]
[parameters: [{'store_id': 'STORE513', 'store_name': 'Clinton Store', 'location': 'East Richmond', 'manager': 'Daniel Robinson'}, {'store_id': 'STORE514', 'store_name': 'Riverside Store', 'location': 'East Burlington', 'manager': 'James Smith'}, {'store_id': 'STORE515', 'store_name': 'Burlington Store', 'location': 'West Jacksontown', 'manager': 'Kimberly Roberts'}, {'store_id': 'STORE516', 'store_name': 'Clayton Store', 'location': 'East Fairview', 'manager': 'Betty Lewis'}, {'store_id': 'STORE517', 'store_name': 'Greenwood Store', 'location': 'East Salem', 'manager': 'Kevin Carter'}, {'store_id': 'STORE518', 'store_name': 'Dover Store', 'location': 'East Burlington', 'manager': 'Helen Walker'}, {'store_id': 'STORE519', 'store_name': 'Georgetown Store', 'location': 'East Franklin', 'manager': 'Christopher Garcia'}, {'store_id': 'STORE520', 'store_name': 'Burlington Store', 'location': 'East Waynetown', 'manager': 'Jennifer Garcia'}  ... displaying 10 of 380 total bound parameter sets ...  {'store_id': 'STORE998', 'store_name': 'Richmond Store', 'location': 'West Marion', 'manager': 'Steven King'}, {'store_id': 'STORE999', 'store_name': 'Troy Store', 'location': 'East Hudson', 'manager': 'Matthew Rodriguez'}]]
(Background on this error at: https://sqlalche.me/e/20/gkpj)",2025-08-22 14:42:38.977835
STORE863,Burlington Store,West Burlington,Brian Perez,"Database insertion failed: (pymysql.err.IntegrityError) (1062, ""Duplicate entry 'STORE513' for key 'dimstore.store_id'"")
[SQL: INSERT INTO dimstore (store_id, store_name, location, manager) VALUES (%(store_id)s, %(store_name)s, %(location)s, %(manager)s)]
[parameters: [{'store_id': 'STORE513', 'store_name': 'Clinton Store', 'location': 'East Richmond', 'manager': 'Daniel Robinson'}, {'store_id': 'STORE514', 'store_name': 'Riverside Store', 'location': 'East Burlington', 'manager': 'James Smith'}, {'store_id': 'STORE515', 'store_name': 'Burlington Store', 'location': 'West Jacksontown', 'manager': 'Kimberly Roberts'}, {'store_id': 'STORE516', 'store_name': 'Clayton Store', 'location': 'East Fairview', 'manager': 'Betty Lewis'}, {'store_id': 'STORE517', 'store_name': 'Greenwood Store', 'location': 'East Salem', 'manager': 'Kevin Carter'}, {'store_id': 'STORE518', 'store_name': 'Dover Store', 'location': 'East Burlington', 'manager': 'Helen Walker'}, {'store_id': 'STORE519', 'store_name': 'Georgetown Store', 'location': 'East Franklin', 'manager': 'Christopher Garcia'}, {'store_id': 'STORE520', 'store_name': 'Burlington Store', 'location': 'East Waynetown', 'manager': 'Jennifer Garcia'}  ... displaying 10 of 380 total bound parameter sets ...  {'store_id': 'STORE998', 'store_name': 'Richmond Store', 'location': 'West Marion', 'manager': 'Steven King'}, {'store_id': 'STORE999', 'store_name': 'Troy Store', 'location': 'East Hudson', 'manager': 'Matthew Rodriguez'}]]
(Background on this error at: https://sqlalche.me/e/20/gkpj)",2025-08-22 14:42:38.977835
STORE864,Fairview Store,West Kingston,Sarah Martin,"Database insertion failed: (pymysql.err.IntegrityError) (1062, ""Duplicate entry 'STORE513' for key 'dimstore.store_id'"")
[SQL: INSERT INTO dimstore (store_id, store_name, location, manager) VALUES (%(store_id)s, %(store_name)s, %(location)s, %(manager)s)]
[parameters: [{'store_id': 'STORE513', 'store_name': 'Clinton Store', 'location': 'East Richmond', 'manager': 'Daniel Robinson'}, {'store_id': 'STORE514', 'store_name': 'Riverside Store', 'location': 'East Burlington', 'manager': 'James Smith'}, {'store_id': 'STORE515', 'store_name': 'Burlington Store', 'location': 'West Jacksontown', 'manager': 'Kimberly Roberts'}, {'store_id': 'STORE516', 'store_name': 'Clayton Store', 'location': 'East Fairview', 'manager': 'Betty Lewis'}, {'store_id': 'STORE517', 'store_name': 'Greenwood Store', 'location': 'East Salem', 'manager': 'Kevin Carter'}, {'store_id': 'STORE518', 'store_name': 'Dover Store', 'location': 'East Burlington', 'manager': 'Helen Walker'}, {'store_id': 'STORE519', 'store_name': 'Georgetown Store', 'location': 'East Franklin', 'manager': 'Christopher Garcia'}, {'store_id': 'STORE520', 'store_name': 'Burlington Store', 'location': 'East Waynetown', 'manager': 'Jennifer Garcia'}  ... displaying 10 of 380 total bound parameter sets ...  {'store_id': 'STORE998', 'store_name': 'Richmond Store', 'location': 'West Marion', 'manager': 'Steven King'}, {'store_id': 'STORE999', 'store_name': 'Troy Store', 'location': 'East Hudson', 'manager': 'Matthew Rodriguez'}]]
(Background on this error at: https://sqlalche.me/e/20/gkpj)",2025-08-22 14:42:38.977835
STORE865,Newport Store,West Franklin,Linda Davis,"Database insertion failed: (pymysql.err.IntegrityError) (1062, ""Duplicate entry 'STORE513' for key 'dimstore.store_id'"")
[SQL: INSERT INTO dimstore (store_id, store_name, location, manager) VALUES (%(store_id)s, %(store_name)s, %(location)s, %(manager)s)]
[parameters: [{'store_id': 'STORE513', 'store_name': 'Clinton Store', 'location': 'East Richmond', 'manager': 'Daniel Robinson'}, {'store_id': 'STORE514', 'store_name': 'Riverside Store', 'location': 'East Burlington', 'manager': 'James Smith'}, {'store_id': 'STORE515', 'store_name': 'Burlington Store', 'location': 'West Jacksontown', 'manager': 'Kimberly Roberts'}, {'store_id': 'STORE516', 'store_name': 'Clayton Store', 'location': 'East Fairview', 'manager': 'Betty Lewis'}, {'store_id': 'STORE517', 'store_name': 'Greenwood Store', 'location': 'East Salem', 'manager': 'Kevin Carter'}, {'store_id': 'STORE518', 'store_name': 'Dover Store', 'location': 'East Burlington', 'manager': 'Helen Walker'}, {'store_id': 'STORE519', 'store_name': 'Georgetown Store', 'location': 'East Franklin', 'manager': 'Christopher Garcia'}, {'store_id': 'STORE520', 'store_name': 'Burlington Store', 'location': 'East Waynetown', 'manager': 'Jennifer Garcia'}  ... displaying 10 of 380 total bound parameter sets ...  {'store_id': 'STORE998', 'store_name': 'Richmond Store', 'location': 'West Marion', 'manager': 'Steven King'}, {'store_id': 'STORE999', 'store_name': 'Troy Store', 'location': 'East Hudson', 'manager': 'Matthew Rodriguez'}]]
(Background on this error at: https://sqlalche.me/e/20/gkpj)",2025-08-22 14:42:38.977835
STORE866,Arlington Store,East Claytontown,Joseph Jackson,"Database insertion failed: (pymysql.err.IntegrityError) (1062, ""Duplicate entry 'STORE513' for key 'dimstore.store_id'"")
[SQL: INSERT INTO dimstore (store_id, store_name, location, manager) VALUES (%(store_id)s, %(store_name)s, %(location)s, %(manager)s)]
[parameters: [{'store_id': 'STORE513', 'store_name': 'Clinton Store', 'location': 'East Richmond', 'manager': 'Daniel Robinson'}, {'store_id': 'STORE514', 'store_name': 'Riverside Store', 'location': 'East Burlington', 'manager': 'James Smith'}, {'store_id': 'STORE515', 'store_name': 'Burlington Store', 'location': 'West Jacksontown', 'manager': 'Kimberly Roberts'}, {'store_id': 'STORE516', 'store_name': 'Clayton Store', 'location': 'East Fairview', 'manager': 'Betty Lewis'}, {'store_id': 'STORE517', 'store_name': 'Greenwood Store', 'location': 'East Salem', 'manager': 'Kevin Carter'}, {'store_id': 'STORE518', 'store_name': 'Dover Store', 'location': 'East Burlington', 'manager': 'Helen Walker'}, {'store_id': 'STORE519', 'store_name': 'Georgetown Store', 'location': 'East Franklin', 'manager': 'Christopher Garcia'}, {'store_id': 'STORE520', 'store_name': 'Burlington Store', 'location': 'East Waynetown', 'manager': 'Jennifer Garcia'}  ... displaying 10 of 380 total bound parameter sets ...  {'store_id': 'STORE998', 'store_name': 'Richmond Store', 'location': 'West Marion', 'manager': 'Steven King'}, {'store_id': 'STORE999', 'store_name': 'Troy Store', 'location': 'East Hudson', 'manager': 'Matthew Rodriguez'}]]
(Background on this error at: https://sqlalche.me/e/20/gkpj)",2025-08-22 14:42:38.977835
STORE867,Oxford Store,East Riversidetown,Kenneth Gonzalez,"Database insertion failed: (pymysql.err.IntegrityError) (1062, ""Duplicate entry 'STORE513' for key 'dimstore.store_id'"")
[SQL: INSERT INTO dimstore (store_id, store_name, location, manager) VALUES (%(store_id)s, %(store_name)s, %(location)s, %(manager)s)]
[parameters: [{'store_id': 'STORE513', 'store_name': 'Clinton Store', 'location': 'East Richmond', 'manager': 'Daniel Robinson'}, {'store_id': 'STORE514', 'store_name': 'Riverside Store', 'location': 'East Burlington', 'manager': 'James Smith'}, {'store_id': 'STORE515', 'store_name': 'Burlington Store', 'location': 'West Jacksontown', 'manager': 'Kimberly Roberts'}, {'store_id': 'STORE516', 'store_name': 'Clayton Store', 'location': 'East Fairview', 'manager': 'Betty Lewis'}, {'store_id': 'STORE517', 'store_name': 'Greenwood Store', 'location': 'East Salem', 'manager': 'Kevin Carter'}, {'store_id': 'STORE518', 'store_name': 'Dover Store', 'location': 'East Burlington', 'manager': 'Helen Walker'}, {'store_id': 'STORE519', 'store_name': 'Georgetown Store', 'location': 'East Franklin', 'manager': 'Christopher Garcia'}, {'store_id': 'STORE520', 'store_name': 'Burlington Store', 'location': 'East Waynetown', 'manager': 'Jennifer Garcia'}  ... displaying 10 of 380 total bound parameter sets ...  {'store_id': 'STORE998', 'store_name': 'Richmond Store', 'location': 'West Marion', 'manager': 'Steven King'}, {'store_id': 'STORE999', 'store_name': 'Troy Store', 'location': 'East Hudson', 'manager': 'Matthew Rodriguez'}]]
(Background on this error at: https://sqlalche.me/e/20/gkpj)",2025-08-22 14:42:38.977835
STORE868,Manchester Store,West Springfield,Dorothy Parker,"Database insertion failed: (pymysql.err.IntegrityError) (1062, ""Duplicate entry 'STORE513' for key 'dimstore.store_id'"")
[SQL: INSERT INTO dimstore (store_id, store_name, location, manager) VALUES (%(store_id)s, %(store_name)s, %(location)s, %(manager)s)]
[parameters: [{'store_id': 'STORE513', 'store_name': 'Clinton Store', 'location': 'East Richmond', 'manager': 'Daniel Robinson'}, {'store_id': 'STORE514', 'store_name': 'Riverside Store', 'location': 'East Burlington', 'manager': 'James Smith'}, {'store_id': 'STORE515', 'store_name': 'Burlington Store', 'location': 'West Jacksontown', 'manager': 'Kimberly Roberts'}, {'store_id': 'STORE516', 'store_name': 'Clayton Store', 'location': 'East Fairview', 'manager': 'Betty Lewis'}, {'store_id': 'STORE517', 'store_name': 'Greenwood Store', 'location': 'East Salem', 'manager': 'Kevin Carter'}, {'store_id': 'STORE518', 'store_name': 'Dover Store', 'location': 'East Burlington', 'manager': 'Helen Walker'}, {'store_id': 'STORE519', 'store_name': 'Georgetown Store', 'location': 'East Franklin', 'manager': 'Christopher Garcia'}, {'store_id': 'STORE520', 'store_name': 'Burlington Store', 'location': 'East Waynetown', 'manager': 'Jennifer Garcia'}  ... displaying 10 of 380 total bound parameter sets ...  {'store_id': 'STORE998', 'store_name': 'Richmond Store', 'location': 'West Marion', 'manager': 'Steven King'}, {'store_id': 'STORE999', 'store_name': 'Troy Store', 'location': 'East Hudson', 'manager': 'Matthew Rodriguez'}]]
(Background on this error at: https://sqlalche.me/e/20/gkpj)",2025-08-22 14:42:38.977835
STORE869,Newport Store,West Burlington,Dorothy Parker,"Database insertion failed: (pymysql.err.IntegrityError) (1062, ""Duplicate entry 'STORE513' for key 'dimstore.store_id'"")
[SQL: INSERT INTO dimstore (store_id, store_name, location, manager) VALUES (%(store_id)s, %(store_name)s, %(location)s, %(manager)s)]
[parameters: [{'store_id': 'STORE513', 'store_name': 'Clinton Store', 'location': 'East Richmond', 'manager': 'Daniel Robinson'}, {'store_id': 'STORE514', 'store_name': 'Riverside Store', 'location': 'East Burlington', 'manager': 'James Smith'}, {'store_id': 'STORE515', 'store_name': 'Burlington Store', 'location': 'West Jacksontown', 'manager': 'Kimberly Roberts'}, {'store_id': 'STORE516', 'store_name': 'Clayton Store', 'location': 'East Fairview', 'manager': 'Betty Lewis'}, {'store_id': 'STORE517', 'store_name': 'Greenwood Store', 'location': 'East Salem', 'manager': 'Kevin Carter'}, {'store_id': 'STORE518', 'store_name': 'Dover Store', 'location': 'East Burlington', 'manager': 'Helen Walker'}, {'store_id': 'STORE519', 'store_name': 'Georgetown Store', 'location': 'East Franklin', 'manager': 'Christopher Garcia'}, {'store_id': 'STORE520', 'store_name': 'Burlington Store', 'location': 'East Waynetown', 'manager': 'Jennifer Garcia'}  ... displaying 10 of 380 total bound parameter sets ...  {'store_id': 'STORE998', 'store_name': 'Richmond Store', 'location': 'West Marion', 'manager': 'Steven King'}, {'store_id': 'STORE999', 'store_name': 'Troy Store', 'location': 'East Hudson', 'manager': 'Matthew Rodriguez'}]]
(Background on this error at: https://sqlalche.me/e/20/gkpj)",2025-08-22 14:42:38.977835
STORE870,Ashland Store,West Riverside,Sarah Martin,"Database insertion failed: (pymysql.err.IntegrityError) (1062, ""Duplicate entry 'STORE513' for key 'dimstore.store_id'"")
[SQL: INSERT INTO dimstore (store_id, store_name, location, manager) VALUES (%(store_id)s, %(store_name)s, %(location)s, %(manager)s)]
[parameters: [{'store_id': 'STORE513', 'store_name': 'Clinton Store', 'location': 'East Richmond', 'manager': 'Daniel Robinson'}, {'store_id': 'STORE514', 'store_name': 'Riverside Store', 'location': 'East Burlington', 'manager': 'James Smith'}, {'store_id': 'STORE515', 'store_name': 'Burlington Store', 'location': 'West Jacksontown', 'manager': 'Kimberly Roberts'}, {'store_id': 'STORE516', 'store_name': 'Clayton Store', 'location': 'East Fairview', 'manager': 'Betty Lewis'}, {'store_id': 'STORE517', 'store_name': 'Greenwood Store', 'location': 'East Salem', 'manager': 'Kevin Carter'}, {'store_id': 'STORE518', 'store_name': 'Dover Store', 'location': 'East Burlington', 'manager': 'Helen Walker'}, {'store_id': 'STORE519', 'store_name': 'Georgetown Store', 'location': 'East Franklin', 'manager': 'Christopher Garcia'}, {'store_id': 'STORE520', 'store_name': 'Burlington Store', 'location': 'East Waynetown', 'manager': 'Jennifer Garcia'}  ... displaying 10 of 380 total bound parameter sets ...  {'store_id': 'STORE998', 'store_name': 'Richmond Store', 'location': 'West Marion', 'manager': 'Steven King'}, {'store_id': 'STORE999', 'store_name': 'Troy Store', 'location': 'East Hudson', 'manager': 'Matthew Rodriguez'}]]
(Background on this error at: https://sqlalche.me/e/20/gkpj)",2025-08-22 14:42:38.977835
STORE871,Hudson Store,West Mariontown,Donna Hernandez,"Database insertion failed: (pymysql.err.IntegrityError) (1062, ""Duplicate entry 'STORE513' for key 'dimstore.store_id'"")
[SQL: INSERT INTO dimstore (store_id, store_name, location, manager) VALUES (%(store_id)s, %(store_name)s, %(location)s, %(manager)s)]
[parameters: [{'store_id': 'STORE513', 'store_name': 'Clinton Store', 'location': 'East Richmond', 'manager': 'Daniel Robinson'}, {'store_id': 'STORE514', 'store_name': 'Riverside Store', 'location': 'East Burlington', 'manager': 'James Smith'}, {'store_id': 'STORE515', 'store_name': 'Burlington Store', 'location': 'West Jacksontown', 'manager': 'Kimberly Roberts'}, {'store_id': 'STORE516', 'store_name': 'Clayton Store', 'location': 'East Fairview', 'manager': 'Betty Lewis'}, {'store_id': 'STORE517', 'store_name': 'Greenwood Store', 'location': 'East Salem', 'manager': 'Kevin Carter'}, {'store_id': 'STORE518', 'store_name': 'Dover Store', 'location': 'East Burlington', 'manager': 'Helen Walker'}, {'store_id': 'STORE519', 'store_name': 'Georgetown Store', 'location': 'East Franklin', 'manager': 'Christopher Garcia'}, {'store_id': 'STORE520', 'store_name': 'Burlington Store', 'location': 'East Waynetown', 'manager': 'Jennifer Garcia'}  ... displaying 10 of 380 total bound parameter sets ...  {'store_id': 'STORE998', 'store_name': 'Richmond Store', 'location': 'West Marion', 'manager': 'Steven King'}, {'store_id': 'STORE999', 'store_name': 'Troy Store', 'location': 'East Hudson', 'manager': 'Matthew Rodriguez'}]]
(Background on this error at: https://sqlalche.me/e/20/gkpj)",2025-08-22 14:42:38.977835
STORE872,Hudson Store,East Fairview,Robert Williams,"Database insertion failed: (pymysql.err.IntegrityError) (1062, ""Duplicate entry 'STORE513' for key 'dimstore.store_id'"")
[SQL: INSERT INTO dimstore (store_id, store_name, location, manager) VALUES (%(store_id)s, %(store_name)s, %(location)s, %(manager)s)]
[parameters: [{'store_id': 'STORE513', 'store_name': 'Clinton Store', 'location': 'East Richmond', 'manager': 'Daniel Robinson'}, {'store_id': 'STORE514', 'store_name': 'Riverside Store', 'location': 'East Burlington', 'manager': 'James Smith'}, {'store_id': 'STORE515', 'store_name': 'Burlington Store', 'location': 'West Jacksontown', 'manager': 'Kimberly Roberts'}, {'store_id': 'STORE516', 'store_name': 'Clayton Store', 'location': 'East Fairview', 'manager': 'Betty Lewis'}, {'store_id': 'STORE517', 'store_name': 'Greenwood Store', 'location': 'East Salem', 'manager': 'Kevin Carter'}, {'store_id': 'STORE518', 'store_name': 'Dover Store', 'location': 'East Burlington', 'manager': 'Helen Walker'}, {'store_id': 'STORE519', 'store_name': 'Georgetown Store', 'location': 'East Franklin', 'manager': 'Christopher Garcia'}, {'store_id': 'STORE520', 'store_name': 'Burlington Store', 'location': 'East Waynetown', 'manager': 'Jennifer Garcia'}  ... displaying 10 of 380 total bound parameter sets ...  {'store_id': 'STORE998', 'store_name': 'Richmond Store', 'location': 'West Marion', 'manager': 'Steven King'}, {'store_id': 'STORE999', 'store_name': 'Troy Store', 'location': 'East Hudson', 'manager': 'Matthew Rodriguez'}]]
(Background on this error at: https://sqlalche.me/e/20/gkpj)",2025-08-22 14:42:38.977835
STORE873,Hudson Store,East Manchester,Susan Thomas,"Database insertion failed: (pymysql.err.IntegrityError) (1062, ""Duplicate entry 'STORE513' for key 'dimstore.store_id'"")
[SQL: INSERT INTO dimstore (store_id, store_name, location, manager) VALUES (%(store_id)s, %(store_name)s, %(location)s, %(manager)s)]
[parameters: [{'store_id': 'STORE513', 'store_name': 'Clinton Store', 'location': 'East Richmond', 'manager': 'Daniel Robinson'}, {'store_id': 'STORE514', 'store_name': 'Riverside Store', 'location': 'East Burlington', 'manager': 'James Smith'}, {'store_id': 'STORE515', 'store_name': 'Burlington Store', 'location': 'West Jacksontown', 'manager': 'Kimberly Roberts'}, {'store_id': 'STORE516', 'store_name': 'Clayton Store', 'location': 'East Fairview', 'manager': 'Betty Lewis'}, {'store_id': 'STORE517', 'store_name': 'Greenwood Store', 'location': 'East Salem', 'manager': 'Kevin Carter'}, {'store_id': 'STORE518', 'store_name': 'Dover Store', 'location': 'East Burlington', 'manager': 'Helen Walker'}, {'store_id': 'STORE519', 'store_name': 'Georgetown Store', 'location': 'East Franklin', 'manager': 'Christopher Garcia'}, {'store_id': 'STORE520', 'store_name': 'Burlington Store', 'location': 'East Waynetown', 'manager': 'Jennifer Garcia'}  ... displaying 10 of 380 total bound parameter sets ...  {'store_id': 'STORE998', 'store_name': 'Richmond Store', 'location': 'West Marion', 'manager': 'Steven King'}, {'store_id': 'STORE999', 'store_name': 'Troy Store', 'location': 'East Hudson', 'manager': 'Matthew Rodriguez'}]]
(Background on this error at: https://sqlalche.me/e/20/gkpj)",2025-08-22 14:42:38.977835
STORE874,Greenwood Store,East Auburn,Kimberly Roberts,"Database insertion failed: (pymysql.err.IntegrityError) (1062, ""Duplicate entry 'STORE513' for key 'dimstore.store_id'"")
[SQL: INSERT INTO dimstore (store_id, store_name, location, manager) VALUES (%(store_id)s, %(store_name)s, %(location)s, %(manager)s)]
[parameters: [{'store_id': 'STORE513', 'store_name': 'Clinton Store', 'location': 'East Richmond', 'manager': 'Daniel Robinson'}, {'store_id': 'STORE514', 'store_name': 'Riverside Store', 'location': 'East Burlington', 'manager': 'James Smith'}, {'store_id': 'STORE515', 'store_name': 'Burlington Store', 'location': 'West Jacksontown', 'manager': 'Kimberly Roberts'}, {'store_id': 'STORE516', 'store_name': 'Clayton Store', 'location': 'East Fairview', 'manager': 'Betty Lewis'}, {'store_id': 'STORE517', 'store_name': 'Greenwood Store', 'location': 'East Salem', 'manager': 'Kevin Carter'}, {'store_id': 'STORE518', 'store_name': 'Dover Store', 'location': 'East Burlington', 'manager': 'Helen Walker'}, {'store_id': 'STORE519', 'store_name': 'Georgetown Store', 'location': 'East Franklin', 'manager': 'Christopher Garcia'}, {'store_id': 'STORE520', 'store_name': 'Burlington Store', 'location': 'East Waynetown', 'manager': 'Jennifer Garcia'}  ... displaying 10 of 380 total bound parameter sets ...  {'store_id': 'STORE998', 'store_name': 'Richmond Store', 'location': 'West Marion', 'manager': 'Steven King'}, {'store_id': 'STORE999', 'store_name': 'Troy Store', 'location': 'East Hudson', 'manager': 'Matthew Rodriguez'}]]
(Background on this error at: https://sqlalche.me/e/20/gkpj)",2025-08-22 14:42:38.977835
STORE875,Arlington Store,East Clinton,Steven King,"Database insertion failed: (pymysql.err.IntegrityError) (1062, ""Duplicate entry 'STORE513' for key 'dimstore.store_id'"")
[SQL: INSERT INTO dimstore (store_id, store_name, location, manager) VALUES (%(store_id)s, %(store_name)s, %(location)s, %(manager)s)]
[parameters: [{'store_id': 'STORE513', 'store_name': 'Clinton Store', 'location': 'East Richmond', 'manager': 'Daniel Robinson'}, {'store_id': 'STORE514', 'store_name': 'Riverside Store', 'location': 'East Burlington', 'manager': 'James Smith'}, {'store_id': 'STORE515', 'store_name': 'Burlington Store', 'location': 'West Jacksontown', 'manager': 'Kimberly Roberts'}, {'store_id': 'STORE516', 'store_name': 'Clayton Store', 'location': 'East Fairview', 'manager': 'Betty Lewis'}, {'store_id': 'STORE517', 'store_name': 'Greenwood Store', 'location': 'East Salem', 'manager': 'Kevin Carter'}, {'store_id': 'STORE518', 'store_name': 'Dover Store', 'location': 'East Burlington', 'manager': 'Helen Walker'}, {'store_id': 'STORE519', 'store_name': 'Georgetown Store', 'location': 'East Franklin', 'manager': 'Christopher Garcia'}, {'store_id': 'STORE520', 'store_name': 'Burlington Store', 'location': 'East Waynetown', 'manager': 'Jennifer Garcia'}  ... displaying 10 of 380 total bound parameter sets ...  {'store_id': 'STORE998', 'store_name': 'Richmond Store', 'location': 'West Marion', 'manager': 'Steven King'}, {'store_id': 'STORE999', 'store_name': 'Troy Store', 'location': 'East Hudson', 'manager': 'Matthew Rodriguez'}]]
(Background on this error at: https://sqlalche.me/e/20/gkpj)",2025-08-22 14:42:38.977835
STORE876,Newport Store,East Miltontown,Helen Walker,"Database insertion failed: (pymysql.err.IntegrityError) (1062, ""Duplicate entry 'STORE513' for key 'dimstore.store_id'"")
[SQL: INSERT INTO dimstore (store_id, store_name, location, manager) VALUES (%(store_id)s, %(store_name)s, %(location)s, %(manager)s)]
[parameters: [{'store_id': 'STORE513', 'store_name': 'Clinton Store', 'location': 'East Richmond', 'manager': 'Daniel Robinson'}, {'store_id': 'STORE514', 'store_name': 'Riverside Store', 'location': 'East Burlington', 'manager': 'James Smith'}, {'store_id': 'STORE515', 'store_name': 'Burlington Store', 'location': 'West Jacksontown', 'manager': 'Kimberly Roberts'}, {'store_id': 'STORE516', 'store_name': 'Clayton Store', 'location': 'East Fairview', 'manager': 'Betty Lewis'}, {'store_id': 'STORE517', 'store_name': 'Greenwood Store', 'location': 'East Salem', 'manager': 'Kevin Carter'}, {'store_id': 'STORE518', 'store_name': 'Dover Store', 'location': 'East Burlington', 'manager': 'Helen Walker'}, {'store_id': 'STORE519', 'store_name': 'Georgetown Store', 'location': 'East Franklin', 'manager': 'Christopher Garcia'}, {'store_id': 'STORE520', 'store_name': 'Burlington Store', 'location': 'East Waynetown', 'manager': 'Jennifer Garcia'}  ... displaying 10 of 380 total bound parameter sets ...  {'store_id': 'STORE998', 'store_name': 'Richmond Store', 'location': 'West Marion', 'manager': 'Steven King'}, {'store_id': 'STORE999', 'store_name': 'Troy Store', 'location': 'East Hudson', 'manager': 'Matthew Rodriguez'}]]
(Background on this error at: https://sqlalche.me/e/20/gkpj)",2025-08-22 14:42:38.977835
STORE877,Jackson Store,East Greenwood,Mary Johnson,"Database insertion failed: (pymysql.err.IntegrityError) (1062, ""Duplicate entry 'STORE513' for key 'dimstore.store_id'"")
[SQL: INSERT INTO dimstore (store_id, store_name, location, manager) VALUES (%(store_id)s, %(store_name)s, %(location)s, %(manager)s)]
[parameters: [{'store_id': 'STORE513', 'store_name': 'Clinton Store', 'location': 'East Richmond', 'manager': 'Daniel Robinson'}, {'store_id': 'STORE514', 'store_name': 'Riverside Store', 'location': 'East Burlington', 'manager': 'James Smith'}, {'store_id': 'STORE515', 'store_name': 'Burlington Store', 'location': 'West Jacksontown', 'manager': 'Kimberly Roberts'}, {'store_id': 'STORE516', 'store_name': 'Clayton Store', 'location': 'East Fairview', 'manager': 'Betty Lewis'}, {'store_id': 'STORE517', 'store_name': 'Greenwood Store', 'location': 'East Salem', 'manager': 'Kevin Carter'}, {'store_id': 'STORE518', 'store_name': 'Dover Store', 'location': 'East Burlington', 'manager': 'Helen Walker'}, {'store_id': 'STORE519', 'store_name': 'Georgetown Store', 'location': 'East Franklin', 'manager': 'Christopher Garcia'}, {'store_id': 'STORE520', 'store_name': 'Burlington Store', 'location': 'East Waynetown', 'manager': 'Jennifer Garcia'}  ... displaying 10 of 380 total bound parameter sets ...  {'store_id': 'STORE998', 'store_name': 'Richmond Store', 'location': 'West Marion', 'manager': 'Steven King'}, {'store_id': 'STORE999', 'store_name': 'Troy Store', 'location': 'East Hudson', 'manager': 'Matthew Rodriguez'}]]
(Background on this error at: https://sqlalche.me/e/20/gkpj)",2025-08-22 14:42:38.977835
STORE878,Chester Store,East Clintontown,Matthew Rodriguez,"Database insertion failed: (pymysql.err.IntegrityError) (1062, ""Duplicate entry 'STORE513' for key 'dimstore.store_id'"")
[SQL: INSERT INTO dimstore (store_id, store_name, location, manager) VALUES (%(store_id)s, %(store_name)s, %(location)s, %(manager)s)]
[parameters: [{'store_id': 'STORE513', 'store_name': 'Clinton Store', 'location': 'East Richmond', 'manager': 'Daniel Robinson'}, {'store_id': 'STORE514', 'store_name': 'Riverside Store', 'location': 'East Burlington', 'manager': 'James Smith'}, {'store_id': 'STORE515', 'store_name': 'Burlington Store', 'location': 'West Jacksontown', 'manager': 'Kimberly Roberts'}, {'store_id': 'STORE516', 'store_name': 'Clayton Store', 'location': 'East Fairview', 'manager': 'Betty Lewis'}, {'store_id': 'STORE517', 'store_name': 'Greenwood Store', 'location': 'East Salem', 'manager': 'Kevin Carter'}, {'store_id': 'STORE518', 'store_name': 'Dover Store', 'location': 'East Burlington', 'manager': 'Helen Walker'}, {'store_id': 'STORE519', 'store_name': 'Georgetown Store', 'location': 'East Franklin', 'manager': 'Christopher Garcia'}, {'store_id': 'STORE520', 'store_name': 'Burlington Store', 'location': 'East Waynetown', 'manager': 'Jennifer Garcia'}  ... displaying 10 of 380 total bound parameter sets ...  {'store_id': 'STORE998', 'store_name': 'Richmond Store', 'location': 'West Marion', 'manager': 'Steven King'}, {'store_id': 'STORE999', 'store_name': 'Troy Store', 'location': 'East Hudson', 'manager': 'Matthew Rodriguez'}]]
(Background on this error at: https://sqlalche.me/e/20/gkpj)",2025-08-22 14:42:38.977835
STORE879,Dover Store,West Ashlandtown,Emily Mitchell,"Database insertion failed: (pymysql.err.IntegrityError) (1062, ""Duplicate entry 'STORE513' for key 'dimstore.store_id'"")
[SQL: INSERT INTO dimstore (store_id, store_name, location, manager) VALUES (%(store_id)s, %(store_name)s, %(location)s, %(manager)s)]
[parameters: [{'store_id': 'STORE513', 'store_name': 'Clinton Store', 'location': 'East Richmond', 'manager': 'Daniel Robinson'}, {'store_id': 'STORE514', 'store_name': 'Riverside Store', 'location': 'East Burlington', 'manager': 'James Smith'}, {'store_id': 'STORE515', 'store_name': 'Burlington Store', 'location': 'West Jacksontown', 'manager': 'Kimberly Roberts'}, {'store_id': 'STORE516', 'store_name': 'Clayton Store', 'location': 'East Fairview', 'manager': 'Betty Lewis'}, {'store_id': 'STORE517', 'store_name': 'Greenwood Store', 'location': 'East Salem', 'manager': 'Kevin Carter'}, {'store_id': 'STORE518', 'store_name': 'Dover Store', 'location': 'East Burlington', 'manager': 'Helen Walker'}, {'store_id': 'STORE519', 'store_name': 'Georgetown Store', 'location': 'East Franklin', 'manager': 'Christopher Garcia'}, {'store_id': 'STORE520', 'store_name': 'Burlington Store', 'location': 'East Waynetown', 'manager': 'Jennifer Garcia'}  ... displaying 10 of 380 total bound parameter sets ...  {'store_id': 'STORE998', 'store_name': 'Richmond Store', 'location': 'West Marion', 'manager': 'Steven King'}, {'store_id': 'STORE999', 'store_name': 'Troy Store', 'location': 'East Hudson', 'manager': 'Matthew Rodriguez'}]]
(Background on this error at: https://sqlalche.me/e/20/gkpj)",2025-08-22 14:42:38.977835
STORE880,Springfield Store,East Auburn,James Smith,"Database insertion failed: (pymysql.err.IntegrityError) (1062, ""Duplicate entry 'STORE513' for key 'dimstore.store_id'"")
[SQL: INSERT INTO dimstore (store_id, store_name, location, manager) VALUES (%(store_id)s, %(store_name)s, %(location)s, %(manager)s)]
[parameters: [{'store_id': 'STORE513', 'store_name': 'Clinton Store', 'location': 'East Richmond', 'manager': 'Daniel Robinson'}, {'store_id': 'STORE514', 'store_name': 'Riverside Store', 'location': 'East Burlington', 'manager': 'James Smith'}, {'store_id': 'STORE515', 'store_name': 'Burlington Store', 'location': 'West Jacksontown', 'manager': 'Kimberly Roberts'}, {'store_id': 'STORE516', 'store_name': 'Clayton Store', 'location': 'East Fairview', 'manager': 'Betty Lewis'}, {'store_id': 'STORE517', 'store_name': 'Greenwood Store', 'location': 'East Salem', 'manager': 'Kevin Carter'}, {'store_id': 'STORE518', 'store_name': 'Dover Store', 'location': 'East Burlington', 'manager': 'Helen Walker'}, {'store_id': 'STORE519', 'store_name': 'Georgetown Store', 'location': 'East Franklin', 'manager': 'Christopher Garcia'}, {'store_id': 'STORE520', 'store_name': 'Burlington Store', 'location': 'East Waynetown', 'manager': 'Jennifer Garcia'}  ... displaying 10 of 380 total bound parameter sets ...  {'store_id': 'STORE998', 'store_name': 'Richmond Store', 'location': 'West Marion', 'manager': 'Steven King'}, {'store_id': 'STORE999', 'store_name': 'Troy Store', 'location': 'East Hudson', 'manager': 'Matthew Rodriguez'}]]
(Background on this error at: https://sqlalche.me/e/20/gkpj)",2025-08-22 14:42:38.977835
STORE881,Oxford Store,West Kingston,Michael Miller,"Database insertion failed: (pymysql.err.IntegrityError) (1062, ""Duplicate entry 'STORE513' for key 'dimstore.store_id'"")
[SQL: INSERT INTO dimstore (store_id, store_name, location, manager) VALUES (%(store_id)s, %(store_name)s, %(location)s, %(manager)s)]
[parameters: [{'store_id': 'STORE513', 'store_name': 'Clinton Store', 'location': 'East Richmond', 'manager': 'Daniel Robinson'}, {'store_id': 'STORE514', 'store_name': 'Riverside Store', 'location': 'East Burlington', 'manager': 'James Smith'}, {'store_id': 'STORE515', 'store_name': 'Burlington Store', 'location': 'West Jacksontown', 'manager': 'Kimberly Roberts'}, {'store_id': 'STORE516', 'store_name': 'Clayton Store', 'location': 'East Fairview', 'manager': 'Betty Lewis'}, {'store_id': 'STORE517', 'store_name': 'Greenwood Store', 'location': 'East Salem', 'manager': 'Kevin Carter'}, {'store_id': 'STORE518', 'store_name': 'Dover Store', 'location': 'East Burlington', 'manager': 'Helen Walker'}, {'store_id': 'STORE519', 'store_name': 'Georgetown Store', 'location': 'East Franklin', 'manager': 'Christopher Garcia'}, {'store_id': 'STORE520', 'store_name': 'Burlington Store', 'location': 'East Waynetown', 'manager': 'Jennifer Garcia'}  ... displaying 10 of 380 total bound parameter sets ...  {'store_id': 'STORE998', 'store_name': 'Richmond Store', 'location': 'West Marion', 'manager': 'Steven King'}, {'store_id': 'STORE999', 'store_name': 'Troy Store', 'location': 'East Hudson', 'manager': 'Matthew Rodriguez'}]]
(Background on this error at: https://sqlalche.me/e/20/gkpj)",2025-08-22 14:42:38.977835
STORE882,Kingston Store,East Arlingtontown,Jennifer Garcia,"Database insertion failed: (pymysql.err.IntegrityError) (1062, ""Duplicate entry 'STORE513' for key 'dimstore.store_id'"")
[SQL: INSERT INTO dimstore (store_id, store_name, location, manager) VALUES (%(store_id)s, %(store_name)s, %(location)s, %(manager)s)]
[parameters: [{'store_id': 'STORE513', 'store_name': 'Clinton Store', 'location': 'East Richmond', 'manager': 'Daniel Robinson'}, {'store_id': 'STORE514', 'store_name': 'Riverside Store', 'location': 'East Burlington', 'manager': 'James Smith'}, {'store_id': 'STORE515', 'store_name': 'Burlington Store', 'location': 'West Jacksontown', 'manager': 'Kimberly Roberts'}, {'store_id': 'STORE516', 'store_name': 'Clayton Store', 'location': 'East Fairview', 'manager': 'Betty Lewis'}, {'store_id': 'STORE517', 'store_name': 'Greenwood Store', 'location': 'East Salem', 'manager': 'Kevin Carter'}, {'store_id': 'STORE518', 'store_name': 'Dover Store', 'location': 'East Burlington', 'manager': 'Helen Walker'}, {'store_id': 'STORE519', 'store_name': 'Georgetown Store', 'location': 'East Franklin', 'manager': 'Christopher Garcia'}, {'store_id': 'STORE520', 'store_name': 'Burlington Store', 'location': 'East Waynetown', 'manager': 'Jennifer Garcia'}  ... displaying 10 of 380 total bound parameter sets ...  {'store_id': 'STORE998', 'store_name': 'Richmond Store', 'location': 'West Marion', 'manager': 'Steven King'}, {'store_id': 'STORE999', 'store_name': 'Troy Store', 'location': 'East Hudson', 'manager': 'Matthew Rodriguez'}]]
(Background on this error at: https://sqlalche.me/e/20/gkpj)",2025-08-22 14:42:38.977835
STORE883,Franklin Store,East Franklin,John Jones,"Database insertion failed: (pymysql.err.IntegrityError) (1062, ""Duplicate entry 'STORE513' for key 'dimstore.store_id'"")
[SQL: INSERT INTO dimstore (store_id, store_name, location, manager) VALUES (%(store_id)s, %(store_name)s, %(location)s, %(manager)s)]
[parameters: [{'store_id': 'STORE513', 'store_name': 'Clinton Store', 'location': 'East Richmond', 'manager': 'Daniel Robinson'}, {'store_id': 'STORE514', 'store_name': 'Riverside Store', 'location': 'East Burlington', 'manager': 'James Smith'}, {'store_id': 'STORE515', 'store_name': 'Burlington Store', 'location': 'West Jacksontown', 'manager': 'Kimberly Roberts'}, {'store_id': 'STORE516', 'store_name': 'Clayton Store', 'location': 'East Fairview', 'manager': 'Betty Lewis'}, {'store_id': 'STORE517', 'store_name': 'Greenwood Store', 'location': 'East Salem', 'manager': 'Kevin Carter'}, {'store_id': 'STORE518', 'store_name': 'Dover Store', 'location': 'East Burlington', 'manager': 'Helen Walker'}, {'store_id': 'STORE519', 'store_name': 'Georgetown Store', 'location': 'East Franklin', 'manager': 'Christopher Garcia'}, {'store_id': 'STORE520', 'store_name': 'Burlington Store', 'location': 'East Waynetown', 'manager': 'Jennifer Garcia'}  ... displaying 10 of 380 total bound parameter sets ...  {'store_id': 'STORE998', 'store_name': 'Richmond Store', 'location': 'West Marion', 'manager': 'Steven King'}, {'store_id': 'STORE999', 'store_name': 'Troy Store', 'location': 'East Hudson', 'manager': 'Matthew Rodriguez'}]]
(Background on this error at: https://sqlalche.me/e/20/gkpj)",2025-08-22 14:42:38.977835
STORE884,Washington Store,East Salemtown,Emily Mitchell,"Database insertion failed: (pymysql.err.IntegrityError) (1062, ""Duplicate entry 'STORE513' for key 'dimstore.store_id'"")
[SQL: INSERT INTO dimstore (store_id, store_name, location, manager) VALUES (%(store_id)s, %(store_name)s, %(location)s, %(manager)s)]
[parameters: [{'store_id': 'STORE513', 'store_name': 'Clinton Store', 'location': 'East Richmond', 'manager': 'Daniel Robinson'}, {'store_id': 'STORE514', 'store_name': 'Riverside Store', 'location': 'East Burlington', 'manager': 'James Smith'}, {'store_id': 'STORE515', 'store_name': 'Burlington Store', 'location': 'West Jacksontown', 'manager': 'Kimberly Roberts'}, {'store_id': 'STORE516', 'store_name': 'Clayton Store', 'location': 'East Fairview', 'manager': 'Betty Lewis'}, {'store_id': 'STORE517', 'store_name': 'Greenwood Store', 'location': 'East Salem', 'manager': 'Kevin Carter'}, {'store_id': 'STORE518', 'store_name': 'Dover Store', 'location': 'East Burlington', 'manager': 'Helen Walker'}, {'store_id': 'STORE519', 'store_name': 'Georgetown Store', 'location': 'East Franklin', 'manager': 'Christopher Garcia'}, {'store_id': 'STORE520', 'store_name': 'Burlington Store', 'location': 'East Waynetown', 'manager': 'Jennifer Garcia'}  ... displaying 10 of 380 total bound parameter sets ...  {'store_id': 'STORE998', 'store_name': 'Richmond Store', 'location': 'West Marion', 'manager': 'Steven King'}, {'store_id': 'STORE999', 'store_name': 'Troy Store', 'location': 'East Hudson', 'manager': 'Matthew Rodriguez'}]]
(Background on this error at: https://sqlalche.me/e/20/gkpj)",2025-08-22 14:42:38.977835
STORE885,Franklin Store,West Troy,Joseph Jackson,"Database insertion failed: (pymysql.err.IntegrityError) (1062, ""Duplicate entry 'STORE513' for key 'dimstore.store_id'"")
[SQL: INSERT INTO dimstore (store_id, store_name, location, manager) VALUES (%(store_id)s, %(store_name)s, %(location)s, %(manager)s)]
[parameters: [{'store_id': 'STORE513', 'store_name': 'Clinton Store', 'location': 'East Richmond', 'manager': 'Daniel Robinson'}, {'store_id': 'STORE514', 'store_name': 'Riverside Store', 'location': 'East Burlington', 'manager': 'James Smith'}, {'store_id': 'STORE515', 'store_name': 'Burlington Store', 'location': 'West Jacksontown', 'manager': 'Kimberly Roberts'}, {'store_id': 'STORE516', 'store_name': 'Clayton Store', 'location': 'East Fairview', 'manager': 'Betty Lewis'}, {'store_id': 'STORE517', 'store_name': 'Greenwood Store', 'location': 'East Salem', 'manager': 'Kevin Carter'}, {'store_id': 'STORE518', 'store_name': 'Dover Store', 'location': 'East Burlington', 'manager': 'Helen Walker'}, {'store_id': 'STORE519', 'store_name': 'Georgetown Store', 'location': 'East Franklin', 'manager': 'Christopher Garcia'}, {'store_id': 'STORE520', 'store_name': 'Burlington Store', 'location': 'East Waynetown', 'manager': 'Jennifer Garcia'}  ... displaying 10 of 380 total bound parameter sets ...  {'store_id': 'STORE998', 'store_name': 'Richmond Store', 'location': 'West Marion', 'manager': 'Steven King'}, {'store_id': 'STORE999', 'store_name': 'Troy Store', 'location': 'East Hudson', 'manager': 'Matthew Rodriguez'}]]
(Background on this error at: https://sqlalche.me/e/20/gkpj)",2025-08-22 14:42:38.977835
STORE886,Riverside Store,West Clayton,Helen Walker,"Database insertion failed: (pymysql.err.IntegrityError) (1062, ""Duplicate entry 'STORE513' for key 'dimstore.store_id'"")
[SQL: INSERT INTO dimstore (store_id, store_name, location, manager) VALUES (%(store_id)s, %(store_name)s, %(location)s, %(manager)s)]
[parameters: [{'store_id': 'STORE513', 'store_name': 'Clinton Store', 'location': 'East Richmond', 'manager': 'Daniel Robinson'}, {'store_id': 'STORE514', 'store_name': 'Riverside Store', 'location': 'East Burlington', 'manager': 'James Smith'}, {'store_id': 'STORE515', 'store_name': 'Burlington Store', 'location': 'West Jacksontown', 'manager': 'Kimberly Roberts'}, {'store_id': 'STORE516', 'store_name': 'Clayton Store', 'location': 'East Fairview', 'manager': 'Betty Lewis'}, {'store_id': 'STORE517', 'store_name': 'Greenwood Store', 'location': 'East Salem', 'manager': 'Kevin Carter'}, {'store_id': 'STORE518', 'store_name': 'Dover Store', 'location': 'East Burlington', 'manager': 'Helen Walker'}, {'store_id': 'STORE519', 'store_name': 'Georgetown Store', 'location': 'East Franklin', 'manager': 'Christopher Garcia'}, {'store_id': 'STORE520', 'store_name': 'Burlington Store', 'location': 'East Waynetown', 'manager': 'Jennifer Garcia'}  ... displaying 10 of 380 total bound parameter sets ...  {'store_id': 'STORE998', 'store_name': 'Richmond Store', 'location': 'West Marion', 'manager': 'Steven King'}, {'store_id': 'STORE999', 'store_name': 'Troy Store', 'location': 'East Hudson', 'manager': 'Matthew Rodriguez'}]]
(Background on this error at: https://sqlalche.me/e/20/gkpj)",2025-08-22 14:42:38.977835
STORE887,Madison Store,East Milton,James Smith,"Database insertion failed: (pymysql.err.IntegrityError) (1062, ""Duplicate entry 'STORE513' for key 'dimstore.store_id'"")
[SQL: INSERT INTO dimstore (store_id, store_name, location, manager) VALUES (%(store_id)s, %(store_name)s, %(location)s, %(manager)s)]
[parameters: [{'store_id': 'STORE513', 'store_name': 'Clinton Store', 'location': 'East Richmond', 'manager': 'Daniel Robinson'}, {'store_id': 'STORE514', 'store_name': 'Riverside Store', 'location': 'East Burlington', 'manager': 'James Smith'}, {'store_id': 'STORE515', 'store_name': 'Burlington Store', 'location': 'West Jacksontown', 'manager': 'Kimberly Roberts'}, {'store_id': 'STORE516', 'store_name': 'Clayton Store', 'location': 'East Fairview', 'manager': 'Betty Lewis'}, {'store_id': 'STORE517', 'store_name': 'Greenwood Store', 'location': 'East Salem', 'manager': 'Kevin Carter'}, {'store_id': 'STORE518', 'store_name': 'Dover Store', 'location': 'East Burlington', 'manager': 'Helen Walker'}, {'store_id': 'STORE519', 'store_name': 'Georgetown Store', 'location': 'East Franklin', 'manager': 'Christopher Garcia'}, {'store_id': 'STORE520', 'store_name': 'Burlington Store', 'location': 'East Waynetown', 'manager': 'Jennifer Garcia'}  ... displaying 10 of 380 total bound parameter sets ...  {'store_id': 'STORE998', 'store_name': 'Richmond Store', 'location': 'West Marion', 'manager': 'Steven King'}, {'store_id': 'STORE999', 'store_name': 'Troy Store', 'location': 'East Hudson', 'manager': 'Matthew Rodriguez'}]]
(Background on this error at: https://sqlalche.me/e/20/gkpj)",2025-08-22 14:42:38.977835
STORE888,Hudson Store,West Kingston,Joseph Jackson,"Database insertion failed: (pymysql.err.IntegrityError) (1062, ""Duplicate entry 'STORE513' for key 'dimstore.store_id'"")
[SQL: INSERT INTO dimstore (store_id, store_name, location, manager) VALUES (%(store_id)s, %(store_name)s, %(location)s, %(manager)s)]
[parameters: [{'store_id': 'STORE513', 'store_name': 'Clinton Store', 'location': 'East Richmond', 'manager': 'Daniel Robinson'}, {'store_id': 'STORE514', 'store_name': 'Riverside Store', 'location': 'East Burlington', 'manager': 'James Smith'}, {'store_id': 'STORE515', 'store_name': 'Burlington Store', 'location': 'West Jacksontown', 'manager': 'Kimberly Roberts'}, {'store_id': 'STORE516', 'store_name': 'Clayton Store', 'location': 'East Fairview', 'manager': 'Betty Lewis'}, {'store_id': 'STORE517', 'store_name': 'Greenwood Store', 'location': 'East Salem', 'manager': 'Kevin Carter'}, {'store_id': 'STORE518', 'store_name': 'Dover Store', 'location': 'East Burlington', 'manager': 'Helen Walker'}, {'store_id': 'STORE519', 'store_name': 'Georgetown Store', 'location': 'East Franklin', 'manager': 'Christopher Garcia'}, {'store_id': 'STORE520', 'store_name': 'Burlington Store', 'location': 'East Waynetown', 'manager': 'Jennifer Garcia'}  ... displaying 10 of 380 total bound parameter sets ...  {'store_id': 'STORE998', 'store_name': 'Richmond Store', 'location': 'West Marion', 'manager': 'Steven King'}, {'store_id': 'STORE999', 'store_name': 'Troy Store', 'location': 'East Hudson', 'manager': 'Matthew Rodriguez'}]]
(Background on this error at: https://sqlalche.me/e/20/gkpj)",2025-08-22 14:42:38.977835
STORE889,Auburn Store,East Salem,Sarah Martin,"Database insertion failed: (pymysql.err.IntegrityError) (1062, ""Duplicate entry 'STORE513' for key 'dimstore.store_id'"")
[SQL: INSERT INTO dimstore (store_id, store_name, location, manager) VALUES (%(store_id)s, %(store_name)s, %(location)s, %(manager)s)]
[parameters: [{'store_id': 'STORE513', 'store_name': 'Clinton Store', 'location': 'East Richmond', 'manager': 'Daniel Robinson'}, {'store_id': 'STORE514', 'store_name': 'Riverside Store', 'location': 'East Burlington', 'manager': 'James Smith'}, {'store_id': 'STORE515', 'store_name': 'Burlington Store', 'location': 'West Jacksontown', 'manager': 'Kimberly Roberts'}, {'store_id': 'STORE516', 'store_name': 'Clayton Store', 'location': 'East Fairview', 'manager': 'Betty Lewis'}, {'store_id': 'STORE517', 'store_name': 'Greenwood Store', 'location': 'East Salem', 'manager': 'Kevin Carter'}, {'store_id': 'STORE518', 'store_name': 'Dover Store', 'location': 'East Burlington', 'manager': 'Helen Walker'}, {'store_id': 'STORE519', 'store_name': 'Georgetown Store', 'location': 'East Franklin', 'manager': 'Christopher Garcia'}, {'store_id': 'STORE520', 'store_name': 'Burlington Store', 'location': 'East Waynetown', 'manager': 'Jennifer Garcia'}  ... displaying 10 of 380 total bound parameter sets ...  {'store_id': 'STORE998', 'store_name': 'Richmond Store', 'location': 'West Marion', 'manager': 'Steven King'}, {'store_id': 'STORE999', 'store_name': 'Troy Store', 'location': 'East Hudson', 'manager': 'Matthew Rodriguez'}]]
(Background on this error at: https://sqlalche.me/e/20/gkpj)",2025-08-22 14:42:38.977835
STORE890,Clinton Store,East Hudson,David Wilson,"Database insertion failed: (pymysql.err.IntegrityError) (1062, ""Duplicate entry 'STORE513' for key 'dimstore.store_id'"")
[SQL: INSERT INTO dimstore (store_id, store_name, location, manager) VALUES (%(store_id)s, %(store_name)s, %(location)s, %(manager)s)]
[parameters: [{'store_id': 'STORE513', 'store_name': 'Clinton Store', 'location': 'East Richmond', 'manager': 'Daniel Robinson'}, {'store_id': 'STORE514', 'store_name': 'Riverside Store', 'location': 'East Burlington', 'manager': 'James Smith'}, {'store_id': 'STORE515', 'store_name': 'Burlington Store', 'location': 'West Jacksontown', 'manager': 'Kimberly Roberts'}, {'store_id': 'STORE516', 'store_name': 'Clayton Store', 'location': 'East Fairview', 'manager': 'Betty Lewis'}, {'store_id': 'STORE517', 'store_name': 'Greenwood Store', 'location': 'East Salem', 'manager': 'Kevin Carter'}, {'store_id': 'STORE518', 'store_name': 'Dover Store', 'location': 'East Burlington', 'manager': 'Helen Walker'}, {'store_id': 'STORE519', 'store_name': 'Georgetown Store', 'location': 'East Franklin', 'manager': 'Christopher Garcia'}, {'store_id': 'STORE520', 'store_name': 'Burlington Store', 'location': 'East Waynetown', 'manager': 'Jennifer Garcia'}  ... displaying 10 of 380 total bound parameter sets ...  {'store_id': 'STORE998', 'store_name': 'Richmond Store', 'location': 'West Marion', 'manager': 'Steven King'}, {'store_id': 'STORE999', 'store_name': 'Troy Store', 'location': 'East Hudson', 'manager': 'Matthew Rodriguez'}]]
(Background on this error at: https://sqlalche.me/e/20/gkpj)",2025-08-22 14:42:38.977835
STORE891,Auburn Store,West Lancaster,Robert Williams,"Database insertion failed: (pymysql.err.IntegrityError) (1062, ""Duplicate entry 'STORE513' for key 'dimstore.store_id'"")
[SQL: INSERT INTO dimstore (store_id, store_name, location, manager) VALUES (%(store_id)s, %(store_name)s, %(location)s, %(manager)s)]
[parameters: [{'store_id': 'STORE513', 'store_name': 'Clinton Store', 'location': 'East Richmond', 'manager': 'Daniel Robinson'}, {'store_id': 'STORE514', 'store_name': 'Riverside Store', 'location': 'East Burlington', 'manager': 'James Smith'}, {'store_id': 'STORE515', 'store_name': 'Burlington Store', 'location': 'West Jacksontown', 'manager': 'Kimberly Roberts'}, {'store_id': 'STORE516', 'store_name': 'Clayton Store', 'location': 'East Fairview', 'manager': 'Betty Lewis'}, {'store_id': 'STORE517', 'store_name': 'Greenwood Store', 'location': 'East Salem', 'manager': 'Kevin Carter'}, {'store_id': 'STORE518', 'store_name': 'Dover Store', 'location': 'East Burlington', 'manager': 'Helen Walker'}, {'store_id': 'STORE519', 'store_name': 'Georgetown Store', 'location': 'East Franklin', 'manager': 'Christopher Garcia'}, {'store_id': 'STORE520', 'store_name': 'Burlington Store', 'location': 'East Waynetown', 'manager': 'Jennifer Garcia'}  ... displaying 10 of 380 total bound parameter sets ...  {'store_id': 'STORE998', 'store_name': 'Richmond Store', 'location': 'West Marion', 'manager': 'Steven King'}, {'store_id': 'STORE999', 'store_name': 'Troy Store', 'location': 'East Hudson', 'manager': 'Matthew Rodriguez'}]]
(Background on this error at: https://sqlalche.me/e/20/gkpj)",2025-08-22 14:42:38.977835
STORE892,Burlington Store,East Burlingtontown,Ronald Evans,"Database insertion failed: (pymysql.err.IntegrityError) (1062, ""Duplicate entry 'STORE513' for key 'dimstore.store_id'"")
[SQL: INSERT INTO dimstore (store_id, store_name, location, manager) VALUES (%(store_id)s, %(store_name)s, %(location)s, %(manager)s)]
[parameters: [{'store_id': 'STORE513', 'store_name': 'Clinton Store', 'location': 'East Richmond', 'manager': 'Daniel Robinson'}, {'store_id': 'STORE514', 'store_name': 'Riverside Store', 'location': 'East Burlington', 'manager': 'James Smith'}, {'store_id': 'STORE515', 'store_name': 'Burlington Store', 'location': 'West Jacksontown', 'manager': 'Kimberly Roberts'}, {'store_id': 'STORE516', 'store_name': 'Clayton Store', 'location': 'East Fairview', 'manager': 'Betty Lewis'}, {'store_id': 'STORE517', 'store_name': 'Greenwood Store', 'location': 'East Salem', 'manager': 'Kevin Carter'}, {'store_id': 'STORE518', 'store_name': 'Dover Store', 'location': 'East Burlington', 'manager': 'Helen Walker'}, {'store_id': 'STORE519', 'store_name': 'Georgetown Store', 'location': 'East Franklin', 'manager': 'Christopher Garcia'}, {'store_id': 'STORE520', 'store_name': 'Burlington Store', 'location': 'East Waynetown', 'manager': 'Jennifer Garcia'}  ... displaying 10 of 380 total bound parameter sets ...  {'store_id': 'STORE998', 'store_name': 'Richmond Store', 'location': 'West Marion', 'manager': 'Steven King'}, {'store_id': 'STORE999', 'store_name': 'Troy Store', 'location': 'East Hudson', 'manager': 'Matthew Rodriguez'}]]
(Background on this error at: https://sqlalche.me/e/20/gkpj)",2025-08-22 14:42:38.977835
STORE893,Marion Store,East Arlington,Steven King,"Database insertion failed: (pymysql.err.IntegrityError) (1062, ""Duplicate entry 'STORE513' for key 'dimstore.store_id'"")
[SQL: INSERT INTO dimstore (store_id, store_name, location, manager) VALUES (%(store_id)s, %(store_name)s, %(location)s, %(manager)s)]
[parameters: [{'store_id': 'STORE513', 'store_name': 'Clinton Store', 'location': 'East Richmond', 'manager': 'Daniel Robinson'}, {'store_id': 'STORE514', 'store_name': 'Riverside Store', 'location': 'East Burlington', 'manager': 'James Smith'}, {'store_id': 'STORE515', 'store_name': 'Burlington Store', 'location': 'West Jacksontown', 'manager': 'Kimberly Roberts'}, {'store_id': 'STORE516', 'store_name': 'Clayton Store', 'location': 'East Fairview', 'manager': 'Betty Lewis'}, {'store_id': 'STORE517', 'store_name': 'Greenwood Store', 'location': 'East Salem', 'manager': 'Kevin Carter'}, {'store_id': 'STORE518', 'store_name': 'Dover Store', 'location': 'East Burlington', 'manager': 'Helen Walker'}, {'store_id': 'STORE519', 'store_name': 'Georgetown Store', 'location': 'East Franklin', 'manager': 'Christopher Garcia'}, {'store_id': 'STORE520', 'store_name': 'Burlington Store', 'location': 'East Waynetown', 'manager': 'Jennifer Garcia'}  ... displaying 10 of 380 total bound parameter sets ...  {'store_id': 'STORE998', 'store_name': 'Richmond Store', 'location': 'West Marion', 'manager': 'Steven King'}, {'store_id': 'STORE999', 'store_name': 'Troy Store', 'location': 'East Hudson', 'manager': 'Matthew Rodriguez'}]]
(Background on this error at: https://sqlalche.me/e/20/gkpj)",2025-08-22 14:42:38.977835
STORE894,Hudson Store,East Riverside,Ruth Hill,"Database insertion failed: (pymysql.err.IntegrityError) (1062, ""Duplicate entry 'STORE513' for key 'dimstore.store_id'"")
[SQL: INSERT INTO dimstore (store_id, store_name, location, manager) VALUES (%(store_id)s, %(store_name)s, %(location)s, %(manager)s)]
[parameters: [{'store_id': 'STORE513', 'store_name': 'Clinton Store', 'location': 'East Richmond', 'manager': 'Daniel Robinson'}, {'store_id': 'STORE514', 'store_name': 'Riverside Store', 'location': 'East Burlington', 'manager': 'James Smith'}, {'store_id': 'STORE515', 'store_name': 'Burlington Store', 'location': 'West Jacksontown', 'manager': 'Kimberly Roberts'}, {'store_id': 'STORE516', 'store_name': 'Clayton Store', 'location': 'East Fairview', 'manager': 'Betty Lewis'}, {'store_id': 'STORE517', 'store_name': 'Greenwood Store', 'location': 'East Salem', 'manager': 'Kevin Carter'}, {'store_id': 'STORE518', 'store_name': 'Dover Store', 'location': 'East Burlington', 'manager': 'Helen Walker'}, {'store_id': 'STORE519', 'store_name': 'Georgetown Store', 'location': 'East Franklin', 'manager': 'Christopher Garcia'}, {'store_id': 'STORE520', 'store_name': 'Burlington Store', 'location': 'East Waynetown', 'manager': 'Jennifer Garcia'}  ... displaying 10 of 380 total bound parameter sets ...  {'store_id': 'STORE998', 'store_name': 'Richmond Store', 'location': 'West Marion', 'manager': 'Steven King'}, {'store_id': 'STORE999', 'store_name': 'Troy Store', 'location': 'East Hudson', 'manager': 'Matthew Rodriguez'}]]
(Background on this error at: https://sqlalche.me/e/20/gkpj)",2025-08-22 14:42:38.977835
STORE895,Arlington Store,West Riversidetown,Andrew Scott,"Database insertion failed: (pymysql.err.IntegrityError) (1062, ""Duplicate entry 'STORE513' for key 'dimstore.store_id'"")
[SQL: INSERT INTO dimstore (store_id, store_name, location, manager) VALUES (%(store_id)s, %(store_name)s, %(location)s, %(manager)s)]
[parameters: [{'store_id': 'STORE513', 'store_name': 'Clinton Store', 'location': 'East Richmond', 'manager': 'Daniel Robinson'}, {'store_id': 'STORE514', 'store_name': 'Riverside Store', 'location': 'East Burlington', 'manager': 'James Smith'}, {'store_id': 'STORE515', 'store_name': 'Burlington Store', 'location': 'West Jacksontown', 'manager': 'Kimberly Roberts'}, {'store_id': 'STORE516', 'store_name': 'Clayton Store', 'location': 'East Fairview', 'manager': 'Betty Lewis'}, {'store_id': 'STORE517', 'store_name': 'Greenwood Store', 'location': 'East Salem', 'manager': 'Kevin Carter'}, {'store_id': 'STORE518', 'store_name': 'Dover Store', 'location': 'East Burlington', 'manager': 'Helen Walker'}, {'store_id': 'STORE519', 'store_name': 'Georgetown Store', 'location': 'East Franklin', 'manager': 'Christopher Garcia'}, {'store_id': 'STORE520', 'store_name': 'Burlington Store', 'location': 'East Waynetown', 'manager': 'Jennifer Garcia'}  ... displaying 10 of 380 total bound parameter sets ...  {'store_id': 'STORE998', 'store_name': 'Richmond Store', 'location': 'West Marion', 'manager': 'Steven King'}, {'store_id': 'STORE999', 'store_name': 'Troy Store', 'location': 'East Hudson', 'manager': 'Matthew Rodriguez'}]]
(Background on this error at: https://sqlalche.me/e/20/gkpj)",2025-08-22 14:42:38.977835
STORE896,Auburn Store,West Chestertown,Lisa Edwards,"Database insertion failed: (pymysql.err.IntegrityError) (1062, ""Duplicate entry 'STORE513' for key 'dimstore.store_id'"")
[SQL: INSERT INTO dimstore (store_id, store_name, location, manager) VALUES (%(store_id)s, %(store_name)s, %(location)s, %(manager)s)]
[parameters: [{'store_id': 'STORE513', 'store_name': 'Clinton Store', 'location': 'East Richmond', 'manager': 'Daniel Robinson'}, {'store_id': 'STORE514', 'store_name': 'Riverside Store', 'location': 'East Burlington', 'manager': 'James Smith'}, {'store_id': 'STORE515', 'store_name': 'Burlington Store', 'location': 'West Jacksontown', 'manager': 'Kimberly Roberts'}, {'store_id': 'STORE516', 'store_name': 'Clayton Store', 'location': 'East Fairview', 'manager': 'Betty Lewis'}, {'store_id': 'STORE517', 'store_name': 'Greenwood Store', 'location': 'East Salem', 'manager': 'Kevin Carter'}, {'store_id': 'STORE518', 'store_name': 'Dover Store', 'location': 'East Burlington', 'manager': 'Helen Walker'}, {'store_id': 'STORE519', 'store_name': 'Georgetown Store', 'location': 'East Franklin', 'manager': 'Christopher Garcia'}, {'store_id': 'STORE520', 'store_name': 'Burlington Store', 'location': 'East Waynetown', 'manager': 'Jennifer Garcia'}  ... displaying 10 of 380 total bound parameter sets ...  {'store_id': 'STORE998', 'store_name': 'Richmond Store', 'location': 'West Marion', 'manager': 'Steven King'}, {'store_id': 'STORE999', 'store_name': 'Troy Store', 'location': 'East Hudson', 'manager': 'Matthew Rodriguez'}]]
(Background on this error at: https://sqlalche.me/e/20/gkpj)",2025-08-22 14:42:38.977835
STORE897,Lancaster Store,East Clayton,Ronald Evans,"Database insertion failed: (pymysql.err.IntegrityError) (1062, ""Duplicate entry 'STORE513' for key 'dimstore.store_id'"")
[SQL: INSERT INTO dimstore (store_id, store_name, location, manager) VALUES (%(store_id)s, %(store_name)s, %(location)s, %(manager)s)]
[parameters: [{'store_id': 'STORE513', 'store_name': 'Clinton Store', 'location': 'East Richmond', 'manager': 'Daniel Robinson'}, {'store_id': 'STORE514', 'store_name': 'Riverside Store', 'location': 'East Burlington', 'manager': 'James Smith'}, {'store_id': 'STORE515', 'store_name': 'Burlington Store', 'location': 'West Jacksontown', 'manager': 'Kimberly Roberts'}, {'store_id': 'STORE516', 'store_name': 'Clayton Store', 'location': 'East Fairview', 'manager': 'Betty Lewis'}, {'store_id': 'STORE517', 'store_name': 'Greenwood Store', 'location': 'East Salem', 'manager': 'Kevin Carter'}, {'store_id': 'STORE518', 'store_name': 'Dover Store', 'location': 'East Burlington', 'manager': 'Helen Walker'}, {'store_id': 'STORE519', 'store_name': 'Georgetown Store', 'location': 'East Franklin', 'manager': 'Christopher Garcia'}, {'store_id': 'STORE520', 'store_name': 'Burlington Store', 'location': 'East Waynetown', 'manager': 'Jennifer Garcia'}  ... displaying 10 of 380 total bound parameter sets ...  {'store_id': 'STORE998', 'store_name': 'Richmond Store', 'location': 'West Marion', 'manager': 'Steven King'}, {'store_id': 'STORE999', 'store_name': 'Troy Store', 'location': 'East Hudson', 'manager': 'Matthew Rodriguez'}]]
(Background on this error at: https://sqlalche.me/e/20/gkpj)",2025-08-22 14:42:38.977835
STORE898,Washington Store,East Arlington,Joseph Jackson,"Database insertion failed: (pymysql.err.IntegrityError) (1062, ""Duplicate entry 'STORE513' for key 'dimstore.store_id'"")
[SQL: INSERT INTO dimstore (store_id, store_name, location, manager) VALUES (%(store_id)s, %(store_name)s, %(location)s, %(manager)s)]
[parameters: [{'store_id': 'STORE513', 'store_name': 'Clinton Store', 'location': 'East Richmond', 'manager': 'Daniel Robinson'}, {'store_id': 'STORE514', 'store_name': 'Riverside Store', 'location': 'East Burlington', 'manager': 'James Smith'}, {'store_id': 'STORE515', 'store_name': 'Burlington Store', 'location': 'West Jacksontown', 'manager': 'Kimberly Roberts'}, {'store_id': 'STORE516', 'store_name': 'Clayton Store', 'location': 'East Fairview', 'manager': 'Betty Lewis'}, {'store_id': 'STORE517', 'store_name': 'Greenwood Store', 'location': 'East Salem', 'manager': 'Kevin Carter'}, {'store_id': 'STORE518', 'store_name': 'Dover Store', 'location': 'East Burlington', 'manager': 'Helen Walker'}, {'store_id': 'STORE519', 'store_name': 'Georgetown Store', 'location': 'East Franklin', 'manager': 'Christopher Garcia'}, {'store_id': 'STORE520', 'store_name': 'Burlington Store', 'location': 'East Waynetown', 'manager': 'Jennifer Garcia'}  ... displaying 10 of 380 total bound parameter sets ...  {'store_id': 'STORE998', 'store_name': 'Richmond Store', 'location': 'West Marion', 'manager': 'Steven King'}, {'store_id': 'STORE999', 'store_name': 'Troy Store', 'location': 'East Hudson', 'manager': 'Matthew Rodriguez'}]]
(Background on this error at: https://sqlalche.me/e/20/gkpj)",2025-08-22 14:42:38.977835
STORE899,Bristol Store,East Milton,Deborah Phillips,"Database insertion failed: (pymysql.err.IntegrityError) (1062, ""Duplicate entry 'STORE513' for key 'dimstore.store_id'"")
[SQL: INSERT INTO dimstore (store_id, store_name, location, manager) VALUES (%(store_id)s, %(store_name)s, %(location)s, %(manager)s)]
[parameters: [{'store_id': 'STORE513', 'store_name': 'Clinton Store', 'location': 'East Richmond', 'manager': 'Daniel Robinson'}, {'store_id': 'STORE514', 'store_name': 'Riverside Store', 'location': 'East Burlington', 'manager': 'James Smith'}, {'store_id': 'STORE515', 'store_name': 'Burlington Store', 'location': 'West Jacksontown', 'manager': 'Kimberly Roberts'}, {'store_id': 'STORE516', 'store_name': 'Clayton Store', 'location': 'East Fairview', 'manager': 'Betty Lewis'}, {'store_id': 'STORE517', 'store_name': 'Greenwood Store', 'location': 'East Salem', 'manager': 'Kevin Carter'}, {'store_id': 'STORE518', 'store_name': 'Dover Store', 'location': 'East Burlington', 'manager': 'Helen Walker'}, {'store_id': 'STORE519', 'store_name': 'Georgetown Store', 'location': 'East Franklin', 'manager': 'Christopher Garcia'}, {'store_id': 'STORE520', 'store_name': 'Burlington Store', 'location': 'East Waynetown', 'manager': 'Jennifer Garcia'}  ... displaying 10 of 380 total bound parameter sets ...  {'store_id': 'STORE998', 'store_name': 'Richmond Store', 'location': 'West Marion', 'manager': 'Steven King'}, {'store_id': 'STORE999', 'store_name': 'Troy Store', 'location': 'East Hudson', 'manager': 'Matthew Rodriguez'}]]
(Background on this error at: https://sqlalche.me/e/20/gkpj)",2025-08-22 14:42:38.977835
STORE900,Springfield Store,West Oxford,Lisa Clark,"Database insertion failed: (pymysql.err.IntegrityError) (1062, ""Duplicate entry 'STORE513' for key 'dimstore.store_id'"")
[SQL: INSERT INTO dimstore (store_id, store_name, location, manager) VALUES (%(store_id)s, %(store_name)s, %(location)s, %(manager)s)]
[parameters: [{'store_id': 'STORE513', 'store_name': 'Clinton Store', 'location': 'East Richmond', 'manager': 'Daniel Robinson'}, {'store_id': 'STORE514', 'store_name': 'Riverside Store', 'location': 'East Burlington', 'manager': 'James Smith'}, {'store_id': 'STORE515', 'store_name': 'Burlington Store', 'location': 'West Jacksontown', 'manager': 'Kimberly Roberts'}, {'store_id': 'STORE516', 'store_name': 'Clayton Store', 'location': 'East Fairview', 'manager': 'Betty Lewis'}, {'store_id': 'STORE517', 'store_name': 'Greenwood Store', 'location': 'East Salem', 'manager': 'Kevin Carter'}, {'store_id': 'STORE518', 'store_name': 'Dover Store', 'location': 'East Burlington', 'manager': 'Helen Walker'}, {'store_id': 'STORE519', 'store_name': 'Georgetown Store', 'location': 'East Franklin', 'manager': 'Christopher Garcia'}, {'store_id': 'STORE520', 'store_name': 'Burlington Store', 'location': 'East Waynetown', 'manager': 'Jennifer Garcia'}  ... displaying 10 of 380 total bound parameter sets ...  {'store_id': 'STORE998', 'store_name': 'Richmond Store', 'location': 'West Marion', 'manager': 'Steven King'}, {'store_id': 'STORE999', 'store_name': 'Troy Store', 'location': 'East Hudson', 'manager': 'Matthew Rodriguez'}]]
(Background on this error at: https://sqlalche.me/e/20/gkpj)",2025-08-22 14:42:38.977835
STORE901,Clinton Store,East Jackson,Emily Mitchell,"Database insertion failed: (pymysql.err.IntegrityError) (1062, ""Duplicate entry 'STORE513' for key 'dimstore.store_id'"")
[SQL: INSERT INTO dimstore (store_id, store_name, location, manager) VALUES (%(store_id)s, %(store_name)s, %(location)s, %(manager)s)]
[parameters: [{'store_id': 'STORE513', 'store_name': 'Clinton Store', 'location': 'East Richmond', 'manager': 'Daniel Robinson'}, {'store_id': 'STORE514', 'store_name': 'Riverside Store', 'location': 'East Burlington', 'manager': 'James Smith'}, {'store_id': 'STORE515', 'store_name': 'Burlington Store', 'location': 'West Jacksontown', 'manager': 'Kimberly Roberts'}, {'store_id': 'STORE516', 'store_name': 'Clayton Store', 'location': 'East Fairview', 'manager': 'Betty Lewis'}, {'store_id': 'STORE517', 'store_name': 'Greenwood Store', 'location': 'East Salem', 'manager': 'Kevin Carter'}, {'store_id': 'STORE518', 'store_name': 'Dover Store', 'location': 'East Burlington', 'manager': 'Helen Walker'}, {'store_id': 'STORE519', 'store_name': 'Georgetown Store', 'location': 'East Franklin', 'manager': 'Christopher Garcia'}, {'store_id': 'STORE520', 'store_name': 'Burlington Store', 'location': 'East Waynetown', 'manager': 'Jennifer Garcia'}  ... displaying 10 of 380 total bound parameter sets ...  {'store_id': 'STORE998', 'store_name': 'Richmond Store', 'location': 'West Marion', 'manager': 'Steven King'}, {'store_id': 'STORE999', 'store_name': 'Troy Store', 'location': 'East Hudson', 'manager': 'Matthew Rodriguez'}]]
(Background on this error at: https://sqlalche.me/e/20/gkpj)",2025-08-22 14:42:38.977835
STORE902,Kingston Store,West Milton,Emily Mitchell,"Database insertion failed: (pymysql.err.IntegrityError) (1062, ""Duplicate entry 'STORE513' for key 'dimstore.store_id'"")
[SQL: INSERT INTO dimstore (store_id, store_name, location, manager) VALUES (%(store_id)s, %(store_name)s, %(location)s, %(manager)s)]
[parameters: [{'store_id': 'STORE513', 'store_name': 'Clinton Store', 'location': 'East Richmond', 'manager': 'Daniel Robinson'}, {'store_id': 'STORE514', 'store_name': 'Riverside Store', 'location': 'East Burlington', 'manager': 'James Smith'}, {'store_id': 'STORE515', 'store_name': 'Burlington Store', 'location': 'West Jacksontown', 'manager': 'Kimberly Roberts'}, {'store_id': 'STORE516', 'store_name': 'Clayton Store', 'location': 'East Fairview', 'manager': 'Betty Lewis'}, {'store_id': 'STORE517', 'store_name': 'Greenwood Store', 'location': 'East Salem', 'manager': 'Kevin Carter'}, {'store_id': 'STORE518', 'store_name': 'Dover Store', 'location': 'East Burlington', 'manager': 'Helen Walker'}, {'store_id': 'STORE519', 'store_name': 'Georgetown Store', 'location': 'East Franklin', 'manager': 'Christopher Garcia'}, {'store_id': 'STORE520', 'store_name': 'Burlington Store', 'location': 'East Waynetown', 'manager': 'Jennifer Garcia'}  ... displaying 10 of 380 total bound parameter sets ...  {'store_id': 'STORE998', 'store_name': 'Richmond Store', 'location': 'West Marion', 'manager': 'Steven King'}, {'store_id': 'STORE999', 'store_name': 'Troy Store', 'location': 'East Hudson', 'manager': 'Matthew Rodriguez'}]]
(Background on this error at: https://sqlalche.me/e/20/gkpj)",2025-08-22 14:42:38.977835
STORE903,Burlington Store,West Richmond,Nancy Martinez,"Database insertion failed: (pymysql.err.IntegrityError) (1062, ""Duplicate entry 'STORE513' for key 'dimstore.store_id'"")
[SQL: INSERT INTO dimstore (store_id, store_name, location, manager) VALUES (%(store_id)s, %(store_name)s, %(location)s, %(manager)s)]
[parameters: [{'store_id': 'STORE513', 'store_name': 'Clinton Store', 'location': 'East Richmond', 'manager': 'Daniel Robinson'}, {'store_id': 'STORE514', 'store_name': 'Riverside Store', 'location': 'East Burlington', 'manager': 'James Smith'}, {'store_id': 'STORE515', 'store_name': 'Burlington Store', 'location': 'West Jacksontown', 'manager': 'Kimberly Roberts'}, {'store_id': 'STORE516', 'store_name': 'Clayton Store', 'location': 'East Fairview', 'manager': 'Betty Lewis'}, {'store_id': 'STORE517', 'store_name': 'Greenwood Store', 'location': 'East Salem', 'manager': 'Kevin Carter'}, {'store_id': 'STORE518', 'store_name': 'Dover Store', 'location': 'East Burlington', 'manager': 'Helen Walker'}, {'store_id': 'STORE519', 'store_name': 'Georgetown Store', 'location': 'East Franklin', 'manager': 'Christopher Garcia'}, {'store_id': 'STORE520', 'store_name': 'Burlington Store', 'location': 'East Waynetown', 'manager': 'Jennifer Garcia'}  ... displaying 10 of 380 total bound parameter sets ...  {'store_id': 'STORE998', 'store_name': 'Richmond Store', 'location': 'West Marion', 'manager': 'Steven King'}, {'store_id': 'STORE999', 'store_name': 'Troy Store', 'location': 'East Hudson', 'manager': 'Matthew Rodriguez'}]]
(Background on this error at: https://sqlalche.me/e/20/gkpj)",2025-08-22 14:42:38.977835
STORE904,Clinton Store,East Auburn,Betty Lewis,"Database insertion failed: (pymysql.err.IntegrityError) (1062, ""Duplicate entry 'STORE513' for key 'dimstore.store_id'"")
[SQL: INSERT INTO dimstore (store_id, store_name, location, manager) VALUES (%(store_id)s, %(store_name)s, %(location)s, %(manager)s)]
[parameters: [{'store_id': 'STORE513', 'store_name': 'Clinton Store', 'location': 'East Richmond', 'manager': 'Daniel Robinson'}, {'store_id': 'STORE514', 'store_name': 'Riverside Store', 'location': 'East Burlington', 'manager': 'James Smith'}, {'store_id': 'STORE515', 'store_name': 'Burlington Store', 'location': 'West Jacksontown', 'manager': 'Kimberly Roberts'}, {'store_id': 'STORE516', 'store_name': 'Clayton Store', 'location': 'East Fairview', 'manager': 'Betty Lewis'}, {'store_id': 'STORE517', 'store_name': 'Greenwood Store', 'location': 'East Salem', 'manager': 'Kevin Carter'}, {'store_id': 'STORE518', 'store_name': 'Dover Store', 'location': 'East Burlington', 'manager': 'Helen Walker'}, {'store_id': 'STORE519', 'store_name': 'Georgetown Store', 'location': 'East Franklin', 'manager': 'Christopher Garcia'}, {'store_id': 'STORE520', 'store_name': 'Burlington Store', 'location': 'East Waynetown', 'manager': 'Jennifer Garcia'}  ... displaying 10 of 380 total bound parameter sets ...  {'store_id': 'STORE998', 'store_name': 'Richmond Store', 'location': 'West Marion', 'manager': 'Steven King'}, {'store_id': 'STORE999', 'store_name': 'Troy Store', 'location': 'East Hudson', 'manager': 'Matthew Rodriguez'}]]
(Background on this error at: https://sqlalche.me/e/20/gkpj)",2025-08-22 14:42:38.977835
STORE905,Jackson Store,West Springfield,Deborah Phillips,"Database insertion failed: (pymysql.err.IntegrityError) (1062, ""Duplicate entry 'STORE513' for key 'dimstore.store_id'"")
[SQL: INSERT INTO dimstore (store_id, store_name, location, manager) VALUES (%(store_id)s, %(store_name)s, %(location)s, %(manager)s)]
[parameters: [{'store_id': 'STORE513', 'store_name': 'Clinton Store', 'location': 'East Richmond', 'manager': 'Daniel Robinson'}, {'store_id': 'STORE514', 'store_name': 'Riverside Store', 'location': 'East Burlington', 'manager': 'James Smith'}, {'store_id': 'STORE515', 'store_name': 'Burlington Store', 'location': 'West Jacksontown', 'manager': 'Kimberly Roberts'}, {'store_id': 'STORE516', 'store_name': 'Clayton Store', 'location': 'East Fairview', 'manager': 'Betty Lewis'}, {'store_id': 'STORE517', 'store_name': 'Greenwood Store', 'location': 'East Salem', 'manager': 'Kevin Carter'}, {'store_id': 'STORE518', 'store_name': 'Dover Store', 'location': 'East Burlington', 'manager': 'Helen Walker'}, {'store_id': 'STORE519', 'store_name': 'Georgetown Store', 'location': 'East Franklin', 'manager': 'Christopher Garcia'}, {'store_id': 'STORE520', 'store_name': 'Burlington Store', 'location': 'East Waynetown', 'manager': 'Jennifer Garcia'}  ... displaying 10 of 380 total bound parameter sets ...  {'store_id': 'STORE998', 'store_name': 'Richmond Store', 'location': 'West Marion', 'manager': 'Steven King'}, {'store_id': 'STORE999', 'store_name': 'Troy Store', 'location': 'East Hudson', 'manager': 'Matthew Rodriguez'}]]
(Background on this error at: https://sqlalche.me/e/20/gkpj)",2025-08-22 14:42:38.977835
STORE906,Madison Store,East Troy,Andrew Scott,"Database insertion failed: (pymysql.err.IntegrityError) (1062, ""Duplicate entry 'STORE513' for key 'dimstore.store_id'"")
[SQL: INSERT INTO dimstore (store_id, store_name, location, manager) VALUES (%(store_id)s, %(store_name)s, %(location)s, %(manager)s)]
[parameters: [{'store_id': 'STORE513', 'store_name': 'Clinton Store', 'location': 'East Richmond', 'manager': 'Daniel Robinson'}, {'store_id': 'STORE514', 'store_name': 'Riverside Store', 'location': 'East Burlington', 'manager': 'James Smith'}, {'store_id': 'STORE515', 'store_name': 'Burlington Store', 'location': 'West Jacksontown', 'manager': 'Kimberly Roberts'}, {'store_id': 'STORE516', 'store_name': 'Clayton Store', 'location': 'East Fairview', 'manager': 'Betty Lewis'}, {'store_id': 'STORE517', 'store_name': 'Greenwood Store', 'location': 'East Salem', 'manager': 'Kevin Carter'}, {'store_id': 'STORE518', 'store_name': 'Dover Store', 'location': 'East Burlington', 'manager': 'Helen Walker'}, {'store_id': 'STORE519', 'store_name': 'Georgetown Store', 'location': 'East Franklin', 'manager': 'Christopher Garcia'}, {'store_id': 'STORE520', 'store_name': 'Burlington Store', 'location': 'East Waynetown', 'manager': 'Jennifer Garcia'}  ... displaying 10 of 380 total bound parameter sets ...  {'store_id': 'STORE998', 'store_name': 'Richmond Store', 'location': 'West Marion', 'manager': 'Steven King'}, {'store_id': 'STORE999', 'store_name': 'Troy Store', 'location': 'East Hudson', 'manager': 'Matthew Rodriguez'}]]
(Background on this error at: https://sqlalche.me/e/20/gkpj)",2025-08-22 14:42:38.977835
STORE907,Franklin Store,West Manchester,Mary Johnson,"Database insertion failed: (pymysql.err.IntegrityError) (1062, ""Duplicate entry 'STORE513' for key 'dimstore.store_id'"")
[SQL: INSERT INTO dimstore (store_id, store_name, location, manager) VALUES (%(store_id)s, %(store_name)s, %(location)s, %(manager)s)]
[parameters: [{'store_id': 'STORE513', 'store_name': 'Clinton Store', 'location': 'East Richmond', 'manager': 'Daniel Robinson'}, {'store_id': 'STORE514', 'store_name': 'Riverside Store', 'location': 'East Burlington', 'manager': 'James Smith'}, {'store_id': 'STORE515', 'store_name': 'Burlington Store', 'location': 'West Jacksontown', 'manager': 'Kimberly Roberts'}, {'store_id': 'STORE516', 'store_name': 'Clayton Store', 'location': 'East Fairview', 'manager': 'Betty Lewis'}, {'store_id': 'STORE517', 'store_name': 'Greenwood Store', 'location': 'East Salem', 'manager': 'Kevin Carter'}, {'store_id': 'STORE518', 'store_name': 'Dover Store', 'location': 'East Burlington', 'manager': 'Helen Walker'}, {'store_id': 'STORE519', 'store_name': 'Georgetown Store', 'location': 'East Franklin', 'manager': 'Christopher Garcia'}, {'store_id': 'STORE520', 'store_name': 'Burlington Store', 'location': 'East Waynetown', 'manager': 'Jennifer Garcia'}  ... displaying 10 of 380 total bound parameter sets ...  {'store_id': 'STORE998', 'store_name': 'Richmond Store', 'location': 'West Marion', 'manager': 'Steven King'}, {'store_id': 'STORE999', 'store_name': 'Troy Store', 'location': 'East Hudson', 'manager': 'Matthew Rodriguez'}]]
(Background on this error at: https://sqlalche.me/e/20/gkpj)",2025-08-22 14:42:38.977835
STORE908,Auburn Store,West Manchester,Barbara Anderson,"Database insertion failed: (pymysql.err.IntegrityError) (1062, ""Duplicate entry 'STORE513' for key 'dimstore.store_id'"")
[SQL: INSERT INTO dimstore (store_id, store_name, location, manager) VALUES (%(store_id)s, %(store_name)s, %(location)s, %(manager)s)]
[parameters: [{'store_id': 'STORE513', 'store_name': 'Clinton Store', 'location': 'East Richmond', 'manager': 'Daniel Robinson'}, {'store_id': 'STORE514', 'store_name': 'Riverside Store', 'location': 'East Burlington', 'manager': 'James Smith'}, {'store_id': 'STORE515', 'store_name': 'Burlington Store', 'location': 'West Jacksontown', 'manager': 'Kimberly Roberts'}, {'store_id': 'STORE516', 'store_name': 'Clayton Store', 'location': 'East Fairview', 'manager': 'Betty Lewis'}, {'store_id': 'STORE517', 'store_name': 'Greenwood Store', 'location': 'East Salem', 'manager': 'Kevin Carter'}, {'store_id': 'STORE518', 'store_name': 'Dover Store', 'location': 'East Burlington', 'manager': 'Helen Walker'}, {'store_id': 'STORE519', 'store_name': 'Georgetown Store', 'location': 'East Franklin', 'manager': 'Christopher Garcia'}, {'store_id': 'STORE520', 'store_name': 'Burlington Store', 'location': 'East Waynetown', 'manager': 'Jennifer Garcia'}  ... displaying 10 of 380 total bound parameter sets ...  {'store_id': 'STORE998', 'store_name': 'Richmond Store', 'location': 'West Marion', 'manager': 'Steven King'}, {'store_id': 'STORE999', 'store_name': 'Troy Store', 'location': 'East Hudson', 'manager': 'Matthew Rodriguez'}]]
(Background on this error at: https://sqlalche.me/e/20/gkpj)",2025-08-22 14:42:38.977835
STORE909,Bristol Store,West Auburn,Donald Young,"Database insertion failed: (pymysql.err.IntegrityError) (1062, ""Duplicate entry 'STORE513' for key 'dimstore.store_id'"")
[SQL: INSERT INTO dimstore (store_id, store_name, location, manager) VALUES (%(store_id)s, %(store_name)s, %(location)s, %(manager)s)]
[parameters: [{'store_id': 'STORE513', 'store_name': 'Clinton Store', 'location': 'East Richmond', 'manager': 'Daniel Robinson'}, {'store_id': 'STORE514', 'store_name': 'Riverside Store', 'location': 'East Burlington', 'manager': 'James Smith'}, {'store_id': 'STORE515', 'store_name': 'Burlington Store', 'location': 'West Jacksontown', 'manager': 'Kimberly Roberts'}, {'store_id': 'STORE516', 'store_name': 'Clayton Store', 'location': 'East Fairview', 'manager': 'Betty Lewis'}, {'store_id': 'STORE517', 'store_name': 'Greenwood Store', 'location': 'East Salem', 'manager': 'Kevin Carter'}, {'store_id': 'STORE518', 'store_name': 'Dover Store', 'location': 'East Burlington', 'manager': 'Helen Walker'}, {'store_id': 'STORE519', 'store_name': 'Georgetown Store', 'location': 'East Franklin', 'manager': 'Christopher Garcia'}, {'store_id': 'STORE520', 'store_name': 'Burlington Store', 'location': 'East Waynetown', 'manager': 'Jennifer Garcia'}  ... displaying 10 of 380 total bound parameter sets ...  {'store_id': 'STORE998', 'store_name': 'Richmond Store', 'location': 'West Marion', 'manager': 'Steven King'}, {'store_id': 'STORE999', 'store_name': 'Troy Store', 'location': 'East Hudson', 'manager': 'Matthew Rodriguez'}]]
(Background on this error at: https://sqlalche.me/e/20/gkpj)",2025-08-22 14:42:38.977835
STORE910,Kingston Store,East Washington,Lisa Edwards,"Database insertion failed: (pymysql.err.IntegrityError) (1062, ""Duplicate entry 'STORE513' for key 'dimstore.store_id'"")
[SQL: INSERT INTO dimstore (store_id, store_name, location, manager) VALUES (%(store_id)s, %(store_name)s, %(location)s, %(manager)s)]
[parameters: [{'store_id': 'STORE513', 'store_name': 'Clinton Store', 'location': 'East Richmond', 'manager': 'Daniel Robinson'}, {'store_id': 'STORE514', 'store_name': 'Riverside Store', 'location': 'East Burlington', 'manager': 'James Smith'}, {'store_id': 'STORE515', 'store_name': 'Burlington Store', 'location': 'West Jacksontown', 'manager': 'Kimberly Roberts'}, {'store_id': 'STORE516', 'store_name': 'Clayton Store', 'location': 'East Fairview', 'manager': 'Betty Lewis'}, {'store_id': 'STORE517', 'store_name': 'Greenwood Store', 'location': 'East Salem', 'manager': 'Kevin Carter'}, {'store_id': 'STORE518', 'store_name': 'Dover Store', 'location': 'East Burlington', 'manager': 'Helen Walker'}, {'store_id': 'STORE519', 'store_name': 'Georgetown Store', 'location': 'East Franklin', 'manager': 'Christopher Garcia'}, {'store_id': 'STORE520', 'store_name': 'Burlington Store', 'location': 'East Waynetown', 'manager': 'Jennifer Garcia'}  ... displaying 10 of 380 total bound parameter sets ...  {'store_id': 'STORE998', 'store_name': 'Richmond Store', 'location': 'West Marion', 'manager': 'Steven King'}, {'store_id': 'STORE999', 'store_name': 'Troy Store', 'location': 'East Hudson', 'manager': 'Matthew Rodriguez'}]]
(Background on this error at: https://sqlalche.me/e/20/gkpj)",2025-08-22 14:42:38.977835
STORE911,Washington Store,East Bristol,Anthony Lee,"Database insertion failed: (pymysql.err.IntegrityError) (1062, ""Duplicate entry 'STORE513' for key 'dimstore.store_id'"")
[SQL: INSERT INTO dimstore (store_id, store_name, location, manager) VALUES (%(store_id)s, %(store_name)s, %(location)s, %(manager)s)]
[parameters: [{'store_id': 'STORE513', 'store_name': 'Clinton Store', 'location': 'East Richmond', 'manager': 'Daniel Robinson'}, {'store_id': 'STORE514', 'store_name': 'Riverside Store', 'location': 'East Burlington', 'manager': 'James Smith'}, {'store_id': 'STORE515', 'store_name': 'Burlington Store', 'location': 'West Jacksontown', 'manager': 'Kimberly Roberts'}, {'store_id': 'STORE516', 'store_name': 'Clayton Store', 'location': 'East Fairview', 'manager': 'Betty Lewis'}, {'store_id': 'STORE517', 'store_name': 'Greenwood Store', 'location': 'East Salem', 'manager': 'Kevin Carter'}, {'store_id': 'STORE518', 'store_name': 'Dover Store', 'location': 'East Burlington', 'manager': 'Helen Walker'}, {'store_id': 'STORE519', 'store_name': 'Georgetown Store', 'location': 'East Franklin', 'manager': 'Christopher Garcia'}, {'store_id': 'STORE520', 'store_name': 'Burlington Store', 'location': 'East Waynetown', 'manager': 'Jennifer Garcia'}  ... displaying 10 of 380 total bound parameter sets ...  {'store_id': 'STORE998', 'store_name': 'Richmond Store', 'location': 'West Marion', 'manager': 'Steven King'}, {'store_id': 'STORE999', 'store_name': 'Troy Store', 'location': 'East Hudson', 'manager': 'Matthew Rodriguez'}]]
(Background on this error at: https://sqlalche.me/e/20/gkpj)",2025-08-22 14:42:38.977835
STORE912,Salem Store,West Madison,Mark Hall,"Database insertion failed: (pymysql.err.IntegrityError) (1062, ""Duplicate entry 'STORE513' for key 'dimstore.store_id'"")
[SQL: INSERT INTO dimstore (store_id, store_name, location, manager) VALUES (%(store_id)s, %(store_name)s, %(location)s, %(manager)s)]
[parameters: [{'store_id': 'STORE513', 'store_name': 'Clinton Store', 'location': 'East Richmond', 'manager': 'Daniel Robinson'}, {'store_id': 'STORE514', 'store_name': 'Riverside Store', 'location': 'East Burlington', 'manager': 'James Smith'}, {'store_id': 'STORE515', 'store_name': 'Burlington Store', 'location': 'West Jacksontown', 'manager': 'Kimberly Roberts'}, {'store_id': 'STORE516', 'store_name': 'Clayton Store', 'location': 'East Fairview', 'manager': 'Betty Lewis'}, {'store_id': 'STORE517', 'store_name': 'Greenwood Store', 'location': 'East Salem', 'manager': 'Kevin Carter'}, {'store_id': 'STORE518', 'store_name': 'Dover Store', 'location': 'East Burlington', 'manager': 'Helen Walker'}, {'store_id': 'STORE519', 'store_name': 'Georgetown Store', 'location': 'East Franklin', 'manager': 'Christopher Garcia'}, {'store_id': 'STORE520', 'store_name': 'Burlington Store', 'location': 'East Waynetown', 'manager': 'Jennifer Garcia'}  ... displaying 10 of 380 total bound parameter sets ...  {'store_id': 'STORE998', 'store_name': 'Richmond Store', 'location': 'West Marion', 'manager': 'Steven King'}, {'store_id': 'STORE999', 'store_name': 'Troy Store', 'location': 'East Hudson', 'manager': 'Matthew Rodriguez'}]]
(Background on this error at: https://sqlalche.me/e/20/gkpj)",2025-08-22 14:42:38.977835
STORE913,Kingston Store,West Ashland,Barbara Anderson,"Database insertion failed: (pymysql.err.IntegrityError) (1062, ""Duplicate entry 'STORE513' for key 'dimstore.store_id'"")
[SQL: INSERT INTO dimstore (store_id, store_name, location, manager) VALUES (%(store_id)s, %(store_name)s, %(location)s, %(manager)s)]
[parameters: [{'store_id': 'STORE513', 'store_name': 'Clinton Store', 'location': 'East Richmond', 'manager': 'Daniel Robinson'}, {'store_id': 'STORE514', 'store_name': 'Riverside Store', 'location': 'East Burlington', 'manager': 'James Smith'}, {'store_id': 'STORE515', 'store_name': 'Burlington Store', 'location': 'West Jacksontown', 'manager': 'Kimberly Roberts'}, {'store_id': 'STORE516', 'store_name': 'Clayton Store', 'location': 'East Fairview', 'manager': 'Betty Lewis'}, {'store_id': 'STORE517', 'store_name': 'Greenwood Store', 'location': 'East Salem', 'manager': 'Kevin Carter'}, {'store_id': 'STORE518', 'store_name': 'Dover Store', 'location': 'East Burlington', 'manager': 'Helen Walker'}, {'store_id': 'STORE519', 'store_name': 'Georgetown Store', 'location': 'East Franklin', 'manager': 'Christopher Garcia'}, {'store_id': 'STORE520', 'store_name': 'Burlington Store', 'location': 'East Waynetown', 'manager': 'Jennifer Garcia'}  ... displaying 10 of 380 total bound parameter sets ...  {'store_id': 'STORE998', 'store_name': 'Richmond Store', 'location': 'West Marion', 'manager': 'Steven King'}, {'store_id': 'STORE999', 'store_name': 'Troy Store', 'location': 'East Hudson', 'manager': 'Matthew Rodriguez'}]]
(Background on this error at: https://sqlalche.me/e/20/gkpj)",2025-08-22 14:42:38.977835
STORE914,Hudson Store,West Madison,Joseph Jackson,"Database insertion failed: (pymysql.err.IntegrityError) (1062, ""Duplicate entry 'STORE513' for key 'dimstore.store_id'"")
[SQL: INSERT INTO dimstore (store_id, store_name, location, manager) VALUES (%(store_id)s, %(store_name)s, %(location)s, %(manager)s)]
[parameters: [{'store_id': 'STORE513', 'store_name': 'Clinton Store', 'location': 'East Richmond', 'manager': 'Daniel Robinson'}, {'store_id': 'STORE514', 'store_name': 'Riverside Store', 'location': 'East Burlington', 'manager': 'James Smith'}, {'store_id': 'STORE515', 'store_name': 'Burlington Store', 'location': 'West Jacksontown', 'manager': 'Kimberly Roberts'}, {'store_id': 'STORE516', 'store_name': 'Clayton Store', 'location': 'East Fairview', 'manager': 'Betty Lewis'}, {'store_id': 'STORE517', 'store_name': 'Greenwood Store', 'location': 'East Salem', 'manager': 'Kevin Carter'}, {'store_id': 'STORE518', 'store_name': 'Dover Store', 'location': 'East Burlington', 'manager': 'Helen Walker'}, {'store_id': 'STORE519', 'store_name': 'Georgetown Store', 'location': 'East Franklin', 'manager': 'Christopher Garcia'}, {'store_id': 'STORE520', 'store_name': 'Burlington Store', 'location': 'East Waynetown', 'manager': 'Jennifer Garcia'}  ... displaying 10 of 380 total bound parameter sets ...  {'store_id': 'STORE998', 'store_name': 'Richmond Store', 'location': 'West Marion', 'manager': 'Steven King'}, {'store_id': 'STORE999', 'store_name': 'Troy Store', 'location': 'East Hudson', 'manager': 'Matthew Rodriguez'}]]
(Background on this error at: https://sqlalche.me/e/20/gkpj)",2025-08-22 14:42:38.977835
STORE915,Franklin Store,East Troytown,Patricia Brown,"Database insertion failed: (pymysql.err.IntegrityError) (1062, ""Duplicate entry 'STORE513' for key 'dimstore.store_id'"")
[SQL: INSERT INTO dimstore (store_id, store_name, location, manager) VALUES (%(store_id)s, %(store_name)s, %(location)s, %(manager)s)]
[parameters: [{'store_id': 'STORE513', 'store_name': 'Clinton Store', 'location': 'East Richmond', 'manager': 'Daniel Robinson'}, {'store_id': 'STORE514', 'store_name': 'Riverside Store', 'location': 'East Burlington', 'manager': 'James Smith'}, {'store_id': 'STORE515', 'store_name': 'Burlington Store', 'location': 'West Jacksontown', 'manager': 'Kimberly Roberts'}, {'store_id': 'STORE516', 'store_name': 'Clayton Store', 'location': 'East Fairview', 'manager': 'Betty Lewis'}, {'store_id': 'STORE517', 'store_name': 'Greenwood Store', 'location': 'East Salem', 'manager': 'Kevin Carter'}, {'store_id': 'STORE518', 'store_name': 'Dover Store', 'location': 'East Burlington', 'manager': 'Helen Walker'}, {'store_id': 'STORE519', 'store_name': 'Georgetown Store', 'location': 'East Franklin', 'manager': 'Christopher Garcia'}, {'store_id': 'STORE520', 'store_name': 'Burlington Store', 'location': 'East Waynetown', 'manager': 'Jennifer Garcia'}  ... displaying 10 of 380 total bound parameter sets ...  {'store_id': 'STORE998', 'store_name': 'Richmond Store', 'location': 'West Marion', 'manager': 'Steven King'}, {'store_id': 'STORE999', 'store_name': 'Troy Store', 'location': 'East Hudson', 'manager': 'Matthew Rodriguez'}]]
(Background on this error at: https://sqlalche.me/e/20/gkpj)",2025-08-22 14:42:38.977835
STORE916,Clayton Store,West Riverside,Matthew Rodriguez,"Database insertion failed: (pymysql.err.IntegrityError) (1062, ""Duplicate entry 'STORE513' for key 'dimstore.store_id'"")
[SQL: INSERT INTO dimstore (store_id, store_name, location, manager) VALUES (%(store_id)s, %(store_name)s, %(location)s, %(manager)s)]
[parameters: [{'store_id': 'STORE513', 'store_name': 'Clinton Store', 'location': 'East Richmond', 'manager': 'Daniel Robinson'}, {'store_id': 'STORE514', 'store_name': 'Riverside Store', 'location': 'East Burlington', 'manager': 'James Smith'}, {'store_id': 'STORE515', 'store_name': 'Burlington Store', 'location': 'West Jacksontown', 'manager': 'Kimberly Roberts'}, {'store_id': 'STORE516', 'store_name': 'Clayton Store', 'location': 'East Fairview', 'manager': 'Betty Lewis'}, {'store_id': 'STORE517', 'store_name': 'Greenwood Store', 'location': 'East Salem', 'manager': 'Kevin Carter'}, {'store_id': 'STORE518', 'store_name': 'Dover Store', 'location': 'East Burlington', 'manager': 'Helen Walker'}, {'store_id': 'STORE519', 'store_name': 'Georgetown Store', 'location': 'East Franklin', 'manager': 'Christopher Garcia'}, {'store_id': 'STORE520', 'store_name': 'Burlington Store', 'location': 'East Waynetown', 'manager': 'Jennifer Garcia'}  ... displaying 10 of 380 total bound parameter sets ...  {'store_id': 'STORE998', 'store_name': 'Richmond Store', 'location': 'West Marion', 'manager': 'Steven King'}, {'store_id': 'STORE999', 'store_name': 'Troy Store', 'location': 'East Hudson', 'manager': 'Matthew Rodriguez'}]]
(Background on this error at: https://sqlalche.me/e/20/gkpj)",2025-08-22 14:42:38.977835
STORE917,Jackson Store,East Hudson,Daniel Robinson,"Database insertion failed: (pymysql.err.IntegrityError) (1062, ""Duplicate entry 'STORE513' for key 'dimstore.store_id'"")
[SQL: INSERT INTO dimstore (store_id, store_name, location, manager) VALUES (%(store_id)s, %(store_name)s, %(location)s, %(manager)s)]
[parameters: [{'store_id': 'STORE513', 'store_name': 'Clinton Store', 'location': 'East Richmond', 'manager': 'Daniel Robinson'}, {'store_id': 'STORE514', 'store_name': 'Riverside Store', 'location': 'East Burlington', 'manager': 'James Smith'}, {'store_id': 'STORE515', 'store_name': 'Burlington Store', 'location': 'West Jacksontown', 'manager': 'Kimberly Roberts'}, {'store_id': 'STORE516', 'store_name': 'Clayton Store', 'location': 'East Fairview', 'manager': 'Betty Lewis'}, {'store_id': 'STORE517', 'store_name': 'Greenwood Store', 'location': 'East Salem', 'manager': 'Kevin Carter'}, {'store_id': 'STORE518', 'store_name': 'Dover Store', 'location': 'East Burlington', 'manager': 'Helen Walker'}, {'store_id': 'STORE519', 'store_name': 'Georgetown Store', 'location': 'East Franklin', 'manager': 'Christopher Garcia'}, {'store_id': 'STORE520', 'store_name': 'Burlington Store', 'location': 'East Waynetown', 'manager': 'Jennifer Garcia'}  ... displaying 10 of 380 total bound parameter sets ...  {'store_id': 'STORE998', 'store_name': 'Richmond Store', 'location': 'West Marion', 'manager': 'Steven King'}, {'store_id': 'STORE999', 'store_name': 'Troy Store', 'location': 'East Hudson', 'manager': 'Matthew Rodriguez'}]]
(Background on this error at: https://sqlalche.me/e/20/gkpj)",2025-08-22 14:42:38.977835
STORE918,Ashland Store,East Arlington,Edward Campbell,"Database insertion failed: (pymysql.err.IntegrityError) (1062, ""Duplicate entry 'STORE513' for key 'dimstore.store_id'"")
[SQL: INSERT INTO dimstore (store_id, store_name, location, manager) VALUES (%(store_id)s, %(store_name)s, %(location)s, %(manager)s)]
[parameters: [{'store_id': 'STORE513', 'store_name': 'Clinton Store', 'location': 'East Richmond', 'manager': 'Daniel Robinson'}, {'store_id': 'STORE514', 'store_name': 'Riverside Store', 'location': 'East Burlington', 'manager': 'James Smith'}, {'store_id': 'STORE515', 'store_name': 'Burlington Store', 'location': 'West Jacksontown', 'manager': 'Kimberly Roberts'}, {'store_id': 'STORE516', 'store_name': 'Clayton Store', 'location': 'East Fairview', 'manager': 'Betty Lewis'}, {'store_id': 'STORE517', 'store_name': 'Greenwood Store', 'location': 'East Salem', 'manager': 'Kevin Carter'}, {'store_id': 'STORE518', 'store_name': 'Dover Store', 'location': 'East Burlington', 'manager': 'Helen Walker'}, {'store_id': 'STORE519', 'store_name': 'Georgetown Store', 'location': 'East Franklin', 'manager': 'Christopher Garcia'}, {'store_id': 'STORE520', 'store_name': 'Burlington Store', 'location': 'East Waynetown', 'manager': 'Jennifer Garcia'}  ... displaying 10 of 380 total bound parameter sets ...  {'store_id': 'STORE998', 'store_name': 'Richmond Store', 'location': 'West Marion', 'manager': 'Steven King'}, {'store_id': 'STORE999', 'store_name': 'Troy Store', 'location': 'East Hudson', 'manager': 'Matthew Rodriguez'}]]
(Background on this error at: https://sqlalche.me/e/20/gkpj)",2025-08-22 14:42:38.977835
STORE919,Jackson Store,East Clinton,Mary Johnson,"Database insertion failed: (pymysql.err.IntegrityError) (1062, ""Duplicate entry 'STORE513' for key 'dimstore.store_id'"")
[SQL: INSERT INTO dimstore (store_id, store_name, location, manager) VALUES (%(store_id)s, %(store_name)s, %(location)s, %(manager)s)]
[parameters: [{'store_id': 'STORE513', 'store_name': 'Clinton Store', 'location': 'East Richmond', 'manager': 'Daniel Robinson'}, {'store_id': 'STORE514', 'store_name': 'Riverside Store', 'location': 'East Burlington', 'manager': 'James Smith'}, {'store_id': 'STORE515', 'store_name': 'Burlington Store', 'location': 'West Jacksontown', 'manager': 'Kimberly Roberts'}, {'store_id': 'STORE516', 'store_name': 'Clayton Store', 'location': 'East Fairview', 'manager': 'Betty Lewis'}, {'store_id': 'STORE517', 'store_name': 'Greenwood Store', 'location': 'East Salem', 'manager': 'Kevin Carter'}, {'store_id': 'STORE518', 'store_name': 'Dover Store', 'location': 'East Burlington', 'manager': 'Helen Walker'}, {'store_id': 'STORE519', 'store_name': 'Georgetown Store', 'location': 'East Franklin', 'manager': 'Christopher Garcia'}, {'store_id': 'STORE520', 'store_name': 'Burlington Store', 'location': 'East Waynetown', 'manager': 'Jennifer Garcia'}  ... displaying 10 of 380 total bound parameter sets ...  {'store_id': 'STORE998', 'store_name': 'Richmond Store', 'location': 'West Marion', 'manager': 'Steven King'}, {'store_id': 'STORE999', 'store_name': 'Troy Store', 'location': 'East Hudson', 'manager': 'Matthew Rodriguez'}]]
(Background on this error at: https://sqlalche.me/e/20/gkpj)",2025-08-22 14:42:38.977835
STORE920,Dover Store,West Newport,Barbara Anderson,"Database insertion failed: (pymysql.err.IntegrityError) (1062, ""Duplicate entry 'STORE513' for key 'dimstore.store_id'"")
[SQL: INSERT INTO dimstore (store_id, store_name, location, manager) VALUES (%(store_id)s, %(store_name)s, %(location)s, %(manager)s)]
[parameters: [{'store_id': 'STORE513', 'store_name': 'Clinton Store', 'location': 'East Richmond', 'manager': 'Daniel Robinson'}, {'store_id': 'STORE514', 'store_name': 'Riverside Store', 'location': 'East Burlington', 'manager': 'James Smith'}, {'store_id': 'STORE515', 'store_name': 'Burlington Store', 'location': 'West Jacksontown', 'manager': 'Kimberly Roberts'}, {'store_id': 'STORE516', 'store_name': 'Clayton Store', 'location': 'East Fairview', 'manager': 'Betty Lewis'}, {'store_id': 'STORE517', 'store_name': 'Greenwood Store', 'location': 'East Salem', 'manager': 'Kevin Carter'}, {'store_id': 'STORE518', 'store_name': 'Dover Store', 'location': 'East Burlington', 'manager': 'Helen Walker'}, {'store_id': 'STORE519', 'store_name': 'Georgetown Store', 'location': 'East Franklin', 'manager': 'Christopher Garcia'}, {'store_id': 'STORE520', 'store_name': 'Burlington Store', 'location': 'East Waynetown', 'manager': 'Jennifer Garcia'}  ... displaying 10 of 380 total bound parameter sets ...  {'store_id': 'STORE998', 'store_name': 'Richmond Store', 'location': 'West Marion', 'manager': 'Steven King'}, {'store_id': 'STORE999', 'store_name': 'Troy Store', 'location': 'East Hudson', 'manager': 'Matthew Rodriguez'}]]
(Background on this error at: https://sqlalche.me/e/20/gkpj)",2025-08-22 14:42:38.977835
STORE921,Manchester Store,West Madison,Carol Wright,"Database insertion failed: (pymysql.err.IntegrityError) (1062, ""Duplicate entry 'STORE513' for key 'dimstore.store_id'"")
[SQL: INSERT INTO dimstore (store_id, store_name, location, manager) VALUES (%(store_id)s, %(store_name)s, %(location)s, %(manager)s)]
[parameters: [{'store_id': 'STORE513', 'store_name': 'Clinton Store', 'location': 'East Richmond', 'manager': 'Daniel Robinson'}, {'store_id': 'STORE514', 'store_name': 'Riverside Store', 'location': 'East Burlington', 'manager': 'James Smith'}, {'store_id': 'STORE515', 'store_name': 'Burlington Store', 'location': 'West Jacksontown', 'manager': 'Kimberly Roberts'}, {'store_id': 'STORE516', 'store_name': 'Clayton Store', 'location': 'East Fairview', 'manager': 'Betty Lewis'}, {'store_id': 'STORE517', 'store_name': 'Greenwood Store', 'location': 'East Salem', 'manager': 'Kevin Carter'}, {'store_id': 'STORE518', 'store_name': 'Dover Store', 'location': 'East Burlington', 'manager': 'Helen Walker'}, {'store_id': 'STORE519', 'store_name': 'Georgetown Store', 'location': 'East Franklin', 'manager': 'Christopher Garcia'}, {'store_id': 'STORE520', 'store_name': 'Burlington Store', 'location': 'East Waynetown', 'manager': 'Jennifer Garcia'}  ... displaying 10 of 380 total bound parameter sets ...  {'store_id': 'STORE998', 'store_name': 'Richmond Store', 'location': 'West Marion', 'manager': 'Steven King'}, {'store_id': 'STORE999', 'store_name': 'Troy Store', 'location': 'East Hudson', 'manager': 'Matthew Rodriguez'}]]
(Background on this error at: https://sqlalche.me/e/20/gkpj)",2025-08-22 14:42:38.977835
STORE922,Auburn Store,East Marion,Elizabeth Martinez,"Database insertion failed: (pymysql.err.IntegrityError) (1062, ""Duplicate entry 'STORE513' for key 'dimstore.store_id'"")
[SQL: INSERT INTO dimstore (store_id, store_name, location, manager) VALUES (%(store_id)s, %(store_name)s, %(location)s, %(manager)s)]
[parameters: [{'store_id': 'STORE513', 'store_name': 'Clinton Store', 'location': 'East Richmond', 'manager': 'Daniel Robinson'}, {'store_id': 'STORE514', 'store_name': 'Riverside Store', 'location': 'East Burlington', 'manager': 'James Smith'}, {'store_id': 'STORE515', 'store_name': 'Burlington Store', 'location': 'West Jacksontown', 'manager': 'Kimberly Roberts'}, {'store_id': 'STORE516', 'store_name': 'Clayton Store', 'location': 'East Fairview', 'manager': 'Betty Lewis'}, {'store_id': 'STORE517', 'store_name': 'Greenwood Store', 'location': 'East Salem', 'manager': 'Kevin Carter'}, {'store_id': 'STORE518', 'store_name': 'Dover Store', 'location': 'East Burlington', 'manager': 'Helen Walker'}, {'store_id': 'STORE519', 'store_name': 'Georgetown Store', 'location': 'East Franklin', 'manager': 'Christopher Garcia'}, {'store_id': 'STORE520', 'store_name': 'Burlington Store', 'location': 'East Waynetown', 'manager': 'Jennifer Garcia'}  ... displaying 10 of 380 total bound parameter sets ...  {'store_id': 'STORE998', 'store_name': 'Richmond Store', 'location': 'West Marion', 'manager': 'Steven King'}, {'store_id': 'STORE999', 'store_name': 'Troy Store', 'location': 'East Hudson', 'manager': 'Matthew Rodriguez'}]]
(Background on this error at: https://sqlalche.me/e/20/gkpj)",2025-08-22 14:42:38.977835
STORE923,Manchester Store,East Milton,Mark Hall,"Database insertion failed: (pymysql.err.IntegrityError) (1062, ""Duplicate entry 'STORE513' for key 'dimstore.store_id'"")
[SQL: INSERT INTO dimstore (store_id, store_name, location, manager) VALUES (%(store_id)s, %(store_name)s, %(location)s, %(manager)s)]
[parameters: [{'store_id': 'STORE513', 'store_name': 'Clinton Store', 'location': 'East Richmond', 'manager': 'Daniel Robinson'}, {'store_id': 'STORE514', 'store_name': 'Riverside Store', 'location': 'East Burlington', 'manager': 'James Smith'}, {'store_id': 'STORE515', 'store_name': 'Burlington Store', 'location': 'West Jacksontown', 'manager': 'Kimberly Roberts'}, {'store_id': 'STORE516', 'store_name': 'Clayton Store', 'location': 'East Fairview', 'manager': 'Betty Lewis'}, {'store_id': 'STORE517', 'store_name': 'Greenwood Store', 'location': 'East Salem', 'manager': 'Kevin Carter'}, {'store_id': 'STORE518', 'store_name': 'Dover Store', 'location': 'East Burlington', 'manager': 'Helen Walker'}, {'store_id': 'STORE519', 'store_name': 'Georgetown Store', 'location': 'East Franklin', 'manager': 'Christopher Garcia'}, {'store_id': 'STORE520', 'store_name': 'Burlington Store', 'location': 'East Waynetown', 'manager': 'Jennifer Garcia'}  ... displaying 10 of 380 total bound parameter sets ...  {'store_id': 'STORE998', 'store_name': 'Richmond Store', 'location': 'West Marion', 'manager': 'Steven King'}, {'store_id': 'STORE999', 'store_name': 'Troy Store', 'location': 'East Hudson', 'manager': 'Matthew Rodriguez'}]]
(Background on this error at: https://sqlalche.me/e/20/gkpj)",2025-08-22 14:42:38.977835
STORE924,Manchester Store,West Kingstontown,Andrew Scott,"Database insertion failed: (pymysql.err.IntegrityError) (1062, ""Duplicate entry 'STORE513' for key 'dimstore.store_id'"")
[SQL: INSERT INTO dimstore (store_id, store_name, location, manager) VALUES (%(store_id)s, %(store_name)s, %(location)s, %(manager)s)]
[parameters: [{'store_id': 'STORE513', 'store_name': 'Clinton Store', 'location': 'East Richmond', 'manager': 'Daniel Robinson'}, {'store_id': 'STORE514', 'store_name': 'Riverside Store', 'location': 'East Burlington', 'manager': 'James Smith'}, {'store_id': 'STORE515', 'store_name': 'Burlington Store', 'location': 'West Jacksontown', 'manager': 'Kimberly Roberts'}, {'store_id': 'STORE516', 'store_name': 'Clayton Store', 'location': 'East Fairview', 'manager': 'Betty Lewis'}, {'store_id': 'STORE517', 'store_name': 'Greenwood Store', 'location': 'East Salem', 'manager': 'Kevin Carter'}, {'store_id': 'STORE518', 'store_name': 'Dover Store', 'location': 'East Burlington', 'manager': 'Helen Walker'}, {'store_id': 'STORE519', 'store_name': 'Georgetown Store', 'location': 'East Franklin', 'manager': 'Christopher Garcia'}, {'store_id': 'STORE520', 'store_name': 'Burlington Store', 'location': 'East Waynetown', 'manager': 'Jennifer Garcia'}  ... displaying 10 of 380 total bound parameter sets ...  {'store_id': 'STORE998', 'store_name': 'Richmond Store', 'location': 'West Marion', 'manager': 'Steven King'}, {'store_id': 'STORE999', 'store_name': 'Troy Store', 'location': 'East Hudson', 'manager': 'Matthew Rodriguez'}]]
(Background on this error at: https://sqlalche.me/e/20/gkpj)",2025-08-22 14:42:38.977835
STORE925,Lancaster Store,East Manchester,Michael Miller,"Database insertion failed: (pymysql.err.IntegrityError) (1062, ""Duplicate entry 'STORE513' for key 'dimstore.store_id'"")
[SQL: INSERT INTO dimstore (store_id, store_name, location, manager) VALUES (%(store_id)s, %(store_name)s, %(location)s, %(manager)s)]
[parameters: [{'store_id': 'STORE513', 'store_name': 'Clinton Store', 'location': 'East Richmond', 'manager': 'Daniel Robinson'}, {'store_id': 'STORE514', 'store_name': 'Riverside Store', 'location': 'East Burlington', 'manager': 'James Smith'}, {'store_id': 'STORE515', 'store_name': 'Burlington Store', 'location': 'West Jacksontown', 'manager': 'Kimberly Roberts'}, {'store_id': 'STORE516', 'store_name': 'Clayton Store', 'location': 'East Fairview', 'manager': 'Betty Lewis'}, {'store_id': 'STORE517', 'store_name': 'Greenwood Store', 'location': 'East Salem', 'manager': 'Kevin Carter'}, {'store_id': 'STORE518', 'store_name': 'Dover Store', 'location': 'East Burlington', 'manager': 'Helen Walker'}, {'store_id': 'STORE519', 'store_name': 'Georgetown Store', 'location': 'East Franklin', 'manager': 'Christopher Garcia'}, {'store_id': 'STORE520', 'store_name': 'Burlington Store', 'location': 'East Waynetown', 'manager': 'Jennifer Garcia'}  ... displaying 10 of 380 total bound parameter sets ...  {'store_id': 'STORE998', 'store_name': 'Richmond Store', 'location': 'West Marion', 'manager': 'Steven King'}, {'store_id': 'STORE999', 'store_name': 'Troy Store', 'location': 'East Hudson', 'manager': 'Matthew Rodriguez'}]]
(Background on this error at: https://sqlalche.me/e/20/gkpj)",2025-08-22 14:42:38.977835
STORE926,Hudson Store,West Chester,Sharon Green,"Database insertion failed: (pymysql.err.IntegrityError) (1062, ""Duplicate entry 'STORE513' for key 'dimstore.store_id'"")
[SQL: INSERT INTO dimstore (store_id, store_name, location, manager) VALUES (%(store_id)s, %(store_name)s, %(location)s, %(manager)s)]
[parameters: [{'store_id': 'STORE513', 'store_name': 'Clinton Store', 'location': 'East Richmond', 'manager': 'Daniel Robinson'}, {'store_id': 'STORE514', 'store_name': 'Riverside Store', 'location': 'East Burlington', 'manager': 'James Smith'}, {'store_id': 'STORE515', 'store_name': 'Burlington Store', 'location': 'West Jacksontown', 'manager': 'Kimberly Roberts'}, {'store_id': 'STORE516', 'store_name': 'Clayton Store', 'location': 'East Fairview', 'manager': 'Betty Lewis'}, {'store_id': 'STORE517', 'store_name': 'Greenwood Store', 'location': 'East Salem', 'manager': 'Kevin Carter'}, {'store_id': 'STORE518', 'store_name': 'Dover Store', 'location': 'East Burlington', 'manager': 'Helen Walker'}, {'store_id': 'STORE519', 'store_name': 'Georgetown Store', 'location': 'East Franklin', 'manager': 'Christopher Garcia'}, {'store_id': 'STORE520', 'store_name': 'Burlington Store', 'location': 'East Waynetown', 'manager': 'Jennifer Garcia'}  ... displaying 10 of 380 total bound parameter sets ...  {'store_id': 'STORE998', 'store_name': 'Richmond Store', 'location': 'West Marion', 'manager': 'Steven King'}, {'store_id': 'STORE999', 'store_name': 'Troy Store', 'location': 'East Hudson', 'manager': 'Matthew Rodriguez'}]]
(Background on this error at: https://sqlalche.me/e/20/gkpj)",2025-08-22 14:42:38.977835
STORE927,Hudson Store,West Auburn,Lisa Edwards,"Database insertion failed: (pymysql.err.IntegrityError) (1062, ""Duplicate entry 'STORE513' for key 'dimstore.store_id'"")
[SQL: INSERT INTO dimstore (store_id, store_name, location, manager) VALUES (%(store_id)s, %(store_name)s, %(location)s, %(manager)s)]
[parameters: [{'store_id': 'STORE513', 'store_name': 'Clinton Store', 'location': 'East Richmond', 'manager': 'Daniel Robinson'}, {'store_id': 'STORE514', 'store_name': 'Riverside Store', 'location': 'East Burlington', 'manager': 'James Smith'}, {'store_id': 'STORE515', 'store_name': 'Burlington Store', 'location': 'West Jacksontown', 'manager': 'Kimberly Roberts'}, {'store_id': 'STORE516', 'store_name': 'Clayton Store', 'location': 'East Fairview', 'manager': 'Betty Lewis'}, {'store_id': 'STORE517', 'store_name': 'Greenwood Store', 'location': 'East Salem', 'manager': 'Kevin Carter'}, {'store_id': 'STORE518', 'store_name': 'Dover Store', 'location': 'East Burlington', 'manager': 'Helen Walker'}, {'store_id': 'STORE519', 'store_name': 'Georgetown Store', 'location': 'East Franklin', 'manager': 'Christopher Garcia'}, {'store_id': 'STORE520', 'store_name': 'Burlington Store', 'location': 'East Waynetown', 'manager': 'Jennifer Garcia'}  ... displaying 10 of 380 total bound parameter sets ...  {'store_id': 'STORE998', 'store_name': 'Richmond Store', 'location': 'West Marion', 'manager': 'Steven King'}, {'store_id': 'STORE999', 'store_name': 'Troy Store', 'location': 'East Hudson', 'manager': 'Matthew Rodriguez'}]]
(Background on this error at: https://sqlalche.me/e/20/gkpj)",2025-08-22 14:42:38.977835
STORE928,Franklin Store,West Richmond,Susan Thomas,"Database insertion failed: (pymysql.err.IntegrityError) (1062, ""Duplicate entry 'STORE513' for key 'dimstore.store_id'"")
[SQL: INSERT INTO dimstore (store_id, store_name, location, manager) VALUES (%(store_id)s, %(store_name)s, %(location)s, %(manager)s)]
[parameters: [{'store_id': 'STORE513', 'store_name': 'Clinton Store', 'location': 'East Richmond', 'manager': 'Daniel Robinson'}, {'store_id': 'STORE514', 'store_name': 'Riverside Store', 'location': 'East Burlington', 'manager': 'James Smith'}, {'store_id': 'STORE515', 'store_name': 'Burlington Store', 'location': 'West Jacksontown', 'manager': 'Kimberly Roberts'}, {'store_id': 'STORE516', 'store_name': 'Clayton Store', 'location': 'East Fairview', 'manager': 'Betty Lewis'}, {'store_id': 'STORE517', 'store_name': 'Greenwood Store', 'location': 'East Salem', 'manager': 'Kevin Carter'}, {'store_id': 'STORE518', 'store_name': 'Dover Store', 'location': 'East Burlington', 'manager': 'Helen Walker'}, {'store_id': 'STORE519', 'store_name': 'Georgetown Store', 'location': 'East Franklin', 'manager': 'Christopher Garcia'}, {'store_id': 'STORE520', 'store_name': 'Burlington Store', 'location': 'East Waynetown', 'manager': 'Jennifer Garcia'}  ... displaying 10 of 380 total bound parameter sets ...  {'store_id': 'STORE998', 'store_name': 'Richmond Store', 'location': 'West Marion', 'manager': 'Steven King'}, {'store_id': 'STORE999', 'store_name': 'Troy Store', 'location': 'East Hudson', 'manager': 'Matthew Rodriguez'}]]
(Background on this error at: https://sqlalche.me/e/20/gkpj)",2025-08-22 14:42:38.977835
STORE929,Georgetown Store,East Wayne,Emily Mitchell,"Database insertion failed: (pymysql.err.IntegrityError) (1062, ""Duplicate entry 'STORE513' for key 'dimstore.store_id'"")
[SQL: INSERT INTO dimstore (store_id, store_name, location, manager) VALUES (%(store_id)s, %(store_name)s, %(location)s, %(manager)s)]
[parameters: [{'store_id': 'STORE513', 'store_name': 'Clinton Store', 'location': 'East Richmond', 'manager': 'Daniel Robinson'}, {'store_id': 'STORE514', 'store_name': 'Riverside Store', 'location': 'East Burlington', 'manager': 'James Smith'}, {'store_id': 'STORE515', 'store_name': 'Burlington Store', 'location': 'West Jacksontown', 'manager': 'Kimberly Roberts'}, {'store_id': 'STORE516', 'store_name': 'Clayton Store', 'location': 'East Fairview', 'manager': 'Betty Lewis'}, {'store_id': 'STORE517', 'store_name': 'Greenwood Store', 'location': 'East Salem', 'manager': 'Kevin Carter'}, {'store_id': 'STORE518', 'store_name': 'Dover Store', 'location': 'East Burlington', 'manager': 'Helen Walker'}, {'store_id': 'STORE519', 'store_name': 'Georgetown Store', 'location': 'East Franklin', 'manager': 'Christopher Garcia'}, {'store_id': 'STORE520', 'store_name': 'Burlington Store', 'location': 'East Waynetown', 'manager': 'Jennifer Garcia'}  ... displaying 10 of 380 total bound parameter sets ...  {'store_id': 'STORE998', 'store_name': 'Richmond Store', 'location': 'West Marion', 'manager': 'Steven King'}, {'store_id': 'STORE999', 'store_name': 'Troy Store', 'location': 'East Hudson', 'manager': 'Matthew Rodriguez'}]]
(Background on this error at: https://sqlalche.me/e/20/gkpj)",2025-08-22 14:42:38.977835
STORE930,Springfield Store,East Greenwoodtown,Donna Hernandez,"Database insertion failed: (pymysql.err.IntegrityError) (1062, ""Duplicate entry 'STORE513' for key 'dimstore.store_id'"")
[SQL: INSERT INTO dimstore (store_id, store_name, location, manager) VALUES (%(store_id)s, %(store_name)s, %(location)s, %(manager)s)]
[parameters: [{'store_id': 'STORE513', 'store_name': 'Clinton Store', 'location': 'East Richmond', 'manager': 'Daniel Robinson'}, {'store_id': 'STORE514', 'store_name': 'Riverside Store', 'location': 'East Burlington', 'manager': 'James Smith'}, {'store_id': 'STORE515', 'store_name': 'Burlington Store', 'location': 'West Jacksontown', 'manager': 'Kimberly Roberts'}, {'store_id': 'STORE516', 'store_name': 'Clayton Store', 'location': 'East Fairview', 'manager': 'Betty Lewis'}, {'store_id': 'STORE517', 'store_name': 'Greenwood Store', 'location': 'East Salem', 'manager': 'Kevin Carter'}, {'store_id': 'STORE518', 'store_name': 'Dover Store', 'location': 'East Burlington', 'manager': 'Helen Walker'}, {'store_id': 'STORE519', 'store_name': 'Georgetown Store', 'location': 'East Franklin', 'manager': 'Christopher Garcia'}, {'store_id': 'STORE520', 'store_name': 'Burlington Store', 'location': 'East Waynetown', 'manager': 'Jennifer Garcia'}  ... displaying 10 of 380 total bound parameter sets ...  {'store_id': 'STORE998', 'store_name': 'Richmond Store', 'location': 'West Marion', 'manager': 'Steven King'}, {'store_id': 'STORE999', 'store_name': 'Troy Store', 'location': 'East Hudson', 'manager': 'Matthew Rodriguez'}]]
(Background on this error at: https://sqlalche.me/e/20/gkpj)",2025-08-22 14:42:38.977835
STORE931,Auburn Store,East Clinton,Christopher Garcia,"Database insertion failed: (pymysql.err.IntegrityError) (1062, ""Duplicate entry 'STORE513' for key 'dimstore.store_id'"")
[SQL: INSERT INTO dimstore (store_id, store_name, location, manager) VALUES (%(store_id)s, %(store_name)s, %(location)s, %(manager)s)]
[parameters: [{'store_id': 'STORE513', 'store_name': 'Clinton Store', 'location': 'East Richmond', 'manager': 'Daniel Robinson'}, {'store_id': 'STORE514', 'store_name': 'Riverside Store', 'location': 'East Burlington', 'manager': 'James Smith'}, {'store_id': 'STORE515', 'store_name': 'Burlington Store', 'location': 'West Jacksontown', 'manager': 'Kimberly Roberts'}, {'store_id': 'STORE516', 'store_name': 'Clayton Store', 'location': 'East Fairview', 'manager': 'Betty Lewis'}, {'store_id': 'STORE517', 'store_name': 'Greenwood Store', 'location': 'East Salem', 'manager': 'Kevin Carter'}, {'store_id': 'STORE518', 'store_name': 'Dover Store', 'location': 'East Burlington', 'manager': 'Helen Walker'}, {'store_id': 'STORE519', 'store_name': 'Georgetown Store', 'location': 'East Franklin', 'manager': 'Christopher Garcia'}, {'store_id': 'STORE520', 'store_name': 'Burlington Store', 'location': 'East Waynetown', 'manager': 'Jennifer Garcia'}  ... displaying 10 of 380 total bound parameter sets ...  {'store_id': 'STORE998', 'store_name': 'Richmond Store', 'location': 'West Marion', 'manager': 'Steven King'}, {'store_id': 'STORE999', 'store_name': 'Troy Store', 'location': 'East Hudson', 'manager': 'Matthew Rodriguez'}]]
(Background on this error at: https://sqlalche.me/e/20/gkpj)",2025-08-22 14:42:38.977835
STORE932,Fairview Store,East Waynetown,Sharon Green,"Database insertion failed: (pymysql.err.IntegrityError) (1062, ""Duplicate entry 'STORE513' for key 'dimstore.store_id'"")
[SQL: INSERT INTO dimstore (store_id, store_name, location, manager) VALUES (%(store_id)s, %(store_name)s, %(location)s, %(manager)s)]
[parameters: [{'store_id': 'STORE513', 'store_name': 'Clinton Store', 'location': 'East Richmond', 'manager': 'Daniel Robinson'}, {'store_id': 'STORE514', 'store_name': 'Riverside Store', 'location': 'East Burlington', 'manager': 'James Smith'}, {'store_id': 'STORE515', 'store_name': 'Burlington Store', 'location': 'West Jacksontown', 'manager': 'Kimberly Roberts'}, {'store_id': 'STORE516', 'store_name': 'Clayton Store', 'location': 'East Fairview', 'manager': 'Betty Lewis'}, {'store_id': 'STORE517', 'store_name': 'Greenwood Store', 'location': 'East Salem', 'manager': 'Kevin Carter'}, {'store_id': 'STORE518', 'store_name': 'Dover Store', 'location': 'East Burlington', 'manager': 'Helen Walker'}, {'store_id': 'STORE519', 'store_name': 'Georgetown Store', 'location': 'East Franklin', 'manager': 'Christopher Garcia'}, {'store_id': 'STORE520', 'store_name': 'Burlington Store', 'location': 'East Waynetown', 'manager': 'Jennifer Garcia'}  ... displaying 10 of 380 total bound parameter sets ...  {'store_id': 'STORE998', 'store_name': 'Richmond Store', 'location': 'West Marion', 'manager': 'Steven King'}, {'store_id': 'STORE999', 'store_name': 'Troy Store', 'location': 'East Hudson', 'manager': 'Matthew Rodriguez'}]]
(Background on this error at: https://sqlalche.me/e/20/gkpj)",2025-08-22 14:42:38.977835
STORE933,Hudson Store,East Oxford,Emily Mitchell,"Database insertion failed: (pymysql.err.IntegrityError) (1062, ""Duplicate entry 'STORE513' for key 'dimstore.store_id'"")
[SQL: INSERT INTO dimstore (store_id, store_name, location, manager) VALUES (%(store_id)s, %(store_name)s, %(location)s, %(manager)s)]
[parameters: [{'store_id': 'STORE513', 'store_name': 'Clinton Store', 'location': 'East Richmond', 'manager': 'Daniel Robinson'}, {'store_id': 'STORE514', 'store_name': 'Riverside Store', 'location': 'East Burlington', 'manager': 'James Smith'}, {'store_id': 'STORE515', 'store_name': 'Burlington Store', 'location': 'West Jacksontown', 'manager': 'Kimberly Roberts'}, {'store_id': 'STORE516', 'store_name': 'Clayton Store', 'location': 'East Fairview', 'manager': 'Betty Lewis'}, {'store_id': 'STORE517', 'store_name': 'Greenwood Store', 'location': 'East Salem', 'manager': 'Kevin Carter'}, {'store_id': 'STORE518', 'store_name': 'Dover Store', 'location': 'East Burlington', 'manager': 'Helen Walker'}, {'store_id': 'STORE519', 'store_name': 'Georgetown Store', 'location': 'East Franklin', 'manager': 'Christopher Garcia'}, {'store_id': 'STORE520', 'store_name': 'Burlington Store', 'location': 'East Waynetown', 'manager': 'Jennifer Garcia'}  ... displaying 10 of 380 total bound parameter sets ...  {'store_id': 'STORE998', 'store_name': 'Richmond Store', 'location': 'West Marion', 'manager': 'Steven King'}, {'store_id': 'STORE999', 'store_name': 'Troy Store', 'location': 'East Hudson', 'manager': 'Matthew Rodriguez'}]]
(Background on this error at: https://sqlalche.me/e/20/gkpj)",2025-08-22 14:42:38.977835
STORE934,Manchester Store,West Washingtontown,Ronald Evans,"Database insertion failed: (pymysql.err.IntegrityError) (1062, ""Duplicate entry 'STORE513' for key 'dimstore.store_id'"")
[SQL: INSERT INTO dimstore (store_id, store_name, location, manager) VALUES (%(store_id)s, %(store_name)s, %(location)s, %(manager)s)]
[parameters: [{'store_id': 'STORE513', 'store_name': 'Clinton Store', 'location': 'East Richmond', 'manager': 'Daniel Robinson'}, {'store_id': 'STORE514', 'store_name': 'Riverside Store', 'location': 'East Burlington', 'manager': 'James Smith'}, {'store_id': 'STORE515', 'store_name': 'Burlington Store', 'location': 'West Jacksontown', 'manager': 'Kimberly Roberts'}, {'store_id': 'STORE516', 'store_name': 'Clayton Store', 'location': 'East Fairview', 'manager': 'Betty Lewis'}, {'store_id': 'STORE517', 'store_name': 'Greenwood Store', 'location': 'East Salem', 'manager': 'Kevin Carter'}, {'store_id': 'STORE518', 'store_name': 'Dover Store', 'location': 'East Burlington', 'manager': 'Helen Walker'}, {'store_id': 'STORE519', 'store_name': 'Georgetown Store', 'location': 'East Franklin', 'manager': 'Christopher Garcia'}, {'store_id': 'STORE520', 'store_name': 'Burlington Store', 'location': 'East Waynetown', 'manager': 'Jennifer Garcia'}  ... displaying 10 of 380 total bound parameter sets ...  {'store_id': 'STORE998', 'store_name': 'Richmond Store', 'location': 'West Marion', 'manager': 'Steven King'}, {'store_id': 'STORE999', 'store_name': 'Troy Store', 'location': 'East Hudson', 'manager': 'Matthew Rodriguez'}]]
(Background on this error at: https://sqlalche.me/e/20/gkpj)",2025-08-22 14:42:38.977835
STORE935,Arlington Store,West Ashlandtown,Michelle Baker,"Database insertion failed: (pymysql.err.IntegrityError) (1062, ""Duplicate entry 'STORE513' for key 'dimstore.store_id'"")
[SQL: INSERT INTO dimstore (store_id, store_name, location, manager) VALUES (%(store_id)s, %(store_name)s, %(location)s, %(manager)s)]
[parameters: [{'store_id': 'STORE513', 'store_name': 'Clinton Store', 'location': 'East Richmond', 'manager': 'Daniel Robinson'}, {'store_id': 'STORE514', 'store_name': 'Riverside Store', 'location': 'East Burlington', 'manager': 'James Smith'}, {'store_id': 'STORE515', 'store_name': 'Burlington Store', 'location': 'West Jacksontown', 'manager': 'Kimberly Roberts'}, {'store_id': 'STORE516', 'store_name': 'Clayton Store', 'location': 'East Fairview', 'manager': 'Betty Lewis'}, {'store_id': 'STORE517', 'store_name': 'Greenwood Store', 'location': 'East Salem', 'manager': 'Kevin Carter'}, {'store_id': 'STORE518', 'store_name': 'Dover Store', 'location': 'East Burlington', 'manager': 'Helen Walker'}, {'store_id': 'STORE519', 'store_name': 'Georgetown Store', 'location': 'East Franklin', 'manager': 'Christopher Garcia'}, {'store_id': 'STORE520', 'store_name': 'Burlington Store', 'location': 'East Waynetown', 'manager': 'Jennifer Garcia'}  ... displaying 10 of 380 total bound parameter sets ...  {'store_id': 'STORE998', 'store_name': 'Richmond Store', 'location': 'West Marion', 'manager': 'Steven King'}, {'store_id': 'STORE999', 'store_name': 'Troy Store', 'location': 'East Hudson', 'manager': 'Matthew Rodriguez'}]]
(Background on this error at: https://sqlalche.me/e/20/gkpj)",2025-08-22 14:42:38.977835
STORE936,Washington Store,East Richmond,Michelle Baker,"Database insertion failed: (pymysql.err.IntegrityError) (1062, ""Duplicate entry 'STORE513' for key 'dimstore.store_id'"")
[SQL: INSERT INTO dimstore (store_id, store_name, location, manager) VALUES (%(store_id)s, %(store_name)s, %(location)s, %(manager)s)]
[parameters: [{'store_id': 'STORE513', 'store_name': 'Clinton Store', 'location': 'East Richmond', 'manager': 'Daniel Robinson'}, {'store_id': 'STORE514', 'store_name': 'Riverside Store', 'location': 'East Burlington', 'manager': 'James Smith'}, {'store_id': 'STORE515', 'store_name': 'Burlington Store', 'location': 'West Jacksontown', 'manager': 'Kimberly Roberts'}, {'store_id': 'STORE516', 'store_name': 'Clayton Store', 'location': 'East Fairview', 'manager': 'Betty Lewis'}, {'store_id': 'STORE517', 'store_name': 'Greenwood Store', 'location': 'East Salem', 'manager': 'Kevin Carter'}, {'store_id': 'STORE518', 'store_name': 'Dover Store', 'location': 'East Burlington', 'manager': 'Helen Walker'}, {'store_id': 'STORE519', 'store_name': 'Georgetown Store', 'location': 'East Franklin', 'manager': 'Christopher Garcia'}, {'store_id': 'STORE520', 'store_name': 'Burlington Store', 'location': 'East Waynetown', 'manager': 'Jennifer Garcia'}  ... displaying 10 of 380 total bound parameter sets ...  {'store_id': 'STORE998', 'store_name': 'Richmond Store', 'location': 'West Marion', 'manager': 'Steven King'}, {'store_id': 'STORE999', 'store_name': 'Troy Store', 'location': 'East Hudson', 'manager': 'Matthew Rodriguez'}]]
(Background on this error at: https://sqlalche.me/e/20/gkpj)",2025-08-22 14:42:38.977835
STORE937,Richmond Store,West Dover,Linda Davis,"Database insertion failed: (pymysql.err.IntegrityError) (1062, ""Duplicate entry 'STORE513' for key 'dimstore.store_id'"")
[SQL: INSERT INTO dimstore (store_id, store_name, location, manager) VALUES (%(store_id)s, %(store_name)s, %(location)s, %(manager)s)]
[parameters: [{'store_id': 'STORE513', 'store_name': 'Clinton Store', 'location': 'East Richmond', 'manager': 'Daniel Robinson'}, {'store_id': 'STORE514', 'store_name': 'Riverside Store', 'location': 'East Burlington', 'manager': 'James Smith'}, {'store_id': 'STORE515', 'store_name': 'Burlington Store', 'location': 'West Jacksontown', 'manager': 'Kimberly Roberts'}, {'store_id': 'STORE516', 'store_name': 'Clayton Store', 'location': 'East Fairview', 'manager': 'Betty Lewis'}, {'store_id': 'STORE517', 'store_name': 'Greenwood Store', 'location': 'East Salem', 'manager': 'Kevin Carter'}, {'store_id': 'STORE518', 'store_name': 'Dover Store', 'location': 'East Burlington', 'manager': 'Helen Walker'}, {'store_id': 'STORE519', 'store_name': 'Georgetown Store', 'location': 'East Franklin', 'manager': 'Christopher Garcia'}, {'store_id': 'STORE520', 'store_name': 'Burlington Store', 'location': 'East Waynetown', 'manager': 'Jennifer Garcia'}  ... displaying 10 of 380 total bound parameter sets ...  {'store_id': 'STORE998', 'store_name': 'Richmond Store', 'location': 'West Marion', 'manager': 'Steven King'}, {'store_id': 'STORE999', 'store_name': 'Troy Store', 'location': 'East Hudson', 'manager': 'Matthew Rodriguez'}]]
(Background on this error at: https://sqlalche.me/e/20/gkpj)",2025-08-22 14:42:38.977835
STORE938,Hudson Store,East Richmond,Elizabeth Martinez,"Database insertion failed: (pymysql.err.IntegrityError) (1062, ""Duplicate entry 'STORE513' for key 'dimstore.store_id'"")
[SQL: INSERT INTO dimstore (store_id, store_name, location, manager) VALUES (%(store_id)s, %(store_name)s, %(location)s, %(manager)s)]
[parameters: [{'store_id': 'STORE513', 'store_name': 'Clinton Store', 'location': 'East Richmond', 'manager': 'Daniel Robinson'}, {'store_id': 'STORE514', 'store_name': 'Riverside Store', 'location': 'East Burlington', 'manager': 'James Smith'}, {'store_id': 'STORE515', 'store_name': 'Burlington Store', 'location': 'West Jacksontown', 'manager': 'Kimberly Roberts'}, {'store_id': 'STORE516', 'store_name': 'Clayton Store', 'location': 'East Fairview', 'manager': 'Betty Lewis'}, {'store_id': 'STORE517', 'store_name': 'Greenwood Store', 'location': 'East Salem', 'manager': 'Kevin Carter'}, {'store_id': 'STORE518', 'store_name': 'Dover Store', 'location': 'East Burlington', 'manager': 'Helen Walker'}, {'store_id': 'STORE519', 'store_name': 'Georgetown Store', 'location': 'East Franklin', 'manager': 'Christopher Garcia'}, {'store_id': 'STORE520', 'store_name': 'Burlington Store', 'location': 'East Waynetown', 'manager': 'Jennifer Garcia'}  ... displaying 10 of 380 total bound parameter sets ...  {'store_id': 'STORE998', 'store_name': 'Richmond Store', 'location': 'West Marion', 'manager': 'Steven King'}, {'store_id': 'STORE999', 'store_name': 'Troy Store', 'location': 'East Hudson', 'manager': 'Matthew Rodriguez'}]]
(Background on this error at: https://sqlalche.me/e/20/gkpj)",2025-08-22 14:42:38.977835
STORE939,Greenwood Store,West Riversidetown,Anthony Lee,"Database insertion failed: (pymysql.err.IntegrityError) (1062, ""Duplicate entry 'STORE513' for key 'dimstore.store_id'"")
[SQL: INSERT INTO dimstore (store_id, store_name, location, manager) VALUES (%(store_id)s, %(store_name)s, %(location)s, %(manager)s)]
[parameters: [{'store_id': 'STORE513', 'store_name': 'Clinton Store', 'location': 'East Richmond', 'manager': 'Daniel Robinson'}, {'store_id': 'STORE514', 'store_name': 'Riverside Store', 'location': 'East Burlington', 'manager': 'James Smith'}, {'store_id': 'STORE515', 'store_name': 'Burlington Store', 'location': 'West Jacksontown', 'manager': 'Kimberly Roberts'}, {'store_id': 'STORE516', 'store_name': 'Clayton Store', 'location': 'East Fairview', 'manager': 'Betty Lewis'}, {'store_id': 'STORE517', 'store_name': 'Greenwood Store', 'location': 'East Salem', 'manager': 'Kevin Carter'}, {'store_id': 'STORE518', 'store_name': 'Dover Store', 'location': 'East Burlington', 'manager': 'Helen Walker'}, {'store_id': 'STORE519', 'store_name': 'Georgetown Store', 'location': 'East Franklin', 'manager': 'Christopher Garcia'}, {'store_id': 'STORE520', 'store_name': 'Burlington Store', 'location': 'East Waynetown', 'manager': 'Jennifer Garcia'}  ... displaying 10 of 380 total bound parameter sets ...  {'store_id': 'STORE998', 'store_name': 'Richmond Store', 'location': 'West Marion', 'manager': 'Steven King'}, {'store_id': 'STORE999', 'store_name': 'Troy Store', 'location': 'East Hudson', 'manager': 'Matthew Rodriguez'}]]
(Background on this error at: https://sqlalche.me/e/20/gkpj)",2025-08-22 14:42:38.977835
STORE940,Newport Store,West Newport,Emily Mitchell,"Database insertion failed: (pymysql.err.IntegrityError) (1062, ""Duplicate entry 'STORE513' for key 'dimstore.store_id'"")
[SQL: INSERT INTO dimstore (store_id, store_name, location, manager) VALUES (%(store_id)s, %(store_name)s, %(location)s, %(manager)s)]
[parameters: [{'store_id': 'STORE513', 'store_name': 'Clinton Store', 'location': 'East Richmond', 'manager': 'Daniel Robinson'}, {'store_id': 'STORE514', 'store_name': 'Riverside Store', 'location': 'East Burlington', 'manager': 'James Smith'}, {'store_id': 'STORE515', 'store_name': 'Burlington Store', 'location': 'West Jacksontown', 'manager': 'Kimberly Roberts'}, {'store_id': 'STORE516', 'store_name': 'Clayton Store', 'location': 'East Fairview', 'manager': 'Betty Lewis'}, {'store_id': 'STORE517', 'store_name': 'Greenwood Store', 'location': 'East Salem', 'manager': 'Kevin Carter'}, {'store_id': 'STORE518', 'store_name': 'Dover Store', 'location': 'East Burlington', 'manager': 'Helen Walker'}, {'store_id': 'STORE519', 'store_name': 'Georgetown Store', 'location': 'East Franklin', 'manager': 'Christopher Garcia'}, {'store_id': 'STORE520', 'store_name': 'Burlington Store', 'location': 'East Waynetown', 'manager': 'Jennifer Garcia'}  ... displaying 10 of 380 total bound parameter sets ...  {'store_id': 'STORE998', 'store_name': 'Richmond Store', 'location': 'West Marion', 'manager': 'Steven King'}, {'store_id': 'STORE999', 'store_name': 'Troy Store', 'location': 'East Hudson', 'manager': 'Matthew Rodriguez'}]]
(Background on this error at: https://sqlalche.me/e/20/gkpj)",2025-08-22 14:42:38.977835
STORE941,Clayton Store,East Franklintown,Matthew Rodriguez,"Database insertion failed: (pymysql.err.IntegrityError) (1062, ""Duplicate entry 'STORE513' for key 'dimstore.store_id'"")
[SQL: INSERT INTO dimstore (store_id, store_name, location, manager) VALUES (%(store_id)s, %(store_name)s, %(location)s, %(manager)s)]
[parameters: [{'store_id': 'STORE513', 'store_name': 'Clinton Store', 'location': 'East Richmond', 'manager': 'Daniel Robinson'}, {'store_id': 'STORE514', 'store_name': 'Riverside Store', 'location': 'East Burlington', 'manager': 'James Smith'}, {'store_id': 'STORE515', 'store_name': 'Burlington Store', 'location': 'West Jacksontown', 'manager': 'Kimberly Roberts'}, {'store_id': 'STORE516', 'store_name': 'Clayton Store', 'location': 'East Fairview', 'manager': 'Betty Lewis'}, {'store_id': 'STORE517', 'store_name': 'Greenwood Store', 'location': 'East Salem', 'manager': 'Kevin Carter'}, {'store_id': 'STORE518', 'store_name': 'Dover Store', 'location': 'East Burlington', 'manager': 'Helen Walker'}, {'store_id': 'STORE519', 'store_name': 'Georgetown Store', 'location': 'East Franklin', 'manager': 'Christopher Garcia'}, {'store_id': 'STORE520', 'store_name': 'Burlington Store', 'location': 'East Waynetown', 'manager': 'Jennifer Garcia'}  ... displaying 10 of 380 total bound parameter sets ...  {'store_id': 'STORE998', 'store_name': 'Richmond Store', 'location': 'West Marion', 'manager': 'Steven King'}, {'store_id': 'STORE999', 'store_name': 'Troy Store', 'location': 'East Hudson', 'manager': 'Matthew Rodriguez'}]]
(Background on this error at: https://sqlalche.me/e/20/gkpj)",2025-08-22 14:42:38.977835
STORE942,Clinton Store,West Oxfordtown,Mary Johnson,"Database insertion failed: (pymysql.err.IntegrityError) (1062, ""Duplicate entry 'STORE513' for key 'dimstore.store_id'"")
[SQL: INSERT INTO dimstore (store_id, store_name, location, manager) VALUES (%(store_id)s, %(store_name)s, %(location)s, %(manager)s)]
[parameters: [{'store_id': 'STORE513', 'store_name': 'Clinton Store', 'location': 'East Richmond', 'manager': 'Daniel Robinson'}, {'store_id': 'STORE514', 'store_name': 'Riverside Store', 'location': 'East Burlington', 'manager': 'James Smith'}, {'store_id': 'STORE515', 'store_name': 'Burlington Store', 'location': 'West Jacksontown', 'manager': 'Kimberly Roberts'}, {'store_id': 'STORE516', 'store_name': 'Clayton Store', 'location': 'East Fairview', 'manager': 'Betty Lewis'}, {'store_id': 'STORE517', 'store_name': 'Greenwood Store', 'location': 'East Salem', 'manager': 'Kevin Carter'}, {'store_id': 'STORE518', 'store_name': 'Dover Store', 'location': 'East Burlington', 'manager': 'Helen Walker'}, {'store_id': 'STORE519', 'store_name': 'Georgetown Store', 'location': 'East Franklin', 'manager': 'Christopher Garcia'}, {'store_id': 'STORE520', 'store_name': 'Burlington Store', 'location': 'East Waynetown', 'manager': 'Jennifer Garcia'}  ... displaying 10 of 380 total bound parameter sets ...  {'store_id': 'STORE998', 'store_name': 'Richmond Store', 'location': 'West Marion', 'manager': 'Steven King'}, {'store_id': 'STORE999', 'store_name': 'Troy Store', 'location': 'East Hudson', 'manager': 'Matthew Rodriguez'}]]
(Background on this error at: https://sqlalche.me/e/20/gkpj)",2025-08-22 14:42:38.977835
STORE943,Hudson Store,East Greenwood,William Rodriguez,"Database insertion failed: (pymysql.err.IntegrityError) (1062, ""Duplicate entry 'STORE513' for key 'dimstore.store_id'"")
[SQL: INSERT INTO dimstore (store_id, store_name, location, manager) VALUES (%(store_id)s, %(store_name)s, %(location)s, %(manager)s)]
[parameters: [{'store_id': 'STORE513', 'store_name': 'Clinton Store', 'location': 'East Richmond', 'manager': 'Daniel Robinson'}, {'store_id': 'STORE514', 'store_name': 'Riverside Store', 'location': 'East Burlington', 'manager': 'James Smith'}, {'store_id': 'STORE515', 'store_name': 'Burlington Store', 'location': 'West Jacksontown', 'manager': 'Kimberly Roberts'}, {'store_id': 'STORE516', 'store_name': 'Clayton Store', 'location': 'East Fairview', 'manager': 'Betty Lewis'}, {'store_id': 'STORE517', 'store_name': 'Greenwood Store', 'location': 'East Salem', 'manager': 'Kevin Carter'}, {'store_id': 'STORE518', 'store_name': 'Dover Store', 'location': 'East Burlington', 'manager': 'Helen Walker'}, {'store_id': 'STORE519', 'store_name': 'Georgetown Store', 'location': 'East Franklin', 'manager': 'Christopher Garcia'}, {'store_id': 'STORE520', 'store_name': 'Burlington Store', 'location': 'East Waynetown', 'manager': 'Jennifer Garcia'}  ... displaying 10 of 380 total bound parameter sets ...  {'store_id': 'STORE998', 'store_name': 'Richmond Store', 'location': 'West Marion', 'manager': 'Steven King'}, {'store_id': 'STORE999', 'store_name': 'Troy Store', 'location': 'East Hudson', 'manager': 'Matthew Rodriguez'}]]
(Background on this error at: https://sqlalche.me/e/20/gkpj)",2025-08-22 14:42:38.977835
STORE944,Newport Store,West Troytown,George Turner,"Database insertion failed: (pymysql.err.IntegrityError) (1062, ""Duplicate entry 'STORE513' for key 'dimstore.store_id'"")
[SQL: INSERT INTO dimstore (store_id, store_name, location, manager) VALUES (%(store_id)s, %(store_name)s, %(location)s, %(manager)s)]
[parameters: [{'store_id': 'STORE513', 'store_name': 'Clinton Store', 'location': 'East Richmond', 'manager': 'Daniel Robinson'}, {'store_id': 'STORE514', 'store_name': 'Riverside Store', 'location': 'East Burlington', 'manager': 'James Smith'}, {'store_id': 'STORE515', 'store_name': 'Burlington Store', 'location': 'West Jacksontown', 'manager': 'Kimberly Roberts'}, {'store_id': 'STORE516', 'store_name': 'Clayton Store', 'location': 'East Fairview', 'manager': 'Betty Lewis'}, {'store_id': 'STORE517', 'store_name': 'Greenwood Store', 'location': 'East Salem', 'manager': 'Kevin Carter'}, {'store_id': 'STORE518', 'store_name': 'Dover Store', 'location': 'East Burlington', 'manager': 'Helen Walker'}, {'store_id': 'STORE519', 'store_name': 'Georgetown Store', 'location': 'East Franklin', 'manager': 'Christopher Garcia'}, {'store_id': 'STORE520', 'store_name': 'Burlington Store', 'location': 'East Waynetown', 'manager': 'Jennifer Garcia'}  ... displaying 10 of 380 total bound parameter sets ...  {'store_id': 'STORE998', 'store_name': 'Richmond Store', 'location': 'West Marion', 'manager': 'Steven King'}, {'store_id': 'STORE999', 'store_name': 'Troy Store', 'location': 'East Hudson', 'manager': 'Matthew Rodriguez'}]]
(Background on this error at: https://sqlalche.me/e/20/gkpj)",2025-08-22 14:42:38.977835
STORE945,Kingston Store,East Franklin,Christopher Garcia,"Database insertion failed: (pymysql.err.IntegrityError) (1062, ""Duplicate entry 'STORE513' for key 'dimstore.store_id'"")
[SQL: INSERT INTO dimstore (store_id, store_name, location, manager) VALUES (%(store_id)s, %(store_name)s, %(location)s, %(manager)s)]
[parameters: [{'store_id': 'STORE513', 'store_name': 'Clinton Store', 'location': 'East Richmond', 'manager': 'Daniel Robinson'}, {'store_id': 'STORE514', 'store_name': 'Riverside Store', 'location': 'East Burlington', 'manager': 'James Smith'}, {'store_id': 'STORE515', 'store_name': 'Burlington Store', 'location': 'West Jacksontown', 'manager': 'Kimberly Roberts'}, {'store_id': 'STORE516', 'store_name': 'Clayton Store', 'location': 'East Fairview', 'manager': 'Betty Lewis'}, {'store_id': 'STORE517', 'store_name': 'Greenwood Store', 'location': 'East Salem', 'manager': 'Kevin Carter'}, {'store_id': 'STORE518', 'store_name': 'Dover Store', 'location': 'East Burlington', 'manager': 'Helen Walker'}, {'store_id': 'STORE519', 'store_name': 'Georgetown Store', 'location': 'East Franklin', 'manager': 'Christopher Garcia'}, {'store_id': 'STORE520', 'store_name': 'Burlington Store', 'location': 'East Waynetown', 'manager': 'Jennifer Garcia'}  ... displaying 10 of 380 total bound parameter sets ...  {'store_id': 'STORE998', 'store_name': 'Richmond Store', 'location': 'West Marion', 'manager': 'Steven King'}, {'store_id': 'STORE999', 'store_name': 'Troy Store', 'location': 'East Hudson', 'manager': 'Matthew Rodriguez'}]]
(Background on this error at: https://sqlalche.me/e/20/gkpj)",2025-08-22 14:42:38.977835
STORE946,Marion Store,East Madison,Michael Miller,"Database insertion failed: (pymysql.err.IntegrityError) (1062, ""Duplicate entry 'STORE513' for key 'dimstore.store_id'"")
[SQL: INSERT INTO dimstore (store_id, store_name, location, manager) VALUES (%(store_id)s, %(store_name)s, %(location)s, %(manager)s)]
[parameters: [{'store_id': 'STORE513', 'store_name': 'Clinton Store', 'location': 'East Richmond', 'manager': 'Daniel Robinson'}, {'store_id': 'STORE514', 'store_name': 'Riverside Store', 'location': 'East Burlington', 'manager': 'James Smith'}, {'store_id': 'STORE515', 'store_name': 'Burlington Store', 'location': 'West Jacksontown', 'manager': 'Kimberly Roberts'}, {'store_id': 'STORE516', 'store_name': 'Clayton Store', 'location': 'East Fairview', 'manager': 'Betty Lewis'}, {'store_id': 'STORE517', 'store_name': 'Greenwood Store', 'location': 'East Salem', 'manager': 'Kevin Carter'}, {'store_id': 'STORE518', 'store_name': 'Dover Store', 'location': 'East Burlington', 'manager': 'Helen Walker'}, {'store_id': 'STORE519', 'store_name': 'Georgetown Store', 'location': 'East Franklin', 'manager': 'Christopher Garcia'}, {'store_id': 'STORE520', 'store_name': 'Burlington Store', 'location': 'East Waynetown', 'manager': 'Jennifer Garcia'}  ... displaying 10 of 380 total bound parameter sets ...  {'store_id': 'STORE998', 'store_name': 'Richmond Store', 'location': 'West Marion', 'manager': 'Steven King'}, {'store_id': 'STORE999', 'store_name': 'Troy Store', 'location': 'East Hudson', 'manager': 'Matthew Rodriguez'}]]
(Background on this error at: https://sqlalche.me/e/20/gkpj)",2025-08-22 14:42:38.977835
STORE947,Bristol Store,East Arlington,Donald Young,"Database insertion failed: (pymysql.err.IntegrityError) (1062, ""Duplicate entry 'STORE513' for key 'dimstore.store_id'"")
[SQL: INSERT INTO dimstore (store_id, store_name, location, manager) VALUES (%(store_id)s, %(store_name)s, %(location)s, %(manager)s)]
[parameters: [{'store_id': 'STORE513', 'store_name': 'Clinton Store', 'location': 'East Richmond', 'manager': 'Daniel Robinson'}, {'store_id': 'STORE514', 'store_name': 'Riverside Store', 'location': 'East Burlington', 'manager': 'James Smith'}, {'store_id': 'STORE515', 'store_name': 'Burlington Store', 'location': 'West Jacksontown', 'manager': 'Kimberly Roberts'}, {'store_id': 'STORE516', 'store_name': 'Clayton Store', 'location': 'East Fairview', 'manager': 'Betty Lewis'}, {'store_id': 'STORE517', 'store_name': 'Greenwood Store', 'location': 'East Salem', 'manager': 'Kevin Carter'}, {'store_id': 'STORE518', 'store_name': 'Dover Store', 'location': 'East Burlington', 'manager': 'Helen Walker'}, {'store_id': 'STORE519', 'store_name': 'Georgetown Store', 'location': 'East Franklin', 'manager': 'Christopher Garcia'}, {'store_id': 'STORE520', 'store_name': 'Burlington Store', 'location': 'East Waynetown', 'manager': 'Jennifer Garcia'}  ... displaying 10 of 380 total bound parameter sets ...  {'store_id': 'STORE998', 'store_name': 'Richmond Store', 'location': 'West Marion', 'manager': 'Steven King'}, {'store_id': 'STORE999', 'store_name': 'Troy Store', 'location': 'East Hudson', 'manager': 'Matthew Rodriguez'}]]
(Background on this error at: https://sqlalche.me/e/20/gkpj)",2025-08-22 14:42:38.977835
STORE948,Marion Store,East Hudsontown,Lisa Clark,"Database insertion failed: (pymysql.err.IntegrityError) (1062, ""Duplicate entry 'STORE513' for key 'dimstore.store_id'"")
[SQL: INSERT INTO dimstore (store_id, store_name, location, manager) VALUES (%(store_id)s, %(store_name)s, %(location)s, %(manager)s)]
[parameters: [{'store_id': 'STORE513', 'store_name': 'Clinton Store', 'location': 'East Richmond', 'manager': 'Daniel Robinson'}, {'store_id': 'STORE514', 'store_name': 'Riverside Store', 'location': 'East Burlington', 'manager': 'James Smith'}, {'store_id': 'STORE515', 'store_name': 'Burlington Store', 'location': 'West Jacksontown', 'manager': 'Kimberly Roberts'}, {'store_id': 'STORE516', 'store_name': 'Clayton Store', 'location': 'East Fairview', 'manager': 'Betty Lewis'}, {'store_id': 'STORE517', 'store_name': 'Greenwood Store', 'location': 'East Salem', 'manager': 'Kevin Carter'}, {'store_id': 'STORE518', 'store_name': 'Dover Store', 'location': 'East Burlington', 'manager': 'Helen Walker'}, {'store_id': 'STORE519', 'store_name': 'Georgetown Store', 'location': 'East Franklin', 'manager': 'Christopher Garcia'}, {'store_id': 'STORE520', 'store_name': 'Burlington Store', 'location': 'East Waynetown', 'manager': 'Jennifer Garcia'}  ... displaying 10 of 380 total bound parameter sets ...  {'store_id': 'STORE998', 'store_name': 'Richmond Store', 'location': 'West Marion', 'manager': 'Steven King'}, {'store_id': 'STORE999', 'store_name': 'Troy Store', 'location': 'East Hudson', 'manager': 'Matthew Rodriguez'}]]
(Background on this error at: https://sqlalche.me/e/20/gkpj)",2025-08-22 14:42:38.977835
STORE949,Riverside Store,East Lancaster,David Wilson,"Database insertion failed: (pymysql.err.IntegrityError) (1062, ""Duplicate entry 'STORE513' for key 'dimstore.store_id'"")
[SQL: INSERT INTO dimstore (store_id, store_name, location, manager) VALUES (%(store_id)s, %(store_name)s, %(location)s, %(manager)s)]
[parameters: [{'store_id': 'STORE513', 'store_name': 'Clinton Store', 'location': 'East Richmond', 'manager': 'Daniel Robinson'}, {'store_id': 'STORE514', 'store_name': 'Riverside Store', 'location': 'East Burlington', 'manager': 'James Smith'}, {'store_id': 'STORE515', 'store_name': 'Burlington Store', 'location': 'West Jacksontown', 'manager': 'Kimberly Roberts'}, {'store_id': 'STORE516', 'store_name': 'Clayton Store', 'location': 'East Fairview', 'manager': 'Betty Lewis'}, {'store_id': 'STORE517', 'store_name': 'Greenwood Store', 'location': 'East Salem', 'manager': 'Kevin Carter'}, {'store_id': 'STORE518', 'store_name': 'Dover Store', 'location': 'East Burlington', 'manager': 'Helen Walker'}, {'store_id': 'STORE519', 'store_name': 'Georgetown Store', 'location': 'East Franklin', 'manager': 'Christopher Garcia'}, {'store_id': 'STORE520', 'store_name': 'Burlington Store', 'location': 'East Waynetown', 'manager': 'Jennifer Garcia'}  ... displaying 10 of 380 total bound parameter sets ...  {'store_id': 'STORE998', 'store_name': 'Richmond Store', 'location': 'West Marion', 'manager': 'Steven King'}, {'store_id': 'STORE999', 'store_name': 'Troy Store', 'location': 'East Hudson', 'manager': 'Matthew Rodriguez'}]]
(Background on this error at: https://sqlalche.me/e/20/gkpj)",2025-08-22 14:42:38.977835
STORE950,Riverside Store,East Springfield,Dorothy Parker,"Database insertion failed: (pymysql.err.IntegrityError) (1062, ""Duplicate entry 'STORE513' for key 'dimstore.store_id'"")
[SQL: INSERT INTO dimstore (store_id, store_name, location, manager) VALUES (%(store_id)s, %(store_name)s, %(location)s, %(manager)s)]
[parameters: [{'store_id': 'STORE513', 'store_name': 'Clinton Store', 'location': 'East Richmond', 'manager': 'Daniel Robinson'}, {'store_id': 'STORE514', 'store_name': 'Riverside Store', 'location': 'East Burlington', 'manager': 'James Smith'}, {'store_id': 'STORE515', 'store_name': 'Burlington Store', 'location': 'West Jacksontown', 'manager': 'Kimberly Roberts'}, {'store_id': 'STORE516', 'store_name': 'Clayton Store', 'location': 'East Fairview', 'manager': 'Betty Lewis'}, {'store_id': 'STORE517', 'store_name': 'Greenwood Store', 'location': 'East Salem', 'manager': 'Kevin Carter'}, {'store_id': 'STORE518', 'store_name': 'Dover Store', 'location': 'East Burlington', 'manager': 'Helen Walker'}, {'store_id': 'STORE519', 'store_name': 'Georgetown Store', 'location': 'East Franklin', 'manager': 'Christopher Garcia'}, {'store_id': 'STORE520', 'store_name': 'Burlington Store', 'location': 'East Waynetown', 'manager': 'Jennifer Garcia'}  ... displaying 10 of 380 total bound parameter sets ...  {'store_id': 'STORE998', 'store_name': 'Richmond Store', 'location': 'West Marion', 'manager': 'Steven King'}, {'store_id': 'STORE999', 'store_name': 'Troy Store', 'location': 'East Hudson', 'manager': 'Matthew Rodriguez'}]]
(Background on this error at: https://sqlalche.me/e/20/gkpj)",2025-08-22 14:42:38.977835
STORE951,Wayne Store,West Madison,Donna Hernandez,"Database insertion failed: (pymysql.err.IntegrityError) (1062, ""Duplicate entry 'STORE513' for key 'dimstore.store_id'"")
[SQL: INSERT INTO dimstore (store_id, store_name, location, manager) VALUES (%(store_id)s, %(store_name)s, %(location)s, %(manager)s)]
[parameters: [{'store_id': 'STORE513', 'store_name': 'Clinton Store', 'location': 'East Richmond', 'manager': 'Daniel Robinson'}, {'store_id': 'STORE514', 'store_name': 'Riverside Store', 'location': 'East Burlington', 'manager': 'James Smith'}, {'store_id': 'STORE515', 'store_name': 'Burlington Store', 'location': 'West Jacksontown', 'manager': 'Kimberly Roberts'}, {'store_id': 'STORE516', 'store_name': 'Clayton Store', 'location': 'East Fairview', 'manager': 'Betty Lewis'}, {'store_id': 'STORE517', 'store_name': 'Greenwood Store', 'location': 'East Salem', 'manager': 'Kevin Carter'}, {'store_id': 'STORE518', 'store_name': 'Dover Store', 'location': 'East Burlington', 'manager': 'Helen Walker'}, {'store_id': 'STORE519', 'store_name': 'Georgetown Store', 'location': 'East Franklin', 'manager': 'Christopher Garcia'}, {'store_id': 'STORE520', 'store_name': 'Burlington Store', 'location': 'East Waynetown', 'manager': 'Jennifer Garcia'}  ... displaying 10 of 380 total bound parameter sets ...  {'store_id': 'STORE998', 'store_name': 'Richmond Store', 'location': 'West Marion', 'manager': 'Steven King'}, {'store_id': 'STORE999', 'store_name': 'Troy Store', 'location': 'East Hudson', 'manager': 'Matthew Rodriguez'}]]
(Background on this error at: https://sqlalche.me/e/20/gkpj)",2025-08-22 14:42:38.977835
STORE952,Chester Store,East Auburntown,Robert Williams,"Database insertion failed: (pymysql.err.IntegrityError) (1062, ""Duplicate entry 'STORE513' for key 'dimstore.store_id'"")
[SQL: INSERT INTO dimstore (store_id, store_name, location, manager) VALUES (%(store_id)s, %(store_name)s, %(location)s, %(manager)s)]
[parameters: [{'store_id': 'STORE513', 'store_name': 'Clinton Store', 'location': 'East Richmond', 'manager': 'Daniel Robinson'}, {'store_id': 'STORE514', 'store_name': 'Riverside Store', 'location': 'East Burlington', 'manager': 'James Smith'}, {'store_id': 'STORE515', 'store_name': 'Burlington Store', 'location': 'West Jacksontown', 'manager': 'Kimberly Roberts'}, {'store_id': 'STORE516', 'store_name': 'Clayton Store', 'location': 'East Fairview', 'manager': 'Betty Lewis'}, {'store_id': 'STORE517', 'store_name': 'Greenwood Store', 'location': 'East Salem', 'manager': 'Kevin Carter'}, {'store_id': 'STORE518', 'store_name': 'Dover Store', 'location': 'East Burlington', 'manager': 'Helen Walker'}, {'store_id': 'STORE519', 'store_name': 'Georgetown Store', 'location': 'East Franklin', 'manager': 'Christopher Garcia'}, {'store_id': 'STORE520', 'store_name': 'Burlington Store', 'location': 'East Waynetown', 'manager': 'Jennifer Garcia'}  ... displaying 10 of 380 total bound parameter sets ...  {'store_id': 'STORE998', 'store_name': 'Richmond Store', 'location': 'West Marion', 'manager': 'Steven King'}, {'store_id': 'STORE999', 'store_name': 'Troy Store', 'location': 'East Hudson', 'manager': 'Matthew Rodriguez'}]]
(Background on this error at: https://sqlalche.me/e/20/gkpj)",2025-08-22 14:42:38.977835
STORE953,Greenwood Store,East Clayton,Ronald Evans,"Database insertion failed: (pymysql.err.IntegrityError) (1062, ""Duplicate entry 'STORE513' for key 'dimstore.store_id'"")
[SQL: INSERT INTO dimstore (store_id, store_name, location, manager) VALUES (%(store_id)s, %(store_name)s, %(location)s, %(manager)s)]
[parameters: [{'store_id': 'STORE513', 'store_name': 'Clinton Store', 'location': 'East Richmond', 'manager': 'Daniel Robinson'}, {'store_id': 'STORE514', 'store_name': 'Riverside Store', 'location': 'East Burlington', 'manager': 'James Smith'}, {'store_id': 'STORE515', 'store_name': 'Burlington Store', 'location': 'West Jacksontown', 'manager': 'Kimberly Roberts'}, {'store_id': 'STORE516', 'store_name': 'Clayton Store', 'location': 'East Fairview', 'manager': 'Betty Lewis'}, {'store_id': 'STORE517', 'store_name': 'Greenwood Store', 'location': 'East Salem', 'manager': 'Kevin Carter'}, {'store_id': 'STORE518', 'store_name': 'Dover Store', 'location': 'East Burlington', 'manager': 'Helen Walker'}, {'store_id': 'STORE519', 'store_name': 'Georgetown Store', 'location': 'East Franklin', 'manager': 'Christopher Garcia'}, {'store_id': 'STORE520', 'store_name': 'Burlington Store', 'location': 'East Waynetown', 'manager': 'Jennifer Garcia'}  ... displaying 10 of 380 total bound parameter sets ...  {'store_id': 'STORE998', 'store_name': 'Richmond Store', 'location': 'West Marion', 'manager': 'Steven King'}, {'store_id': 'STORE999', 'store_name': 'Troy Store', 'location': 'East Hudson', 'manager': 'Matthew Rodriguez'}]]
(Background on this error at: https://sqlalche.me/e/20/gkpj)",2025-08-22 14:42:38.977835
STORE954,Georgetown Store,East Ashland,Donald Young,"Database insertion failed: (pymysql.err.IntegrityError) (1062, ""Duplicate entry 'STORE513' for key 'dimstore.store_id'"")
[SQL: INSERT INTO dimstore (store_id, store_name, location, manager) VALUES (%(store_id)s, %(store_name)s, %(location)s, %(manager)s)]
[parameters: [{'store_id': 'STORE513', 'store_name': 'Clinton Store', 'location': 'East Richmond', 'manager': 'Daniel Robinson'}, {'store_id': 'STORE514', 'store_name': 'Riverside Store', 'location': 'East Burlington', 'manager': 'James Smith'}, {'store_id': 'STORE515', 'store_name': 'Burlington Store', 'location': 'West Jacksontown', 'manager': 'Kimberly Roberts'}, {'store_id': 'STORE516', 'store_name': 'Clayton Store', 'location': 'East Fairview', 'manager': 'Betty Lewis'}, {'store_id': 'STORE517', 'store_name': 'Greenwood Store', 'location': 'East Salem', 'manager': 'Kevin Carter'}, {'store_id': 'STORE518', 'store_name': 'Dover Store', 'location': 'East Burlington', 'manager': 'Helen Walker'}, {'store_id': 'STORE519', 'store_name': 'Georgetown Store', 'location': 'East Franklin', 'manager': 'Christopher Garcia'}, {'store_id': 'STORE520', 'store_name': 'Burlington Store', 'location': 'East Waynetown', 'manager': 'Jennifer Garcia'}  ... displaying 10 of 380 total bound parameter sets ...  {'store_id': 'STORE998', 'store_name': 'Richmond Store', 'location': 'West Marion', 'manager': 'Steven King'}, {'store_id': 'STORE999', 'store_name': 'Troy Store', 'location': 'East Hudson', 'manager': 'Matthew Rodriguez'}]]
(Background on this error at: https://sqlalche.me/e/20/gkpj)",2025-08-22 14:42:38.977835
STORE955,Clayton Store,East Salem,Edward Campbell,"Database insertion failed: (pymysql.err.IntegrityError) (1062, ""Duplicate entry 'STORE513' for key 'dimstore.store_id'"")
[SQL: INSERT INTO dimstore (store_id, store_name, location, manager) VALUES (%(store_id)s, %(store_name)s, %(location)s, %(manager)s)]
[parameters: [{'store_id': 'STORE513', 'store_name': 'Clinton Store', 'location': 'East Richmond', 'manager': 'Daniel Robinson'}, {'store_id': 'STORE514', 'store_name': 'Riverside Store', 'location': 'East Burlington', 'manager': 'James Smith'}, {'store_id': 'STORE515', 'store_name': 'Burlington Store', 'location': 'West Jacksontown', 'manager': 'Kimberly Roberts'}, {'store_id': 'STORE516', 'store_name': 'Clayton Store', 'location': 'East Fairview', 'manager': 'Betty Lewis'}, {'store_id': 'STORE517', 'store_name': 'Greenwood Store', 'location': 'East Salem', 'manager': 'Kevin Carter'}, {'store_id': 'STORE518', 'store_name': 'Dover Store', 'location': 'East Burlington', 'manager': 'Helen Walker'}, {'store_id': 'STORE519', 'store_name': 'Georgetown Store', 'location': 'East Franklin', 'manager': 'Christopher Garcia'}, {'store_id': 'STORE520', 'store_name': 'Burlington Store', 'location': 'East Waynetown', 'manager': 'Jennifer Garcia'}  ... displaying 10 of 380 total bound parameter sets ...  {'store_id': 'STORE998', 'store_name': 'Richmond Store', 'location': 'West Marion', 'manager': 'Steven King'}, {'store_id': 'STORE999', 'store_name': 'Troy Store', 'location': 'East Hudson', 'manager': 'Matthew Rodriguez'}]]
(Background on this error at: https://sqlalche.me/e/20/gkpj)",2025-08-22 14:42:38.977835
STORE956,Newport Store,West Auburn,Matthew Rodriguez,"Database insertion failed: (pymysql.err.IntegrityError) (1062, ""Duplicate entry 'STORE513' for key 'dimstore.store_id'"")
[SQL: INSERT INTO dimstore (store_id, store_name, location, manager) VALUES (%(store_id)s, %(store_name)s, %(location)s, %(manager)s)]
[parameters: [{'store_id': 'STORE513', 'store_name': 'Clinton Store', 'location': 'East Richmond', 'manager': 'Daniel Robinson'}, {'store_id': 'STORE514', 'store_name': 'Riverside Store', 'location': 'East Burlington', 'manager': 'James Smith'}, {'store_id': 'STORE515', 'store_name': 'Burlington Store', 'location': 'West Jacksontown', 'manager': 'Kimberly Roberts'}, {'store_id': 'STORE516', 'store_name': 'Clayton Store', 'location': 'East Fairview', 'manager': 'Betty Lewis'}, {'store_id': 'STORE517', 'store_name': 'Greenwood Store', 'location': 'East Salem', 'manager': 'Kevin Carter'}, {'store_id': 'STORE518', 'store_name': 'Dover Store', 'location': 'East Burlington', 'manager': 'Helen Walker'}, {'store_id': 'STORE519', 'store_name': 'Georgetown Store', 'location': 'East Franklin', 'manager': 'Christopher Garcia'}, {'store_id': 'STORE520', 'store_name': 'Burlington Store', 'location': 'East Waynetown', 'manager': 'Jennifer Garcia'}  ... displaying 10 of 380 total bound parameter sets ...  {'store_id': 'STORE998', 'store_name': 'Richmond Store', 'location': 'West Marion', 'manager': 'Steven King'}, {'store_id': 'STORE999', 'store_name': 'Troy Store', 'location': 'East Hudson', 'manager': 'Matthew Rodriguez'}]]
(Background on this error at: https://sqlalche.me/e/20/gkpj)",2025-08-22 14:42:38.977835
STORE957,Kingston Store,East Richmond,Sarah Martin,"Database insertion failed: (pymysql.err.IntegrityError) (1062, ""Duplicate entry 'STORE513' for key 'dimstore.store_id'"")
[SQL: INSERT INTO dimstore (store_id, store_name, location, manager) VALUES (%(store_id)s, %(store_name)s, %(location)s, %(manager)s)]
[parameters: [{'store_id': 'STORE513', 'store_name': 'Clinton Store', 'location': 'East Richmond', 'manager': 'Daniel Robinson'}, {'store_id': 'STORE514', 'store_name': 'Riverside Store', 'location': 'East Burlington', 'manager': 'James Smith'}, {'store_id': 'STORE515', 'store_name': 'Burlington Store', 'location': 'West Jacksontown', 'manager': 'Kimberly Roberts'}, {'store_id': 'STORE516', 'store_name': 'Clayton Store', 'location': 'East Fairview', 'manager': 'Betty Lewis'}, {'store_id': 'STORE517', 'store_name': 'Greenwood Store', 'location': 'East Salem', 'manager': 'Kevin Carter'}, {'store_id': 'STORE518', 'store_name': 'Dover Store', 'location': 'East Burlington', 'manager': 'Helen Walker'}, {'store_id': 'STORE519', 'store_name': 'Georgetown Store', 'location': 'East Franklin', 'manager': 'Christopher Garcia'}, {'store_id': 'STORE520', 'store_name': 'Burlington Store', 'location': 'East Waynetown', 'manager': 'Jennifer Garcia'}  ... displaying 10 of 380 total bound parameter sets ...  {'store_id': 'STORE998', 'store_name': 'Richmond Store', 'location': 'West Marion', 'manager': 'Steven King'}, {'store_id': 'STORE999', 'store_name': 'Troy Store', 'location': 'East Hudson', 'manager': 'Matthew Rodriguez'}]]
(Background on this error at: https://sqlalche.me/e/20/gkpj)",2025-08-22 14:42:38.977835
STORE958,Salem Store,West Ashlandtown,Jessica White,"Database insertion failed: (pymysql.err.IntegrityError) (1062, ""Duplicate entry 'STORE513' for key 'dimstore.store_id'"")
[SQL: INSERT INTO dimstore (store_id, store_name, location, manager) VALUES (%(store_id)s, %(store_name)s, %(location)s, %(manager)s)]
[parameters: [{'store_id': 'STORE513', 'store_name': 'Clinton Store', 'location': 'East Richmond', 'manager': 'Daniel Robinson'}, {'store_id': 'STORE514', 'store_name': 'Riverside Store', 'location': 'East Burlington', 'manager': 'James Smith'}, {'store_id': 'STORE515', 'store_name': 'Burlington Store', 'location': 'West Jacksontown', 'manager': 'Kimberly Roberts'}, {'store_id': 'STORE516', 'store_name': 'Clayton Store', 'location': 'East Fairview', 'manager': 'Betty Lewis'}, {'store_id': 'STORE517', 'store_name': 'Greenwood Store', 'location': 'East Salem', 'manager': 'Kevin Carter'}, {'store_id': 'STORE518', 'store_name': 'Dover Store', 'location': 'East Burlington', 'manager': 'Helen Walker'}, {'store_id': 'STORE519', 'store_name': 'Georgetown Store', 'location': 'East Franklin', 'manager': 'Christopher Garcia'}, {'store_id': 'STORE520', 'store_name': 'Burlington Store', 'location': 'East Waynetown', 'manager': 'Jennifer Garcia'}  ... displaying 10 of 380 total bound parameter sets ...  {'store_id': 'STORE998', 'store_name': 'Richmond Store', 'location': 'West Marion', 'manager': 'Steven King'}, {'store_id': 'STORE999', 'store_name': 'Troy Store', 'location': 'East Hudson', 'manager': 'Matthew Rodriguez'}]]
(Background on this error at: https://sqlalche.me/e/20/gkpj)",2025-08-22 14:42:38.977835
STORE959,Wayne Store,West Hudson,Nancy Martinez,"Database insertion failed: (pymysql.err.IntegrityError) (1062, ""Duplicate entry 'STORE513' for key 'dimstore.store_id'"")
[SQL: INSERT INTO dimstore (store_id, store_name, location, manager) VALUES (%(store_id)s, %(store_name)s, %(location)s, %(manager)s)]
[parameters: [{'store_id': 'STORE513', 'store_name': 'Clinton Store', 'location': 'East Richmond', 'manager': 'Daniel Robinson'}, {'store_id': 'STORE514', 'store_name': 'Riverside Store', 'location': 'East Burlington', 'manager': 'James Smith'}, {'store_id': 'STORE515', 'store_name': 'Burlington Store', 'location': 'West Jacksontown', 'manager': 'Kimberly Roberts'}, {'store_id': 'STORE516', 'store_name': 'Clayton Store', 'location': 'East Fairview', 'manager': 'Betty Lewis'}, {'store_id': 'STORE517', 'store_name': 'Greenwood Store', 'location': 'East Salem', 'manager': 'Kevin Carter'}, {'store_id': 'STORE518', 'store_name': 'Dover Store', 'location': 'East Burlington', 'manager': 'Helen Walker'}, {'store_id': 'STORE519', 'store_name': 'Georgetown Store', 'location': 'East Franklin', 'manager': 'Christopher Garcia'}, {'store_id': 'STORE520', 'store_name': 'Burlington Store', 'location': 'East Waynetown', 'manager': 'Jennifer Garcia'}  ... displaying 10 of 380 total bound parameter sets ...  {'store_id': 'STORE998', 'store_name': 'Richmond Store', 'location': 'West Marion', 'manager': 'Steven King'}, {'store_id': 'STORE999', 'store_name': 'Troy Store', 'location': 'East Hudson', 'manager': 'Matthew Rodriguez'}]]
(Background on this error at: https://sqlalche.me/e/20/gkpj)",2025-08-22 14:42:38.977835
STORE960,Dover Store,West Riversidetown,Michael Miller,"Database insertion failed: (pymysql.err.IntegrityError) (1062, ""Duplicate entry 'STORE513' for key 'dimstore.store_id'"")
[SQL: INSERT INTO dimstore (store_id, store_name, location, manager) VALUES (%(store_id)s, %(store_name)s, %(location)s, %(manager)s)]
[parameters: [{'store_id': 'STORE513', 'store_name': 'Clinton Store', 'location': 'East Richmond', 'manager': 'Daniel Robinson'}, {'store_id': 'STORE514', 'store_name': 'Riverside Store', 'location': 'East Burlington', 'manager': 'James Smith'}, {'store_id': 'STORE515', 'store_name': 'Burlington Store', 'location': 'West Jacksontown', 'manager': 'Kimberly Roberts'}, {'store_id': 'STORE516', 'store_name': 'Clayton Store', 'location': 'East Fairview', 'manager': 'Betty Lewis'}, {'store_id': 'STORE517', 'store_name': 'Greenwood Store', 'location': 'East Salem', 'manager': 'Kevin Carter'}, {'store_id': 'STORE518', 'store_name': 'Dover Store', 'location': 'East Burlington', 'manager': 'Helen Walker'}, {'store_id': 'STORE519', 'store_name': 'Georgetown Store', 'location': 'East Franklin', 'manager': 'Christopher Garcia'}, {'store_id': 'STORE520', 'store_name': 'Burlington Store', 'location': 'East Waynetown', 'manager': 'Jennifer Garcia'}  ... displaying 10 of 380 total bound parameter sets ...  {'store_id': 'STORE998', 'store_name': 'Richmond Store', 'location': 'West Marion', 'manager': 'Steven King'}, {'store_id': 'STORE999', 'store_name': 'Troy Store', 'location': 'East Hudson', 'manager': 'Matthew Rodriguez'}]]
(Background on this error at: https://sqlalche.me/e/20/gkpj)",2025-08-22 14:42:38.977835
STORE961,Auburn Store,West Arlington,Robert Williams,"Database insertion failed: (pymysql.err.IntegrityError) (1062, ""Duplicate entry 'STORE513' for key 'dimstore.store_id'"")
[SQL: INSERT INTO dimstore (store_id, store_name, location, manager) VALUES (%(store_id)s, %(store_name)s, %(location)s, %(manager)s)]
[parameters: [{'store_id': 'STORE513', 'store_name': 'Clinton Store', 'location': 'East Richmond', 'manager': 'Daniel Robinson'}, {'store_id': 'STORE514', 'store_name': 'Riverside Store', 'location': 'East Burlington', 'manager': 'James Smith'}, {'store_id': 'STORE515', 'store_name': 'Burlington Store', 'location': 'West Jacksontown', 'manager': 'Kimberly Roberts'}, {'store_id': 'STORE516', 'store_name': 'Clayton Store', 'location': 'East Fairview', 'manager': 'Betty Lewis'}, {'store_id': 'STORE517', 'store_name': 'Greenwood Store', 'location': 'East Salem', 'manager': 'Kevin Carter'}, {'store_id': 'STORE518', 'store_name': 'Dover Store', 'location': 'East Burlington', 'manager': 'Helen Walker'}, {'store_id': 'STORE519', 'store_name': 'Georgetown Store', 'location': 'East Franklin', 'manager': 'Christopher Garcia'}, {'store_id': 'STORE520', 'store_name': 'Burlington Store', 'location': 'East Waynetown', 'manager': 'Jennifer Garcia'}  ... displaying 10 of 380 total bound parameter sets ...  {'store_id': 'STORE998', 'store_name': 'Richmond Store', 'location': 'West Marion', 'manager': 'Steven King'}, {'store_id': 'STORE999', 'store_name': 'Troy Store', 'location': 'East Hudson', 'manager': 'Matthew Rodriguez'}]]
(Background on this error at: https://sqlalche.me/e/20/gkpj)",2025-08-22 14:42:38.977835
STORE962,Oxford Store,West Clinton,Susan Thomas,"Database insertion failed: (pymysql.err.IntegrityError) (1062, ""Duplicate entry 'STORE513' for key 'dimstore.store_id'"")
[SQL: INSERT INTO dimstore (store_id, store_name, location, manager) VALUES (%(store_id)s, %(store_name)s, %(location)s, %(manager)s)]
[parameters: [{'store_id': 'STORE513', 'store_name': 'Clinton Store', 'location': 'East Richmond', 'manager': 'Daniel Robinson'}, {'store_id': 'STORE514', 'store_name': 'Riverside Store', 'location': 'East Burlington', 'manager': 'James Smith'}, {'store_id': 'STORE515', 'store_name': 'Burlington Store', 'location': 'West Jacksontown', 'manager': 'Kimberly Roberts'}, {'store_id': 'STORE516', 'store_name': 'Clayton Store', 'location': 'East Fairview', 'manager': 'Betty Lewis'}, {'store_id': 'STORE517', 'store_name': 'Greenwood Store', 'location': 'East Salem', 'manager': 'Kevin Carter'}, {'store_id': 'STORE518', 'store_name': 'Dover Store', 'location': 'East Burlington', 'manager': 'Helen Walker'}, {'store_id': 'STORE519', 'store_name': 'Georgetown Store', 'location': 'East Franklin', 'manager': 'Christopher Garcia'}, {'store_id': 'STORE520', 'store_name': 'Burlington Store', 'location': 'East Waynetown', 'manager': 'Jennifer Garcia'}  ... displaying 10 of 380 total bound parameter sets ...  {'store_id': 'STORE998', 'store_name': 'Richmond Store', 'location': 'West Marion', 'manager': 'Steven King'}, {'store_id': 'STORE999', 'store_name': 'Troy Store', 'location': 'East Hudson', 'manager': 'Matthew Rodriguez'}]]
(Background on this error at: https://sqlalche.me/e/20/gkpj)",2025-08-22 14:42:38.977835
STORE963,Jackson Store,East Wayne,Elizabeth Martinez,"Database insertion failed: (pymysql.err.IntegrityError) (1062, ""Duplicate entry 'STORE513' for key 'dimstore.store_id'"")
[SQL: INSERT INTO dimstore (store_id, store_name, location, manager) VALUES (%(store_id)s, %(store_name)s, %(location)s, %(manager)s)]
[parameters: [{'store_id': 'STORE513', 'store_name': 'Clinton Store', 'location': 'East Richmond', 'manager': 'Daniel Robinson'}, {'store_id': 'STORE514', 'store_name': 'Riverside Store', 'location': 'East Burlington', 'manager': 'James Smith'}, {'store_id': 'STORE515', 'store_name': 'Burlington Store', 'location': 'West Jacksontown', 'manager': 'Kimberly Roberts'}, {'store_id': 'STORE516', 'store_name': 'Clayton Store', 'location': 'East Fairview', 'manager': 'Betty Lewis'}, {'store_id': 'STORE517', 'store_name': 'Greenwood Store', 'location': 'East Salem', 'manager': 'Kevin Carter'}, {'store_id': 'STORE518', 'store_name': 'Dover Store', 'location': 'East Burlington', 'manager': 'Helen Walker'}, {'store_id': 'STORE519', 'store_name': 'Georgetown Store', 'location': 'East Franklin', 'manager': 'Christopher Garcia'}, {'store_id': 'STORE520', 'store_name': 'Burlington Store', 'location': 'East Waynetown', 'manager': 'Jennifer Garcia'}  ... displaying 10 of 380 total bound parameter sets ...  {'store_id': 'STORE998', 'store_name': 'Richmond Store', 'location': 'West Marion', 'manager': 'Steven King'}, {'store_id': 'STORE999', 'store_name': 'Troy Store', 'location': 'East Hudson', 'manager': 'Matthew Rodriguez'}]]
(Background on this error at: https://sqlalche.me/e/20/gkpj)",2025-08-22 14:42:38.977835
STORE964,Ashland Store,East Franklin,Steven King,"Database insertion failed: (pymysql.err.IntegrityError) (1062, ""Duplicate entry 'STORE513' for key 'dimstore.store_id'"")
[SQL: INSERT INTO dimstore (store_id, store_name, location, manager) VALUES (%(store_id)s, %(store_name)s, %(location)s, %(manager)s)]
[parameters: [{'store_id': 'STORE513', 'store_name': 'Clinton Store', 'location': 'East Richmond', 'manager': 'Daniel Robinson'}, {'store_id': 'STORE514', 'store_name': 'Riverside Store', 'location': 'East Burlington', 'manager': 'James Smith'}, {'store_id': 'STORE515', 'store_name': 'Burlington Store', 'location': 'West Jacksontown', 'manager': 'Kimberly Roberts'}, {'store_id': 'STORE516', 'store_name': 'Clayton Store', 'location': 'East Fairview', 'manager': 'Betty Lewis'}, {'store_id': 'STORE517', 'store_name': 'Greenwood Store', 'location': 'East Salem', 'manager': 'Kevin Carter'}, {'store_id': 'STORE518', 'store_name': 'Dover Store', 'location': 'East Burlington', 'manager': 'Helen Walker'}, {'store_id': 'STORE519', 'store_name': 'Georgetown Store', 'location': 'East Franklin', 'manager': 'Christopher Garcia'}, {'store_id': 'STORE520', 'store_name': 'Burlington Store', 'location': 'East Waynetown', 'manager': 'Jennifer Garcia'}  ... displaying 10 of 380 total bound parameter sets ...  {'store_id': 'STORE998', 'store_name': 'Richmond Store', 'location': 'West Marion', 'manager': 'Steven King'}, {'store_id': 'STORE999', 'store_name': 'Troy Store', 'location': 'East Hudson', 'manager': 'Matthew Rodriguez'}]]
(Background on this error at: https://sqlalche.me/e/20/gkpj)",2025-08-22 14:42:38.977835
STORE965,Clinton Store,West Wayne,David Wilson,"Database insertion failed: (pymysql.err.IntegrityError) (1062, ""Duplicate entry 'STORE513' for key 'dimstore.store_id'"")
[SQL: INSERT INTO dimstore (store_id, store_name, location, manager) VALUES (%(store_id)s, %(store_name)s, %(location)s, %(manager)s)]
[parameters: [{'store_id': 'STORE513', 'store_name': 'Clinton Store', 'location': 'East Richmond', 'manager': 'Daniel Robinson'}, {'store_id': 'STORE514', 'store_name': 'Riverside Store', 'location': 'East Burlington', 'manager': 'James Smith'}, {'store_id': 'STORE515', 'store_name': 'Burlington Store', 'location': 'West Jacksontown', 'manager': 'Kimberly Roberts'}, {'store_id': 'STORE516', 'store_name': 'Clayton Store', 'location': 'East Fairview', 'manager': 'Betty Lewis'}, {'store_id': 'STORE517', 'store_name': 'Greenwood Store', 'location': 'East Salem', 'manager': 'Kevin Carter'}, {'store_id': 'STORE518', 'store_name': 'Dover Store', 'location': 'East Burlington', 'manager': 'Helen Walker'}, {'store_id': 'STORE519', 'store_name': 'Georgetown Store', 'location': 'East Franklin', 'manager': 'Christopher Garcia'}, {'store_id': 'STORE520', 'store_name': 'Burlington Store', 'location': 'East Waynetown', 'manager': 'Jennifer Garcia'}  ... displaying 10 of 380 total bound parameter sets ...  {'store_id': 'STORE998', 'store_name': 'Richmond Store', 'location': 'West Marion', 'manager': 'Steven King'}, {'store_id': 'STORE999', 'store_name': 'Troy Store', 'location': 'East Hudson', 'manager': 'Matthew Rodriguez'}]]
(Background on this error at: https://sqlalche.me/e/20/gkpj)",2025-08-22 14:42:38.977835
STORE966,Fairview Store,West Ashland,Nancy Martinez,"Database insertion failed: (pymysql.err.IntegrityError) (1062, ""Duplicate entry 'STORE513' for key 'dimstore.store_id'"")
[SQL: INSERT INTO dimstore (store_id, store_name, location, manager) VALUES (%(store_id)s, %(store_name)s, %(location)s, %(manager)s)]
[parameters: [{'store_id': 'STORE513', 'store_name': 'Clinton Store', 'location': 'East Richmond', 'manager': 'Daniel Robinson'}, {'store_id': 'STORE514', 'store_name': 'Riverside Store', 'location': 'East Burlington', 'manager': 'James Smith'}, {'store_id': 'STORE515', 'store_name': 'Burlington Store', 'location': 'West Jacksontown', 'manager': 'Kimberly Roberts'}, {'store_id': 'STORE516', 'store_name': 'Clayton Store', 'location': 'East Fairview', 'manager': 'Betty Lewis'}, {'store_id': 'STORE517', 'store_name': 'Greenwood Store', 'location': 'East Salem', 'manager': 'Kevin Carter'}, {'store_id': 'STORE518', 'store_name': 'Dover Store', 'location': 'East Burlington', 'manager': 'Helen Walker'}, {'store_id': 'STORE519', 'store_name': 'Georgetown Store', 'location': 'East Franklin', 'manager': 'Christopher Garcia'}, {'store_id': 'STORE520', 'store_name': 'Burlington Store', 'location': 'East Waynetown', 'manager': 'Jennifer Garcia'}  ... displaying 10 of 380 total bound parameter sets ...  {'store_id': 'STORE998', 'store_name': 'Richmond Store', 'location': 'West Marion', 'manager': 'Steven King'}, {'store_id': 'STORE999', 'store_name': 'Troy Store', 'location': 'East Hudson', 'manager': 'Matthew Rodriguez'}]]
(Background on this error at: https://sqlalche.me/e/20/gkpj)",2025-08-22 14:42:38.977835
STORE967,Troy Store,East Salemtown,Donna Hernandez,"Database insertion failed: (pymysql.err.IntegrityError) (1062, ""Duplicate entry 'STORE513' for key 'dimstore.store_id'"")
[SQL: INSERT INTO dimstore (store_id, store_name, location, manager) VALUES (%(store_id)s, %(store_name)s, %(location)s, %(manager)s)]
[parameters: [{'store_id': 'STORE513', 'store_name': 'Clinton Store', 'location': 'East Richmond', 'manager': 'Daniel Robinson'}, {'store_id': 'STORE514', 'store_name': 'Riverside Store', 'location': 'East Burlington', 'manager': 'James Smith'}, {'store_id': 'STORE515', 'store_name': 'Burlington Store', 'location': 'West Jacksontown', 'manager': 'Kimberly Roberts'}, {'store_id': 'STORE516', 'store_name': 'Clayton Store', 'location': 'East Fairview', 'manager': 'Betty Lewis'}, {'store_id': 'STORE517', 'store_name': 'Greenwood Store', 'location': 'East Salem', 'manager': 'Kevin Carter'}, {'store_id': 'STORE518', 'store_name': 'Dover Store', 'location': 'East Burlington', 'manager': 'Helen Walker'}, {'store_id': 'STORE519', 'store_name': 'Georgetown Store', 'location': 'East Franklin', 'manager': 'Christopher Garcia'}, {'store_id': 'STORE520', 'store_name': 'Burlington Store', 'location': 'East Waynetown', 'manager': 'Jennifer Garcia'}  ... displaying 10 of 380 total bound parameter sets ...  {'store_id': 'STORE998', 'store_name': 'Richmond Store', 'location': 'West Marion', 'manager': 'Steven King'}, {'store_id': 'STORE999', 'store_name': 'Troy Store', 'location': 'East Hudson', 'manager': 'Matthew Rodriguez'}]]
(Background on this error at: https://sqlalche.me/e/20/gkpj)",2025-08-22 14:42:38.977835
STORE968,Greenwood Store,East Burlington,Donna Hernandez,"Database insertion failed: (pymysql.err.IntegrityError) (1062, ""Duplicate entry 'STORE513' for key 'dimstore.store_id'"")
[SQL: INSERT INTO dimstore (store_id, store_name, location, manager) VALUES (%(store_id)s, %(store_name)s, %(location)s, %(manager)s)]
[parameters: [{'store_id': 'STORE513', 'store_name': 'Clinton Store', 'location': 'East Richmond', 'manager': 'Daniel Robinson'}, {'store_id': 'STORE514', 'store_name': 'Riverside Store', 'location': 'East Burlington', 'manager': 'James Smith'}, {'store_id': 'STORE515', 'store_name': 'Burlington Store', 'location': 'West Jacksontown', 'manager': 'Kimberly Roberts'}, {'store_id': 'STORE516', 'store_name': 'Clayton Store', 'location': 'East Fairview', 'manager': 'Betty Lewis'}, {'store_id': 'STORE517', 'store_name': 'Greenwood Store', 'location': 'East Salem', 'manager': 'Kevin Carter'}, {'store_id': 'STORE518', 'store_name': 'Dover Store', 'location': 'East Burlington', 'manager': 'Helen Walker'}, {'store_id': 'STORE519', 'store_name': 'Georgetown Store', 'location': 'East Franklin', 'manager': 'Christopher Garcia'}, {'store_id': 'STORE520', 'store_name': 'Burlington Store', 'location': 'East Waynetown', 'manager': 'Jennifer Garcia'}  ... displaying 10 of 380 total bound parameter sets ...  {'store_id': 'STORE998', 'store_name': 'Richmond Store', 'location': 'West Marion', 'manager': 'Steven King'}, {'store_id': 'STORE999', 'store_name': 'Troy Store', 'location': 'East Hudson', 'manager': 'Matthew Rodriguez'}]]
(Background on this error at: https://sqlalche.me/e/20/gkpj)",2025-08-22 14:42:38.977835
STORE969,Troy Store,East Chester,Donna Hernandez,"Database insertion failed: (pymysql.err.IntegrityError) (1062, ""Duplicate entry 'STORE513' for key 'dimstore.store_id'"")
[SQL: INSERT INTO dimstore (store_id, store_name, location, manager) VALUES (%(store_id)s, %(store_name)s, %(location)s, %(manager)s)]
[parameters: [{'store_id': 'STORE513', 'store_name': 'Clinton Store', 'location': 'East Richmond', 'manager': 'Daniel Robinson'}, {'store_id': 'STORE514', 'store_name': 'Riverside Store', 'location': 'East Burlington', 'manager': 'James Smith'}, {'store_id': 'STORE515', 'store_name': 'Burlington Store', 'location': 'West Jacksontown', 'manager': 'Kimberly Roberts'}, {'store_id': 'STORE516', 'store_name': 'Clayton Store', 'location': 'East Fairview', 'manager': 'Betty Lewis'}, {'store_id': 'STORE517', 'store_name': 'Greenwood Store', 'location': 'East Salem', 'manager': 'Kevin Carter'}, {'store_id': 'STORE518', 'store_name': 'Dover Store', 'location': 'East Burlington', 'manager': 'Helen Walker'}, {'store_id': 'STORE519', 'store_name': 'Georgetown Store', 'location': 'East Franklin', 'manager': 'Christopher Garcia'}, {'store_id': 'STORE520', 'store_name': 'Burlington Store', 'location': 'East Waynetown', 'manager': 'Jennifer Garcia'}  ... displaying 10 of 380 total bound parameter sets ...  {'store_id': 'STORE998', 'store_name': 'Richmond Store', 'location': 'West Marion', 'manager': 'Steven King'}, {'store_id': 'STORE999', 'store_name': 'Troy Store', 'location': 'East Hudson', 'manager': 'Matthew Rodriguez'}]]
(Background on this error at: https://sqlalche.me/e/20/gkpj)",2025-08-22 14:42:38.977835
STORE970,Bristol Store,East Arlington,Kimberly Roberts,"Database insertion failed: (pymysql.err.IntegrityError) (1062, ""Duplicate entry 'STORE513' for key 'dimstore.store_id'"")
[SQL: INSERT INTO dimstore (store_id, store_name, location, manager) VALUES (%(store_id)s, %(store_name)s, %(location)s, %(manager)s)]
[parameters: [{'store_id': 'STORE513', 'store_name': 'Clinton Store', 'location': 'East Richmond', 'manager': 'Daniel Robinson'}, {'store_id': 'STORE514', 'store_name': 'Riverside Store', 'location': 'East Burlington', 'manager': 'James Smith'}, {'store_id': 'STORE515', 'store_name': 'Burlington Store', 'location': 'West Jacksontown', 'manager': 'Kimberly Roberts'}, {'store_id': 'STORE516', 'store_name': 'Clayton Store', 'location': 'East Fairview', 'manager': 'Betty Lewis'}, {'store_id': 'STORE517', 'store_name': 'Greenwood Store', 'location': 'East Salem', 'manager': 'Kevin Carter'}, {'store_id': 'STORE518', 'store_name': 'Dover Store', 'location': 'East Burlington', 'manager': 'Helen Walker'}, {'store_id': 'STORE519', 'store_name': 'Georgetown Store', 'location': 'East Franklin', 'manager': 'Christopher Garcia'}, {'store_id': 'STORE520', 'store_name': 'Burlington Store', 'location': 'East Waynetown', 'manager': 'Jennifer Garcia'}  ... displaying 10 of 380 total bound parameter sets ...  {'store_id': 'STORE998', 'store_name': 'Richmond Store', 'location': 'West Marion', 'manager': 'Steven King'}, {'store_id': 'STORE999', 'store_name': 'Troy Store', 'location': 'East Hudson', 'manager': 'Matthew Rodriguez'}]]
(Background on this error at: https://sqlalche.me/e/20/gkpj)",2025-08-22 14:42:38.977835
STORE971,Fairview Store,East Ashland,George Turner,"Database insertion failed: (pymysql.err.IntegrityError) (1062, ""Duplicate entry 'STORE513' for key 'dimstore.store_id'"")
[SQL: INSERT INTO dimstore (store_id, store_name, location, manager) VALUES (%(store_id)s, %(store_name)s, %(location)s, %(manager)s)]
[parameters: [{'store_id': 'STORE513', 'store_name': 'Clinton Store', 'location': 'East Richmond', 'manager': 'Daniel Robinson'}, {'store_id': 'STORE514', 'store_name': 'Riverside Store', 'location': 'East Burlington', 'manager': 'James Smith'}, {'store_id': 'STORE515', 'store_name': 'Burlington Store', 'location': 'West Jacksontown', 'manager': 'Kimberly Roberts'}, {'store_id': 'STORE516', 'store_name': 'Clayton Store', 'location': 'East Fairview', 'manager': 'Betty Lewis'}, {'store_id': 'STORE517', 'store_name': 'Greenwood Store', 'location': 'East Salem', 'manager': 'Kevin Carter'}, {'store_id': 'STORE518', 'store_name': 'Dover Store', 'location': 'East Burlington', 'manager': 'Helen Walker'}, {'store_id': 'STORE519', 'store_name': 'Georgetown Store', 'location': 'East Franklin', 'manager': 'Christopher Garcia'}, {'store_id': 'STORE520', 'store_name': 'Burlington Store', 'location': 'East Waynetown', 'manager': 'Jennifer Garcia'}  ... displaying 10 of 380 total bound parameter sets ...  {'store_id': 'STORE998', 'store_name': 'Richmond Store', 'location': 'West Marion', 'manager': 'Steven King'}, {'store_id': 'STORE999', 'store_name': 'Troy Store', 'location': 'East Hudson', 'manager': 'Matthew Rodriguez'}]]
(Background on this error at: https://sqlalche.me/e/20/gkpj)",2025-08-22 14:42:38.977835
STORE972,Bristol Store,West Chester,David Wilson,"Database insertion failed: (pymysql.err.IntegrityError) (1062, ""Duplicate entry 'STORE513' for key 'dimstore.store_id'"")
[SQL: INSERT INTO dimstore (store_id, store_name, location, manager) VALUES (%(store_id)s, %(store_name)s, %(location)s, %(manager)s)]
[parameters: [{'store_id': 'STORE513', 'store_name': 'Clinton Store', 'location': 'East Richmond', 'manager': 'Daniel Robinson'}, {'store_id': 'STORE514', 'store_name': 'Riverside Store', 'location': 'East Burlington', 'manager': 'James Smith'}, {'store_id': 'STORE515', 'store_name': 'Burlington Store', 'location': 'West Jacksontown', 'manager': 'Kimberly Roberts'}, {'store_id': 'STORE516', 'store_name': 'Clayton Store', 'location': 'East Fairview', 'manager': 'Betty Lewis'}, {'store_id': 'STORE517', 'store_name': 'Greenwood Store', 'location': 'East Salem', 'manager': 'Kevin Carter'}, {'store_id': 'STORE518', 'store_name': 'Dover Store', 'location': 'East Burlington', 'manager': 'Helen Walker'}, {'store_id': 'STORE519', 'store_name': 'Georgetown Store', 'location': 'East Franklin', 'manager': 'Christopher Garcia'}, {'store_id': 'STORE520', 'store_name': 'Burlington Store', 'location': 'East Waynetown', 'manager': 'Jennifer Garcia'}  ... displaying 10 of 380 total bound parameter sets ...  {'store_id': 'STORE998', 'store_name': 'Richmond Store', 'location': 'West Marion', 'manager': 'Steven King'}, {'store_id': 'STORE999', 'store_name': 'Troy Store', 'location': 'East Hudson', 'manager': 'Matthew Rodriguez'}]]
(Background on this error at: https://sqlalche.me/e/20/gkpj)",2025-08-22 14:42:38.977835
STORE973,Burlington Store,East Marion,Jennifer Garcia,"Database insertion failed: (pymysql.err.IntegrityError) (1062, ""Duplicate entry 'STORE513' for key 'dimstore.store_id'"")
[SQL: INSERT INTO dimstore (store_id, store_name, location, manager) VALUES (%(store_id)s, %(store_name)s, %(location)s, %(manager)s)]
[parameters: [{'store_id': 'STORE513', 'store_name': 'Clinton Store', 'location': 'East Richmond', 'manager': 'Daniel Robinson'}, {'store_id': 'STORE514', 'store_name': 'Riverside Store', 'location': 'East Burlington', 'manager': 'James Smith'}, {'store_id': 'STORE515', 'store_name': 'Burlington Store', 'location': 'West Jacksontown', 'manager': 'Kimberly Roberts'}, {'store_id': 'STORE516', 'store_name': 'Clayton Store', 'location': 'East Fairview', 'manager': 'Betty Lewis'}, {'store_id': 'STORE517', 'store_name': 'Greenwood Store', 'location': 'East Salem', 'manager': 'Kevin Carter'}, {'store_id': 'STORE518', 'store_name': 'Dover Store', 'location': 'East Burlington', 'manager': 'Helen Walker'}, {'store_id': 'STORE519', 'store_name': 'Georgetown Store', 'location': 'East Franklin', 'manager': 'Christopher Garcia'}, {'store_id': 'STORE520', 'store_name': 'Burlington Store', 'location': 'East Waynetown', 'manager': 'Jennifer Garcia'}  ... displaying 10 of 380 total bound parameter sets ...  {'store_id': 'STORE998', 'store_name': 'Richmond Store', 'location': 'West Marion', 'manager': 'Steven King'}, {'store_id': 'STORE999', 'store_name': 'Troy Store', 'location': 'East Hudson', 'manager': 'Matthew Rodriguez'}]]
(Background on this error at: https://sqlalche.me/e/20/gkpj)",2025-08-22 14:42:38.977835
STORE974,Wayne Store,East Oxford,Jennifer Garcia,"Database insertion failed: (pymysql.err.IntegrityError) (1062, ""Duplicate entry 'STORE513' for key 'dimstore.store_id'"")
[SQL: INSERT INTO dimstore (store_id, store_name, location, manager) VALUES (%(store_id)s, %(store_name)s, %(location)s, %(manager)s)]
[parameters: [{'store_id': 'STORE513', 'store_name': 'Clinton Store', 'location': 'East Richmond', 'manager': 'Daniel Robinson'}, {'store_id': 'STORE514', 'store_name': 'Riverside Store', 'location': 'East Burlington', 'manager': 'James Smith'}, {'store_id': 'STORE515', 'store_name': 'Burlington Store', 'location': 'West Jacksontown', 'manager': 'Kimberly Roberts'}, {'store_id': 'STORE516', 'store_name': 'Clayton Store', 'location': 'East Fairview', 'manager': 'Betty Lewis'}, {'store_id': 'STORE517', 'store_name': 'Greenwood Store', 'location': 'East Salem', 'manager': 'Kevin Carter'}, {'store_id': 'STORE518', 'store_name': 'Dover Store', 'location': 'East Burlington', 'manager': 'Helen Walker'}, {'store_id': 'STORE519', 'store_name': 'Georgetown Store', 'location': 'East Franklin', 'manager': 'Christopher Garcia'}, {'store_id': 'STORE520', 'store_name': 'Burlington Store', 'location': 'East Waynetown', 'manager': 'Jennifer Garcia'}  ... displaying 10 of 380 total bound parameter sets ...  {'store_id': 'STORE998', 'store_name': 'Richmond Store', 'location': 'West Marion', 'manager': 'Steven King'}, {'store_id': 'STORE999', 'store_name': 'Troy Store', 'location': 'East Hudson', 'manager': 'Matthew Rodriguez'}]]
(Background on this error at: https://sqlalche.me/e/20/gkpj)",2025-08-22 14:42:38.977835
STORE975,Georgetown Store,East Arlingtontown,Matthew Rodriguez,"Database insertion failed: (pymysql.err.IntegrityError) (1062, ""Duplicate entry 'STORE513' for key 'dimstore.store_id'"")
[SQL: INSERT INTO dimstore (store_id, store_name, location, manager) VALUES (%(store_id)s, %(store_name)s, %(location)s, %(manager)s)]
[parameters: [{'store_id': 'STORE513', 'store_name': 'Clinton Store', 'location': 'East Richmond', 'manager': 'Daniel Robinson'}, {'store_id': 'STORE514', 'store_name': 'Riverside Store', 'location': 'East Burlington', 'manager': 'James Smith'}, {'store_id': 'STORE515', 'store_name': 'Burlington Store', 'location': 'West Jacksontown', 'manager': 'Kimberly Roberts'}, {'store_id': 'STORE516', 'store_name': 'Clayton Store', 'location': 'East Fairview', 'manager': 'Betty Lewis'}, {'store_id': 'STORE517', 'store_name': 'Greenwood Store', 'location': 'East Salem', 'manager': 'Kevin Carter'}, {'store_id': 'STORE518', 'store_name': 'Dover Store', 'location': 'East Burlington', 'manager': 'Helen Walker'}, {'store_id': 'STORE519', 'store_name': 'Georgetown Store', 'location': 'East Franklin', 'manager': 'Christopher Garcia'}, {'store_id': 'STORE520', 'store_name': 'Burlington Store', 'location': 'East Waynetown', 'manager': 'Jennifer Garcia'}  ... displaying 10 of 380 total bound parameter sets ...  {'store_id': 'STORE998', 'store_name': 'Richmond Store', 'location': 'West Marion', 'manager': 'Steven King'}, {'store_id': 'STORE999', 'store_name': 'Troy Store', 'location': 'East Hudson', 'manager': 'Matthew Rodriguez'}]]
(Background on this error at: https://sqlalche.me/e/20/gkpj)",2025-08-22 14:42:38.977835
STORE976,Lancaster Store,East Franklintown,Michael Miller,"Database insertion failed: (pymysql.err.IntegrityError) (1062, ""Duplicate entry 'STORE513' for key 'dimstore.store_id'"")
[SQL: INSERT INTO dimstore (store_id, store_name, location, manager) VALUES (%(store_id)s, %(store_name)s, %(location)s, %(manager)s)]
[parameters: [{'store_id': 'STORE513', 'store_name': 'Clinton Store', 'location': 'East Richmond', 'manager': 'Daniel Robinson'}, {'store_id': 'STORE514', 'store_name': 'Riverside Store', 'location': 'East Burlington', 'manager': 'James Smith'}, {'store_id': 'STORE515', 'store_name': 'Burlington Store', 'location': 'West Jacksontown', 'manager': 'Kimberly Roberts'}, {'store_id': 'STORE516', 'store_name': 'Clayton Store', 'location': 'East Fairview', 'manager': 'Betty Lewis'}, {'store_id': 'STORE517', 'store_name': 'Greenwood Store', 'location': 'East Salem', 'manager': 'Kevin Carter'}, {'store_id': 'STORE518', 'store_name': 'Dover Store', 'location': 'East Burlington', 'manager': 'Helen Walker'}, {'store_id': 'STORE519', 'store_name': 'Georgetown Store', 'location': 'East Franklin', 'manager': 'Christopher Garcia'}, {'store_id': 'STORE520', 'store_name': 'Burlington Store', 'location': 'East Waynetown', 'manager': 'Jennifer Garcia'}  ... displaying 10 of 380 total bound parameter sets ...  {'store_id': 'STORE998', 'store_name': 'Richmond Store', 'location': 'West Marion', 'manager': 'Steven King'}, {'store_id': 'STORE999', 'store_name': 'Troy Store', 'location': 'East Hudson', 'manager': 'Matthew Rodriguez'}]]
(Background on this error at: https://sqlalche.me/e/20/gkpj)",2025-08-22 14:42:38.977835
STORE977,Marion Store,East Richmond,Deborah Phillips,"Database insertion failed: (pymysql.err.IntegrityError) (1062, ""Duplicate entry 'STORE513' for key 'dimstore.store_id'"")
[SQL: INSERT INTO dimstore (store_id, store_name, location, manager) VALUES (%(store_id)s, %(store_name)s, %(location)s, %(manager)s)]
[parameters: [{'store_id': 'STORE513', 'store_name': 'Clinton Store', 'location': 'East Richmond', 'manager': 'Daniel Robinson'}, {'store_id': 'STORE514', 'store_name': 'Riverside Store', 'location': 'East Burlington', 'manager': 'James Smith'}, {'store_id': 'STORE515', 'store_name': 'Burlington Store', 'location': 'West Jacksontown', 'manager': 'Kimberly Roberts'}, {'store_id': 'STORE516', 'store_name': 'Clayton Store', 'location': 'East Fairview', 'manager': 'Betty Lewis'}, {'store_id': 'STORE517', 'store_name': 'Greenwood Store', 'location': 'East Salem', 'manager': 'Kevin Carter'}, {'store_id': 'STORE518', 'store_name': 'Dover Store', 'location': 'East Burlington', 'manager': 'Helen Walker'}, {'store_id': 'STORE519', 'store_name': 'Georgetown Store', 'location': 'East Franklin', 'manager': 'Christopher Garcia'}, {'store_id': 'STORE520', 'store_name': 'Burlington Store', 'location': 'East Waynetown', 'manager': 'Jennifer Garcia'}  ... displaying 10 of 380 total bound parameter sets ...  {'store_id': 'STORE998', 'store_name': 'Richmond Store', 'location': 'West Marion', 'manager': 'Steven King'}, {'store_id': 'STORE999', 'store_name': 'Troy Store', 'location': 'East Hudson', 'manager': 'Matthew Rodriguez'}]]
(Background on this error at: https://sqlalche.me/e/20/gkpj)",2025-08-22 14:42:38.977835
STORE978,Lancaster Store,West Franklin,Elizabeth Martinez,"Database insertion failed: (pymysql.err.IntegrityError) (1062, ""Duplicate entry 'STORE513' for key 'dimstore.store_id'"")
[SQL: INSERT INTO dimstore (store_id, store_name, location, manager) VALUES (%(store_id)s, %(store_name)s, %(location)s, %(manager)s)]
[parameters: [{'store_id': 'STORE513', 'store_name': 'Clinton Store', 'location': 'East Richmond', 'manager': 'Daniel Robinson'}, {'store_id': 'STORE514', 'store_name': 'Riverside Store', 'location': 'East Burlington', 'manager': 'James Smith'}, {'store_id': 'STORE515', 'store_name': 'Burlington Store', 'location': 'West Jacksontown', 'manager': 'Kimberly Roberts'}, {'store_id': 'STORE516', 'store_name': 'Clayton Store', 'location': 'East Fairview', 'manager': 'Betty Lewis'}, {'store_id': 'STORE517', 'store_name': 'Greenwood Store', 'location': 'East Salem', 'manager': 'Kevin Carter'}, {'store_id': 'STORE518', 'store_name': 'Dover Store', 'location': 'East Burlington', 'manager': 'Helen Walker'}, {'store_id': 'STORE519', 'store_name': 'Georgetown Store', 'location': 'East Franklin', 'manager': 'Christopher Garcia'}, {'store_id': 'STORE520', 'store_name': 'Burlington Store', 'location': 'East Waynetown', 'manager': 'Jennifer Garcia'}  ... displaying 10 of 380 total bound parameter sets ...  {'store_id': 'STORE998', 'store_name': 'Richmond Store', 'location': 'West Marion', 'manager': 'Steven King'}, {'store_id': 'STORE999', 'store_name': 'Troy Store', 'location': 'East Hudson', 'manager': 'Matthew Rodriguez'}]]
(Background on this error at: https://sqlalche.me/e/20/gkpj)",2025-08-22 14:42:38.977835
STORE979,Arlington Store,East Fairview,Kevin Carter,"Database insertion failed: (pymysql.err.IntegrityError) (1062, ""Duplicate entry 'STORE513' for key 'dimstore.store_id'"")
[SQL: INSERT INTO dimstore (store_id, store_name, location, manager) VALUES (%(store_id)s, %(store_name)s, %(location)s, %(manager)s)]
[parameters: [{'store_id': 'STORE513', 'store_name': 'Clinton Store', 'location': 'East Richmond', 'manager': 'Daniel Robinson'}, {'store_id': 'STORE514', 'store_name': 'Riverside Store', 'location': 'East Burlington', 'manager': 'James Smith'}, {'store_id': 'STORE515', 'store_name': 'Burlington Store', 'location': 'West Jacksontown', 'manager': 'Kimberly Roberts'}, {'store_id': 'STORE516', 'store_name': 'Clayton Store', 'location': 'East Fairview', 'manager': 'Betty Lewis'}, {'store_id': 'STORE517', 'store_name': 'Greenwood Store', 'location': 'East Salem', 'manager': 'Kevin Carter'}, {'store_id': 'STORE518', 'store_name': 'Dover Store', 'location': 'East Burlington', 'manager': 'Helen Walker'}, {'store_id': 'STORE519', 'store_name': 'Georgetown Store', 'location': 'East Franklin', 'manager': 'Christopher Garcia'}, {'store_id': 'STORE520', 'store_name': 'Burlington Store', 'location': 'East Waynetown', 'manager': 'Jennifer Garcia'}  ... displaying 10 of 380 total bound parameter sets ...  {'store_id': 'STORE998', 'store_name': 'Richmond Store', 'location': 'West Marion', 'manager': 'Steven King'}, {'store_id': 'STORE999', 'store_name': 'Troy Store', 'location': 'East Hudson', 'manager': 'Matthew Rodriguez'}]]
(Background on this error at: https://sqlalche.me/e/20/gkpj)",2025-08-22 14:42:38.977835
STORE980,Greenwood Store,West Wayne,William Rodriguez,"Database insertion failed: (pymysql.err.IntegrityError) (1062, ""Duplicate entry 'STORE513' for key 'dimstore.store_id'"")
[SQL: INSERT INTO dimstore (store_id, store_name, location, manager) VALUES (%(store_id)s, %(store_name)s, %(location)s, %(manager)s)]
[parameters: [{'store_id': 'STORE513', 'store_name': 'Clinton Store', 'location': 'East Richmond', 'manager': 'Daniel Robinson'}, {'store_id': 'STORE514', 'store_name': 'Riverside Store', 'location': 'East Burlington', 'manager': 'James Smith'}, {'store_id': 'STORE515', 'store_name': 'Burlington Store', 'location': 'West Jacksontown', 'manager': 'Kimberly Roberts'}, {'store_id': 'STORE516', 'store_name': 'Clayton Store', 'location': 'East Fairview', 'manager': 'Betty Lewis'}, {'store_id': 'STORE517', 'store_name': 'Greenwood Store', 'location': 'East Salem', 'manager': 'Kevin Carter'}, {'store_id': 'STORE518', 'store_name': 'Dover Store', 'location': 'East Burlington', 'manager': 'Helen Walker'}, {'store_id': 'STORE519', 'store_name': 'Georgetown Store', 'location': 'East Franklin', 'manager': 'Christopher Garcia'}, {'store_id': 'STORE520', 'store_name': 'Burlington Store', 'location': 'East Waynetown', 'manager': 'Jennifer Garcia'}  ... displaying 10 of 380 total bound parameter sets ...  {'store_id': 'STORE998', 'store_name': 'Richmond Store', 'location': 'West Marion', 'manager': 'Steven King'}, {'store_id': 'STORE999', 'store_name': 'Troy Store', 'location': 'East Hudson', 'manager': 'Matthew Rodriguez'}]]
(Background on this error at: https://sqlalche.me/e/20/gkpj)",2025-08-22 14:42:38.977835
STORE981,Auburn Store,East Oxford,Andrew Scott,"Database insertion failed: (pymysql.err.IntegrityError) (1062, ""Duplicate entry 'STORE513' for key 'dimstore.store_id'"")
[SQL: INSERT INTO dimstore (store_id, store_name, location, manager) VALUES (%(store_id)s, %(store_name)s, %(location)s, %(manager)s)]
[parameters: [{'store_id': 'STORE513', 'store_name': 'Clinton Store', 'location': 'East Richmond', 'manager': 'Daniel Robinson'}, {'store_id': 'STORE514', 'store_name': 'Riverside Store', 'location': 'East Burlington', 'manager': 'James Smith'}, {'store_id': 'STORE515', 'store_name': 'Burlington Store', 'location': 'West Jacksontown', 'manager': 'Kimberly Roberts'}, {'store_id': 'STORE516', 'store_name': 'Clayton Store', 'location': 'East Fairview', 'manager': 'Betty Lewis'}, {'store_id': 'STORE517', 'store_name': 'Greenwood Store', 'location': 'East Salem', 'manager': 'Kevin Carter'}, {'store_id': 'STORE518', 'store_name': 'Dover Store', 'location': 'East Burlington', 'manager': 'Helen Walker'}, {'store_id': 'STORE519', 'store_name': 'Georgetown Store', 'location': 'East Franklin', 'manager': 'Christopher Garcia'}, {'store_id': 'STORE520', 'store_name': 'Burlington Store', 'location': 'East Waynetown', 'manager': 'Jennifer Garcia'}  ... displaying 10 of 380 total bound parameter sets ...  {'store_id': 'STORE998', 'store_name': 'Richmond Store', 'location': 'West Marion', 'manager': 'Steven King'}, {'store_id': 'STORE999', 'store_name': 'Troy Store', 'location': 'East Hudson', 'manager': 'Matthew Rodriguez'}]]
(Background on this error at: https://sqlalche.me/e/20/gkpj)",2025-08-22 14:42:38.977835
STORE982,Oxford Store,West Burlingtontown,Michelle Baker,"Database insertion failed: (pymysql.err.IntegrityError) (1062, ""Duplicate entry 'STORE513' for key 'dimstore.store_id'"")
[SQL: INSERT INTO dimstore (store_id, store_name, location, manager) VALUES (%(store_id)s, %(store_name)s, %(location)s, %(manager)s)]
[parameters: [{'store_id': 'STORE513', 'store_name': 'Clinton Store', 'location': 'East Richmond', 'manager': 'Daniel Robinson'}, {'store_id': 'STORE514', 'store_name': 'Riverside Store', 'location': 'East Burlington', 'manager': 'James Smith'}, {'store_id': 'STORE515', 'store_name': 'Burlington Store', 'location': 'West Jacksontown', 'manager': 'Kimberly Roberts'}, {'store_id': 'STORE516', 'store_name': 'Clayton Store', 'location': 'East Fairview', 'manager': 'Betty Lewis'}, {'store_id': 'STORE517', 'store_name': 'Greenwood Store', 'location': 'East Salem', 'manager': 'Kevin Carter'}, {'store_id': 'STORE518', 'store_name': 'Dover Store', 'location': 'East Burlington', 'manager': 'Helen Walker'}, {'store_id': 'STORE519', 'store_name': 'Georgetown Store', 'location': 'East Franklin', 'manager': 'Christopher Garcia'}, {'store_id': 'STORE520', 'store_name': 'Burlington Store', 'location': 'East Waynetown', 'manager': 'Jennifer Garcia'}  ... displaying 10 of 380 total bound parameter sets ...  {'store_id': 'STORE998', 'store_name': 'Richmond Store', 'location': 'West Marion', 'manager': 'Steven King'}, {'store_id': 'STORE999', 'store_name': 'Troy Store', 'location': 'East Hudson', 'manager': 'Matthew Rodriguez'}]]
(Background on this error at: https://sqlalche.me/e/20/gkpj)",2025-08-22 14:42:38.977835
STORE983,Richmond Store,West Kingston,Mary Johnson,"Database insertion failed: (pymysql.err.IntegrityError) (1062, ""Duplicate entry 'STORE513' for key 'dimstore.store_id'"")
[SQL: INSERT INTO dimstore (store_id, store_name, location, manager) VALUES (%(store_id)s, %(store_name)s, %(location)s, %(manager)s)]
[parameters: [{'store_id': 'STORE513', 'store_name': 'Clinton Store', 'location': 'East Richmond', 'manager': 'Daniel Robinson'}, {'store_id': 'STORE514', 'store_name': 'Riverside Store', 'location': 'East Burlington', 'manager': 'James Smith'}, {'store_id': 'STORE515', 'store_name': 'Burlington Store', 'location': 'West Jacksontown', 'manager': 'Kimberly Roberts'}, {'store_id': 'STORE516', 'store_name': 'Clayton Store', 'location': 'East Fairview', 'manager': 'Betty Lewis'}, {'store_id': 'STORE517', 'store_name': 'Greenwood Store', 'location': 'East Salem', 'manager': 'Kevin Carter'}, {'store_id': 'STORE518', 'store_name': 'Dover Store', 'location': 'East Burlington', 'manager': 'Helen Walker'}, {'store_id': 'STORE519', 'store_name': 'Georgetown Store', 'location': 'East Franklin', 'manager': 'Christopher Garcia'}, {'store_id': 'STORE520', 'store_name': 'Burlington Store', 'location': 'East Waynetown', 'manager': 'Jennifer Garcia'}  ... displaying 10 of 380 total bound parameter sets ...  {'store_id': 'STORE998', 'store_name': 'Richmond Store', 'location': 'West Marion', 'manager': 'Steven King'}, {'store_id': 'STORE999', 'store_name': 'Troy Store', 'location': 'East Hudson', 'manager': 'Matthew Rodriguez'}]]
(Background on this error at: https://sqlalche.me/e/20/gkpj)",2025-08-22 14:42:38.977835
STORE984,Auburn Store,East Greenwood,Joseph Jackson,"Database insertion failed: (pymysql.err.IntegrityError) (1062, ""Duplicate entry 'STORE513' for key 'dimstore.store_id'"")
[SQL: INSERT INTO dimstore (store_id, store_name, location, manager) VALUES (%(store_id)s, %(store_name)s, %(location)s, %(manager)s)]
[parameters: [{'store_id': 'STORE513', 'store_name': 'Clinton Store', 'location': 'East Richmond', 'manager': 'Daniel Robinson'}, {'store_id': 'STORE514', 'store_name': 'Riverside Store', 'location': 'East Burlington', 'manager': 'James Smith'}, {'store_id': 'STORE515', 'store_name': 'Burlington Store', 'location': 'West Jacksontown', 'manager': 'Kimberly Roberts'}, {'store_id': 'STORE516', 'store_name': 'Clayton Store', 'location': 'East Fairview', 'manager': 'Betty Lewis'}, {'store_id': 'STORE517', 'store_name': 'Greenwood Store', 'location': 'East Salem', 'manager': 'Kevin Carter'}, {'store_id': 'STORE518', 'store_name': 'Dover Store', 'location': 'East Burlington', 'manager': 'Helen Walker'}, {'store_id': 'STORE519', 'store_name': 'Georgetown Store', 'location': 'East Franklin', 'manager': 'Christopher Garcia'}, {'store_id': 'STORE520', 'store_name': 'Burlington Store', 'location': 'East Waynetown', 'manager': 'Jennifer Garcia'}  ... displaying 10 of 380 total bound parameter sets ...  {'store_id': 'STORE998', 'store_name': 'Richmond Store', 'location': 'West Marion', 'manager': 'Steven King'}, {'store_id': 'STORE999', 'store_name': 'Troy Store', 'location': 'East Hudson', 'manager': 'Matthew Rodriguez'}]]
(Background on this error at: https://sqlalche.me/e/20/gkpj)",2025-08-22 14:42:38.977835
STORE985,Georgetown Store,East Troytown,George Turner,"Database insertion failed: (pymysql.err.IntegrityError) (1062, ""Duplicate entry 'STORE513' for key 'dimstore.store_id'"")
[SQL: INSERT INTO dimstore (store_id, store_name, location, manager) VALUES (%(store_id)s, %(store_name)s, %(location)s, %(manager)s)]
[parameters: [{'store_id': 'STORE513', 'store_name': 'Clinton Store', 'location': 'East Richmond', 'manager': 'Daniel Robinson'}, {'store_id': 'STORE514', 'store_name': 'Riverside Store', 'location': 'East Burlington', 'manager': 'James Smith'}, {'store_id': 'STORE515', 'store_name': 'Burlington Store', 'location': 'West Jacksontown', 'manager': 'Kimberly Roberts'}, {'store_id': 'STORE516', 'store_name': 'Clayton Store', 'location': 'East Fairview', 'manager': 'Betty Lewis'}, {'store_id': 'STORE517', 'store_name': 'Greenwood Store', 'location': 'East Salem', 'manager': 'Kevin Carter'}, {'store_id': 'STORE518', 'store_name': 'Dover Store', 'location': 'East Burlington', 'manager': 'Helen Walker'}, {'store_id': 'STORE519', 'store_name': 'Georgetown Store', 'location': 'East Franklin', 'manager': 'Christopher Garcia'}, {'store_id': 'STORE520', 'store_name': 'Burlington Store', 'location': 'East Waynetown', 'manager': 'Jennifer Garcia'}  ... displaying 10 of 380 total bound parameter sets ...  {'store_id': 'STORE998', 'store_name': 'Richmond Store', 'location': 'West Marion', 'manager': 'Steven King'}, {'store_id': 'STORE999', 'store_name': 'Troy Store', 'location': 'East Hudson', 'manager': 'Matthew Rodriguez'}]]
(Background on this error at: https://sqlalche.me/e/20/gkpj)",2025-08-22 14:42:38.977835
STORE986,Milton Store,West Springfield,Joseph Jackson,"Database insertion failed: (pymysql.err.IntegrityError) (1062, ""Duplicate entry 'STORE513' for key 'dimstore.store_id'"")
[SQL: INSERT INTO dimstore (store_id, store_name, location, manager) VALUES (%(store_id)s, %(store_name)s, %(location)s, %(manager)s)]
[parameters: [{'store_id': 'STORE513', 'store_name': 'Clinton Store', 'location': 'East Richmond', 'manager': 'Daniel Robinson'}, {'store_id': 'STORE514', 'store_name': 'Riverside Store', 'location': 'East Burlington', 'manager': 'James Smith'}, {'store_id': 'STORE515', 'store_name': 'Burlington Store', 'location': 'West Jacksontown', 'manager': 'Kimberly Roberts'}, {'store_id': 'STORE516', 'store_name': 'Clayton Store', 'location': 'East Fairview', 'manager': 'Betty Lewis'}, {'store_id': 'STORE517', 'store_name': 'Greenwood Store', 'location': 'East Salem', 'manager': 'Kevin Carter'}, {'store_id': 'STORE518', 'store_name': 'Dover Store', 'location': 'East Burlington', 'manager': 'Helen Walker'}, {'store_id': 'STORE519', 'store_name': 'Georgetown Store', 'location': 'East Franklin', 'manager': 'Christopher Garcia'}, {'store_id': 'STORE520', 'store_name': 'Burlington Store', 'location': 'East Waynetown', 'manager': 'Jennifer Garcia'}  ... displaying 10 of 380 total bound parameter sets ...  {'store_id': 'STORE998', 'store_name': 'Richmond Store', 'location': 'West Marion', 'manager': 'Steven King'}, {'store_id': 'STORE999', 'store_name': 'Troy Store', 'location': 'East Hudson', 'manager': 'Matthew Rodriguez'}]]
(Background on this error at: https://sqlalche.me/e/20/gkpj)",2025-08-22 14:42:38.977835
STORE987,Fairview Store,West Lancaster,Robert Williams,"Database insertion failed: (pymysql.err.IntegrityError) (1062, ""Duplicate entry 'STORE513' for key 'dimstore.store_id'"")
[SQL: INSERT INTO dimstore (store_id, store_name, location, manager) VALUES (%(store_id)s, %(store_name)s, %(location)s, %(manager)s)]
[parameters: [{'store_id': 'STORE513', 'store_name': 'Clinton Store', 'location': 'East Richmond', 'manager': 'Daniel Robinson'}, {'store_id': 'STORE514', 'store_name': 'Riverside Store', 'location': 'East Burlington', 'manager': 'James Smith'}, {'store_id': 'STORE515', 'store_name': 'Burlington Store', 'location': 'West Jacksontown', 'manager': 'Kimberly Roberts'}, {'store_id': 'STORE516', 'store_name': 'Clayton Store', 'location': 'East Fairview', 'manager': 'Betty Lewis'}, {'store_id': 'STORE517', 'store_name': 'Greenwood Store', 'location': 'East Salem', 'manager': 'Kevin Carter'}, {'store_id': 'STORE518', 'store_name': 'Dover Store', 'location': 'East Burlington', 'manager': 'Helen Walker'}, {'store_id': 'STORE519', 'store_name': 'Georgetown Store', 'location': 'East Franklin', 'manager': 'Christopher Garcia'}, {'store_id': 'STORE520', 'store_name': 'Burlington Store', 'location': 'East Waynetown', 'manager': 'Jennifer Garcia'}  ... displaying 10 of 380 total bound parameter sets ...  {'store_id': 'STORE998', 'store_name': 'Richmond Store', 'location': 'West Marion', 'manager': 'Steven King'}, {'store_id': 'STORE999', 'store_name': 'Troy Store', 'location': 'East Hudson', 'manager': 'Matthew Rodriguez'}]]
(Background on this error at: https://sqlalche.me/e/20/gkpj)",2025-08-22 14:42:38.977835
STORE988,Georgetown Store,West Richmond,John Jones,"Database insertion failed: (pymysql.err.IntegrityError) (1062, ""Duplicate entry 'STORE513' for key 'dimstore.store_id'"")
[SQL: INSERT INTO dimstore (store_id, store_name, location, manager) VALUES (%(store_id)s, %(store_name)s, %(location)s, %(manager)s)]
[parameters: [{'store_id': 'STORE513', 'store_name': 'Clinton Store', 'location': 'East Richmond', 'manager': 'Daniel Robinson'}, {'store_id': 'STORE514', 'store_name': 'Riverside Store', 'location': 'East Burlington', 'manager': 'James Smith'}, {'store_id': 'STORE515', 'store_name': 'Burlington Store', 'location': 'West Jacksontown', 'manager': 'Kimberly Roberts'}, {'store_id': 'STORE516', 'store_name': 'Clayton Store', 'location': 'East Fairview', 'manager': 'Betty Lewis'}, {'store_id': 'STORE517', 'store_name': 'Greenwood Store', 'location': 'East Salem', 'manager': 'Kevin Carter'}, {'store_id': 'STORE518', 'store_name': 'Dover Store', 'location': 'East Burlington', 'manager': 'Helen Walker'}, {'store_id': 'STORE519', 'store_name': 'Georgetown Store', 'location': 'East Franklin', 'manager': 'Christopher Garcia'}, {'store_id': 'STORE520', 'store_name': 'Burlington Store', 'location': 'East Waynetown', 'manager': 'Jennifer Garcia'}  ... displaying 10 of 380 total bound parameter sets ...  {'store_id': 'STORE998', 'store_name': 'Richmond Store', 'location': 'West Marion', 'manager': 'Steven King'}, {'store_id': 'STORE999', 'store_name': 'Troy Store', 'location': 'East Hudson', 'manager': 'Matthew Rodriguez'}]]
(Background on this error at: https://sqlalche.me/e/20/gkpj)",2025-08-22 14:42:38.977835
STORE989,Madison Store,West Chester,Jessica White,"Database insertion failed: (pymysql.err.IntegrityError) (1062, ""Duplicate entry 'STORE513' for key 'dimstore.store_id'"")
[SQL: INSERT INTO dimstore (store_id, store_name, location, manager) VALUES (%(store_id)s, %(store_name)s, %(location)s, %(manager)s)]
[parameters: [{'store_id': 'STORE513', 'store_name': 'Clinton Store', 'location': 'East Richmond', 'manager': 'Daniel Robinson'}, {'store_id': 'STORE514', 'store_name': 'Riverside Store', 'location': 'East Burlington', 'manager': 'James Smith'}, {'store_id': 'STORE515', 'store_name': 'Burlington Store', 'location': 'West Jacksontown', 'manager': 'Kimberly Roberts'}, {'store_id': 'STORE516', 'store_name': 'Clayton Store', 'location': 'East Fairview', 'manager': 'Betty Lewis'}, {'store_id': 'STORE517', 'store_name': 'Greenwood Store', 'location': 'East Salem', 'manager': 'Kevin Carter'}, {'store_id': 'STORE518', 'store_name': 'Dover Store', 'location': 'East Burlington', 'manager': 'Helen Walker'}, {'store_id': 'STORE519', 'store_name': 'Georgetown Store', 'location': 'East Franklin', 'manager': 'Christopher Garcia'}, {'store_id': 'STORE520', 'store_name': 'Burlington Store', 'location': 'East Waynetown', 'manager': 'Jennifer Garcia'}  ... displaying 10 of 380 total bound parameter sets ...  {'store_id': 'STORE998', 'store_name': 'Richmond Store', 'location': 'West Marion', 'manager': 'Steven King'}, {'store_id': 'STORE999', 'store_name': 'Troy Store', 'location': 'East Hudson', 'manager': 'Matthew Rodriguez'}]]
(Background on this error at: https://sqlalche.me/e/20/gkpj)",2025-08-22 14:42:38.977835
STORE990,Ashland Store,East Franklin,Michelle Baker,"Database insertion failed: (pymysql.err.IntegrityError) (1062, ""Duplicate entry 'STORE513' for key 'dimstore.store_id'"")
[SQL: INSERT INTO dimstore (store_id, store_name, location, manager) VALUES (%(store_id)s, %(store_name)s, %(location)s, %(manager)s)]
[parameters: [{'store_id': 'STORE513', 'store_name': 'Clinton Store', 'location': 'East Richmond', 'manager': 'Daniel Robinson'}, {'store_id': 'STORE514', 'store_name': 'Riverside Store', 'location': 'East Burlington', 'manager': 'James Smith'}, {'store_id': 'STORE515', 'store_name': 'Burlington Store', 'location': 'West Jacksontown', 'manager': 'Kimberly Roberts'}, {'store_id': 'STORE516', 'store_name': 'Clayton Store', 'location': 'East Fairview', 'manager': 'Betty Lewis'}, {'store_id': 'STORE517', 'store_name': 'Greenwood Store', 'location': 'East Salem', 'manager': 'Kevin Carter'}, {'store_id': 'STORE518', 'store_name': 'Dover Store', 'location': 'East Burlington', 'manager': 'Helen Walker'}, {'store_id': 'STORE519', 'store_name': 'Georgetown Store', 'location': 'East Franklin', 'manager': 'Christopher Garcia'}, {'store_id': 'STORE520', 'store_name': 'Burlington Store', 'location': 'East Waynetown', 'manager': 'Jennifer Garcia'}  ... displaying 10 of 380 total bound parameter sets ...  {'store_id': 'STORE998', 'store_name': 'Richmond Store', 'location': 'West Marion', 'manager': 'Steven King'}, {'store_id': 'STORE999', 'store_name': 'Troy Store', 'location': 'East Hudson', 'manager': 'Matthew Rodriguez'}]]
(Background on this error at: https://sqlalche.me/e/20/gkpj)",2025-08-22 14:42:38.977835
STORE991,Newport Store,East Lancaster,James Smith,"Database insertion failed: (pymysql.err.IntegrityError) (1062, ""Duplicate entry 'STORE513' for key 'dimstore.store_id'"")
[SQL: INSERT INTO dimstore (store_id, store_name, location, manager) VALUES (%(store_id)s, %(store_name)s, %(location)s, %(manager)s)]
[parameters: [{'store_id': 'STORE513', 'store_name': 'Clinton Store', 'location': 'East Richmond', 'manager': 'Daniel Robinson'}, {'store_id': 'STORE514', 'store_name': 'Riverside Store', 'location': 'East Burlington', 'manager': 'James Smith'}, {'store_id': 'STORE515', 'store_name': 'Burlington Store', 'location': 'West Jacksontown', 'manager': 'Kimberly Roberts'}, {'store_id': 'STORE516', 'store_name': 'Clayton Store', 'location': 'East Fairview', 'manager': 'Betty Lewis'}, {'store_id': 'STORE517', 'store_name': 'Greenwood Store', 'location': 'East Salem', 'manager': 'Kevin Carter'}, {'store_id': 'STORE518', 'store_name': 'Dover Store', 'location': 'East Burlington', 'manager': 'Helen Walker'}, {'store_id': 'STORE519', 'store_name': 'Georgetown Store', 'location': 'East Franklin', 'manager': 'Christopher Garcia'}, {'store_id': 'STORE520', 'store_name': 'Burlington Store', 'location': 'East Waynetown', 'manager': 'Jennifer Garcia'}  ... displaying 10 of 380 total bound parameter sets ...  {'store_id': 'STORE998', 'store_name': 'Richmond Store', 'location': 'West Marion', 'manager': 'Steven King'}, {'store_id': 'STORE999', 'store_name': 'Troy Store', 'location': 'East Hudson', 'manager': 'Matthew Rodriguez'}]]
(Background on this error at: https://sqlalche.me/e/20/gkpj)",2025-08-22 14:42:38.977835
STORE992,Clinton Store,East Mariontown,Christopher Garcia,"Database insertion failed: (pymysql.err.IntegrityError) (1062, ""Duplicate entry 'STORE513' for key 'dimstore.store_id'"")
[SQL: INSERT INTO dimstore (store_id, store_name, location, manager) VALUES (%(store_id)s, %(store_name)s, %(location)s, %(manager)s)]
[parameters: [{'store_id': 'STORE513', 'store_name': 'Clinton Store', 'location': 'East Richmond', 'manager': 'Daniel Robinson'}, {'store_id': 'STORE514', 'store_name': 'Riverside Store', 'location': 'East Burlington', 'manager': 'James Smith'}, {'store_id': 'STORE515', 'store_name': 'Burlington Store', 'location': 'West Jacksontown', 'manager': 'Kimberly Roberts'}, {'store_id': 'STORE516', 'store_name': 'Clayton Store', 'location': 'East Fairview', 'manager': 'Betty Lewis'}, {'store_id': 'STORE517', 'store_name': 'Greenwood Store', 'location': 'East Salem', 'manager': 'Kevin Carter'}, {'store_id': 'STORE518', 'store_name': 'Dover Store', 'location': 'East Burlington', 'manager': 'Helen Walker'}, {'store_id': 'STORE519', 'store_name': 'Georgetown Store', 'location': 'East Franklin', 'manager': 'Christopher Garcia'}, {'store_id': 'STORE520', 'store_name': 'Burlington Store', 'location': 'East Waynetown', 'manager': 'Jennifer Garcia'}  ... displaying 10 of 380 total bound parameter sets ...  {'store_id': 'STORE998', 'store_name': 'Richmond Store', 'location': 'West Marion', 'manager': 'Steven King'}, {'store_id': 'STORE999', 'store_name': 'Troy Store', 'location': 'East Hudson', 'manager': 'Matthew Rodriguez'}]]
(Background on this error at: https://sqlalche.me/e/20/gkpj)",2025-08-22 14:42:38.977835
STORE993,Jackson Store,West Clintontown,Kenneth Gonzalez,"Database insertion failed: (pymysql.err.IntegrityError) (1062, ""Duplicate entry 'STORE513' for key 'dimstore.store_id'"")
[SQL: INSERT INTO dimstore (store_id, store_name, location, manager) VALUES (%(store_id)s, %(store_name)s, %(location)s, %(manager)s)]
[parameters: [{'store_id': 'STORE513', 'store_name': 'Clinton Store', 'location': 'East Richmond', 'manager': 'Daniel Robinson'}, {'store_id': 'STORE514', 'store_name': 'Riverside Store', 'location': 'East Burlington', 'manager': 'James Smith'}, {'store_id': 'STORE515', 'store_name': 'Burlington Store', 'location': 'West Jacksontown', 'manager': 'Kimberly Roberts'}, {'store_id': 'STORE516', 'store_name': 'Clayton Store', 'location': 'East Fairview', 'manager': 'Betty Lewis'}, {'store_id': 'STORE517', 'store_name': 'Greenwood Store', 'location': 'East Salem', 'manager': 'Kevin Carter'}, {'store_id': 'STORE518', 'store_name': 'Dover Store', 'location': 'East Burlington', 'manager': 'Helen Walker'}, {'store_id': 'STORE519', 'store_name': 'Georgetown Store', 'location': 'East Franklin', 'manager': 'Christopher Garcia'}, {'store_id': 'STORE520', 'store_name': 'Burlington Store', 'location': 'East Waynetown', 'manager': 'Jennifer Garcia'}  ... displaying 10 of 380 total bound parameter sets ...  {'store_id': 'STORE998', 'store_name': 'Richmond Store', 'location': 'West Marion', 'manager': 'Steven King'}, {'store_id': 'STORE999', 'store_name': 'Troy Store', 'location': 'East Hudson', 'manager': 'Matthew Rodriguez'}]]
(Background on this error at: https://sqlalche.me/e/20/gkpj)",2025-08-22 14:42:38.977835
STORE994,Springfield Store,East Clinton,Dorothy Parker,"Database insertion failed: (pymysql.err.IntegrityError) (1062, ""Duplicate entry 'STORE513' for key 'dimstore.store_id'"")
[SQL: INSERT INTO dimstore (store_id, store_name, location, manager) VALUES (%(store_id)s, %(store_name)s, %(location)s, %(manager)s)]
[parameters: [{'store_id': 'STORE513', 'store_name': 'Clinton Store', 'location': 'East Richmond', 'manager': 'Daniel Robinson'}, {'store_id': 'STORE514', 'store_name': 'Riverside Store', 'location': 'East Burlington', 'manager': 'James Smith'}, {'store_id': 'STORE515', 'store_name': 'Burlington Store', 'location': 'West Jacksontown', 'manager': 'Kimberly Roberts'}, {'store_id': 'STORE516', 'store_name': 'Clayton Store', 'location': 'East Fairview', 'manager': 'Betty Lewis'}, {'store_id': 'STORE517', 'store_name': 'Greenwood Store', 'location': 'East Salem', 'manager': 'Kevin Carter'}, {'store_id': 'STORE518', 'store_name': 'Dover Store', 'location': 'East Burlington', 'manager': 'Helen Walker'}, {'store_id': 'STORE519', 'store_name': 'Georgetown Store', 'location': 'East Franklin', 'manager': 'Christopher Garcia'}, {'store_id': 'STORE520', 'store_name': 'Burlington Store', 'location': 'East Waynetown', 'manager': 'Jennifer Garcia'}  ... displaying 10 of 380 total bound parameter sets ...  {'store_id': 'STORE998', 'store_name': 'Richmond Store', 'location': 'West Marion', 'manager': 'Steven King'}, {'store_id': 'STORE999', 'store_name': 'Troy Store', 'location': 'East Hudson', 'manager': 'Matthew Rodriguez'}]]
(Background on this error at: https://sqlalche.me/e/20/gkpj)",2025-08-22 14:42:38.977835
STORE995,Washington Store,West Miltontown,George Turner,"Database insertion failed: (pymysql.err.IntegrityError) (1062, ""Duplicate entry 'STORE513' for key 'dimstore.store_id'"")
[SQL: INSERT INTO dimstore (store_id, store_name, location, manager) VALUES (%(store_id)s, %(store_name)s, %(location)s, %(manager)s)]
[parameters: [{'store_id': 'STORE513', 'store_name': 'Clinton Store', 'location': 'East Richmond', 'manager': 'Daniel Robinson'}, {'store_id': 'STORE514', 'store_name': 'Riverside Store', 'location': 'East Burlington', 'manager': 'James Smith'}, {'store_id': 'STORE515', 'store_name': 'Burlington Store', 'location': 'West Jacksontown', 'manager': 'Kimberly Roberts'}, {'store_id': 'STORE516', 'store_name': 'Clayton Store', 'location': 'East Fairview', 'manager': 'Betty Lewis'}, {'store_id': 'STORE517', 'store_name': 'Greenwood Store', 'location': 'East Salem', 'manager': 'Kevin Carter'}, {'store_id': 'STORE518', 'store_name': 'Dover Store', 'location': 'East Burlington', 'manager': 'Helen Walker'}, {'store_id': 'STORE519', 'store_name': 'Georgetown Store', 'location': 'East Franklin', 'manager': 'Christopher Garcia'}, {'store_id': 'STORE520', 'store_name': 'Burlington Store', 'location': 'East Waynetown', 'manager': 'Jennifer Garcia'}  ... displaying 10 of 380 total bound parameter sets ...  {'store_id': 'STORE998', 'store_name': 'Richmond Store', 'location': 'West Marion', 'manager': 'Steven King'}, {'store_id': 'STORE999', 'store_name': 'Troy Store', 'location': 'East Hudson', 'manager': 'Matthew Rodriguez'}]]
(Background on this error at: https://sqlalche.me/e/20/gkpj)",2025-08-22 14:42:38.977835
STORE996,Bristol Store,East Burlington,Ronald Evans,"Database insertion failed: (pymysql.err.IntegrityError) (1062, ""Duplicate entry 'STORE513' for key 'dimstore.store_id'"")
[SQL: INSERT INTO dimstore (store_id, store_name, location, manager) VALUES (%(store_id)s, %(store_name)s, %(location)s, %(manager)s)]
[parameters: [{'store_id': 'STORE513', 'store_name': 'Clinton Store', 'location': 'East Richmond', 'manager': 'Daniel Robinson'}, {'store_id': 'STORE514', 'store_name': 'Riverside Store', 'location': 'East Burlington', 'manager': 'James Smith'}, {'store_id': 'STORE515', 'store_name': 'Burlington Store', 'location': 'West Jacksontown', 'manager': 'Kimberly Roberts'}, {'store_id': 'STORE516', 'store_name': 'Clayton Store', 'location': 'East Fairview', 'manager': 'Betty Lewis'}, {'store_id': 'STORE517', 'store_name': 'Greenwood Store', 'location': 'East Salem', 'manager': 'Kevin Carter'}, {'store_id': 'STORE518', 'store_name': 'Dover Store', 'location': 'East Burlington', 'manager': 'Helen Walker'}, {'store_id': 'STORE519', 'store_name': 'Georgetown Store', 'location': 'East Franklin', 'manager': 'Christopher Garcia'}, {'store_id': 'STORE520', 'store_name': 'Burlington Store', 'location': 'East Waynetown', 'manager': 'Jennifer Garcia'}  ... displaying 10 of 380 total bound parameter sets ...  {'store_id': 'STORE998', 'store_name': 'Richmond Store', 'location': 'West Marion', 'manager': 'Steven King'}, {'store_id': 'STORE999', 'store_name': 'Troy Store', 'location': 'East Hudson', 'manager': 'Matthew Rodriguez'}]]
(Background on this error at: https://sqlalche.me/e/20/gkpj)",2025-08-22 14:42:38.977835
STORE997,Arlington Store,West Franklintown,Carol Wright,"Database insertion failed: (pymysql.err.IntegrityError) (1062, ""Duplicate entry 'STORE513' for key 'dimstore.store_id'"")
[SQL: INSERT INTO dimstore (store_id, store_name, location, manager) VALUES (%(store_id)s, %(store_name)s, %(location)s, %(manager)s)]
[parameters: [{'store_id': 'STORE513', 'store_name': 'Clinton Store', 'location': 'East Richmond', 'manager': 'Daniel Robinson'}, {'store_id': 'STORE514', 'store_name': 'Riverside Store', 'location': 'East Burlington', 'manager': 'James Smith'}, {'store_id': 'STORE515', 'store_name': 'Burlington Store', 'location': 'West Jacksontown', 'manager': 'Kimberly Roberts'}, {'store_id': 'STORE516', 'store_name': 'Clayton Store', 'location': 'East Fairview', 'manager': 'Betty Lewis'}, {'store_id': 'STORE517', 'store_name': 'Greenwood Store', 'location': 'East Salem', 'manager': 'Kevin Carter'}, {'store_id': 'STORE518', 'store_name': 'Dover Store', 'location': 'East Burlington', 'manager': 'Helen Walker'}, {'store_id': 'STORE519', 'store_name': 'Georgetown Store', 'location': 'East Franklin', 'manager': 'Christopher Garcia'}, {'store_id': 'STORE520', 'store_name': 'Burlington Store', 'location': 'East Waynetown', 'manager': 'Jennifer Garcia'}  ... displaying 10 of 380 total bound parameter sets ...  {'store_id': 'STORE998', 'store_name': 'Richmond Store', 'location': 'West Marion', 'manager': 'Steven King'}, {'store_id': 'STORE999', 'store_name': 'Troy Store', 'location': 'East Hudson', 'manager': 'Matthew Rodriguez'}]]
(Background on this error at: https://sqlalche.me/e/20/gkpj)",2025-08-22 14:42:38.977835
STORE998,Richmond Store,West Marion,Steven King,"Database insertion failed: (pymysql.err.IntegrityError) (1062, ""Duplicate entry 'STORE513' for key 'dimstore.store_id'"")
[SQL: INSERT INTO dimstore (store_id, store_name, location, manager) VALUES (%(store_id)s, %(store_name)s, %(location)s, %(manager)s)]
[parameters: [{'store_id': 'STORE513', 'store_name': 'Clinton Store', 'location': 'East Richmond', 'manager': 'Daniel Robinson'}, {'store_id': 'STORE514', 'store_name': 'Riverside Store', 'location': 'East Burlington', 'manager': 'James Smith'}, {'store_id': 'STORE515', 'store_name': 'Burlington Store', 'location': 'West Jacksontown', 'manager': 'Kimberly Roberts'}, {'store_id': 'STORE516', 'store_name': 'Clayton Store', 'location': 'East Fairview', 'manager': 'Betty Lewis'}, {'store_id': 'STORE517', 'store_name': 'Greenwood Store', 'location': 'East Salem', 'manager': 'Kevin Carter'}, {'store_id': 'STORE518', 'store_name': 'Dover Store', 'location': 'East Burlington', 'manager': 'Helen Walker'}, {'store_id': 'STORE519', 'store_name': 'Georgetown Store', 'location': 'East Franklin', 'manager': 'Christopher Garcia'}, {'store_id': 'STORE520', 'store_name': 'Burlington Store', 'location': 'East Waynetown', 'manager': 'Jennifer Garcia'}  ... displaying 10 of 380 total bound parameter sets ...  {'store_id': 'STORE998', 'store_name': 'Richmond Store', 'location': 'West Marion', 'manager': 'Steven King'}, {'store_id': 'STORE999', 'store_name': 'Troy Store', 'location': 'East Hudson', 'manager': 'Matthew Rodriguez'}]]
(Background on this error at: https://sqlalche.me/e/20/gkpj)",2025-08-22 14:42:38.977835
STORE999,Troy Store,East Hudson,Matthew Rodriguez,"Database insertion failed: (pymysql.err.IntegrityError) (1062, ""Duplicate entry 'STORE513' for key 'dimstore.store_id'"")
[SQL: INSERT INTO dimstore (store_id, store_name, location, manager) VALUES (%(store_id)s, %(store_name)s, %(location)s, %(manager)s)]
[parameters: [{'store_id': 'STORE513', 'store_name': 'Clinton Store', 'location': 'East Richmond', 'manager': 'Daniel Robinson'}, {'store_id': 'STORE514', 'store_name': 'Riverside Store', 'location': 'East Burlington', 'manager': 'James Smith'}, {'store_id': 'STORE515', 'store_name': 'Burlington Store', 'location': 'West Jacksontown', 'manager': 'Kimberly Roberts'}, {'store_id': 'STORE516', 'store_name': 'Clayton Store', 'location': 'East Fairview', 'manager': 'Betty Lewis'}, {'store_id': 'STORE517', 'store_name': 'Greenwood Store', 'location': 'East Salem', 'manager': 'Kevin Carter'}, {'store_id': 'STORE518', 'store_name': 'Dover Store', 'location': 'East Burlington', 'manager': 'Helen Walker'}, {'store_id': 'STORE519', 'store_name': 'Georgetown Store', 'location': 'East Franklin', 'manager': 'Christopher Garcia'}, {'store_id': 'STORE520', 'store_name': 'Burlington Store', 'location': 'East Waynetown', 'manager': 'Jennifer Garcia'}  ... displaying 10 of 380 total bound parameter sets ...  {'store_id': 'STORE998', 'store_name': 'Richmond Store', 'location': 'West Marion', 'manager': 'Steven King'}, {'store_id': 'STORE999', 'store_name': 'Troy Store', 'location': 'East Hudson', 'manager': 'Matthew Rodriguez'}]]
(Background on this error at: https://sqlalche.me/e/20/gkpj)",2025-08-22 14:42:38.977835
